{"type":"Feature","properties":{"name":"Eastern Arctic Federal Marine Bioregion (Canada)","source":"Fisheries and Oceans Canada (DFO), Marine Planning and Conservation Directorate, Federal Marine Bioregions","source_url":"https://open.canada.ca/data/en/dataset/23eb8b56-dac8-4efc-be7c-b8fa11ba62e9","source_record":"23eb8b56-dac8-4efc-be7c-b8fa11ba62e9","license":"Open Government Licence - Canada","components":["Eastern Arctic"],"retrieved":"2026-10-07","note":"Reprojected from Canada Albers Equal Area Conic (NAD83) to WGS84, the Albers edges densified at 2 km first. Interior rings that are islands are dropped: land is excluded by sst_daily holding ocean cells only, not by the geometry. Parts holding no 0.05-degree cell centre are dropped. This is Canada's own marine-planning framework, not a maritime limit: the dataset describes its boundaries as fuzzy and revisable on ecosystem grounds. Longitudes are 0-360, as everywhere else in this project.","simplify_tolerance_deg":0.005,"dfo_area_km2":782636,"cells":81407,"cells_moved_by_simplification":241},"geometry":{"type":"MultiPolygon","coordinates":[[[[302.45982,61.17459],[300.67208,61.05478],[298.86233,60.90958],[297.10674,60.74522],[295.33436,60.55519],[295.32398,60.60597],[295.33514,60.59866],[295.37199,60.60928],[295.40405,60.64204],[295.3838,60.65855],[295.36076,60.64059],[295.37496,60.65927],[295.36146,60.65908],[295.35053,60.64131],[295.3211,60.62003],[295.31747,60.63775],[295.33473,60.64296],[295.36167,60.67575],[295.31226,60.66311],[295.17691,61.30855],[295.18504,61.31584],[295.17441,61.32288],[295.179,61.33617],[295.20091,61.34069],[295.19624,61.35188],[295.20904,61.34592],[295.23772,61.36161],[295.23587,61.36824],[295.25413,61.38714],[295.24609,61.39286],[295.22555,61.38606],[295.21213,61.37468],[295.21583,61.36189],[295.20722,61.35688],[295.19106,61.3576],[295.20497,61.37263],[295.19021,61.37198],[295.1693,61.35214],[295.16544,61.372],[295.20643,61.37697],[295.21888,61.38585],[295.20795,61.38815],[295.25725,61.41407],[295.26095,61.40242],[295.27484,61.40946],[295.26871,61.41677],[295.27498,61.42315],[295.28594,61.42335],[295.27776,61.41561],[295.29347,61.41374],[295.31599,61.4235],[295.28414,61.43362],[295.33492,61.45221],[295.30344,61.45389],[295.27184,61.44233],[295.26282,61.44806],[295.3116,61.45775],[295.33371,61.47024],[295.3511,61.48616],[295.35419,61.50396],[295.23022,61.48442],[295.27903,61.49321],[295.35495,61.52631],[295.2678,61.51697],[295.29514,61.52398],[295.27175,61.52952],[295.30239,61.53172],[295.34864,61.55715],[295.34923,61.56605],[295.36851,61.57534],[295.36383,61.5838],[295.38353,61.58785],[295.37267,61.59952],[295.37803,61.60612],[295.27438,61.5998],[295.29414,61.60911],[295.2313,61.60743],[295.22797,61.61131],[295.26553,61.62629],[295.27138,61.63586],[295.30315,61.64354],[295.29891,61.65085],[295.23744,61.65123],[295.2047,61.63966],[295.21727,61.65081],[295.1851,61.65156],[295.18613,61.66114],[295.16695,61.66642],[295.13278,61.65621],[295.14052,61.66441],[295.12085,61.67037],[295.09727,61.66219],[295.09155,61.67315],[295.04726,61.64375],[295.06029,61.66588],[294.99642,61.68805],[294.93393,61.67803],[294.86903,61.6828],[294.85271,61.67458],[294.85605,61.6828],[294.84306,61.68348],[294.68703,61.65955],[294.66647,61.64993],[294.664,61.657],[294.59355,61.6487],[294.24174,61.75024],[294.16785,61.81347],[294.16901,61.80415],[294.16103,61.81079],[294.14525,61.79586],[294.14215,61.80278],[294.15931,61.82283],[294.14954,61.82734],[294.11517,61.81208],[294.11061,61.80201],[293.93593,61.86959],[293.97634,61.86756],[293.97649,61.8938],[294.00067,61.87845],[294.03347,61.88163],[294.05215,61.87125],[294.06503,61.91172],[294.05794,61.92263],[294.03207,61.92885],[294.02912,61.94686],[294.02123,61.95137],[293.98271,61.95796],[293.99802,61.96514],[293.9961,61.97996],[293.98304,61.99424],[293.9535,61.99176],[293.93287,61.99891],[293.90118,61.98796],[293.90372,61.99939],[293.87982,62.00218],[293.90188,62.01056],[293.96802,62.00851],[293.94132,62.02293],[293.94095,62.03411],[293.91276,62.06289],[293.86443,62.08123],[293.87104,62.08699],[293.85841,62.11335],[293.83482,62.10542],[293.85072,62.09665],[293.76796,62.08252],[293.82153,62.0955],[293.8289,62.1072],[293.82511,62.11766],[293.83891,62.12735],[293.85598,62.12703],[293.85188,62.11901],[293.87135,62.12007],[293.88294,62.10921],[293.88016,62.09093],[293.91818,62.08984],[293.94366,62.0704],[293.93904,62.06284],[293.95496,62.06729],[293.99215,62.04495],[293.99028,62.05818],[293.99657,62.05913],[293.98782,62.07482],[293.97552,62.07884],[293.99391,62.08239],[293.99276,62.10382],[293.93661,62.12215],[293.98638,62.12089],[293.9678,62.1381],[293.96051,62.1522],[293.96671,62.15681],[293.98628,62.15534],[294.01032,62.16736],[294.04559,62.16325],[294.05186,62.16581],[294.03703,62.1721],[294.0639,62.17204],[294.03715,62.18465],[294.04625,62.19086],[294.09327,62.18682],[294.11536,62.20132],[294.11231,62.20541],[294.08831,62.20709],[294.0493,62.23674],[294.00716,62.25471],[294.00083,62.25331],[294.0046,62.24238],[293.99128,62.24572],[293.98269,62.23859],[293.99223,62.23066],[293.95937,62.23318],[293.96464,62.22158],[293.95744,62.21743],[293.90145,62.2241],[293.88696,62.23289],[293.84195,62.23255],[293.82294,62.24404],[293.78132,62.24416],[293.74352,62.25936],[293.89817,62.23412],[293.8902,62.23839],[293.90178,62.24304],[293.89112,62.25414],[293.84854,62.28073],[293.85305,62.29172],[293.82247,62.3028],[293.84614,62.30672],[293.83605,62.3144],[293.80996,62.30347],[293.82259,62.32],[293.80374,62.32555],[293.81247,62.32836],[293.81118,62.33679],[293.78619,62.34845],[293.76612,62.34647],[293.75822,62.31769],[293.7487,62.32738],[293.74557,62.3196],[293.72961,62.32586],[293.72107,62.34312],[293.69977,62.33564],[293.65336,62.34162],[293.65013,62.31353],[293.66057,62.29856],[293.69557,62.28222],[293.69038,62.27739],[293.70363,62.26472],[293.68612,62.26761],[293.69507,62.25849],[293.67559,62.25581],[293.66396,62.27624],[293.64664,62.28019],[293.63966,62.2945],[293.60542,62.31494],[293.57042,62.32944],[293.50321,62.33881],[293.54902,62.33585],[293.54279,62.34309],[293.54852,62.34656],[293.53228,62.35804],[293.57521,62.34294],[293.61813,62.36114],[293.59115,62.37115],[293.67458,62.37465],[293.67477,62.38173],[293.69135,62.3853],[293.67706,62.39772],[293.63485,62.39528],[293.65847,62.40667],[293.64395,62.41247],[293.60186,62.40707],[293.6465,62.42208],[293.66362,62.43637],[293.63696,62.43773],[293.61735,62.42432],[293.58051,62.4331],[293.51889,62.41311],[293.49407,62.41743],[293.50588,62.41551],[293.49604,62.42794],[293.54121,62.46306],[293.50949,62.4664],[293.55728,62.48899],[293.54497,62.49914],[293.49679,62.49501],[293.52132,62.50871],[293.48116,62.50192],[293.49339,62.51437],[293.47488,62.5192],[293.48606,62.52319],[293.48842,62.53576],[293.38735,62.5404],[293.466,62.54945],[293.46553,62.55925],[293.41517,62.56716],[293.42674,62.57321],[293.38179,62.57159],[293.41077,62.57578],[293.37676,62.58294],[293.41706,62.58862],[293.4165,62.59956],[293.37085,62.59177],[293.3736,62.60549],[293.30896,62.60826],[293.31941,62.61149],[293.30641,62.61725],[293.33664,62.62059],[293.34066,62.62885],[293.33499,62.63289],[293.25915,62.61469],[293.24537,62.62183],[293.27062,62.63124],[293.2383,62.63292],[293.29495,62.64886],[293.24978,62.66704],[293.23541,62.65775],[293.22397,62.66696],[293.18919,62.66746],[293.15917,62.64611],[293.13837,62.64562],[293.1441,62.65755],[293.12241,62.66344],[293.01607,62.64175],[293.00937,62.64577],[293.04796,62.6554],[293.07979,62.67841],[293.11903,62.68643],[293.02057,62.69588],[292.95695,62.67335],[292.95023,62.67736],[292.98248,62.69308],[293.01817,62.72572],[292.99871,62.74212],[292.95033,62.75127],[292.9797,62.75121],[292.99588,62.75508],[292.9969,62.76239],[292.97669,62.76691],[292.93015,62.75509],[292.89772,62.73411],[292.88069,62.73569],[292.90212,62.74261],[292.90861,62.75707],[292.95023,62.78274],[292.88811,62.80947],[292.86965,62.79507],[292.85699,62.79785],[292.87127,62.80764],[292.85506,62.81128],[292.77763,62.79874],[292.77897,62.80788],[292.87361,62.83162],[292.82843,62.84944],[292.75537,62.83057],[292.81671,62.85976],[292.80222,62.86685],[292.66863,62.84885],[292.65382,62.85295],[292.67088,62.86531],[292.78666,62.8746],[292.77525,62.88036],[292.73654,62.87636],[292.74819,62.89478],[292.7029,62.9185],[292.68427,62.90657],[292.64482,62.89888],[292.68802,62.92328],[292.66163,62.92128],[292.6779,62.93134],[292.65569,62.94011],[292.61287,62.9237],[292.59219,62.92564],[292.64392,62.94974],[292.6205,62.961],[292.58013,62.95145],[292.60528,62.96326],[292.57005,62.97752],[292.51051,62.95692],[292.45165,62.95935],[292.42787,62.93795],[292.37593,62.92427],[292.37166,62.90982],[292.35855,62.91667],[292.35172,62.92612],[292.39588,62.94287],[292.37655,62.95211],[292.349,62.95185],[292.36192,62.95893],[292.54382,63.00423],[292.50961,63.00503],[292.50993,63.01348],[292.48699,63.02382],[292.51441,63.02633],[292.48422,63.03905],[292.41303,63.02483],[292.35915,63.03187],[292.31944,63.02044],[292.32929,63.00534],[292.2937,62.99329],[292.31851,62.95655],[292.30625,62.94766],[292.25747,62.94381],[292.24721,62.95206],[292.27061,62.95386],[292.28564,62.96531],[292.27567,62.97585],[292.23947,62.98225],[292.26095,63.00022],[292.228,63.00919],[292.28288,63.02457],[292.28956,63.03997],[292.30834,63.04944],[292.42385,63.05741],[292.4168,63.06344],[292.43564,63.06673],[292.40006,63.07684],[292.40917,63.08224],[292.39015,63.09263],[292.34516,63.09457],[292.26344,63.07896],[292.24046,63.08241],[292.21792,63.10321],[292.19411,63.11006],[292.14201,63.11204],[292.12688,63.10149],[292.13185,63.09679],[292.11308,63.08754],[292.12327,63.08636],[292.1214,63.07948],[292.13567,63.08295],[292.13683,63.07065],[292.10447,63.06683],[292.07211,63.04749],[292.03864,63.04501],[292.06484,63.07587],[292.10278,63.08459],[292.08205,63.1013],[292.09773,63.11643],[292.14263,63.13235],[292.11237,63.1482],[292.01965,63.15687],[291.97301,63.16893],[291.95676,63.15469],[291.90337,63.14355],[291.89289,63.15223],[291.90886,63.16397],[291.89516,63.17942],[291.78088,63.20872],[291.84364,63.20823],[291.79203,63.25618],[291.73216,63.27565],[291.77136,63.26942],[291.75816,63.27439],[291.73146,63.30551],[291.63553,63.35563],[291.67272,63.3503],[291.64649,63.36683],[291.59883,63.37442],[291.56668,63.38875],[291.58679,63.39537],[291.56442,63.41288],[291.58318,63.4092],[291.52757,63.42754],[291.593,63.42585],[291.60006,63.43102],[291.5949,63.43615],[291.55939,63.44789],[291.51962,63.43466],[291.47785,63.44304],[291.3895,63.4779],[291.32294,63.52922],[291.24973,63.55],[291.25608,63.55655],[291.20403,63.59539],[291.17549,63.60608],[291.13618,63.60462],[291.14929,63.61431],[291.20854,63.60828],[291.19141,63.63797],[291.12506,63.67027],[291.1017,63.71119],[291.03664,63.73961],[291.02287,63.74997],[291.03206,63.75067],[291.03048,63.75861],[291.09856,63.75856],[291.16664,63.73452],[291.17455,63.737],[291.16121,63.74852],[291.18166,63.73786],[291.19007,63.74058],[291.18405,63.74727],[291.1919,63.74633],[291.24414,63.72049],[291.23473,63.73782],[291.25794,63.7295],[291.26229,63.73576],[291.28084,63.72015],[291.28635,63.72883],[291.31469,63.7245],[291.31448,63.73864],[291.27678,63.77626],[291.28758,63.77652],[291.31102,63.75816],[291.34212,63.76097],[291.3497,63.75385],[291.35797,63.76204],[291.43737,63.72766],[291.42621,63.74769],[291.46286,63.72118],[291.47664,63.72219],[291.46082,63.74257],[291.47145,63.74419],[291.54954,63.71953],[291.59052,63.7257],[291.6271,63.71192],[291.62205,63.70657],[291.5883,63.71812],[291.58276,63.70819],[291.6126,63.6856],[291.6175,63.66063],[291.62443,63.67652],[291.63387,63.65666],[291.65132,63.66594],[291.65016,63.64881],[291.67945,63.64399],[291.69093,63.63306],[291.70246,63.63559],[291.6921,63.64107],[291.71385,63.6347],[291.7152,63.64111],[291.73079,63.62526],[291.7751,63.62826],[291.76883,63.65298],[291.74042,63.6827],[291.75701,63.69081],[291.80137,63.67032],[291.78016,63.67169],[291.77316,63.66516],[291.80184,63.64684],[291.78581,63.64787],[291.80793,63.6187],[291.78425,63.61956],[291.78107,63.60627],[291.78799,63.59912],[291.80572,63.59631],[291.84699,63.61313],[291.87798,63.59621],[291.86917,63.58737],[291.87317,63.57855],[291.8958,63.57766],[291.89183,63.58624],[291.9002,63.59941],[291.86775,63.62542],[291.89274,63.62182],[291.88423,63.62963],[291.89492,63.64034],[291.89194,63.62956],[291.90534,63.61411],[291.91346,63.61496],[291.93554,63.59465],[291.92495,63.57802],[291.93443,63.58551],[291.94126,63.55373],[291.99212,63.5365],[291.9746,63.56306],[291.98334,63.56278],[291.99683,63.55074],[292.02498,63.55061],[292.02949,63.5361],[292.06992,63.53575],[292.08938,63.52496],[292.09458,63.51342],[292.08942,63.50877],[292.12322,63.50257],[292.11294,63.49257],[292.14043,63.48808],[292.14704,63.47224],[292.16519,63.47464],[292.18274,63.46698],[292.18287,63.45467],[292.19084,63.45665],[292.20228,63.4434],[292.19586,63.43576],[292.20026,63.42672],[292.22336,63.40822],[292.25615,63.40038],[292.26814,63.41406],[292.27095,63.39482],[292.31226,63.37039],[292.31561,63.37843],[292.32842,63.37159],[292.32918,63.38026],[292.35823,63.38533],[292.36112,63.40477],[292.37827,63.3948],[292.38104,63.42153],[292.3677,63.43429],[292.33274,63.43778],[292.32239,63.44535],[292.33914,63.4404],[292.34474,63.4462],[292.31694,63.47216],[292.29486,63.50778],[292.26187,63.52794],[292.23342,63.53153],[292.25541,63.54264],[292.23396,63.55889],[292.24317,63.56453],[292.23309,63.57392],[292.22027,63.57415],[292.20731,63.5869],[292.22093,63.59468],[292.23418,63.62865],[292.21311,63.65106],[292.18213,63.65848],[292.19392,63.66416],[292.17562,63.70554],[292.18676,63.70734],[292.18569,63.71325],[292.17533,63.72491],[292.13921,63.72058],[292.14388,63.74164],[292.11332,63.75406],[292.10343,63.76572],[292.10737,63.77286],[292.11956,63.75874],[292.16264,63.74997],[292.17117,63.73076],[292.20254,63.73111],[292.20332,63.69534],[292.21789,63.67691],[292.23937,63.66677],[292.23113,63.68923],[292.23705,63.69754],[292.22739,63.7074],[292.23399,63.7139],[292.24835,63.69205],[292.25722,63.69062],[292.25134,63.67068],[292.26547,63.63424],[292.39991,63.66919],[292.37383,63.66212],[292.3407,63.63625],[292.3757,63.62318],[292.38284,63.61191],[292.39672,63.61146],[292.41506,63.58305],[292.44016,63.56502],[292.43881,63.55679],[292.43133,63.56054],[292.42329,63.55288],[292.43556,63.541],[292.41794,63.53181],[292.43933,63.5267],[292.46279,63.55149],[292.4829,63.5557],[292.47946,63.54173],[292.48688,63.53867],[292.49261,63.54971],[292.49505,63.5388],[292.51183,63.52745],[292.49791,63.52289],[292.50563,63.48518],[292.5146,63.48168],[292.5289,63.50015],[292.53401,63.47516],[292.5561,63.47962],[292.5456,63.4644],[292.55924,63.44707],[292.60263,63.43978],[292.59596,63.43398],[292.63942,63.40594],[292.64485,63.40808],[292.63722,63.41457],[292.66347,63.41748],[292.64633,63.42178],[292.6606,63.42815],[292.64306,63.44406],[292.65958,63.45458],[292.62975,63.46437],[292.62919,63.47143],[292.65352,63.4734],[292.67494,63.45367],[292.6847,63.41279],[292.70208,63.40508],[292.69853,63.39157],[292.72303,63.36345],[292.74526,63.35831],[292.75666,63.34161],[292.76965,63.34454],[292.77691,63.33553],[292.79436,63.36085],[292.79807,63.3518],[292.78461,63.32743],[292.8469,63.30074],[292.85413,63.29173],[292.84744,63.28594],[292.85762,63.2781],[292.90349,63.289],[292.8624,63.31829],[292.87656,63.32624],[292.91899,63.29948],[292.93539,63.29696],[292.95522,63.2733],[292.97321,63.28471],[293.03683,63.28053],[293.0461,63.28612],[293.03344,63.2937],[293.01508,63.34202],[293.04384,63.36861],[293.04077,63.38475],[293.04924,63.39534],[293.04311,63.41145],[293.08271,63.3969],[293.0603,63.3736],[293.06757,63.36298],[293.03112,63.33744],[293.0502,63.30122],[293.07473,63.29811],[293.09799,63.2829],[292.99529,63.25719],[292.99394,63.24691],[293.00544,63.24137],[293.02853,63.25216],[293.03589,63.24792],[293.03851,63.22288],[293.09126,63.20417],[293.1545,63.14431],[293.20108,63.14989],[293.2188,63.16629],[293.22647,63.19943],[293.17929,63.25358],[293.21168,63.28838],[293.21768,63.28116],[293.19793,63.24651],[293.23276,63.2305],[293.24329,63.20578],[293.26521,63.19349],[293.2754,63.16489],[293.24657,63.15726],[293.22773,63.14268],[293.23195,63.13065],[293.24538,63.1251],[293.24736,63.09914],[293.28883,63.06883],[293.29975,63.07146],[293.30788,63.05172],[293.3171,63.05775],[293.34303,63.05257],[293.34776,63.04851],[293.34185,63.04639],[293.35313,63.04219],[293.34993,63.03622],[293.38509,63.02703],[293.37937,63.04019],[293.3436,63.06055],[293.3662,63.06125],[293.39995,63.03106],[293.42266,63.02902],[293.46775,63.00098],[293.46371,63.01166],[293.47947,63.00771],[293.47981,63.02117],[293.46517,63.02262],[293.44885,63.03772],[293.38192,63.06826],[293.35069,63.09733],[293.38173,63.09106],[293.43697,63.06382],[293.43132,63.0861],[293.45368,63.08177],[293.46627,63.0917],[293.44665,63.10154],[293.46645,63.12864],[293.46258,63.13566],[293.41713,63.16643],[293.42523,63.18589],[293.44676,63.19955],[293.44393,63.20545],[293.39906,63.24215],[293.33416,63.27267],[293.31253,63.2975],[293.31891,63.31057],[293.36918,63.32844],[293.38852,63.34665],[293.38886,63.36898],[293.41827,63.3996],[293.4809,63.40866],[293.41733,63.38842],[293.3893,63.33184],[293.33323,63.2991],[293.35873,63.26793],[293.42113,63.24602],[293.48778,63.19746],[293.51347,63.19885],[293.47719,63.18687],[293.4536,63.16383],[293.49746,63.13373],[293.5127,63.13114],[293.5046,63.12149],[293.50761,63.11149],[293.54205,63.08606],[293.48845,63.09124],[293.4939,63.08263],[293.51368,63.07941],[293.51534,63.06575],[293.52757,63.06244],[293.54128,63.08104],[293.5539,63.08025],[293.53957,63.05321],[293.55625,63.0406],[293.59016,63.03522],[293.59069,63.0236],[293.60572,63.01325],[293.66075,62.99459],[293.67974,62.99636],[293.68724,63.00896],[293.70262,63.01319],[293.71735,62.99691],[293.73863,62.99184],[293.7406,63.0053],[293.71104,63.01623],[293.72923,63.0255],[293.74645,63.02222],[293.74287,63.01125],[293.77785,62.98964],[293.76749,62.98523],[293.77171,62.98002],[293.80262,62.98482],[293.8182,62.97058],[293.83011,62.97387],[293.82745,62.96473],[293.86231,62.94334],[293.89222,62.9472],[293.90268,62.93451],[293.944,62.94186],[293.93305,62.96914],[293.93921,62.9799],[293.97076,62.98125],[293.93993,63.00293],[293.85237,63.03695],[293.83728,63.05097],[293.8356,63.06897],[293.84522,63.08112],[293.83993,63.08792],[293.74762,63.13051],[293.7512,63.16678],[293.7427,63.20226],[293.76213,63.22179],[293.75588,63.201],[293.7655,63.18809],[293.76126,63.15501],[293.77097,63.12637],[293.81013,63.1171],[293.82621,63.10468],[293.8584,63.10583],[293.87122,63.08564],[293.88494,63.08164],[293.88828,63.07277],[293.87551,63.05011],[293.88339,63.04083],[293.8896,63.04976],[293.91116,63.03669],[293.92967,63.03933],[293.9531,63.04496],[293.95343,63.06502],[293.97063,63.06172],[293.97414,63.04692],[293.95245,63.03424],[293.96932,63.02501],[293.97015,63.01521],[294.02882,62.98505],[294.0674,62.98619],[294.07924,62.97578],[294.10658,62.98414],[294.08629,62.99223],[294.116,63.00608],[294.083,63.03643],[294.0825,63.05352],[294.12176,63.01569],[294.18896,63.03815],[294.21487,63.02666],[294.14609,63.00693],[294.14551,62.9912],[294.13197,62.97288],[294.09567,62.96242],[294.09501,62.95034],[294.05781,62.9378],[294.11294,62.9183],[294.136,62.93507],[294.14949,62.93605],[294.21943,62.90176],[294.2152,62.89057],[294.2385,62.8777],[294.25695,62.8796],[294.26463,62.89332],[294.23309,62.91596],[294.22707,62.93782],[294.24265,62.95659],[294.29414,62.96161],[294.3074,62.97466],[294.29947,62.99332],[294.27963,63.00577],[294.27255,63.03012],[294.29573,63.04938],[294.31586,63.0481],[294.29866,63.03024],[294.33455,63.01945],[294.32677,63.00734],[294.34788,62.98075],[294.32223,62.96059],[294.32783,62.95628],[294.28401,62.94379],[294.27386,62.92778],[294.30357,62.91925],[294.34577,62.8866],[294.3479,62.90485],[294.39863,62.92078],[294.40173,62.91554],[294.36658,62.89626],[294.38278,62.88538],[294.3875,62.84756],[294.41846,62.81871],[294.46346,62.81203],[294.4551,62.80471],[294.46266,62.79972],[294.47016,62.79792],[294.47643,62.81116],[294.52608,62.82704],[294.57848,62.82581],[294.58683,62.83563],[294.57777,62.84222],[294.59761,62.85253],[294.60614,62.8489],[294.59377,62.84021],[294.58701,62.82105],[294.59158,62.81467],[294.61097,62.81973],[294.62029,62.83321],[294.63729,62.83073],[294.64621,62.83668],[294.63068,62.84166],[294.63605,62.85376],[294.65581,62.87522],[294.67081,62.87456],[294.67062,62.89463],[294.65593,62.91352],[294.70325,62.93868],[294.68345,62.91357],[294.68807,62.90013],[294.71013,62.89287],[294.69769,62.88556],[294.69548,62.85227],[294.67059,62.84447],[294.70809,62.83656],[294.77821,62.84264],[294.78397,62.83233],[294.66282,62.82211],[294.68583,62.81441],[294.66508,62.79408],[294.67413,62.78635],[294.6712,62.7795],[294.68272,62.77222],[294.69261,62.77954],[294.75686,62.78123],[294.77722,62.79128],[294.80716,62.78379],[294.77279,62.78239],[294.7669,62.76915],[294.70567,62.76611],[294.68456,62.7337],[294.69309,62.72413],[294.66244,62.70652],[294.6492,62.68826],[294.68467,62.66484],[294.67905,62.68216],[294.68288,62.69859],[294.68931,62.70201],[294.76058,62.69545],[294.7242,62.68702],[294.69231,62.69883],[294.6854,62.69449],[294.71445,62.66284],[294.73486,62.65375],[294.73345,62.64325],[294.74691,62.63301],[294.75349,62.61318],[294.80812,62.58429],[294.78785,62.58016],[294.79829,62.56945],[294.84978,62.55946],[294.86855,62.5638],[294.84184,62.56539],[294.81555,62.58178],[294.83086,62.58863],[294.83635,62.57838],[294.85121,62.57383],[294.91208,62.56564],[294.96104,62.59004],[294.9962,62.59664],[294.99474,62.6085],[295.01456,62.61624],[295.02495,62.60917],[295.04627,62.61691],[295.05173,62.62215],[295.03793,62.64701],[295.05775,62.64175],[295.07269,62.65747],[295.05836,62.67595],[295.06933,62.68734],[295.05941,62.6926],[295.03752,62.67961],[295.04699,62.69078],[295.03607,62.69466],[295.05347,62.69899],[295.06348,62.71813],[295.02276,62.73617],[294.96456,62.73619],[294.99627,62.75022],[294.96806,62.76811],[294.98349,62.76537],[294.98201,62.77996],[294.95313,62.79593],[294.91176,62.7957],[294.95262,62.8046],[294.89076,62.82738],[294.85024,62.85768],[294.84322,62.86543],[294.84568,62.87729],[294.83466,62.88617],[294.84113,62.89028],[294.81357,62.90575],[294.84654,62.91672],[294.84599,62.93177],[294.81084,62.9518],[294.7823,62.95155],[294.75616,62.96405],[294.75385,63.00964],[294.73215,63.02648],[294.7794,63.01902],[294.76789,63.01262],[294.76396,62.99871],[294.7766,62.98368],[294.77267,62.96864],[294.78476,62.95884],[294.82533,62.96116],[294.91458,62.92632],[294.91457,62.93271],[294.89102,62.94091],[294.89753,62.94319],[294.8885,62.9498],[294.89751,62.95231],[294.89048,62.96006],[294.87444,62.96301],[294.88244,62.97031],[294.8734,62.97829],[294.89094,62.97966],[294.87935,63.00518],[294.88435,63.01043],[294.89191,62.99516],[294.90345,62.99767],[294.90749,62.98309],[294.92102,62.98422],[294.93106,62.96736],[294.92507,62.94821],[294.93359,62.94434],[294.94009,62.95049],[294.9431,62.94115],[294.96613,62.93385],[294.99269,62.95116],[295.02376,62.9557],[294.97965,62.93248],[295.04367,62.9117],[295.03765,62.90669],[295.04615,62.90349],[295.09068,62.90618],[295.09715,62.90071],[295.08662,62.89456],[295.11754,62.88016],[295.13405,62.88265],[295.13519,62.87285],[295.15347,62.871],[295.16151,62.87942],[295.16042,62.86552],[295.21989,62.86792],[295.22899,62.87975],[295.21011,62.89301],[295.21612,62.89391],[295.24796,62.87766],[295.25089,62.87127],[295.23284,62.8647],[295.25355,62.86235],[295.26637,62.87033],[295.29536,62.87117],[295.27705,62.8874],[295.28372,62.9038],[295.29524,62.90536],[295.30263,62.89531],[295.32321,62.90187],[295.33111,62.89342],[295.3771,62.89305],[295.40218,62.89868],[295.39372,62.90144],[295.39535,62.90987],[295.40794,62.91598],[295.36638,62.91338],[295.38406,62.92563],[295.36871,62.93685],[295.35166,62.93576],[295.3513,62.94648],[295.33092,62.95884],[295.30988,62.95821],[295.29896,62.92382],[295.28387,62.91747],[295.27847,62.92683],[295.28557,62.93548],[295.27522,62.95123],[295.23069,62.95634],[295.24532,62.96725],[295.17461,62.96146],[295.18768,62.96622],[295.18521,62.97193],[295.19724,62.97123],[295.16826,62.9845],[295.2198,62.97209],[295.25649,62.98182],[295.24453,62.98936],[295.25108,62.99232],[295.2487,63.00486],[295.2242,63.01471],[295.23985,63.02493],[295.23488,63.0295],[295.20731,63.03594],[295.20886,63.04163],[295.19484,63.04713],[295.15464,63.04856],[295.18487,63.0574],[295.24653,63.03996],[295.2526,63.04405],[295.24415,63.05342],[295.26531,63.05815],[295.2513,63.06525],[295.2544,63.07345],[295.19056,63.07837],[295.19112,63.08474],[295.17452,63.08683],[295.12518,63.08234],[295.14635,63.08641],[295.11066,63.09512],[295.06436,63.09653],[295.05476,63.08697],[295.04372,63.09723],[295.05985,63.10429],[295.1494,63.09233],[295.1766,63.09502],[295.1716,63.09982],[295.24803,63.09056],[295.27123,63.09552],[295.2517,63.10536],[295.23505,63.10221],[295.20699,63.11708],[295.23717,63.11246],[295.25135,63.12041],[295.24589,63.12908],[295.21075,63.14442],[295.11543,63.13978],[295.116,63.15163],[295.09988,63.15507],[295.15182,63.15363],[295.17104,63.16067],[295.12714,63.16073],[295.11262,63.17899],[295.04548,63.17905],[295.0379,63.17564],[295.03988,63.16196],[295.03132,63.16789],[294.98287,63.16062],[294.93848,63.16519],[294.98187,63.17156],[294.99653,63.18568],[294.93896,63.20712],[294.96979,63.21463],[295.02483,63.19615],[295.0754,63.21321],[295.03301,63.23397],[294.99761,63.23422],[295.0067,63.22464],[294.99456,63.22055],[294.93996,63.23127],[294.8827,63.28413],[294.9136,63.28163],[294.94502,63.24654],[295.02596,63.24811],[295.03003,63.25449],[295.01743,63.27682],[294.94905,63.31308],[294.99722,63.3101],[295.02506,63.29391],[295.0715,63.24853],[295.09572,63.23437],[295.12402,63.23275],[295.09979,63.24097],[295.1221,63.25007],[295.10295,63.26513],[295.12376,63.27354],[295.10509,63.28837],[295.11123,63.29953],[295.10014,63.3123],[295.10271,63.3189],[295.0855,63.32735],[295.07849,63.34833],[295.05109,63.35245],[295.06383,63.36269],[295.05222,63.38731],[294.86056,63.3994],[294.90633,63.39943],[294.99585,63.42174],[294.98263,63.432],[294.87726,63.42994],[294.97297,63.44635],[294.96992,63.4557],[294.99793,63.4525],[294.99896,63.46046],[294.99032,63.47733],[294.96942,63.48622],[294.95923,63.50673],[294.93983,63.51903],[294.9393,63.55411],[294.89273,63.57779],[294.9352,63.56094],[294.971,63.56367],[295.01345,63.56935],[295.04625,63.59165],[295.01512,63.63335],[294.93156,63.65524],[294.90947,63.67437],[294.91357,63.68006],[294.89195,63.70875],[294.79609,63.75993],[294.71247,63.78715],[294.71182,63.80423],[294.72672,63.81131],[294.74697,63.79039],[294.74639,63.79995],[294.78355,63.7918],[294.81651,63.79593],[294.87482,63.77046],[294.81351,63.77771],[294.86926,63.73606],[294.93201,63.72766],[294.92482,63.72515],[294.92329,63.71035],[294.93461,63.68849],[294.96644,63.66708],[295.04385,63.64222],[295.08156,63.58843],[295.07739,63.57044],[295.13454,63.54942],[295.15449,63.55166],[295.15991,63.52319],[295.17354,63.50175],[295.19032,63.49443],[295.18746,63.45571],[295.22451,63.4397],[295.20959,63.4215],[295.23077,63.40118],[295.22456,63.38912],[295.23772,63.38408],[295.26119,63.39246],[295.25388,63.37334],[295.23456,63.37178],[295.23499,63.3629],[295.25924,63.35123],[295.2634,63.36033],[295.27557,63.35894],[295.26889,63.35166],[295.27739,63.33957],[295.2555,63.33255],[295.24778,63.3214],[295.27007,63.31953],[295.27254,63.31269],[295.29241,63.3213],[295.29216,63.29943],[295.32159,63.30209],[295.32951,63.2868],[295.29919,63.29326],[295.29704,63.28369],[295.31161,63.27363],[295.32542,63.28431],[295.32671,63.2663],[295.37205,63.25022],[295.37478,63.22856],[295.39145,63.22715],[295.41945,63.23959],[295.4192,63.25645],[295.41167,63.26058],[295.45017,63.26227],[295.48523,63.24118],[295.50201,63.24636],[295.48393,63.25372],[295.53032,63.27085],[295.51691,63.28481],[295.4268,63.28856],[295.40136,63.31507],[295.38219,63.32243],[295.41111,63.32278],[295.47801,63.29088],[295.49948,63.30151],[295.47951,63.31868],[295.52253,63.31373],[295.52778,63.32328],[295.51875,63.3281],[295.52165,63.34746],[295.51198,63.37324],[295.42216,63.3804],[295.39204,63.4051],[295.30833,63.38073],[295.29519,63.38691],[295.35538,63.40202],[295.37387,63.41518],[295.40701,63.41941],[295.42621,63.41091],[295.41946,63.40228],[295.42448,63.39838],[295.48951,63.39497],[295.53799,63.42986],[295.54386,63.44351],[295.5284,63.46043],[295.41044,63.47726],[295.51855,63.47847],[295.51354,63.51015],[295.49969,63.50588],[295.48977,63.52186],[295.5017,63.53207],[295.49986,63.54324],[295.51015,63.54707],[295.48114,63.55333],[295.42942,63.54805],[295.43214,63.55783],[295.49654,63.55669],[295.48148,63.57223],[295.4103,63.60027],[295.40737,63.60962],[295.35404,63.64257],[295.3269,63.68547],[295.3367,63.68886],[295.35575,63.6551],[295.4268,63.60773],[295.45249,63.61243],[295.47934,63.59593],[295.48822,63.60569],[295.4844,63.62074],[295.50084,63.62318],[295.51449,63.64045],[295.50035,63.6799],[295.45537,63.691],[295.43664,63.70792],[295.40743,63.71347],[295.40906,63.71848],[295.339,63.7073],[295.37985,63.7254],[295.35881,63.72819],[295.34158,63.74715],[295.35345,63.7503],[295.33913,63.75695],[295.27161,63.74823],[295.26069,63.73732],[295.2043,63.75953],[295.1292,63.76784],[295.05914,63.75835],[295.0571,63.76587],[295.0896,63.77973],[295.0732,63.79978],[295.03094,63.80437],[295.06868,63.8303],[295.02902,63.85925],[295.08264,63.8362],[295.09042,63.84531],[295.14113,63.86232],[295.13655,63.87417],[295.12314,63.87874],[295.13303,63.89011],[295.17492,63.8905],[295.19833,63.90709],[295.17983,63.93584],[295.20982,63.9205],[295.23052,63.91978],[295.23843,63.93524],[295.26221,63.93087],[295.33131,63.948],[295.32049,63.95304],[295.333,63.95893],[295.30624,63.9747],[295.3053,63.9829],[295.35009,63.95797],[295.39798,63.97126],[295.39495,63.97696],[295.36516,63.99709],[295.32497,63.99999],[295.32655,64.00833],[295.27588,64.01713],[295.28742,64.00601],[295.28255,63.99998],[295.29509,63.99659],[295.26475,63.97412],[295.25317,64.00611],[295.22726,64.01312],[295.16824,64.00196],[295.12312,63.96503],[295.05674,63.95667],[295.03602,63.96308],[295.0941,63.96643],[295.08876,63.98276],[295.11805,63.98393],[295.10589,64.00108],[295.08179,64.00508],[295.01585,64.00467],[294.95153,63.9936],[294.93441,63.98381],[294.92196,63.98609],[294.93371,64.00262],[294.82542,63.99999],[294.80299,64.0114],[294.77284,64.01064],[294.79101,64.01883],[294.84085,64.01091],[294.98976,64.03896],[294.95697,64.04557],[294.97445,64.05011],[294.97298,64.05878],[294.93293,64.07344],[294.89882,64.06161],[294.86885,64.06451],[294.82925,64.05546],[294.82401,64.06282],[294.89211,64.07764],[294.90472,64.08703],[294.86071,64.10606],[294.79809,64.08819],[294.79211,64.09236],[294.79974,64.09751],[294.86812,64.11553],[294.85414,64.12459],[294.84235,64.11973],[294.78542,64.12592],[294.8436,64.13065],[294.7487,64.17192],[294.73041,64.17168],[294.66389,64.13331],[294.57787,64.1336],[294.64796,64.14601],[294.70078,64.18229],[294.7734,64.18254],[294.72762,64.21908],[294.69093,64.20927],[294.63446,64.20925],[294.69802,64.23104],[294.68755,64.2396],[294.66113,64.24424],[294.63295,64.23681],[294.58209,64.23533],[294.57562,64.2411],[294.51711,64.23376],[294.43674,64.24179],[294.48708,64.24955],[294.52135,64.24419],[294.5769,64.25429],[294.57275,64.26435],[294.52969,64.28144],[294.58646,64.27513],[294.59168,64.28373],[294.5478,64.29605],[294.44087,64.29739],[294.39788,64.28734],[294.31703,64.2963],[294.40367,64.29821],[294.42016,64.31285],[294.44611,64.31738],[294.60326,64.30273],[294.689,64.28057],[294.80283,64.28943],[294.86053,64.3363],[294.83952,64.33634],[294.81876,64.35596],[294.76465,64.35664],[294.7373,64.37314],[294.7987,64.37079],[294.76516,64.381],[294.77036,64.40462],[294.79245,64.38795],[294.82946,64.38247],[294.83421,64.3749],[294.84482,64.38388],[294.83889,64.38964],[294.85363,64.38968],[294.85961,64.40031],[294.9303,64.40189],[294.94923,64.40892],[294.92854,64.41444],[294.95415,64.42617],[294.93385,64.42986],[294.94016,64.44435],[294.89285,64.45455],[294.93869,64.45348],[294.9278,64.47869],[294.88453,64.47925],[294.85938,64.46682],[294.82703,64.4645],[294.81583,64.4708],[294.89728,64.48797],[294.90163,64.49726],[294.86696,64.50818],[294.80577,64.47844],[294.77991,64.47876],[294.76299,64.47031],[294.76675,64.48758],[294.80453,64.49166],[294.80009,64.50447],[294.7765,64.49953],[294.81153,64.52552],[294.7905,64.53557],[294.74905,64.51649],[294.73358,64.52282],[294.72814,64.50376],[294.76239,64.49378],[294.7477,64.48713],[294.72923,64.49578],[294.71846,64.49271],[294.71564,64.47293],[294.72656,64.45344],[294.70955,64.46002],[294.70281,64.479],[294.67491,64.48046],[294.636,64.45677],[294.62653,64.43957],[294.64686,64.41793],[294.62761,64.41314],[294.61987,64.41596],[294.62985,64.42427],[294.60622,64.4439],[294.6231,64.4617],[294.68168,64.4961],[294.68745,64.50401],[294.67662,64.51712],[294.67714,64.5342],[294.61729,64.5244],[294.60568,64.50676],[294.56823,64.48986],[294.56339,64.47921],[294.50945,64.4586],[294.49585,64.4608],[294.53674,64.48428],[294.53458,64.49295],[294.37862,64.50181],[294.33819,64.48534],[294.31824,64.4878],[294.28653,64.46485],[294.29522,64.4814],[294.28812,64.51039],[294.29266,64.53972],[294.30375,64.55033],[294.3069,64.57216],[294.24046,64.57958],[294.25181,64.58426],[294.2479,64.59159],[294.30824,64.58901],[294.43781,64.63311],[294.44225,64.667],[294.4227,64.67972],[294.46512,64.71666],[294.4344,64.7304],[294.43297,64.74357],[294.41683,64.76178],[294.4039,64.7594],[294.39442,64.77225],[294.34543,64.77499],[294.33173,64.75689],[294.30799,64.75141],[294.31659,64.7306],[294.3044,64.67604],[294.29204,64.69597],[294.2941,64.71714],[294.27738,64.72435],[294.28758,64.73701],[294.28036,64.75393],[294.28942,64.76501],[294.30008,64.76469],[294.30895,64.7826],[294.35764,64.79492],[294.34667,64.80026],[294.33199,64.82796],[294.29578,64.84309],[294.24441,64.82007],[294.25169,64.80384],[294.22763,64.79174],[294.22382,64.80225],[294.25006,64.85009],[294.22822,64.85255],[294.22964,64.86029],[294.22028,64.86674],[294.15162,64.87777],[294.14714,64.87326],[294.16105,64.85994],[294.15184,64.84475],[294.08191,64.89083],[294.04346,64.86696],[294.06242,64.85862],[294.07713,64.82389],[294.12825,64.81804],[294.1003,64.81461],[294.11308,64.79994],[294.06801,64.80915],[294.05587,64.79945],[294.12589,64.76043],[294.17086,64.7512],[294.12721,64.75337],[294.10018,64.73125],[294.11726,64.70538],[294.13719,64.69794],[294.13221,64.68044],[294.18121,64.6566],[294.17885,64.65115],[294.19678,64.63574],[294.19359,64.62347],[294.14277,64.66555],[294.13203,64.66314],[294.13495,64.65651],[294.10731,64.6697],[294.09668,64.69688],[294.0788,64.70248],[294.0603,64.73382],[294.07967,64.7519],[294.06628,64.76452],[294.04234,64.76674],[294.00118,64.75018],[293.9857,64.73479],[293.99721,64.72879],[293.9916,64.72109],[294.0037,64.6873],[293.97504,64.70457],[293.96321,64.73221],[293.96523,64.7445],[293.97439,64.74694],[293.97296,64.76699],[294.00501,64.7825],[293.99474,64.79373],[294.00428,64.80642],[293.99426,64.82516],[293.99968,64.84175],[293.98228,64.84916],[293.94028,64.82666],[293.9171,64.78899],[293.89517,64.77159],[293.88817,64.75295],[293.8703,64.7444],[293.87666,64.72638],[293.84888,64.68873],[293.80579,64.68943],[293.82035,64.71417],[293.78714,64.72665],[293.81982,64.75084],[293.84272,64.74958],[293.84719,64.75638],[293.79749,64.7537],[293.75438,64.75734],[293.74974,64.76352],[293.70409,64.7519],[293.67333,64.75955],[293.63183,64.74083],[293.6203,64.72585],[293.59081,64.71686],[293.59527,64.70067],[293.61422,64.69057],[293.61072,64.67624],[293.67535,64.64225],[293.69593,64.61506],[293.69039,64.60575],[293.65233,64.63485],[293.65145,64.64305],[293.59261,64.67472],[293.57076,64.69963],[293.56322,64.72266],[293.60825,64.73569],[293.64727,64.76354],[293.68302,64.76315],[293.72981,64.77705],[293.75473,64.77032],[293.8215,64.77156],[293.84569,64.79465],[293.84461,64.8122],[293.82386,64.81573],[293.84787,64.84908],[293.88261,64.86391],[293.81783,64.88387],[293.74148,64.89566],[293.73277,64.89092],[293.73168,64.86974],[293.71369,64.8573],[293.68378,64.86086],[293.70866,64.87076],[293.70623,64.90198],[293.64643,64.91455],[293.64953,64.9093],[293.62671,64.89641],[293.61221,64.92039],[293.57916,64.93213],[293.57632,64.92463],[293.52686,64.92162],[293.53242,64.93185],[293.51009,64.94514],[293.55401,64.96526],[293.54402,64.97714],[293.52096,64.98132],[293.50417,64.97545],[293.48896,64.93473],[293.45073,64.92848],[293.47357,64.94571],[293.46217,64.9724],[293.48107,64.97712],[293.48467,64.99898],[293.49975,64.99939],[293.48481,65.00786],[293.44801,64.99659],[293.4445,65.01345],[293.38812,65.0291],[293.33428,65.03469],[293.32343,65.02925],[293.33412,65.01989],[293.33449,65.00485],[293.35333,65.00344],[293.34194,64.99641],[293.36823,64.98906],[293.36056,64.97769],[293.36195,64.95946],[293.37883,64.93345],[293.35639,64.89798],[293.38419,64.89085],[293.34498,64.88502],[293.32725,64.83154],[293.3379,64.82695],[293.33408,64.82059],[293.35407,64.79139],[293.38336,64.78403],[293.35215,64.76384],[293.30081,64.75211],[293.2754,64.71366],[293.2723,64.72506],[293.29221,64.7462],[293.27629,64.75489],[293.279,64.76012],[293.32179,64.76892],[293.32832,64.78166],[293.29999,64.77852],[293.29865,64.80632],[293.26671,64.82209],[293.27705,64.84211],[293.27617,64.86421],[293.26763,64.86855],[293.22682,64.85517],[293.21829,64.86065],[293.23928,64.87474],[293.27307,64.87833],[293.2905,64.90768],[293.282,64.91749],[293.26367,64.90773],[293.25672,64.91116],[293.2617,64.93028],[293.22363,64.93968],[293.16181,64.92928],[293.17799,64.94224],[293.20542,64.94881],[293.2441,64.94489],[293.27162,64.95851],[293.26093,64.96695],[293.27615,64.98561],[293.2709,64.99999],[293.25316,65.00523],[293.21753,64.99276],[293.20952,65.00234],[293.23974,65.01072],[293.19723,65.01944],[293.2497,65.04396],[293.23955,65.05833],[293.22548,65.05334],[293.21188,65.03468],[293.1493,65.02723],[293.12971,64.96803],[293.11304,64.971],[293.12547,64.9883],[293.12774,65.02907],[293.07031,65.03636],[293.09488,65.04094],[293.08734,65.05347],[293.11594,65.05209],[293.12563,65.04206],[293.16287,65.0484],[293.18712,65.04314],[293.19958,65.05269],[293.18885,65.06409],[293.2051,65.07364],[293.17005,65.08552],[293.17712,65.09394],[293.19331,65.08892],[293.2393,65.09774],[293.23025,65.11757],[293.26949,65.15282],[293.25663,65.16993],[293.20771,65.14698],[293.15304,65.15229],[293.15352,65.13816],[293.16376,65.12767],[293.1394,65.12474],[293.10959,65.10494],[293.09496,65.08741],[293.10304,65.07829],[293.08682,65.05803],[293.05929,65.06874],[293.04742,65.05143],[293.02261,65.04119],[293.01666,65.05235],[293.03608,65.05941],[293.03554,65.06874],[293.05228,65.07854],[293.02364,65.08606],[292.97343,65.07398],[292.961,65.0783],[292.94216,65.06099],[292.91789,65.05892],[292.89475,65.04637],[292.88661,65.05342],[292.90384,65.06096],[292.89464,65.06551],[292.927,65.07168],[292.92748,65.08307],[292.94042,65.08969],[293.04471,65.09585],[293.05715,65.10382],[293.04795,65.11704],[293.06962,65.15393],[293.06097,65.1799],[293.07887,65.19175],[293.07237,65.19722],[293.08051,65.19858],[293.08325,65.21316],[293.09573,65.21543],[293.08273,65.23207],[293.06262,65.22068],[293.06478,65.21431],[293.05121,65.21272],[293.04795,65.20041],[293.01594,65.19723],[293.03873,65.19654],[293.0447,65.18287],[293.01215,65.19449],[292.99966,65.18586],[292.99149,65.21363],[292.96108,65.21727],[292.95838,65.21157],[292.93067,65.2152],[292.91822,65.20813],[292.94486,65.19903],[292.91506,65.18899],[292.89602,65.19831],[292.88523,65.18851],[292.88034,65.19033],[292.88784,65.20446],[292.90738,65.20493],[292.87423,65.21128],[292.87853,65.21904],[292.86763,65.22313],[292.82323,65.20803],[292.81205,65.18341],[292.77201,65.1747],[292.76831,65.16581],[292.75205,65.16646],[292.75572,65.17763],[292.77249,65.18062],[292.80584,65.21006],[292.85778,65.23359],[292.93819,65.23639],[292.94302,65.25097],[292.90221,65.25641],[292.93039,65.27762],[292.91244,65.27533],[292.87667,65.25229],[292.84243,65.25043],[292.85161,65.25956],[292.8472,65.26661],[292.86459,65.27027],[292.86073,65.27597],[292.87375,65.28259],[292.86768,65.29352],[292.83884,65.29144],[292.79734,65.303],[292.85505,65.30877],[292.86051,65.30627],[292.8504,65.29885],[292.89274,65.29377],[292.90524,65.29766],[292.90356,65.30677],[292.89153,65.31268],[292.87632,65.30606],[292.86972,65.31494],[292.79702,65.33603],[292.76382,65.32915],[292.75932,65.3419],[292.74119,65.35212],[292.72208,65.35231],[292.70117,65.32379],[292.71985,65.31266],[292.71393,65.30741],[292.6931,65.31625],[292.64027,65.31362],[292.65437,65.31821],[292.59857,65.32877],[292.59409,65.33537],[292.59345,65.34129],[292.6705,65.33329],[292.70036,65.34406],[292.69157,65.34792],[292.68419,65.3684],[292.74008,65.35394],[292.74818,65.36102],[292.81326,65.34973],[292.85249,65.35775],[292.88313,65.34799],[292.89831,65.36623],[292.91249,65.3692],[292.89609,65.37238],[292.89056,65.38308],[292.92177,65.37149],[292.93919,65.38653],[292.93038,65.39837],[292.90743,65.39653],[292.90364,65.38947],[292.88334,65.40107],[292.9435,65.40134],[292.9582,65.41957],[292.92973,65.42116],[292.92751,65.42936],[292.91273,65.42798],[292.91113,65.42115],[292.87388,65.42521],[292.86944,65.43432],[292.94006,65.43711],[292.93566,65.44167],[292.95097,65.44942],[292.94328,65.45329],[292.95367,65.46059],[292.91365,65.4608],[292.87795,65.47193],[292.84353,65.45617],[292.79852,65.46363],[292.78819,65.45496],[292.719,65.46508],[292.65977,65.43032],[292.66934,65.44994],[292.66308,65.46496],[292.63632,65.45874],[292.64556,65.46333],[292.60526,65.47963],[292.58891,65.47411],[292.58756,65.48778],[292.54689,65.49107],[292.54125,65.49903],[292.55155,65.50521],[292.58853,65.49485],[292.66436,65.48957],[292.68456,65.49691],[292.67957,65.50077],[292.68709,65.51219],[292.67394,65.50965],[292.67551,65.51558],[292.65347,65.5194],[292.64537,65.51027],[292.60585,65.50925],[292.59469,65.51924],[292.59725,65.52951],[292.50644,65.53514],[292.5063,65.54175],[292.49472,65.54331],[292.52487,65.5482],[292.59165,65.53518],[292.62185,65.55101],[292.63006,65.5403],[292.65525,65.54698],[292.67791,65.53928],[292.68333,65.54499],[292.70442,65.53114],[292.74872,65.54991],[292.68709,65.55138],[292.67202,65.5657],[292.71487,65.57263],[292.69935,65.58012],[292.72529,65.57538],[292.74558,65.58294],[292.74711,65.59275],[292.6811,65.58509],[292.68129,65.5721],[292.67079,65.57527],[292.66046,65.56636],[292.65212,65.57157],[292.66744,65.57776],[292.66132,65.58208],[292.67275,65.59099],[292.65327,65.60417],[292.65198,65.61601],[292.67124,65.61947],[292.68954,65.612],[292.67528,65.60695],[292.67823,65.59329],[292.72451,65.59361],[292.75195,65.60369],[292.73969,65.61392],[292.75445,65.62557],[292.73723,65.63533],[292.74211,65.64309],[292.70352,65.63892],[292.69573,65.64323],[292.70718,65.65396],[292.7027,65.65805],[292.68398,65.65437],[292.69158,65.6635],[292.67284,65.66027],[292.66937,65.67029],[292.66236,65.65888],[292.59532,65.67032],[292.59851,65.67694],[292.57041,65.67231],[292.58352,65.65024],[292.59409,65.64617],[292.58261,65.63998],[292.63448,65.64058],[292.60595,65.6307],[292.57496,65.6354],[292.5696,65.6568],[292.54898,65.66586],[292.55607,65.67067],[292.55103,65.67384],[292.53623,65.66809],[292.54129,65.66355],[292.53156,65.65281],[292.54556,65.64306],[292.53228,65.64438],[292.52912,65.63731],[292.49838,65.65498],[292.4726,65.64669],[292.46951,65.6371],[292.4511,65.64547],[292.48113,65.66016],[292.47219,65.66468],[292.45127,65.66165],[292.44484,65.65319],[292.41596,65.65946],[292.38742,65.65228],[292.37616,65.66043],[292.35996,65.64646],[292.34155,65.65345],[292.32484,65.63878],[292.26039,65.63436],[292.25316,65.61838],[292.22521,65.61254],[292.20929,65.59376],[292.21573,65.58218],[292.34663,65.56915],[292.36769,65.58474],[292.36235,65.59861],[292.36842,65.59864],[292.38631,65.5887],[292.38692,65.56522],[292.40119,65.56665],[292.39993,65.57302],[292.41437,65.56784],[292.43105,65.58409],[292.44828,65.57709],[292.444,65.57206],[292.45577,65.56299],[292.44541,65.55862],[292.4325,65.56929],[292.40472,65.55755],[292.36662,65.56263],[292.3245,65.55355],[292.28978,65.55544],[292.26955,65.56924],[292.2143,65.57511],[292.19716,65.59393],[292.16969,65.5915],[292.11186,65.56062],[292.07089,65.52367],[291.99324,65.47416],[291.88546,65.43167],[291.89781,65.44931],[291.98959,65.48303],[292.0187,65.50965],[292.00813,65.513],[292.05557,65.53611],[292.07968,65.56749],[292.03038,65.57514],[292.01509,65.55817],[292.00361,65.5565],[291.94535,65.56749],[291.99755,65.57013],[292.00352,65.58567],[292.03722,65.59729],[292.05659,65.581],[292.07209,65.57883],[292.07396,65.5875],[292.08995,65.58715],[292.10048,65.60043],[292.09249,65.6079],[292.10889,65.61164],[292.12108,65.62516],[292.13885,65.62208],[292.15293,65.62945],[292.14337,65.63464],[292.15977,65.63906],[292.14833,65.65039],[292.16139,65.65594],[292.13815,65.65695],[292.13681,65.66355],[292.1088,65.67386],[292.14245,65.67611],[292.15198,65.68802],[292.11845,65.69739],[292.04946,65.69286],[292.04469,65.70172],[292.02831,65.69592],[292.01426,65.70152],[292.05938,65.70819],[292.04196,65.71492],[292.07369,65.73928],[292.06547,65.75108],[292.08226,65.74709],[292.09915,65.75494],[292.11827,65.74799],[292.13643,65.75151],[292.13946,65.74446],[292.15198,65.75092],[292.14953,65.75752],[292.17197,65.76608],[292.19938,65.7594],[292.1924,65.76892],[292.21497,65.77452],[292.2142,65.78089],[292.18037,65.78003],[292.1891,65.78463],[292.17779,65.7905],[292.1971,65.79425],[292.17185,65.80186],[292.20033,65.81387],[292.15325,65.825],[292.13429,65.81121],[292.11812,65.81143],[292.12452,65.80455],[292.11318,65.79582],[292.12329,65.79269],[292.11637,65.78444],[292.06037,65.79663],[292.02125,65.77518],[291.98866,65.77154],[291.97035,65.78418],[291.93456,65.79008],[291.92329,65.78134],[291.92573,65.78888],[291.90988,65.7956],[291.86683,65.78958],[291.86116,65.79204],[291.86918,65.79872],[291.86514,65.8021],[291.84846,65.8022],[291.79562,65.78081],[291.7787,65.76403],[291.76484,65.76369],[291.78419,65.78733],[291.82766,65.80728],[291.86841,65.81535],[291.88265,65.80793],[291.88715,65.81891],[291.92251,65.81142],[291.95143,65.82394],[291.93876,65.83387],[291.91599,65.83303],[291.90565,65.84024],[291.90438,65.83135],[291.88288,65.82708],[291.87609,65.82977],[291.88186,65.83711],[291.87644,65.84595],[291.83391,65.85087],[291.86679,65.86206],[291.8682,65.86754],[291.83923,65.87941],[291.8838,65.9039],[291.88122,65.92349],[291.86769,65.92612],[291.87348,65.93369],[291.85204,65.92785],[291.85704,65.90348],[291.84329,65.89926],[291.8369,65.90469],[291.83996,65.92226],[291.81294,65.92684],[291.80774,65.91905],[291.7962,65.9267],[291.79074,65.91298],[291.77806,65.90969],[291.72071,65.90738],[291.70168,65.90859],[291.68774,65.91872],[291.69143,65.92263],[291.68078,65.92345],[291.69857,65.93523],[291.67873,65.94075],[291.70089,65.94414],[291.70426,65.95443],[291.72386,65.95369],[291.71745,65.94816],[291.72263,65.94524],[291.76779,65.95816],[291.75931,65.9492],[291.77682,65.93943],[291.83037,65.94749],[291.6909,66.00515],[291.66473,66.03295],[291.66142,66.05208],[291.63826,66.06487],[291.64131,66.07059],[291.70297,66.0203],[291.75495,66.0123],[291.80281,65.97371],[291.82228,65.97593],[291.85042,65.96064],[291.87687,65.96905],[291.89673,65.96281],[291.90666,65.97816],[291.88868,65.97985],[291.86831,65.99656],[291.83568,65.98811],[291.82347,65.99758],[291.79817,65.99967],[291.80685,66.01661],[291.81732,66.02034],[291.81715,66.03515],[291.83302,66.03163],[291.83728,66.04111],[291.84593,66.0409],[291.84262,66.03034],[291.89602,66.02732],[291.91393,66.0156],[291.92214,66.01998],[291.94845,66.00786],[291.89938,66.00296],[291.92811,65.99906],[291.9092,65.99619],[291.91428,65.98301],[291.94805,65.97869],[291.93931,65.98637],[291.94631,65.99258],[291.97331,65.9898],[291.97154,66.00506],[291.9569,66.00679],[291.96638,66.02076],[291.95404,66.0209],[291.95086,66.02954],[291.9103,66.03381],[291.96528,66.03328],[291.97347,66.05158],[291.99869,66.05194],[291.98781,66.04415],[291.99698,66.03943],[291.98492,66.03296],[291.99301,66.0271],[291.98636,66.012],[292.01128,66.00556],[292.01046,65.99826],[292.0018,65.99114],[291.9794,65.99121],[292.03176,65.98404],[292.02179,65.98124],[292.01517,65.96547],[292.03233,65.96991],[292.0204,65.96071],[292.0588,65.95093],[292.04262,65.95015],[292.04454,65.944],[292.06751,65.94255],[292.03855,65.94009],[292.04825,65.93514],[292.04002,65.93144],[292.04805,65.92602],[292.06398,65.93273],[292.05915,65.91355],[292.07462,65.91752],[292.08257,65.91393],[292.07434,65.91023],[292.09184,65.90486],[292.11339,65.91046],[292.1014,65.9031],[292.17155,65.89075],[292.19607,65.90775],[292.20572,65.90279],[292.19328,65.89132],[292.2034,65.88864],[292.19634,65.88314],[292.2066,65.87635],[292.23111,65.87648],[292.23032,65.88377],[292.27413,65.89083],[292.23666,65.89475],[292.27218,65.89994],[292.25175,65.92901],[292.18309,65.9282],[292.1884,65.9362],[292.17325,65.9384],[292.21662,65.94433],[292.25994,65.93498],[292.26186,65.94502],[292.27291,65.94895],[292.26219,65.95231],[292.26356,65.96212],[292.24673,65.96386],[292.24533,65.97296],[292.22444,65.96147],[292.22404,65.97377],[292.20666,65.97505],[292.23545,65.98432],[292.23188,65.99068],[292.24964,65.99578],[292.26628,66.01844],[292.26771,66.0809],[292.28439,66.10491],[292.30258,66.09838],[292.29921,66.07945],[292.28298,66.07732],[292.29664,66.05277],[292.28238,66.04199],[292.27975,66.01782],[292.25482,65.99102],[292.27516,65.98474],[292.26442,65.97033],[292.28417,65.94627],[292.31243,65.935],[292.32522,65.91774],[292.35125,65.92492],[292.36722,65.91246],[292.35555,65.91036],[292.38148,65.90067],[292.38973,65.90526],[292.42003,65.89809],[292.43048,65.90429],[292.4546,65.89822],[292.4584,65.90279],[292.44885,65.90572],[292.4549,65.90916],[292.48105,65.91245],[292.53676,65.88916],[292.56292,65.89129],[292.58611,65.9039],[292.5831,65.91574],[292.53987,65.9286],[292.55376,65.93229],[292.57464,65.9205],[292.60032,65.92034],[292.59797,65.92672],[292.58064,65.92804],[292.59772,65.94108],[292.58755,65.9472],[292.59866,65.95088],[292.62811,65.92771],[292.65149,65.93164],[292.67562,65.92441],[292.65573,65.91069],[292.67249,65.90867],[292.69408,65.92126],[292.71471,65.92289],[292.69791,65.92674],[292.72186,65.93089],[292.72254,65.92223],[292.74872,65.92638],[292.79916,65.90663],[292.83706,65.90987],[292.84145,65.92459],[292.79943,65.93535],[292.79765,65.94674],[292.78753,65.95197],[292.79583,65.96019],[292.79617,65.98252],[292.70545,65.98829],[292.67833,66.00555],[292.68949,66.00877],[292.76758,65.98703],[292.79266,65.99779],[292.78183,66.01578],[292.80764,66.01126],[292.79874,66.00577],[292.80669,65.99462],[292.82235,66.00651],[292.84239,66.00925],[292.85011,66.02521],[292.86921,66.01863],[292.85334,66.04231],[292.80618,66.04681],[292.81972,66.03839],[292.81246,66.03588],[292.76183,66.04948],[292.75274,66.05995],[292.76055,66.06383],[292.75176,66.09482],[292.73153,66.09478],[292.7461,66.09914],[292.73703,66.10459],[292.62036,66.1212],[292.56773,66.13724],[292.56307,66.14497],[292.50434,66.15231],[292.55155,66.15839],[292.54224,66.17249],[292.51956,66.17835],[292.48418,66.17207],[292.43143,66.18487],[292.4306,66.19558],[292.40768,66.20917],[292.38039,66.21635],[292.3534,66.21168],[292.34078,66.21891],[292.34382,66.23124],[292.32305,66.22636],[292.30869,66.23404],[292.30322,66.22786],[292.30718,66.21315],[292.28305,66.24076],[292.2242,66.24252],[292.20881,66.22922],[292.21989,66.21902],[292.20637,66.21804],[292.20387,66.20845],[292.18391,66.21404],[292.20301,66.23375],[292.19981,66.24467],[292.24437,66.2481],[292.21182,66.2575],[292.26294,66.25115],[292.31312,66.27578],[292.27961,66.27904],[292.30123,66.2755],[292.27251,66.2708],[292.25658,66.27346],[292.2546,66.28212],[292.31452,66.28559],[292.29186,66.30463],[292.29273,66.3133],[292.28028,66.31256],[292.27171,66.33281],[292.27543,66.3408],[292.26489,66.35078],[292.24016,66.36069],[292.17945,66.4071],[292.14733,66.414],[292.14553,66.4475],[292.10419,66.47006],[292.06965,66.4776],[292.07443,66.48675],[292.0679,66.49286],[292.02621,66.50674],[292.04197,66.51254],[292.06571,66.50493],[292.0797,66.51255],[292.07316,66.51889],[292.09436,66.51765],[292.10364,66.51429],[292.09536,66.50671],[292.11083,66.49061],[292.12748,66.4882],[292.14228,66.48966],[292.13738,66.49852],[292.15039,66.50224],[292.12836,66.51055],[292.15508,66.51458],[292.16796,66.50621],[292.15858,66.49681],[292.17024,66.49004],[292.16194,66.4827],[292.20273,66.45875],[292.26561,66.45405],[292.27458,66.44088],[292.30042,66.43461],[292.33596,66.44686],[292.31295,66.45382],[292.3045,66.46952],[292.26649,66.4805],[292.24637,66.46718],[292.22695,66.46777],[292.25156,66.48317],[292.22849,66.49012],[292.21425,66.50601],[292.27209,66.50219],[292.27991,66.48946],[292.30835,66.47432],[292.3336,66.46965],[292.34868,66.44053],[292.37313,66.44268],[292.37345,66.43084],[292.35474,66.42802],[292.36003,66.42189],[292.45047,66.40287],[292.45364,66.38943],[292.47088,66.38174],[292.49699,66.38388],[292.50703,66.39281],[292.49895,66.39779],[292.51366,66.40172],[292.51643,66.35226],[292.55405,66.34531],[292.54917,66.3339],[292.55619,66.32298],[292.59419,66.29186],[292.61809,66.286],[292.60548,66.29486],[292.64292,66.2913],[292.6372,66.2947],[292.64383,66.30544],[292.6312,66.31498],[292.63857,66.31546],[292.67675,66.3021],[292.65753,66.29886],[292.66679,66.28657],[292.677,66.28523],[292.68086,66.29253],[292.73732,66.26278],[292.73546,66.27577],[292.75922,66.27695],[292.76331,66.26648],[292.77406,66.26603],[292.78018,66.27653],[292.75004,66.28743],[292.78451,66.29454],[292.76459,66.30249],[292.8389,66.29439],[292.86206,66.30308],[292.89098,66.30174],[292.89433,66.30949],[292.8259,66.35478],[292.69391,66.37923],[292.73355,66.38153],[292.68342,66.38828],[292.66189,66.38344],[292.65775,66.393],[292.60253,66.42752],[292.58309,66.43111],[292.57665,66.44089],[292.61155,66.43301],[292.60761,66.42981],[292.69551,66.41816],[292.65909,66.41694],[292.65124,66.40918],[292.66207,66.40852],[292.65991,66.40099],[292.67484,66.39213],[292.7271,66.39703],[292.67462,66.40604],[292.69052,66.40858],[292.69801,66.4029],[292.73097,66.40593],[292.7516,66.39365],[292.7726,66.39779],[292.7313,66.42439],[292.70883,66.44395],[292.71334,66.4467],[292.76029,66.42923],[292.74958,66.41986],[292.7667,66.4167],[292.76506,66.41054],[292.83434,66.36414],[292.89961,66.374],[292.88651,66.38992],[292.87906,66.39316],[292.88533,66.38494],[292.87798,66.37946],[292.87103,66.39746],[292.85394,66.40086],[292.87265,66.40954],[292.8571,66.433],[292.87535,66.43029],[292.8907,66.43554],[292.88611,66.43987],[292.81587,66.45484],[292.81923,66.46168],[292.74371,66.48095],[292.75665,66.49693],[292.74678,66.50945],[292.7105,66.52967],[292.66004,66.53754],[292.64958,66.548],[292.58959,66.54169],[292.29623,66.5536],[292.23562,66.56858],[292.20456,66.58871],[292.06928,66.63081],[292.149,66.6185],[292.26705,66.57125],[292.3919,66.57294],[292.3605,66.58945],[292.38265,66.59729],[292.44493,66.56015],[292.49249,66.55895],[292.47436,66.5753],[292.50616,66.58863],[292.43643,66.62555],[292.49731,66.62531],[292.50002,66.63238],[292.47783,66.64804],[292.48053,66.65534],[292.51492,66.6338],[292.50544,66.62077],[292.54993,66.57897],[292.59525,66.57636],[292.61334,66.59031],[292.63851,66.59403],[292.65125,66.58608],[292.68712,66.6028],[292.69464,66.59917],[292.68283,66.58296],[292.69455,66.56475],[292.72495,66.56138],[292.75207,66.54525],[292.79332,66.54075],[292.79628,66.53141],[292.82845,66.5155],[292.80919,66.49769],[292.86071,66.48225],[292.88806,66.49071],[292.89781,66.4832],[292.92637,66.48162],[292.94859,66.49189],[292.93882,66.50488],[292.92109,66.50829],[292.94509,66.51035],[292.94107,66.51354],[292.87761,66.51509],[292.87937,66.50848],[292.87139,66.50734],[292.85707,66.51006],[292.85643,66.51918],[292.83756,66.52029],[292.85114,66.53718],[292.87112,66.54381],[292.88037,66.53128],[292.98622,66.51766],[292.98334,66.52564],[292.99933,66.53613],[293.01879,66.52792],[293.15334,66.56502],[292.93991,66.64759],[292.83113,66.66596],[292.83571,66.6687],[292.88519,66.6651],[292.99223,66.63939],[293.16603,66.5821],[293.27963,66.59313],[293.27198,66.57239],[293.24104,66.57335],[293.23293,66.56151],[293.18823,66.55381],[293.15206,66.53311],[293.21158,66.53691],[293.21084,66.51047],[293.23649,66.50178],[293.23643,66.49403],[293.21696,66.48676],[293.21399,66.46944],[293.1888,66.45488],[293.21267,66.44345],[293.28374,66.4242],[293.29402,66.42691],[293.3056,66.44581],[293.341,66.45098],[293.30853,66.39885],[293.29199,66.39523],[293.29643,66.38337],[293.28729,66.37905],[293.26006,66.38685],[293.24401,66.37046],[293.32575,66.36234],[293.30763,66.36694],[293.31846,66.37056],[293.36775,66.35929],[293.37639,66.36793],[293.40981,66.36055],[293.41563,66.36988],[293.51577,66.40675],[293.5196,66.39876],[293.54737,66.40519],[293.56506,66.39934],[293.45316,66.37115],[293.43118,66.34659],[293.46001,66.33899],[293.476,66.34487],[293.51228,66.34179],[293.49435,66.32316],[293.48357,66.32319],[293.49866,66.31083],[293.52533,66.31211],[293.536,66.30684],[293.53017,66.29843],[293.54031,66.29566],[293.52148,66.28843],[293.53842,66.28609],[293.5444,66.2733],[293.47669,66.28628],[293.47482,66.27603],[293.45827,66.2681],[293.466,66.25691],[293.45465,66.25466],[293.4651,66.2364],[293.48303,66.22745],[293.50117,66.23082],[293.48918,66.22425],[293.53452,66.20221],[293.59226,66.20999],[293.60611,66.19808],[293.61368,66.20831],[293.62722,66.20803],[293.61501,66.21743],[293.65735,66.21634],[293.64523,66.22915],[293.57803,66.25745],[293.56817,66.27322],[293.58681,66.2711],[293.59999,66.2788],[293.64108,66.26815],[293.6478,66.26539],[293.61204,66.26052],[293.6485,66.24761],[293.65714,66.25396],[293.68143,66.25248],[293.67932,66.25865],[293.69759,66.26518],[293.70538,66.2599],[293.68642,66.24858],[293.68739,66.2422],[293.75779,66.23275],[293.76298,66.23638],[293.75417,66.24462],[293.7367,66.24676],[293.75157,66.25284],[293.77955,66.24245],[293.79311,66.26084],[293.85166,66.2692],[293.8336,66.25335],[293.82026,66.26071],[293.83605,66.24102],[293.8303,66.23809],[293.81779,66.23564],[293.81251,66.24798],[293.80348,66.24849],[293.76907,66.23224],[293.78186,66.22489],[293.73074,66.21533],[293.7448,66.21276],[293.75461,66.2004],[293.79004,66.1959],[293.81389,66.18232],[293.79206,66.16922],[293.82287,66.16267],[293.85663,66.14357],[293.85199,66.13949],[293.86455,66.12734],[293.89388,66.12923],[293.92274,66.11766],[294.02113,66.10154],[294.13215,66.13337],[294.14172,66.1333],[294.12946,66.12336],[294.14861,66.12368],[294.25484,66.16753],[294.31057,66.1771],[294.39551,66.22515],[294.42598,66.23445],[294.42503,66.22762],[294.44653,66.2281],[294.44312,66.23771],[294.42767,66.24446],[294.45458,66.2905],[294.44038,66.31024],[294.44947,66.32042],[294.48678,66.32804],[294.5007,66.34273],[294.50934,66.38346],[294.53487,66.3823],[294.53804,66.35947],[294.52177,66.32474],[294.47697,66.30534],[294.48911,66.29975],[294.5083,66.308],[294.52799,66.3053],[294.5059,66.29594],[294.48773,66.27582],[294.48013,66.25196],[294.49044,66.23475],[294.48272,66.22821],[294.37779,66.18951],[294.36823,66.17957],[294.37753,66.17401],[294.40677,66.18287],[294.37409,66.16242],[294.18758,66.11449],[294.17897,66.09814],[294.1089,66.08977],[294.11091,66.08406],[294.0837,66.07809],[294.09866,66.07343],[294.09512,66.06913],[294.04739,66.04096],[294.05062,66.02362],[294.06143,66.01351],[294.04923,66.00265],[294.05597,65.96135],[294.12602,65.93874],[294.24513,65.96495],[294.28784,65.95775],[294.29827,65.96519],[294.48953,65.96505],[294.64808,65.97802],[294.66972,65.99237],[294.72487,66.00499],[294.7169,66.02833],[294.73285,66.04046],[294.7484,66.0298],[294.75091,66.01723],[294.78215,66.01505],[294.93359,66.0465],[294.97581,66.06261],[295.05058,66.06368],[295.17175,66.09508],[295.16005,66.12307],[295.16377,66.1538],[295.17796,66.1682],[295.16368,66.17936],[295.19629,66.20421],[295.21241,66.20124],[295.22316,66.22731],[295.29542,66.2575],[295.30187,66.27246],[295.35823,66.27549],[295.43287,66.30947],[295.49577,66.30869],[295.56004,66.33844],[295.58672,66.33822],[295.59018,66.32767],[295.61864,66.32833],[295.66106,66.34837],[295.67475,66.33809],[295.64183,66.322],[295.64607,66.31919],[295.57742,66.30826],[295.53943,66.29155],[295.46996,66.28835],[295.43726,66.26081],[295.38087,66.25119],[295.27573,66.2083],[295.29435,66.19548],[295.24262,66.17229],[295.26802,66.14706],[295.24068,66.12442],[295.2407,66.07972],[295.19457,66.06602],[295.15376,66.02167],[295.17069,66.00957],[295.17294,65.99654],[295.18961,65.98832],[295.25335,65.9744],[295.29594,65.9749],[295.27419,65.96952],[295.33663,65.95467],[295.21307,65.96814],[295.09657,66.00103],[295.05967,66.00199],[294.94314,65.96475],[294.84695,65.95728],[294.82636,65.94293],[294.75552,65.93669],[294.7533,65.92851],[294.71404,65.91755],[294.65568,65.91296],[294.6504,65.90891],[294.65967,65.89672],[294.60162,65.86908],[294.5961,65.85158],[294.55753,65.83055],[294.55125,65.79961],[294.52386,65.77777],[294.50426,65.73603],[294.54061,65.74159],[294.58711,65.77713],[294.61533,65.78458],[294.61662,65.76952],[294.59762,65.75833],[294.58965,65.73675],[294.56703,65.71989],[294.57505,65.7059],[294.54089,65.68026],[294.55439,65.66554],[294.68258,65.65619],[294.78252,65.66325],[294.85996,65.65616],[294.88839,65.66721],[294.88532,65.67842],[294.98386,65.70862],[295.10136,65.72345],[295.22029,65.72107],[295.22557,65.71802],[295.18094,65.70773],[295.00484,65.7006],[294.98294,65.68196],[294.90432,65.66587],[294.91274,65.65254],[294.86764,65.63213],[294.71021,65.6308],[294.69639,65.60475],[294.70859,65.58888],[294.66342,65.56317],[294.71251,65.53914],[294.73619,65.56462],[294.83016,65.59361],[294.83868,65.5894],[294.82386,65.57431],[294.78714,65.56084],[294.77701,65.54934],[294.86755,65.53023],[295.00311,65.54125],[295.04813,65.56823],[295.05205,65.56202],[295.06387,65.56528],[295.0671,65.57823],[295.11819,65.61035],[295.14618,65.64894],[295.16274,65.65532],[295.19955,65.65935],[295.29181,65.64611],[295.18124,65.64525],[295.17212,65.63535],[295.15804,65.63874],[295.14751,65.6316],[295.16762,65.62766],[295.15999,65.60884],[295.1656,65.59668],[295.24516,65.57294],[295.15486,65.5868],[295.13668,65.58022],[295.11079,65.553],[295.1347,65.5424],[295.0976,65.54634],[295.07455,65.54028],[295.05751,65.52638],[295.0622,65.51606],[295.01455,65.5183],[294.98772,65.50521],[294.90461,65.49534],[294.89709,65.48244],[294.87479,65.49298],[294.84821,65.48989],[294.82908,65.47531],[294.86243,65.46578],[294.8545,65.45448],[294.86832,65.44838],[294.84628,65.44661],[294.84374,65.42589],[294.89725,65.4161],[294.8762,65.40497],[294.90982,65.38563],[294.91132,65.37603],[294.95067,65.36116],[295.01295,65.36125],[295.01904,65.36231],[295.02391,65.39735],[295.03336,65.39927],[295.13767,65.41697],[295.1819,65.40242],[295.21896,65.4135],[295.32094,65.41514],[295.35153,65.43883],[295.34454,65.44647],[295.34996,65.45185],[295.36751,65.45797],[295.38425,65.43695],[295.50683,65.45227],[295.51328,65.45079],[295.47653,65.43339],[295.54157,65.43162],[295.56451,65.44764],[295.55872,65.4669],[295.57117,65.48197],[295.58386,65.47148],[295.5987,65.47168],[295.58498,65.46052],[295.5611,65.41281],[295.51638,65.42041],[295.48949,65.41403],[295.46115,65.42134],[295.39102,65.42111],[295.37584,65.4047],[295.33297,65.38417],[295.23825,65.37651],[295.20081,65.36019],[295.08994,65.33306],[295.2019,65.34057],[295.25542,65.32814],[295.31493,65.33453],[295.32185,65.32644],[295.24535,65.31234],[295.24942,65.30247],[295.27176,65.29598],[295.23705,65.2981],[295.22343,65.30469],[295.21774,65.32119],[295.18626,65.32325],[295.10261,65.30712],[295.08804,65.29525],[295.10199,65.28571],[295.1556,65.28175],[295.09959,65.2691],[295.1032,65.25971],[295.1288,65.26002],[295.14392,65.24522],[295.18242,65.25035],[295.16254,65.24016],[295.20181,65.22181],[295.2904,65.26583],[295.30896,65.2603],[295.2905,65.24827],[295.29348,65.23865],[295.39709,65.2418],[295.34276,65.23629],[295.28226,65.2158],[295.28593,65.20161],[295.32873,65.18817],[295.28895,65.17375],[295.29548,65.15519],[295.28789,65.14892],[295.30295,65.14755],[295.32742,65.16084],[295.36321,65.16095],[295.37807,65.17553],[295.37106,65.18203],[295.3855,65.18567],[295.39931,65.17041],[295.37556,65.14753],[295.35225,65.1413],[295.3509,65.1322],[295.38325,65.13054],[295.36947,65.11572],[295.37438,65.11017],[295.41167,65.12142],[295.43387,65.11679],[295.43048,65.10811],[295.44307,65.0744],[295.48846,65.10327],[295.49332,65.12029],[295.48391,65.13549],[295.50269,65.13928],[295.55155,65.17971],[295.55082,65.20024],[295.52169,65.20804],[295.53979,65.21548],[295.53042,65.21975],[295.54637,65.22175],[295.52985,65.2421],[295.55033,65.24585],[295.53147,65.28175],[295.53481,65.28807],[295.55159,65.29258],[295.60264,65.33479],[295.63838,65.33735],[295.67484,65.38436],[295.70681,65.39199],[295.70677,65.4075],[295.71691,65.41553],[295.75292,65.42468],[295.76369,65.41764],[295.79176,65.43946],[295.80748,65.42754],[295.72041,65.39129],[295.75233,65.39299],[295.74014,65.37063],[295.70269,65.3574],[295.67621,65.33348],[295.66311,65.33349],[295.66335,65.3198],[295.61695,65.30307],[295.59998,65.28581],[295.59437,65.26767],[295.60305,65.26181],[295.62634,65.27691],[295.62929,65.30103],[295.64555,65.30553],[295.65913,65.28887],[295.65459,65.26546],[295.59639,65.24392],[295.61404,65.22445],[295.62038,65.2061],[295.61636,65.18747],[295.63223,65.17784],[295.62805,65.16857],[295.66613,65.16424],[295.67385,65.13332],[295.6802,65.13183],[295.74837,65.16752],[295.74819,65.18143],[295.75684,65.18629],[295.80699,65.19332],[295.8372,65.18637],[295.84487,65.21222],[295.8791,65.23208],[295.88406,65.24749],[295.88947,65.23233],[295.85693,65.20309],[295.86005,65.18182],[295.93513,65.19312],[295.85722,65.16568],[295.83856,65.16878],[295.81355,65.15808],[295.76418,65.15263],[295.75962,65.14542],[295.76846,65.12633],[295.73774,65.09111],[295.75142,65.08218],[295.81914,65.1037],[295.82537,65.10131],[295.82043,65.09547],[295.79865,65.08403],[295.84015,65.0675],[295.85603,65.03937],[295.89253,65.0325],[295.92693,65.05075],[295.91718,65.07991],[295.93195,65.12545],[295.97099,65.10163],[295.97048,65.0875],[296.01225,65.09806],[296.06176,65.08631],[296.07774,65.09351],[296.07002,65.10622],[296.07786,65.11312],[296.07285,65.12121],[296.07943,65.1359],[296.10566,65.12851],[296.10427,65.11211],[296.12191,65.1147],[296.11742,65.12712],[296.13885,65.14331],[296.15079,65.1661],[296.14486,65.17557],[296.19492,65.18545],[296.2016,65.18234],[296.19844,65.1742],[296.21099,65.17028],[296.18071,65.16226],[296.14798,65.11529],[296.10919,65.08943],[296.10612,65.07717],[296.12019,65.06343],[296.16907,65.05645],[296.12216,65.0481],[296.13043,65.0404],[296.1251,65.03184],[296.13657,65.02385],[296.18079,65.01902],[296.20855,65.02549],[296.19876,65.02935],[296.24074,65.03276],[296.25812,65.04674],[296.25195,65.05806],[296.32958,65.09944],[296.33598,65.09017],[296.26429,65.05733],[296.28017,65.05036],[296.27119,65.0476],[296.27559,65.03952],[296.34387,65.03706],[296.32447,65.02883],[296.23696,65.02394],[296.21841,65.01341],[296.26388,65.00145],[296.16839,65.0056],[296.20055,64.99054],[296.15866,64.98278],[296.15569,64.97143],[296.1792,64.97435],[296.21156,64.96132],[296.22882,64.96596],[296.25392,64.95993],[296.24631,64.95053],[296.2712,64.95156],[296.30491,64.96724],[296.29382,64.98208],[296.33501,64.97111],[296.34448,64.98207],[296.33562,64.99733],[296.35834,64.98518],[296.37971,64.99632],[296.37491,65.001],[296.38007,65.00338],[296.396,65.00141],[296.38664,64.97882],[296.3744,64.97158],[296.41486,64.97201],[296.39961,64.96233],[296.34379,64.95951],[296.33314,64.94766],[296.34853,64.95438],[296.38923,64.95275],[296.33028,64.93769],[296.33104,64.93083],[296.35441,64.9328],[296.35445,64.92459],[296.3953,64.92867],[296.34222,64.91712],[296.33252,64.90411],[296.37051,64.90712],[296.39608,64.8885],[296.45982,64.88313],[296.46946,64.887],[296.46624,64.90761],[296.43998,64.91233],[296.44076,64.92259],[296.46152,64.92096],[296.48204,64.92982],[296.4712,64.93737],[296.48365,64.93799],[296.46321,64.95034],[296.45914,64.96868],[296.49974,64.96202],[296.47382,64.98203],[296.43852,64.99244],[296.45909,64.9972],[296.42858,65.00727],[296.45848,65.00908],[296.46181,65.03456],[296.42297,65.04733],[296.43454,65.04911],[296.43624,65.05797],[296.47506,65.04086],[296.48069,65.0138],[296.49237,65.00828],[296.48349,64.99823],[296.52464,64.97921],[296.54906,64.98045],[296.55114,64.98793],[296.49723,65.0328],[296.55764,65.01219],[296.55398,65.02916],[296.58963,65.00935],[296.6164,65.03151],[296.51813,65.05192],[296.55297,65.05382],[296.58099,65.04515],[296.6512,65.05278],[296.63985,65.0606],[296.60138,65.05606],[296.59491,65.06011],[296.60367,65.06491],[296.58232,65.07889],[296.5724,65.06955],[296.54244,65.068],[296.58664,65.08677],[296.53284,65.08922],[296.56763,65.09431],[296.58533,65.10506],[296.62125,65.10236],[296.62778,65.10653],[296.61943,65.12065],[296.64974,65.11648],[296.67225,65.13806],[296.54437,65.13069],[296.56975,65.14195],[296.52964,65.15022],[296.48848,65.14663],[296.48118,65.15297],[296.55508,65.15782],[296.5605,65.16179],[296.55541,65.16831],[296.48119,65.18582],[296.48986,65.19383],[296.52926,65.18377],[296.58815,65.18143],[296.5933,65.18336],[296.5819,65.19139],[296.60673,65.18623],[296.61998,65.1996],[296.6561,65.18182],[296.64295,65.17713],[296.66499,65.17543],[296.68772,65.17875],[296.67539,65.19937],[296.68553,65.20574],[296.67115,65.21568],[296.63971,65.21646],[296.62569,65.2095],[296.62076,65.22103],[296.58674,65.21889],[296.53097,65.22891],[296.52717,65.24109],[296.55967,65.23187],[296.59591,65.23419],[296.6007,65.24137],[296.64839,65.23587],[296.66272,65.24099],[296.6481,65.26509],[296.52147,65.25537],[296.53986,65.26246],[296.55143,65.27953],[296.5289,65.29034],[296.5786,65.27888],[296.59032,65.28087],[296.57793,65.28597],[296.58173,65.28975],[296.63863,65.27924],[296.649,65.2872],[296.61916,65.29227],[296.61356,65.29515],[296.6262,65.30761],[296.59908,65.31284],[296.62874,65.31805],[296.58651,65.32067],[296.60237,65.32486],[296.48688,65.35157],[296.57146,65.36645],[296.46485,65.37103],[296.48207,65.38112],[296.61187,65.38168],[296.52225,65.39502],[296.46687,65.41913],[296.42629,65.41482],[296.4412,65.42817],[296.40624,65.44175],[296.34315,65.43314],[296.38798,65.44902],[296.25954,65.47493],[296.35084,65.47587],[296.34105,65.4681],[296.40933,65.45697],[296.4532,65.46076],[296.55672,65.41884],[296.56537,65.41795],[296.55465,65.42779],[296.58026,65.42261],[296.65617,65.43606],[296.71197,65.41961],[296.69363,65.43331],[296.69463,65.44036],[296.55065,65.48289],[296.50712,65.47387],[296.49975,65.46401],[296.48814,65.47158],[296.47372,65.46644],[296.46225,65.47104],[296.48348,65.47786],[296.4658,65.48534],[296.4788,65.49211],[296.46808,65.51062],[296.39224,65.52377],[296.35644,65.54489],[296.31278,65.55658],[296.31067,65.56165],[296.31834,65.56125],[296.42135,65.53588],[296.42662,65.53827],[296.41305,65.55227],[296.42876,65.56698],[296.39397,65.58329],[296.41678,65.58483],[296.42528,65.5949],[296.45953,65.57449],[296.45726,65.55557],[296.47697,65.54008],[296.53761,65.51629],[296.54028,65.52376],[296.57868,65.52285],[296.5721,65.53099],[296.59859,65.52351],[296.63656,65.52738],[296.63627,65.56459],[296.6433,65.57926],[296.67414,65.58284],[296.65854,65.60514],[296.63238,65.62335],[296.50212,65.62439],[296.4306,65.64749],[296.30012,65.64768],[296.26268,65.67086],[296.29141,65.6748],[296.31731,65.66099],[296.39786,65.65509],[296.41574,65.66472],[296.53948,65.67122],[296.65205,65.65689],[296.65074,65.66719],[296.62384,65.68062],[296.60426,65.70301],[296.6251,65.71324],[296.6153,65.71849],[296.58166,65.78367],[296.54433,65.81536],[296.53895,65.83284],[296.46829,65.87054],[296.48884,65.88628],[296.47508,65.91649],[296.47839,65.92441],[296.50562,65.93542],[296.51581,65.93222],[296.50629,65.92399],[296.51665,65.91805],[296.52587,65.9281],[296.55155,65.93184],[296.52302,65.91151],[296.55758,65.87075],[296.59511,65.84795],[296.61988,65.80627],[296.64552,65.78694],[296.65467,65.76137],[296.67334,65.74813],[296.67754,65.71927],[296.7527,65.68317],[296.76933,65.66426],[296.77426,65.64885],[296.75882,65.63393],[296.79497,65.63166],[296.81279,65.6175],[296.83878,65.62141],[296.80588,65.64188],[296.84372,65.64343],[296.91682,65.62213],[296.96912,65.62075],[296.99419,65.60775],[297.00268,65.58059],[297.04928,65.57157],[297.04871,65.58551],[297.06732,65.59506],[297.0641,65.60268],[297.11185,65.63198],[297.10199,65.64299],[297.08789,65.63081],[297.08479,65.63568],[297.08805,65.68767],[297.07608,65.717],[297.09831,65.72073],[297.04478,65.74022],[297.08719,65.74501],[297.109,65.73552],[297.11898,65.72154],[297.10985,65.71653],[297.10803,65.68781],[297.12739,65.67723],[297.12405,65.62867],[297.16262,65.62098],[297.19976,65.5809],[297.20578,65.58393],[297.19905,65.5969],[297.26541,65.58064],[297.28472,65.59722],[297.26677,65.60892],[297.30859,65.61777],[297.32006,65.61036],[297.32665,65.61337],[297.32714,65.63277],[297.33645,65.63547],[297.34177,65.60471],[297.32707,65.57635],[297.33694,65.57264],[297.36489,65.58782],[297.36286,65.59542],[297.37634,65.60324],[297.37977,65.62667],[297.40251,65.65297],[297.38409,65.66835],[297.39027,65.67205],[297.35693,65.66823],[297.34307,65.678],[297.3532,65.68547],[297.33128,65.69684],[297.21306,65.70637],[297.16012,65.73571],[297.15528,65.75731],[297.22065,65.74247],[297.26597,65.7444],[297.38614,65.71284],[297.41006,65.70026],[297.42858,65.70794],[297.43937,65.74144],[297.41687,65.76243],[297.33076,65.77932],[297.30682,65.78915],[297.29533,65.80364],[297.27779,65.80528],[297.27193,65.79357],[297.25512,65.7929],[297.2556,65.80248],[297.23713,65.81533],[297.17651,65.83644],[297.23427,65.82501],[297.14803,65.87057],[297.16056,65.88576],[297.13797,65.89803],[297.15358,65.90811],[297.17879,65.87772],[297.22487,65.85246],[297.2835,65.83938],[297.29227,65.81858],[297.31785,65.80506],[297.36236,65.79829],[297.37102,65.80329],[297.42482,65.78916],[297.43352,65.79119],[297.42248,65.79814],[297.45516,65.80038],[297.46059,65.81872],[297.47283,65.82179],[297.47579,65.80685],[297.46997,65.80223],[297.48084,65.78796],[297.47249,65.78479],[297.53792,65.77712],[297.55058,65.78884],[297.56807,65.78077],[297.60667,65.79422],[297.67896,65.79063],[297.71944,65.79874],[297.65231,65.82779],[297.65801,65.8315],[297.63659,65.84565],[297.63027,65.86],[297.61376,65.8644],[297.64129,65.87452],[297.63757,65.88172],[297.64662,65.8915],[297.60438,65.89599],[297.54956,65.88645],[297.57515,65.89825],[297.57129,65.90477],[297.54651,65.91008],[297.51144,65.90153],[297.55699,65.91548],[297.59895,65.91238],[297.61826,65.92322],[297.61393,65.93638],[297.61938,65.9417],[297.58287,65.96292],[297.51815,65.96463],[297.4906,65.97367],[297.49726,65.97965],[297.48675,65.98681],[297.44281,65.98582],[297.43531,65.99427],[297.3358,65.99645],[297.33573,66.00262],[297.30599,66.00598],[297.21173,66.0029],[297.12119,66.04673],[297.10673,66.10674],[297.08294,66.11994],[297.04996,66.12173],[296.95573,66.10684],[296.98018,66.119],[297.08656,66.13538],[297.12164,66.11525],[297.15077,66.06603],[297.16843,66.05024],[297.24128,66.01854],[297.31042,66.0255],[297.40178,66.01123],[297.44627,66.01839],[297.51436,66.01273],[297.56114,65.99488],[297.6527,65.98297],[297.67904,65.96456],[297.79925,65.99829],[297.83755,65.9989],[297.88301,65.98419],[297.90902,65.99387],[297.93918,65.99015],[297.94536,66.00458],[297.97948,66.00095],[297.99072,66.01522],[298.00876,66.00982],[298.01765,65.99512],[298.04196,66.00437],[298.07339,66.00425],[298.05398,66.01678],[298.05974,66.02871],[298.01095,66.02941],[298.01632,66.03381],[298.00785,66.03935],[297.97955,66.0213],[297.97244,66.02519],[297.97959,66.03295],[297.96944,66.03855],[297.91191,66.03196],[297.90671,66.03418],[297.91314,66.04701],[297.89028,66.0306],[297.86495,66.0305],[297.90989,66.05054],[297.91024,66.06105],[297.94909,66.07831],[297.97468,66.07954],[297.94458,66.08692],[297.95124,66.09219],[297.94604,66.10013],[297.87889,66.08241],[297.80763,66.08101],[297.84806,66.09207],[297.85758,66.10344],[297.84428,66.11346],[297.85823,66.12147],[297.88005,66.11758],[297.90901,66.13014],[297.9038,66.13237],[297.86045,66.13009],[297.84907,66.13845],[297.75049,66.1427],[297.72089,66.13539],[297.7225,66.14402],[297.71229,66.14982],[297.60733,66.15348],[297.6944,66.16294],[297.65494,66.16964],[297.65816,66.17479],[297.5386,66.17016],[297.55511,66.18018],[297.52354,66.18706],[297.52076,66.19994],[297.49185,66.19965],[297.52355,66.20603],[297.51694,66.21331],[297.38703,66.18257],[297.29916,66.18119],[297.27002,66.19936],[297.2716,66.20869],[297.20621,66.22717],[297.20246,66.25218],[297.18396,66.26708],[297.19692,66.27677],[297.17373,66.29088],[297.18059,66.29458],[297.11866,66.30471],[297.11156,66.30992],[297.11616,66.33104],[297.12582,66.33444],[297.12772,66.32525],[297.19377,66.31227],[297.22468,66.29338],[297.22721,66.28143],[297.21479,66.26487],[297.2264,66.25975],[297.23692,66.22792],[297.30038,66.22479],[297.30606,66.21823],[297.29337,66.20694],[297.30434,66.2016],[297.40578,66.2122],[297.6458,66.27643],[297.68663,66.29439],[297.5569,66.35269],[297.52318,66.37722],[297.54104,66.38768],[297.52688,66.39449],[297.3775,66.38166],[297.30844,66.39434],[297.30021,66.4028],[297.33461,66.40708],[297.38804,66.39301],[297.42715,66.39167],[297.42998,66.39798],[297.39357,66.42119],[297.41139,66.43805],[297.42988,66.41993],[297.4629,66.41304],[297.57259,66.41051],[297.66393,66.39841],[297.71611,66.3998],[297.7304,66.40896],[297.80356,66.40053],[297.78183,66.38543],[297.78268,66.35408],[297.80466,66.33511],[297.79965,66.3268],[297.82363,66.30067],[297.91097,66.30545],[297.93444,66.32071],[297.98143,66.31096],[297.96661,66.30504],[297.98152,66.29427],[298.00521,66.29052],[298.00732,66.29823],[298.02784,66.29847],[298.05733,66.28127],[298.10707,66.27162],[298.19488,66.28971],[298.24613,66.32],[298.34833,66.31351],[298.41093,66.33717],[298.47063,66.32362],[298.50947,66.35519],[298.53665,66.34918],[298.53916,66.36305],[298.53506,66.37029],[298.49822,66.37138],[298.50344,66.38469],[298.49158,66.38787],[298.49466,66.39668],[298.48236,66.40307],[298.43318,66.41327],[298.33222,66.40078],[298.17488,66.41026],[298.07344,66.39167],[298.0144,66.39885],[298.02786,66.40619],[298.10535,66.41097],[298.13684,66.43074],[298.25739,66.41959],[298.27653,66.429],[298.41405,66.44622],[298.44306,66.45847],[298.44711,66.47435],[298.44005,66.48397],[298.35937,66.51104],[298.31503,66.54506],[298.30138,66.56452],[298.20968,66.61223],[298.04832,66.63699],[298.00548,66.63037],[297.97387,66.60782],[297.94103,66.59904],[297.87981,66.6039],[297.81828,66.62164],[297.89808,66.61457],[297.93326,66.62352],[298.02953,66.66642],[297.99086,66.68916],[298.0181,66.68966],[298.12276,66.64577],[298.23819,66.64079],[298.2999,66.62474],[298.37532,66.57936],[298.41098,66.53465],[298.46683,66.52491],[298.57419,66.53001],[298.57633,66.53955],[298.55704,66.54573],[298.6051,66.56003],[298.65632,66.56275],[298.65228,66.57022],[298.67366,66.58318],[298.66894,66.5877],[298.70595,66.58841],[298.72497,66.59846],[298.69902,66.6008],[298.74301,66.61657],[298.71523,66.62355],[298.72851,66.63108],[298.70841,66.66387],[298.72472,66.66944],[298.63633,66.7022],[298.63492,66.71369],[298.60552,66.72689],[298.61177,66.73399],[298.60612,66.74221],[298.58412,66.74482],[298.55856,66.7368],[298.53641,66.71562],[298.50316,66.70146],[298.47496,66.70726],[298.54546,66.73521],[298.54956,66.74056],[298.53875,66.7517],[298.55713,66.7689],[298.48625,66.80459],[298.40428,66.81201],[298.37618,66.8004],[298.27811,66.81402],[298.21896,66.81166],[298.26651,66.82219],[298.3387,66.82021],[298.38057,66.83365],[298.41306,66.85702],[298.37752,66.87266],[298.28083,66.88051],[298.22644,66.85762],[298.21729,66.85839],[298.23113,66.86868],[298.22729,66.87521],[298.16427,66.88553],[298.05401,66.88453],[298.04677,66.87767],[298.06403,66.86545],[298.02708,66.87533],[298.02973,66.85992],[298.02393,66.85714],[298.00357,66.8571],[298.00413,66.86554],[297.99243,66.87094],[298.02172,66.89174],[298.06335,66.8959],[298.14053,66.90004],[298.2424,66.89141],[298.28313,66.9262],[298.25623,66.93946],[298.21422,66.94497],[298.17388,66.93646],[298.16564,66.92232],[298.13201,66.9177],[298.15309,66.92364],[298.13583,66.93587],[298.17943,66.96259],[298.17184,66.9681],[298.09441,66.96947],[298.02523,66.95133],[297.97872,66.91507],[297.97547,66.90487],[297.93791,66.90926],[297.91142,66.89637],[297.90917,66.90833],[297.89074,66.91233],[297.89696,66.92015],[297.93772,66.92276],[297.96132,66.9442],[297.96583,66.95778],[297.95842,66.99599],[297.98955,67.01377],[298.03411,67.02265],[298.02717,67.04002],[297.98134,67.05085],[297.82825,67.04735],[297.78327,67.03911],[297.78255,67.02953],[297.80292,67.01999],[297.79437,67.01819],[297.76792,67.02357],[297.72864,67.04738],[297.71379,67.02816],[297.72784,67.01311],[297.71227,66.99916],[297.73054,66.98787],[297.74646,66.96453],[297.73899,66.94715],[297.75239,66.93806],[297.75187,66.92939],[297.70758,66.94466],[297.60429,66.92279],[297.57474,66.92685],[297.57067,66.90822],[297.59871,66.88385],[297.55159,66.89643],[297.57828,66.87416],[297.56829,66.86737],[297.59418,66.85038],[297.59372,66.83554],[297.64166,66.81881],[297.63659,66.8073],[297.6425,66.79866],[297.69648,66.76254],[297.69066,66.73504],[297.66506,66.71592],[297.64669,66.75647],[297.5975,66.79061],[297.59462,66.81242],[297.58621,66.82021],[297.53776,66.83122],[297.4793,66.87358],[297.47876,66.9088],[297.43793,66.95338],[297.33701,66.94361],[297.28578,66.95073],[297.26734,66.93866],[297.25455,66.9422],[297.2334,66.93454],[297.24065,66.91584],[297.25269,66.9114],[297.24295,66.90892],[297.24687,66.9047],[297.23928,66.89782],[297.26643,66.86327],[297.24621,66.84713],[297.23859,66.82654],[297.25321,66.80375],[297.2494,66.79174],[297.26359,66.7733],[297.23534,66.77064],[297.19458,66.74889],[297.18728,66.73994],[297.19368,66.73337],[297.18875,66.71797],[297.16996,66.70591],[297.18129,66.69097],[297.17466,66.68247],[297.18143,66.67132],[297.09487,66.62906],[297.07246,66.63627],[297.11718,66.65247],[297.1401,66.67585],[297.12955,66.68869],[297.13081,66.69963],[297.14827,66.71424],[297.12984,66.73187],[297.15216,66.75116],[297.15131,66.76329],[297.16672,66.77568],[297.17923,66.80162],[297.19015,66.80453],[297.18085,66.81461],[297.1906,66.82417],[297.17267,66.83813],[297.17754,66.85994],[297.14964,66.88398],[297.15662,66.90802],[297.14443,66.93919],[297.17063,66.95952],[297.16595,66.96284],[297.06055,66.96764],[297.02612,66.96052],[297.0339,66.95462],[297.02054,66.94079],[296.94749,66.93235],[296.87418,66.94399],[296.85129,66.92444],[296.789,66.89443],[296.67282,66.89535],[296.65644,66.87518],[296.65649,66.85599],[296.67671,66.83588],[296.68884,66.80841],[296.65828,66.78995],[296.63948,66.76458],[296.62679,66.72148],[296.61869,66.70957],[296.60119,66.70426],[296.56049,66.7061],[296.58841,66.74749],[296.58451,66.75648],[296.59361,66.76335],[296.58467,66.76949],[296.61014,66.80522],[296.59216,66.88465],[296.56713,66.8964],[296.58722,66.90257],[296.56621,66.91013],[296.53214,66.90381],[296.50351,66.87842],[296.52222,66.85494],[296.51175,66.8385],[296.43138,66.81127],[296.36826,66.80305],[296.22187,66.80406],[296.17015,66.8163],[296.2156,66.82268],[296.3298,66.81848],[296.39589,66.83123],[296.45529,66.84957],[296.4378,66.85315],[296.44955,66.8707],[296.4399,66.88895],[296.50436,66.9211],[296.76256,66.95719],[296.78845,66.98513],[296.77355,66.99827],[296.77938,67.00956],[296.73348,67.08396],[296.70354,67.09905],[296.71383,67.10886],[296.74693,67.12567],[296.85284,67.14919],[296.92014,67.14366],[296.92842,67.15488],[296.95906,67.15526],[296.99043,67.16728],[296.98704,67.1717],[297.03272,67.19866],[297.02647,67.20361],[297.04303,67.21804],[297.01516,67.2633],[297.01632,67.27744],[296.98219,67.30342],[296.92176,67.32479],[296.84794,67.32977],[296.82734,67.31564],[296.80683,67.3207],[296.80455,67.31002],[296.85299,67.27985],[296.82318,67.27074],[296.81678,67.26016],[296.74618,67.23898],[296.70362,67.24226],[296.77831,67.26335],[296.81248,67.28904],[296.75051,67.30877],[296.71152,67.30146],[296.68027,67.28276],[296.65326,67.24867],[296.58958,67.19735],[296.58499,67.19014],[296.59731,67.15013],[296.52609,67.1008],[296.45914,67.0671],[296.34372,67.04947],[296.23446,67.00196],[296.23218,66.92713],[296.21488,66.90168],[296.19564,66.89682],[296.18016,66.8985],[296.20419,66.90441],[296.21723,66.92858],[296.21196,66.9684],[296.20245,66.98938],[296.17947,66.99668],[296.19438,66.99913],[296.2127,67.01862],[296.30374,67.0567],[296.37135,67.06739],[296.48176,67.10656],[296.491,67.126],[296.53518,67.15129],[296.53982,67.17105],[296.53182,67.19293],[296.55196,67.22194],[296.50476,67.22161],[296.49507,67.22388],[296.49756,67.23296],[296.44848,67.22786],[296.43185,67.23529],[296.28622,67.22237],[296.25464,67.20224],[296.21067,67.23486],[296.18963,67.22729],[296.17594,67.23075],[296.14985,67.21598],[296.14742,67.22904],[296.13504,67.23362],[296.11378,67.21029],[296.01827,67.17149],[295.83718,67.1764],[295.71703,67.14814],[295.47193,67.12245],[295.40002,67.09479],[295.38719,67.05323],[295.37766,67.04539],[295.37678,67.02418],[295.34814,67.00567],[295.30714,67.00399],[295.29905,67.01118],[295.31913,67.07569],[295.33573,67.10259],[295.39259,67.13278],[295.47337,67.15414],[295.67291,67.17421],[295.83974,67.20854],[295.98821,67.20446],[296.02685,67.22634],[296.03594,67.25093],[296.05212,67.26329],[296.00642,67.27557],[295.99503,67.26939],[295.86715,67.26625],[295.65887,67.22351],[295.42255,67.22816],[295.22763,67.18991],[295.19659,67.20449],[295.38183,67.24543],[295.66708,67.25007],[295.73816,67.2685],[295.77219,67.2823],[295.78249,67.29489],[295.57062,67.29705],[295.47278,67.31684],[295.32848,67.32264],[295.20961,67.34873],[295.21863,67.36321],[295.3538,67.33985],[295.47816,67.33479],[295.59195,67.31428],[295.65145,67.31765],[295.59622,67.32106],[295.60176,67.32302],[295.64971,67.32338],[295.98502,67.30793],[295.99879,67.32365],[296.0595,67.34054],[296.04952,67.3647],[296.05398,67.40936],[295.99189,67.45458],[295.83379,67.45582],[295.7909,67.43991],[295.74233,67.44667],[295.72251,67.4397],[295.54267,67.47047],[295.67938,67.45275],[295.77927,67.45243],[295.81531,67.47075],[295.88214,67.47711],[295.90771,67.50633],[295.94026,67.50437],[295.954,67.51918],[295.9148,67.53039],[295.909,67.53666],[295.91196,67.55624],[295.92806,67.56576],[295.94598,67.55585],[295.95244,67.55984],[295.93713,67.56652],[295.93726,67.60669],[295.87953,67.61457],[295.81322,67.60066],[295.7196,67.6091],[295.76991,67.61441],[295.77702,67.61885],[295.77451,67.62825],[295.81464,67.6586],[295.81334,67.66799],[295.78033,67.69891],[295.72041,67.72159],[295.64468,67.68975],[295.54966,67.68875],[295.4257,67.67466],[295.39298,67.66555],[295.36668,67.64836],[295.37869,67.66668],[295.41679,67.68164],[295.54015,67.70098],[295.60603,67.69881],[295.64787,67.7294],[295.66012,67.74746],[295.63004,67.75867],[295.51915,67.75265],[295.47673,67.73276],[295.47168,67.73626],[295.47932,67.75189],[295.57362,67.76619],[295.56609,67.78022],[295.49926,67.81],[295.44649,67.81353],[295.42098,67.82395],[295.32491,67.82374],[295.31369,67.80154],[295.29127,67.81942],[295.25443,67.81308],[295.24316,67.78312],[295.23492,67.7789],[295.24608,67.73722],[295.23539,67.73235],[295.22779,67.67656],[295.2033,67.68442],[295.12434,67.67242],[295.18635,67.69606],[295.19349,67.76098],[295.17527,67.77925],[295.08783,67.78585],[295.03357,67.75756],[295.0221,67.76432],[295.01092,67.76035],[294.9867,67.72985],[294.86799,67.70387],[294.84583,67.68131],[294.85052,67.66414],[294.82172,67.64029],[294.84213,67.625],[294.83765,67.62118],[294.81399,67.61711],[294.78895,67.6427],[294.79808,67.66883],[294.83849,67.72678],[294.90012,67.74547],[294.94848,67.7481],[294.94598,67.76181],[294.98032,67.77646],[295.0,67.77518],[294.99342,67.78178],[295.00537,67.79486],[294.98866,67.81879],[294.92021,67.81618],[294.92352,67.80474],[294.9005,67.78835],[294.8386,67.77536],[294.82054,67.75184],[294.76316,67.74928],[294.76223,67.75668],[294.81509,67.75943],[294.82372,67.77781],[294.88082,67.79884],[294.89008,67.80923],[294.88119,67.81891],[294.89707,67.83652],[294.88522,67.84715],[294.89237,67.85346],[294.90225,67.85607],[294.93816,67.8365],[294.95388,67.83654],[295.03499,67.89487],[295.08956,67.9161],[294.91701,67.91932],[294.96126,67.93386],[295.04305,67.92534],[295.15733,67.92777],[295.19205,67.94899],[295.25023,67.95414],[295.30444,67.97438],[295.28951,67.98349],[295.15543,68.0138],[295.09895,68.0362],[294.97416,68.04548],[294.93351,68.04048],[294.89801,68.00827],[294.86572,68.00795],[294.86132,68.02169],[294.85352,68.02315],[294.83856,68.011],[294.86073,67.9909],[294.88108,67.99433],[294.87076,67.97916],[294.87926,67.97131],[294.84451,67.96987],[294.7887,67.93901],[294.59129,67.91798],[294.5671,67.87259],[294.56968,67.86573],[294.529,67.84444],[294.51796,67.82265],[294.47387,67.78291],[294.43936,67.78048],[294.46713,67.7613],[294.62214,67.70214],[294.65417,67.62587],[294.6786,67.59825],[294.67995,67.59185],[294.66877,67.58581],[294.64443,67.58834],[294.5821,67.69615],[294.42608,67.74935],[294.38666,67.77568],[294.38878,67.79163],[294.43839,67.80466],[294.46858,67.82469],[294.47418,67.84722],[294.50849,67.87405],[294.53825,67.91346],[294.53504,67.92945],[294.55486,67.95459],[294.55058,67.96352],[294.56267,67.97185],[294.55293,67.99041],[294.53573,67.99719],[294.47685,67.98951],[294.36434,68.00005],[294.2864,67.97604],[294.26042,67.95571],[294.24424,67.9718],[294.22007,67.97448],[294.21259,67.97066],[294.21994,67.95989],[294.27805,67.91042],[294.24319,67.89244],[294.23627,67.86353],[294.09309,67.82668],[294.06211,67.80864],[294.07112,67.79399],[294.06745,67.73723],[294.04857,67.70383],[294.05213,67.67462],[294.03723,67.66285],[294.03066,67.63462],[294.00787,67.61925],[294.0041,67.60012],[293.97745,67.59162],[293.97539,67.59983],[293.95413,67.6068],[293.97128,67.63247],[293.96759,67.64526],[293.9909,67.67363],[293.98667,67.71789],[294.01882,67.73982],[294.01207,67.75103],[294.01899,67.77288],[294.01468,67.78499],[294.00446,67.78574],[294.00743,67.814],[294.04798,67.84499],[294.04286,67.85231],[294.05723,67.86317],[294.07357,67.86352],[294.08442,67.87622],[294.07716,67.88995],[294.05572,67.89807],[294.02056,67.94093],[293.99656,67.94746],[293.92842,67.94329],[293.86153,67.92199],[293.9269,67.95105],[293.98434,67.96053],[294.01385,67.98384],[294.03101,67.98716],[294.03517,67.99899],[294.07366,68.00285],[294.07031,68.00972],[294.08666,68.02146],[294.08096,68.02994],[294.04252,68.01445],[293.97519,68.02033],[293.97653,68.00824],[293.89082,67.97724],[293.83255,67.97959],[293.79062,67.96064],[293.74935,67.96128],[293.73676,67.94652],[293.73799,67.92691],[293.69633,67.91135],[293.68081,67.89773],[293.69113,67.87694],[293.67877,67.84507],[293.66958,67.84009],[293.6647,67.81549],[293.67831,67.8054],[293.66288,67.79223],[293.65873,67.77195],[293.63798,67.76744],[293.62719,67.78736],[293.63714,67.79963],[293.61674,67.82866],[293.4116,67.79988],[293.39781,67.80515],[293.48754,67.82954],[293.35933,67.86019],[293.29106,67.86396],[293.27606,67.87607],[293.23789,67.86975],[293.24642,67.87794],[293.31722,67.87873],[293.51743,67.84473],[293.59429,67.84949],[293.61995,67.86103],[293.61706,67.89114],[293.62547,67.913],[293.65878,67.93499],[293.66699,67.97029],[293.71924,67.99129],[293.78469,67.99869],[293.8214,68.01097],[293.77014,68.02885],[293.78853,68.0324],[293.75746,68.05239],[293.75919,68.06902],[293.73288,68.08693],[293.62789,68.06386],[293.54887,68.0655],[293.51427,68.0544],[293.50424,68.05654],[293.54205,68.06819],[293.46795,68.0791],[293.54873,68.08755],[293.58351,68.07902],[293.63002,68.0841],[293.67322,68.10103],[293.68882,68.12341],[293.68311,68.12595],[293.63633,68.12599],[293.47468,68.14898],[293.38744,68.13958],[293.38862,68.11523],[293.3733,68.09702],[293.37661,68.06755],[293.36486,68.04204],[293.31275,67.98852],[293.28094,67.97579],[293.28562,67.95803],[293.25775,67.93287],[293.25066,67.9343],[293.26106,67.95589],[293.25539,67.98345],[293.28292,68.0012],[293.31709,68.05795],[293.32167,68.08612],[293.31182,68.1058],[293.32514,68.11516],[293.32445,68.13639],[293.23347,68.12776],[293.20992,68.10046],[293.1625,68.09631],[293.16353,68.08958],[293.12499,68.06841],[293.07983,68.05316],[293.07006,68.03925],[293.07369,68.02101],[293.04681,68.0002],[293.00738,67.99012],[292.95284,67.99307],[293.02709,68.01387],[293.02902,68.06785],[293.16578,68.12034],[293.15606,68.12452],[293.15687,68.13382],[293.08056,68.13888],[293.09726,68.14871],[293.1632,68.16101],[293.17603,68.19212],[293.21639,68.20442],[293.20552,68.21838],[293.23563,68.23989],[293.09686,68.2565],[293.05367,68.26589],[293.01195,68.28625],[292.88316,68.28587],[292.79829,68.26711],[292.78491,68.25319],[292.71654,68.23275],[292.71088,68.22685],[292.72065,68.18856],[292.6766,68.18209],[292.69511,68.17438],[292.69153,68.16822],[292.63707,68.12752],[292.51936,68.13776],[292.39656,68.1708],[292.42849,68.17403],[292.52242,68.14929],[292.59946,68.14337],[292.66909,68.18665],[292.6569,68.22606],[292.66912,68.2473],[292.76867,68.29351],[292.74476,68.30532],[292.79124,68.30136],[292.99214,68.32649],[292.98426,68.33219],[292.94694,68.33207],[292.74699,68.36536],[292.70902,68.35108],[292.70304,68.32923],[292.68832,68.32351],[292.67343,68.32849],[292.69225,68.34814],[292.63583,68.36056],[292.60871,68.35662],[292.57577,68.3367],[292.46384,68.29647],[292.47521,68.28511],[292.46292,68.26021],[292.42258,68.2505],[292.327,68.23941],[292.30964,68.2439],[292.44538,68.27201],[292.44956,68.27727],[292.43456,68.28566],[292.43048,68.29955],[292.44185,68.31258],[292.43736,68.31872],[292.50167,68.33786],[292.47264,68.33868],[292.42008,68.31935],[292.27622,68.32379],[292.22959,68.2994],[292.18965,68.29602],[292.191,68.27642],[292.18091,68.26656],[292.13469,68.26815],[292.1594,68.2815],[292.14696,68.28485],[292.13769,68.301],[292.22212,68.33539],[292.32162,68.35089],[292.39711,68.34616],[292.4577,68.36713],[292.53743,68.36737],[292.60443,68.38671],[292.59071,68.39215],[292.60107,68.40015],[292.61422,68.39197],[292.66745,68.39096],[292.70752,68.40061],[292.76885,68.39638],[292.77512,68.39023],[292.81903,68.39234],[292.99731,68.35461],[293.07887,68.37444],[293.06713,68.38082],[293.09562,68.4027],[293.08077,68.41046],[293.09132,68.41889],[293.20832,68.40786],[293.21157,68.42859],[293.33989,68.43182],[293.34986,68.43499],[293.33318,68.44027],[293.3475,68.44457],[293.29235,68.449],[293.26331,68.4609],[293.21733,68.45275],[293.2062,68.45938],[293.24597,68.46526],[293.20757,68.47693],[293.1609,68.45851],[293.07215,68.45309],[293.04238,68.43919],[293.01385,68.44467],[293.01818,68.45288],[292.97721,68.46176],[292.95543,68.47475],[292.89202,68.48406],[292.87839,68.47972],[292.88899,68.47289],[292.87536,68.46968],[292.90521,68.46173],[292.90714,68.44987],[292.8991,68.44759],[292.91722,68.42572],[292.9129,68.42092],[292.87261,68.4234],[292.86834,68.41542],[292.83,68.40968],[292.78601,68.41145],[292.76298,68.42099],[292.66404,68.40987],[292.6572,68.41145],[292.68665,68.42884],[292.81552,68.43269],[292.78367,68.45317],[292.7765,68.48211],[292.75602,68.48026],[292.74945,68.46086],[292.73525,68.45537],[292.70884,68.47858],[292.7142,68.49432],[292.6861,68.50248],[292.63531,68.49165],[292.62861,68.48434],[292.64253,68.47024],[292.63333,68.46429],[292.60437,68.48474],[292.6054,68.49546],[292.56996,68.49628],[292.53351,68.48615],[292.4446,68.48861],[292.43367,68.47899],[292.44644,68.46581],[292.45227,68.43323],[292.44277,68.41769],[292.44921,68.40814],[292.42116,68.39231],[292.42202,68.38365],[292.40363,68.37788],[292.39569,68.39563],[292.41394,68.42945],[292.40187,68.43989],[292.40644,68.45381],[292.38987,68.46857],[292.38287,68.49591],[292.40048,68.51033],[292.49124,68.51224],[292.51121,68.53601],[292.46408,68.55228],[292.40081,68.54225],[292.38484,68.55564],[292.36119,68.55465],[292.36911,68.56083],[292.34147,68.56756],[292.32659,68.565],[292.34168,68.56073],[292.29701,68.55439],[292.27259,68.53945],[292.22122,68.53056],[292.19969,68.54048],[292.14488,68.54021],[292.13758,68.53585],[292.1353,68.4843],[292.11289,68.42513],[292.0545,68.39995],[292.04554,68.40651],[292.0847,68.43227],[292.0976,68.47977],[292.08892,68.49385],[292.09385,68.52444],[292.07362,68.53185],[292.09675,68.54429],[292.07817,68.55627],[292.03787,68.55148],[292.033,68.54895],[292.04329,68.54171],[292.01051,68.52305],[291.99914,68.52663],[291.99537,68.54074],[291.94917,68.54296],[291.89506,68.52893],[291.88181,68.53249],[291.88849,68.54781],[291.85218,68.55121],[291.88829,68.55191],[291.89398,68.56244],[291.88598,68.57242],[291.84225,68.57372],[291.8186,68.56124],[291.8009,68.57685],[291.80351,68.58622],[291.75811,68.58315],[291.72643,68.59134],[291.68725,68.58876],[291.67936,68.59531],[291.58953,68.59389],[291.59585,68.583],[291.559,68.56444],[291.53527,68.56492],[291.526,68.57305],[291.43854,68.56587],[291.2591,68.57116],[291.28839,68.57968],[291.46276,68.58502],[291.50849,68.59182],[291.54177,68.60784],[291.507,68.62282],[291.38531,68.63652],[291.30686,68.62342],[291.26894,68.59681],[291.19391,68.59008],[291.16684,68.59275],[291.17321,68.59876],[291.15719,68.6036],[291.11962,68.59726],[291.10258,68.60641],[291.18962,68.61193],[291.21336,68.61972],[291.20735,68.62444],[291.21453,68.63615],[291.30941,68.65515],[291.43162,68.65383],[291.65052,68.62746],[291.79245,68.66161],[291.8432,68.64943],[291.8507,68.63785],[291.91355,68.63211],[291.9346,68.63658],[291.91407,68.64671],[291.92666,68.65773],[291.87535,68.65717],[291.83025,68.66828],[291.93603,68.67079],[291.95617,68.68187],[291.87329,68.68452],[291.87857,68.69162],[291.87144,68.6959],[291.80668,68.71005],[291.63202,68.73265],[291.50418,68.72792],[291.46698,68.74765],[291.32875,68.73812],[291.32915,68.7493],[291.32129,68.75333],[291.27133,68.76468],[291.20219,68.76374],[291.14798,68.77227],[291.10727,68.76247],[291.07888,68.74185],[291.04827,68.73967],[291.01284,68.75591],[291.04184,68.75534],[291.05814,68.76305],[291.04578,68.77454],[291.07909,68.78245],[290.91743,68.80654],[290.76542,68.80688],[290.69117,68.81729],[290.61963,68.80786],[290.61087,68.81298],[290.62888,68.83308],[290.64306,68.83625],[290.82103,68.82471],[290.84552,68.83232],[290.83329,68.84106],[290.75449,68.85806],[290.6855,68.85896],[290.66442,68.86688],[290.65522,68.85831],[290.63515,68.85689],[290.61089,68.85907],[290.60421,68.86809],[290.73554,68.87629],[290.92359,68.8479],[290.94324,68.8673],[290.97926,68.87434],[290.98703,68.87238],[290.94578,68.86048],[290.94907,68.8457],[291.02743,68.81743],[291.09139,68.80745],[291.16154,68.81301],[291.20687,68.79868],[291.27455,68.81147],[291.36282,68.78658],[291.41516,68.78571],[291.39763,68.79284],[291.40067,68.80291],[291.44114,68.79234],[291.51784,68.79463],[291.50687,68.7984],[291.50079,68.8134],[291.38266,68.8415],[291.40712,68.85245],[291.53442,68.83832],[291.59272,68.84452],[291.66117,68.83026],[291.87484,68.81084],[292.07471,68.78151],[292.13848,68.77706],[292.24587,68.78374],[292.20124,68.79773],[292.19518,68.79216],[292.1332,68.79824],[292.11536,68.80316],[292.15674,68.80839],[292.12055,68.81459],[291.88568,68.8328],[291.87795,68.83594],[291.88704,68.84307],[291.84375,68.84962],[291.82611,68.86044],[291.76355,68.86068],[291.76686,68.86891],[291.68066,68.88308],[291.54608,68.89019],[291.51934,68.88334],[291.51622,68.89198],[291.49678,68.89842],[291.61145,68.9067],[291.74124,68.8963],[291.90111,68.86414],[291.92805,68.86887],[292.02971,68.85717],[292.04904,68.86276],[292.02304,68.87857],[292.02816,68.89114],[291.96501,68.90171],[291.89788,68.90242],[291.9499,68.91278],[291.95099,68.9292],[291.96376,68.94046],[291.95008,68.94767],[291.85469,68.95206],[291.82571,68.94844],[291.81986,68.93951],[291.80884,68.94377],[291.81407,68.95246],[291.80815,68.95607],[291.74456,68.96929],[291.68899,68.95382],[291.68784,68.96225],[291.72427,68.9794],[291.68609,68.99073],[291.51743,68.96632],[291.44895,68.96502],[291.44649,68.97275],[291.45428,68.97921],[291.50558,68.97237],[291.52623,68.97689],[291.50714,68.98652],[291.61905,68.99545],[291.62801,69.00441],[291.67253,69.01457],[291.81331,69.00034],[291.89522,68.97809],[291.9915,68.97049],[292.03182,68.97733],[292.03329,68.98669],[292.01261,68.99409],[292.05547,69.00232],[292.12444,69.01044],[292.25119,69.00557],[292.30602,69.0204],[292.011,69.09667],[291.93807,69.12449],[291.86543,69.13178],[291.81765,69.15129],[291.67466,69.16506],[291.5883,69.18238],[291.52102,69.17247],[291.33107,69.11805],[291.2574,69.11982],[291.1806,69.10557],[291.12542,69.08606],[291.12279,69.06504],[291.10891,69.056],[291.11479,69.04717],[291.08658,69.03454],[291.09522,69.01616],[291.07041,68.98738],[291.03102,68.97325],[290.99961,68.9763],[290.99985,68.98748],[291.04921,68.99694],[291.04597,69.00466],[291.05465,69.01434],[291.0428,69.02561],[291.04561,69.03682],[291.06239,69.04863],[291.08167,69.09697],[291.09262,69.10325],[291.00283,69.11363],[290.92447,69.09742],[290.92025,69.10147],[290.93207,69.11142],[291.00564,69.12461],[291.124,69.11705],[291.13137,69.12055],[291.12715,69.12484],[291.18737,69.13894],[291.30654,69.1454],[291.33539,69.15298],[291.35966,69.17054],[291.50962,69.20725],[291.42296,69.21582],[291.20814,69.20437],[291.0511,69.22296],[291.00347,69.21695],[291.02925,69.23001],[291.21109,69.21512],[291.31089,69.22],[291.30671,69.22406],[291.31976,69.22966],[291.38288,69.2362],[291.48712,69.23464],[291.87316,69.20272],[291.90765,69.20568],[291.9345,69.22045],[291.87588,69.24788],[291.86822,69.25877],[291.8243,69.2733],[291.7468,69.27753],[291.59868,69.26796],[291.23206,69.31087],[291.08634,69.33896],[290.98661,69.33487],[290.93922,69.3106],[290.85543,69.30342],[290.78566,69.26719],[290.79324,69.26313],[290.78823,69.26149],[290.74466,69.26142],[290.74387,69.27048],[290.78847,69.28981],[290.79034,69.29667],[290.92921,69.33396],[290.97369,69.35524],[291.04832,69.35906],[291.13617,69.3525],[291.23102,69.33115],[291.59105,69.29547],[291.67548,69.29547],[291.70451,69.30548],[291.83305,69.31279],[292.01633,69.25558],[292.07848,69.24659],[292.1509,69.22097],[292.26734,69.1969],[292.29739,69.18106],[292.30558,69.18543],[292.36306,69.17176],[292.40383,69.17965],[292.533,69.16525],[292.62536,69.19215],[292.67728,69.19339],[292.70818,69.18616],[292.71231,69.16771],[292.7423,69.17573],[292.77716,69.1555],[292.81755,69.14985],[292.8116,69.16694],[292.79361,69.1717],[292.79416,69.17923],[292.82161,69.18975],[292.87223,69.1939],[293.02232,69.18302],[293.15164,69.14991],[293.24052,69.13957],[293.29896,69.15931],[293.34292,69.19046],[293.35405,69.22898],[293.35272,69.24902],[293.342,69.26545],[293.25757,69.31755],[293.24801,69.33033],[293.18559,69.35752],[292.95079,69.41365],[292.79278,69.46411],[292.71866,69.47015],[292.57588,69.46552],[292.23415,69.48667],[292.12224,69.45855],[292.02017,69.46143],[291.80169,69.51202],[291.70277,69.52225],[291.66008,69.53811],[291.44696,69.58216],[291.28597,69.59411],[291.18139,69.57163],[291.08123,69.56736],[290.98649,69.53415],[290.8923,69.53099],[290.78466,69.50709],[290.67114,69.50333],[290.62146,69.5168],[290.56672,69.51532],[290.41682,69.54424],[290.36346,69.54322],[290.34745,69.55119],[290.19996,69.53156],[290.13065,69.50876],[290.02632,69.50953],[290.00922,69.51996],[289.99108,69.5192],[289.97922,69.53382],[289.95453,69.53773],[290.0141,69.53624],[290.03933,69.52367],[290.07096,69.52124],[290.05354,69.52938],[290.07554,69.52587],[290.1415,69.53951],[290.14592,69.5503],[290.23467,69.55538],[290.27454,69.56512],[290.42215,69.55937],[290.62075,69.54051],[290.69468,69.52622],[290.79096,69.53408],[290.82244,69.55111],[290.87428,69.5611],[290.94725,69.56243],[291.05345,69.59966],[291.11518,69.60376],[291.17498,69.62285],[291.3118,69.64656],[291.50934,69.62305],[291.6944,69.62476],[291.7887,69.67923],[291.79989,69.70118],[291.82393,69.71707],[291.89528,69.73439],[291.91043,69.75887],[291.95541,69.76757],[292.23292,69.77858],[292.59668,69.71396],[292.73649,69.7213],[292.78786,69.71203],[292.83892,69.72963],[292.87313,69.72557],[292.88952,69.73196],[292.86963,69.75131],[292.85117,69.75562],[292.86756,69.7627],[292.83307,69.78841],[292.84065,69.82305],[292.78499,69.89202],[292.79405,69.90958],[292.78969,69.9417],[292.72464,69.9842],[292.66191,69.9948],[292.63939,70.02323],[292.62068,70.02569],[292.65118,70.03464],[292.60714,70.03569],[292.63167,70.04303],[292.61268,70.05825],[292.58265,70.0575],[292.58039,70.06911],[292.6044,70.07077],[292.58739,70.08508],[292.55372,70.09547],[292.5643,70.10074],[292.41279,70.17797],[292.29014,70.20874],[292.23655,70.23812],[292.22367,70.25721],[292.15548,70.2758],[291.96369,70.30532],[291.96657,70.31491],[291.95094,70.32939],[291.92717,70.31877],[291.89318,70.32199],[291.87803,70.31483],[291.8818,70.3078],[291.87588,70.30502],[291.85492,70.31697],[291.84186,70.30914],[291.86747,70.29837],[291.84216,70.28066],[291.73924,70.25377],[291.74722,70.24472],[291.72768,70.2341],[291.68822,70.22995],[291.68348,70.20964],[291.71772,70.1896],[291.68306,70.18525],[291.66667,70.19948],[291.64786,70.18909],[291.65598,70.17822],[291.64678,70.16516],[291.66109,70.16185],[291.69067,70.17141],[291.71993,70.16524],[291.71648,70.1561],[291.6671,70.1521],[291.68199,70.13967],[291.80886,70.13669],[291.81735,70.12923],[291.78799,70.11605],[291.79311,70.10879],[291.78823,70.10078],[291.73386,70.09289],[291.66552,70.06414],[291.56488,70.07042],[291.54424,70.05065],[291.47695,70.04873],[291.46016,70.05907],[291.43862,70.0525],[291.43044,70.04605],[291.45867,70.03444],[291.46213,70.02399],[291.4327,70.01644],[291.39952,69.98903],[291.33544,69.98297],[291.35453,69.96902],[291.34573,69.95436],[291.36887,69.94751],[291.32837,69.94713],[291.32132,69.93589],[291.25299,69.95074],[291.165,69.95373],[291.07873,69.95237],[291.03174,69.93635],[290.93451,69.93228],[290.76301,69.86616],[290.74725,69.84658],[290.68537,69.80816],[290.60305,69.77743],[290.52716,69.77798],[290.40448,69.81021],[290.27983,69.8088],[290.1914,69.76888],[290.18779,69.76129],[290.19704,69.74137],[290.18243,69.73246],[290.19002,69.72985],[290.18182,69.72721],[290.18783,69.72161],[290.13685,69.6998],[290.11103,69.67725],[290.06591,69.66647],[290.0713,69.65128],[290.05133,69.63931],[290.04491,69.61958],[290.01922,69.61139],[289.99592,69.61875],[290.02654,69.63388],[290.01587,69.63985],[290.03136,69.66019],[290.02555,69.6642],[290.03591,69.68856],[290.07077,69.70237],[290.09409,69.72396],[290.13047,69.74189],[290.12738,69.75006],[290.13932,69.75914],[290.13335,69.77547],[290.17761,69.80766],[290.21642,69.82378],[290.27728,69.83863],[290.43638,69.83553],[290.54219,69.81285],[290.61711,69.82779],[290.66921,69.85834],[290.68208,69.87355],[290.67539,69.88008],[290.7224,69.89847],[290.76061,69.9254],[290.82956,69.9454],[290.89341,69.9774],[291.13221,70.01516],[291.18965,70.03648],[291.25614,70.07064],[291.26024,70.08527],[291.23476,70.10166],[291.27702,70.1244],[291.31857,70.13231],[291.33329,70.14908],[291.36513,70.15348],[291.36685,70.16557],[291.3331,70.19238],[291.3363,70.20266],[291.31819,70.21024],[291.18139,70.21279],[291.09251,70.19911],[291.00183,70.20497],[290.90223,70.22503],[290.88367,70.21569],[291.00372,70.18561],[290.91979,70.17167],[290.8105,70.195],[290.56101,70.17813],[290.45663,70.15275],[290.36869,70.14761],[290.3224,70.12162],[290.28722,70.11904],[290.26738,70.10187],[290.24489,70.0997],[290.20774,70.06242],[290.20989,70.04649],[290.28713,69.99728],[290.2362,69.96434],[290.15627,69.95418],[290.08597,69.96812],[289.94681,69.95941],[289.90062,69.94789],[289.86145,69.91582],[289.83651,69.91461],[289.82691,69.90349],[289.67836,69.8442],[289.63817,69.83889],[289.56669,69.8471],[289.52089,69.83982],[289.58976,69.86398],[289.64872,69.85984],[289.68362,69.88628],[289.74459,69.89083],[289.74589,69.89952],[289.80263,69.92336],[289.78955,69.93499],[289.79467,69.94056],[289.86808,69.96968],[290.01313,69.99337],[290.18875,69.98071],[290.20259,69.99666],[290.19632,70.00363],[290.1156,70.04728],[290.01536,70.06138],[289.94188,70.05194],[289.90732,70.02375],[289.86178,70.01155],[289.84827,70.01268],[289.85631,70.02126],[289.82735,70.02737],[289.93856,70.07446],[290.0999,70.08306],[290.1849,70.12226],[290.18653,70.13985],[290.17205,70.1476],[290.19732,70.15917],[290.23074,70.16037],[290.37209,70.20511],[290.53242,70.23153],[290.62073,70.26007],[290.67959,70.25856],[290.70274,70.26865],[290.88826,70.28207],[291.00326,70.30046],[291.12664,70.29608],[291.16409,70.30786],[291.24373,70.3091],[291.25833,70.32018],[291.30861,70.32544],[291.36155,70.34825],[291.36004,70.38364],[291.32874,70.41745],[291.35543,70.44844],[291.43184,70.4719],[291.47731,70.4741],[291.44384,70.46653],[291.45522,70.46025],[291.44348,70.45354],[291.44742,70.43785],[291.43186,70.42816],[291.42685,70.41399],[291.49974,70.37497],[291.57563,70.37558],[291.55861,70.38592],[291.55787,70.41507],[291.60382,70.42842],[291.60463,70.43617],[291.6696,70.48175],[291.7284,70.51065],[291.73059,70.5298],[291.72142,70.54476],[291.65145,70.57865],[291.27752,70.64318],[291.05688,70.69383],[290.89405,70.7162],[290.87819,70.73561],[290.80727,70.75916],[290.81053,70.77355],[290.77779,70.77566],[290.77483,70.7836],[290.75123,70.77808],[290.73429,70.78721],[290.73043,70.77851],[290.62826,70.76516],[290.60175,70.76708],[290.5911,70.77515],[290.60228,70.78373],[290.56646,70.7901],[290.37884,70.74814],[290.36721,70.74205],[290.35251,70.70697],[290.32242,70.69993],[290.34507,70.69548],[290.33783,70.67736],[290.27517,70.69264],[290.27684,70.70064],[290.23687,70.71554],[290.19101,70.69822],[290.22763,70.6876],[290.23301,70.68358],[290.22735,70.67962],[290.13666,70.68302],[290.09478,70.66301],[290.00481,70.64333],[290.00533,70.63057],[289.98514,70.60015],[289.98615,70.57965],[289.97776,70.5761],[289.98576,70.56848],[289.95784,70.55822],[289.95183,70.56176],[289.96041,70.57763],[289.97599,70.58336],[289.9618,70.59567],[289.97181,70.62046],[289.96534,70.63152],[289.90663,70.62006],[289.92644,70.61173],[289.94437,70.58398],[289.9143,70.60582],[289.87262,70.61789],[289.84547,70.6115],[289.6315,70.61411],[289.59891,70.60781],[289.59577,70.60205],[289.67867,70.53606],[289.67463,70.51478],[289.72656,70.49357],[289.64275,70.50508],[289.53698,70.48031],[289.49954,70.47983],[289.48071,70.47034],[289.40313,70.46542],[289.40059,70.45282],[289.38308,70.4632],[289.42745,70.47844],[289.52313,70.48552],[289.61002,70.50882],[289.61944,70.52198],[289.60967,70.53959],[289.54569,70.57376],[289.56235,70.58866],[289.52749,70.60398],[289.55027,70.62332],[289.59847,70.63904],[289.76759,70.63911],[289.85862,70.65937],[290.08288,70.7451],[290.19872,70.81092],[290.24806,70.85517],[290.12984,70.88029],[290.0736,70.86073],[289.9877,70.8498],[289.92791,70.82306],[289.86741,70.81522],[289.77791,70.78976],[289.6699,70.78536],[289.5642,70.75151],[289.53636,70.7526],[289.52308,70.74141],[289.41324,70.72564],[289.36104,70.70113],[289.32738,70.69659],[289.17488,70.64241],[289.14202,70.64514],[289.00738,70.62997],[288.99954,70.58964],[288.97683,70.57957],[288.95063,70.55275],[289.0132,70.52719],[288.93989,70.52764],[288.90986,70.48977],[288.91117,70.45945],[288.87124,70.42752],[288.87633,70.41919],[288.83888,70.37908],[288.83454,70.35364],[288.82605,70.3587],[288.81253,70.35176],[288.82342,70.34494],[288.81735,70.33476],[288.82921,70.32978],[288.78145,70.31475],[288.77788,70.29253],[288.79709,70.28133],[288.75549,70.2436],[288.75268,70.22779],[288.71157,70.21129],[288.68646,70.16686],[288.69075,70.1592],[288.67824,70.13538],[288.56253,70.09214],[288.52594,70.05652],[288.50615,70.04895],[288.49283,70.03012],[288.46486,70.02347],[288.45472,70.0271],[288.47685,70.03291],[288.47029,70.05079],[288.50267,70.05892],[288.51636,70.09169],[288.62108,70.1356],[288.55984,70.13296],[288.59368,70.15709],[288.58449,70.16234],[288.6365,70.1805],[288.64851,70.19381],[288.64032,70.21028],[288.67421,70.22228],[288.67624,70.23191],[288.70762,70.23677],[288.72062,70.26197],[288.7492,70.27085],[288.75392,70.28078],[288.69682,70.30478],[288.69412,70.32093],[288.72999,70.34072],[288.74659,70.37193],[288.76079,70.38208],[288.75464,70.38878],[288.78191,70.41156],[288.76983,70.42063],[288.78524,70.43834],[288.78309,70.45135],[288.8174,70.47765],[288.82004,70.50145],[288.84141,70.52065],[288.84617,70.54084],[288.84088,70.54666],[288.81426,70.54286],[288.64571,70.56863],[288.58439,70.55096],[288.56177,70.55727],[288.609,70.57347],[288.56307,70.58583],[288.5038,70.58372],[288.49647,70.57965],[288.51298,70.56704],[288.51291,70.55494],[288.49273,70.54395],[288.4791,70.52512],[288.40013,70.48983],[288.3509,70.47786],[288.36551,70.44967],[288.34389,70.43976],[288.35125,70.42237],[288.33701,70.4131],[288.34148,70.40841],[288.32429,70.40318],[288.3298,70.39395],[288.32037,70.38161],[288.32478,70.37419],[288.31132,70.35282],[288.28422,70.34368],[288.2819,70.31826],[288.26236,70.31775],[288.27543,70.31102],[288.27072,70.30792],[288.25086,70.31472],[288.17561,70.29446],[288.15111,70.29496],[288.21451,70.3165],[288.24781,70.35141],[288.26453,70.40255],[288.28301,70.40805],[288.27372,70.42175],[288.26005,70.42779],[288.12141,70.42895],[288.06597,70.41856],[288.05667,70.41191],[288.05533,70.39771],[288.02749,70.4086],[288.0414,70.4131],[288.03212,70.41764],[288.13226,70.44066],[288.14779,70.43559],[288.15639,70.44244],[288.25422,70.44706],[288.27653,70.46865],[288.26114,70.48492],[288.26531,70.49051],[288.42024,70.5433],[288.43358,70.56327],[288.42508,70.5827],[288.41237,70.59037],[288.41509,70.59957],[288.40055,70.61188],[288.40565,70.61396],[288.55319,70.61528],[288.76594,70.58741],[288.82766,70.58767],[288.86396,70.60492],[288.8781,70.61984],[288.87437,70.62797],[288.88183,70.63863],[288.89475,70.6428],[288.89577,70.65469],[288.94423,70.67743],[289.08722,70.69715],[289.21577,70.73632],[289.26904,70.76955],[289.26146,70.7954],[289.28387,70.80908],[289.2853,70.82758],[289.29898,70.83994],[289.35608,70.84676],[289.40175,70.87478],[289.47316,70.90373],[289.49824,70.92358],[289.45232,70.96604],[289.45804,70.97321],[289.42653,71.00454],[289.41524,71.04376],[289.40054,71.06286],[289.23568,71.12098],[289.13962,71.10788],[289.05675,71.06809],[289.00818,71.05452],[288.83649,71.02938],[288.80687,71.01686],[288.79327,71.00492],[288.77905,70.95646],[288.73546,70.93152],[288.72208,70.91251],[288.7443,70.89339],[288.83822,70.86402],[288.81878,70.85001],[288.69094,70.88875],[288.62652,70.87744],[288.44919,70.87323],[288.2297,70.82689],[288.16565,70.82159],[288.08841,70.79081],[287.83279,70.77819],[287.75887,70.74504],[287.74853,70.71825],[287.71911,70.70119],[287.69113,70.67082],[287.49765,70.62847],[287.47191,70.6117],[287.44168,70.6165],[287.45671,70.63205],[287.45112,70.63485],[287.38999,70.62661],[287.39557,70.63134],[287.38575,70.63448],[287.4076,70.6452],[287.5117,70.65037],[287.63102,70.68152],[287.68575,70.72812],[287.68217,70.74173],[287.67511,70.74221],[287.68569,70.75988],[287.76218,70.78558],[287.78481,70.8134],[287.83116,70.82772],[287.83065,70.8405],[287.77411,70.8492],[287.73741,70.86965],[287.63257,70.85776],[287.52051,70.83189],[287.22454,70.80834],[287.22291,70.81881],[287.42168,70.84199],[287.48313,70.8413],[287.56166,70.86235],[287.68002,70.88105],[287.70372,70.9048],[287.68597,70.92166],[287.6988,70.93916],[287.75236,70.96419],[287.84465,70.96469],[287.89588,71.01884],[287.88161,71.04426],[287.88573,71.05282],[287.92666,71.07973],[287.96827,71.08222],[288.01304,71.09732],[288.14352,71.11396],[288.43941,71.06585],[288.53582,71.06541],[288.58085,71.10936],[288.58397,71.12062],[288.67624,71.17886],[288.72294,71.18836],[288.75659,71.20941],[288.86746,71.25107],[288.86892,71.26433],[288.73915,71.35522],[288.71329,71.38201],[288.58177,71.42031],[288.56493,71.43453],[288.57428,71.44068],[288.57094,71.44904],[288.54371,71.4646],[288.47822,71.47791],[288.4563,71.49792],[288.1729,71.54216],[288.08148,71.57022],[287.89254,71.58063],[287.70945,71.60837],[287.66976,71.62373],[287.58661,71.62851],[287.46561,71.65891],[287.4233,71.65222],[287.40752,71.62916],[287.4139,71.59714],[287.4054,71.57657],[287.34437,71.52592],[287.30038,71.51869],[287.29668,71.52635],[287.24858,71.5087],[287.16354,71.5089],[287.18696,71.48607],[287.21875,71.47834],[287.26065,71.44055],[287.24605,71.43566],[287.25809,71.42997],[287.25348,71.42572],[287.18524,71.41495],[287.13073,71.42221],[287.02096,71.40832],[287.03966,71.3753],[287.05847,71.36286],[287.04392,71.34961],[287.04133,71.33467],[287.06737,71.32885],[287.05985,71.30896],[287.02719,71.28508],[287.03506,71.26155],[287.00897,71.23513],[286.91131,71.23386],[286.81029,71.21163],[286.83696,71.16786],[286.82919,71.16719],[286.83482,71.1605],[286.82172,71.13675],[286.76952,71.10942],[286.76603,71.09581],[286.73309,71.06723],[286.59856,71.04171],[286.58363,71.02908],[286.64838,70.99604],[286.63949,70.98429],[286.6552,70.97681],[286.6532,70.96988],[286.62982,70.97939],[286.62925,70.99653],[286.55535,71.02949],[286.57085,71.04467],[286.64612,71.0559],[286.71274,71.07689],[286.73753,71.11454],[286.785,71.14333],[286.78212,71.18395],[286.76011,71.20198],[286.7672,71.21319],[286.75173,71.21498],[286.76412,71.23413],[286.96481,71.26094],[286.96716,71.28342],[286.94025,71.29446],[286.89254,71.29888],[286.81558,71.28521],[286.86098,71.30405],[286.82889,71.31536],[286.75671,71.32241],[286.68137,71.35012],[286.58375,71.34688],[286.58653,71.33622],[286.57555,71.31527],[286.52067,71.29557],[286.48107,71.2924],[286.47271,71.27037],[286.44427,71.24675],[286.39474,71.22261],[286.39091,71.21286],[286.40039,71.20152],[286.35385,71.15847],[286.36422,71.15082],[286.36103,71.10974],[286.31825,71.07733],[286.27321,71.06657],[286.26075,71.07209],[286.18446,71.06614],[286.17064,71.05099],[286.14442,71.04729],[286.13824,71.06516],[286.14473,71.07089],[286.27397,71.08721],[286.29774,71.10041],[286.30941,71.12234],[286.30834,71.14222],[286.30052,71.14859],[286.31676,71.18853],[286.34669,71.20285],[286.33295,71.21199],[286.34471,71.24444],[286.3299,71.25033],[286.38462,71.26963],[286.41199,71.30696],[286.48124,71.32192],[286.52513,71.34468],[286.50011,71.34681],[286.49528,71.36563],[286.52067,71.37542],[286.61357,71.38036],[286.63481,71.39868],[286.59415,71.41333],[286.58963,71.44017],[286.53648,71.44229],[286.49399,71.42324],[286.5038,71.40459],[286.49857,71.39663],[286.50894,71.38486],[286.45032,71.37806],[286.43164,71.36118],[286.40238,71.35881],[286.38068,71.36584],[286.41157,71.374],[286.44477,71.39458],[286.38206,71.43362],[286.38409,71.44032],[286.35738,71.4449],[286.39764,71.46389],[286.41238,71.51381],[286.40338,71.51694],[286.44989,71.54368],[286.45267,71.55041],[286.42365,71.57414],[286.34474,71.59318],[286.26656,71.58889],[286.21796,71.54989],[286.16277,71.53834],[286.14339,71.50126],[286.10376,71.48085],[286.13323,71.46679],[286.12865,71.45066],[286.09644,71.43457],[286.06971,71.43293],[286.04916,71.418],[286.04952,71.4029],[286.03818,71.39447],[286.03995,71.38149],[286.02705,71.36338],[286.03444,71.35472],[286.02537,71.35005],[286.04511,71.3368],[286.03227,71.32465],[286.00028,71.31616],[285.99832,71.30165],[285.97417,71.28337],[285.94213,71.27921],[285.89686,71.23676],[285.79851,71.20007],[285.77925,71.20026],[285.78163,71.20929],[285.86903,71.24282],[285.87344,71.25421],[285.91718,71.28905],[285.94067,71.28923],[285.95464,71.29799],[285.92156,71.31051],[285.86324,71.30583],[285.84464,71.31567],[285.97486,71.33721],[285.95074,71.33861],[285.95923,71.36274],[285.9452,71.3778],[285.99391,71.4398],[285.88719,71.44253],[285.7392,71.40723],[285.70523,71.40205],[285.69934,71.40435],[285.70506,71.41212],[285.73968,71.42718],[285.84019,71.44125],[285.89153,71.46216],[285.97453,71.45765],[286.04216,71.46376],[286.04353,71.46999],[286.01653,71.47496],[286.01366,71.49295],[286.03841,71.50438],[286.05205,71.54081],[285.95631,71.52979],[285.99855,71.54483],[286.07314,71.55255],[286.11428,71.57713],[286.13787,71.58003],[286.12709,71.59201],[286.12963,71.61338],[286.15327,71.62187],[286.21672,71.62353],[286.20644,71.63004],[286.22756,71.63398],[286.21059,71.64505],[286.2216,71.66329],[286.29018,71.68968],[286.40741,71.71929],[286.42952,71.76326],[286.41489,71.77603],[286.37762,71.77386],[286.33902,71.71469],[286.32829,71.71218],[286.31431,71.71659],[286.32638,71.72798],[286.33141,71.73867],[286.32609,71.74558],[286.33934,71.76204],[286.30058,71.77674],[286.05025,71.76116],[285.96693,71.71538],[285.95263,71.68877],[285.93677,71.68224],[285.93937,71.67135],[285.93103,71.66235],[285.88337,71.63978],[285.8017,71.62693],[285.78528,71.61258],[285.80449,71.58054],[285.85315,71.54891],[285.90381,71.53108],[285.89784,71.52765],[285.83622,71.53798],[285.77394,71.57505],[285.78384,71.59123],[285.77683,71.60219],[285.76164,71.60208],[285.75641,71.62181],[285.78764,71.63923],[285.86125,71.64653],[285.87926,71.66069],[285.89896,71.71177],[285.92304,71.73348],[285.91866,71.73745],[285.88181,71.74229],[285.73746,71.72988],[285.70509,71.71517],[285.6943,71.69369],[285.67787,71.68322],[285.57859,71.66298],[285.48946,71.65819],[285.47634,71.65264],[285.4708,71.63891],[285.48206,71.62124],[285.45087,71.60629],[285.44975,71.59616],[285.45906,71.59175],[285.40387,71.57077],[285.39158,71.54882],[285.35998,71.56079],[285.3049,71.54989],[285.25995,71.52288],[285.29413,71.49697],[285.26165,71.46976],[285.36948,71.43577],[285.39078,71.39604],[285.38474,71.37471],[285.33425,71.3516],[285.28392,71.33927],[285.20404,71.29521],[285.17713,71.26589],[285.08466,71.23845],[285.02988,71.20472],[284.9691,71.19138],[284.96041,71.17954],[284.93668,71.20102],[284.90829,71.20945],[284.94614,71.20922],[285.01628,71.22596],[285.02103,71.23005],[285.0063,71.23471],[285.04708,71.2573],[285.1245,71.27428],[285.11602,71.28471],[285.13177,71.29889],[285.21948,71.33734],[285.23231,71.35736],[285.30886,71.37604],[285.31986,71.39551],[285.29083,71.40168],[285.30725,71.41472],[285.29943,71.42358],[285.17982,71.45086],[285.09201,71.45232],[285.15573,71.4641],[285.18144,71.48624],[285.2151,71.49953],[285.18089,71.51626],[285.18404,71.52281],[285.03635,71.52481],[284.9539,71.50557],[284.94986,71.49438],[284.89298,71.46102],[284.8746,71.4653],[284.87656,71.47961],[284.93089,71.50001],[284.91979,71.50758],[284.92677,71.51338],[284.99627,71.536],[285.15545,71.5416],[285.21484,71.55593],[285.24424,71.57476],[285.31122,71.58683],[285.3512,71.61224],[285.35961,71.6277],[285.38315,71.63619],[285.3992,71.65079],[285.39635,71.65985],[285.34065,71.69365],[285.22057,71.67492],[285.20703,71.66336],[285.15965,71.65092],[285.16295,71.63569],[285.13765,71.62475],[285.01335,71.60689],[284.90681,71.58023],[284.88036,71.58096],[284.87821,71.5671],[284.86847,71.56095],[284.81847,71.5437],[284.7316,71.5384],[284.6212,71.50885],[284.62648,71.51505],[284.60857,71.51795],[284.71883,71.553],[284.82132,71.56952],[284.82389,71.59602],[284.93097,71.6199],[285.0078,71.62731],[285.09879,71.66084],[285.09336,71.67048],[285.01283,71.69586],[284.94933,71.70105],[284.82396,71.68436],[284.67414,71.68031],[284.65141,71.66878],[284.63307,71.67235],[284.65455,71.69348],[284.79339,71.69845],[284.87646,71.71615],[284.93221,71.71915],[285.11529,71.69522],[285.17735,71.72963],[285.26475,71.73719],[285.3039,71.73254],[285.31667,71.73533],[285.35345,71.76771],[285.47661,71.7915],[285.4819,71.8004],[285.44495,71.81411],[285.47853,71.8257],[285.51008,71.82576],[285.4985,71.81227],[285.52631,71.79935],[285.56364,71.79573],[285.76585,71.81909],[285.82107,71.84584],[285.85273,71.88476],[285.80417,71.90612],[285.80677,71.91674],[285.84563,71.92318],[285.84958,71.93225],[285.89807,71.95643],[285.89346,71.97068],[285.80392,72.03772],[285.79241,72.06349],[285.76472,72.07302],[285.71217,72.08072],[285.63344,72.07835],[285.55533,72.08758],[285.27464,72.09751],[284.97569,72.12352],[284.91166,72.10863],[284.84454,72.03939],[284.78761,72.01823],[284.68611,72.0017],[284.60727,72.00415],[284.4924,71.99154],[284.44969,71.95803],[284.45938,71.92998],[284.43952,71.89698],[284.38063,71.87214],[284.386,71.83426],[284.27702,71.778],[284.25434,71.74414],[284.23097,71.72954],[284.13642,71.70114],[283.92987,71.69532],[283.90867,71.70145],[283.9652,71.70109],[283.97274,71.70374],[283.95761,71.70787],[283.97774,71.71179],[284.09775,71.7088],[284.19168,71.73375],[284.21441,71.74649],[284.2444,71.79309],[284.27372,71.79968],[284.34406,71.84069],[284.32162,71.86243],[284.34582,71.87245],[284.33935,71.88663],[284.401,71.90701],[284.39783,71.94659],[284.3839,71.9593],[284.38719,71.97161],[284.41558,71.99235],[284.49057,72.01863],[284.69227,72.03333],[284.75433,72.04847],[284.78336,72.07196],[284.77038,72.0826],[284.70735,72.08569],[284.5106,72.12384],[284.52981,72.13572],[284.55279,72.14316],[284.67568,72.12919],[284.72152,72.11522],[284.76779,72.11425],[284.79311,72.13216],[284.85943,72.15603],[284.96434,72.18438],[285.01804,72.22569],[285.08051,72.2528],[284.9637,72.32279],[284.87614,72.3927],[284.8444,72.43602],[284.79701,72.43814],[284.78253,72.43257],[284.68839,72.42539],[284.78083,72.43938],[284.82137,72.44052],[284.8281,72.44387],[284.80733,72.46051],[284.83972,72.49181],[284.50186,72.53897],[284.43675,72.56319],[284.19386,72.58956],[284.03492,72.58772],[283.93945,72.54726],[283.87374,72.55302],[283.8635,72.55663],[283.87306,72.58545],[283.83422,72.60015],[283.33214,72.64134],[283.3652,72.67548],[283.28679,72.71431],[283.25794,72.72441],[283.08603,72.74685],[282.95266,72.75527],[282.5448,72.75181],[282.51616,72.76001],[282.4175,72.7594],[282.21336,72.70393],[282.04389,72.69808],[281.95277,72.66493],[281.92929,72.6698],[281.81305,72.64988],[281.68798,72.61348],[281.65252,72.59605],[281.58145,72.58664],[281.55482,72.5739],[281.56353,72.56621],[281.55804,72.55774],[281.50647,72.53919],[281.50394,72.52578],[281.45597,72.50805],[281.45335,72.50014],[281.47581,72.49414],[281.45795,72.47232],[281.45275,72.45468],[281.46009,72.44143],[281.55797,72.39621],[281.87206,72.32421],[282.13089,72.29193],[282.36493,72.23359],[282.32337,72.23408],[282.3319,72.23141],[282.40011,72.22171],[282.34825,72.20635],[282.06832,72.26763],[282.01115,72.25084],[281.9918,72.23361],[281.98644,72.24876],[282.00026,72.26853],[281.99273,72.2797],[281.85873,72.28702],[281.71726,72.31712],[281.59492,72.33137],[281.5599,72.32494],[281.49866,72.3303],[281.45214,72.35552],[281.40966,72.36436],[281.27423,72.33016],[281.20602,72.34227],[281.20465,72.33188],[281.18489,72.31866],[281.24169,72.29645],[281.25833,72.27946],[281.17823,72.24469],[281.12479,72.23303],[281.17135,72.20307],[281.28299,72.17306],[281.44668,72.13939],[281.53363,72.13189],[281.60961,72.10947],[281.62947,72.0871],[281.62497,72.07476],[281.64681,72.06531],[281.66085,72.04776],[281.65754,72.04144],[281.66786,72.03451],[281.65917,72.01972],[281.72972,71.98477],[281.83412,71.99395],[281.92047,71.99073],[281.9325,71.96899],[281.91123,71.95694],[281.9879,71.93675],[282.14385,71.85074],[282.23113,71.83017],[282.33611,71.82114],[282.29732,71.80333],[282.28948,71.76342],[282.27361,71.75492],[282.27255,71.74633],[282.26372,71.7463],[282.23986,71.77292],[282.23297,71.8021],[282.05617,71.84725],[282.06732,71.86519],[282.06201,71.87182],[281.9669,71.92425],[281.87409,71.95414],[281.89499,71.97312],[281.8838,71.98196],[281.71065,71.95801],[281.70658,71.94114],[281.78365,71.90555],[281.87508,71.84628],[282.1182,71.78303],[282.13233,71.7725],[281.81741,71.83213],[281.7378,71.88883],[281.69122,71.89585],[281.72028,71.90077],[281.69387,71.90387],[281.65199,71.92527],[281.62625,71.95315],[281.62479,71.96671],[281.63487,71.97724],[281.61619,71.99999],[281.58223,72.01022],[281.57587,72.04116],[281.52262,72.09819],[281.50122,72.1081],[281.31201,72.13777],[281.15577,72.17762],[281.13777,72.17595],[281.14292,72.16951],[281.11577,72.14494],[281.13945,72.13056],[281.13349,72.07888],[281.1207,72.0625],[281.10527,72.05702],[281.09165,72.02935],[281.07587,72.01811],[281.185,71.98871],[281.12869,71.9925],[281.14656,71.98316],[281.39996,71.94479],[281.41786,71.93265],[281.43836,71.898],[281.50646,71.87539],[281.45554,71.86499],[281.37072,71.89538],[281.33119,71.92081],[280.96238,71.97963],[280.92822,71.97799],[280.88396,71.95951],[280.82019,71.96437],[280.81211,71.97802],[280.79769,71.9806],[280.88183,72.00831],[280.92228,72.04821],[280.9891,72.08142],[280.98923,72.1106],[281.00928,72.15188],[281.03763,72.16365],[281.03907,72.18026],[281.056,72.19912],[281.04631,72.21708],[281.022,72.22913],[281.02562,72.2426],[281.01809,72.24917],[281.06745,72.2747],[281.03248,72.29503],[281.02285,72.29462],[281.02488,72.27542],[281.00042,72.28103],[280.97408,72.29071],[280.96455,72.30477],[280.90879,72.33523],[280.65928,72.40847],[280.63931,72.39633],[280.65522,72.38071],[280.64396,72.36158],[280.58084,72.34475],[280.57871,72.33821],[280.54636,72.3393],[280.5188,72.32748],[280.53022,72.29683],[280.51115,72.29977],[280.48649,72.28991],[280.45697,72.29616],[280.44898,72.29396],[280.46767,72.28515],[280.43954,72.27628],[280.40512,72.27562],[280.35365,72.28798],[280.36753,72.29506],[280.37123,72.31502],[280.43004,72.34462],[280.53152,72.35726],[280.58873,72.37844],[280.5769,72.38091],[280.55783,72.41064],[280.58046,72.42039],[280.5353,72.42711],[280.42077,72.4629],[280.37181,72.44181],[280.36683,72.42433],[280.34739,72.43425],[280.33492,72.43023],[280.36924,72.39821],[280.29161,72.39074],[280.24086,72.42337],[280.31561,72.46708],[280.28864,72.48265],[280.25809,72.48861],[280.2501,72.48778],[280.25404,72.47554],[280.21396,72.47322],[280.21643,72.48484],[280.23567,72.48159],[280.24126,72.49313],[280.21787,72.50448],[280.15531,72.49813],[280.13209,72.4823],[280.14335,72.46787],[280.16958,72.46587],[280.13285,72.42594],[280.06641,72.40554],[279.98912,72.40187],[279.97941,72.39128],[279.9394,72.38775],[279.92865,72.37342],[279.83561,72.33367],[279.86659,72.31376],[279.81642,72.29679],[279.78413,72.30627],[279.76178,72.30126],[279.72176,72.27971],[279.72416,72.25816],[279.74843,72.24092],[279.75392,72.22345],[279.80543,72.20157],[279.77651,72.19784],[279.70633,72.20796],[279.71262,72.19329],[279.70591,72.18467],[279.6616,72.17739],[279.61801,72.17866],[279.60012,72.18813],[279.61764,72.19339],[279.60067,72.19692],[279.58901,72.18919],[279.51739,72.18926],[279.51371,72.18216],[279.55291,72.1514],[279.66729,72.09333],[279.67909,72.08378],[279.67775,72.07219],[279.64684,72.06557],[279.63176,72.04891],[279.60696,72.04074],[279.50209,72.02732],[279.46854,72.00647],[279.26798,71.9916],[279.26643,71.9787],[279.28796,71.95973],[279.25448,71.93441],[279.17293,71.90857],[279.16096,71.89677],[279.05504,71.89095],[279.05706,71.9001],[279.0779,71.91066],[279.18776,71.94594],[279.20562,71.96804],[279.19691,71.97786],[279.20289,71.99999],[279.23002,72.01941],[279.18667,72.03557],[279.18493,72.0454],[279.15314,72.0541],[279.09097,72.03948],[279.01397,72.04066],[278.92292,72.04543],[278.91736,72.0486],[278.92168,72.05806],[279.01195,72.06802],[278.99152,72.09774],[279.05835,72.09336],[279.21496,72.10051],[279.2466,72.10841],[279.27291,72.10563],[279.36849,72.06955],[279.46209,72.06954],[279.46209,72.08199],[279.44822,72.09788],[279.39104,72.1037],[279.31819,72.13106],[279.14953,72.16906],[279.10604,72.18869],[279.14721,72.20933],[279.18488,72.21085],[279.15918,72.21758],[279.15102,72.22938],[279.22663,72.29011],[279.31407,72.32509],[279.36743,72.36036],[279.5022,72.38655],[279.48715,72.4084],[279.50018,72.43327],[279.53149,72.46112],[279.52971,72.48387],[279.50044,72.51608],[279.46795,72.52068],[279.33809,72.48944],[279.24808,72.45208],[279.11257,72.44413],[279.11147,72.45539],[279.09733,72.46135],[279.12828,72.47819],[279.16605,72.48454],[279.26639,72.53217],[279.43535,72.5751],[279.50303,72.5794],[279.45942,72.61345],[279.46705,72.63159],[279.48159,72.64154],[279.51582,72.64531],[279.53869,72.66121],[279.64753,72.70251],[279.77584,72.7389],[279.75756,72.74678],[279.75931,72.76923],[279.73526,72.79044],[279.68603,72.80629],[279.52135,72.82873],[279.47423,72.85549],[279.46621,72.88901],[279.36973,72.93018],[279.38722,72.95043],[279.37008,72.95836],[279.39379,72.96506],[279.37218,72.96977],[279.37369,72.99731],[279.43492,73.01993],[279.42207,73.03269],[279.43653,73.04609],[279.43331,73.05447],[279.49471,73.09253],[279.46718,73.11981],[279.42551,73.13556],[279.43064,73.14873],[279.38254,73.16716],[278.9011,73.24135],[278.82657,73.25951],[278.80022,73.28521],[278.80123,73.29267],[278.82539,73.32119],[278.81339,73.33144],[278.83122,73.3534],[278.84593,73.3583],[278.84223,73.36297],[278.85571,73.38031],[278.83168,73.41377],[278.84746,73.41966],[278.80814,73.44888],[278.82281,73.46697],[278.81332,73.48378],[278.82735,73.4857],[278.79631,73.50148],[278.79267,73.50985],[278.80328,73.52149],[278.77866,73.54892],[278.70814,73.59693],[278.59766,73.63618],[278.54531,73.66497],[278.56285,73.6874],[278.45595,73.72473],[278.39123,73.73388],[278.29056,73.72492],[277.97075,73.73662],[277.54538,73.72549],[277.14609,73.73847],[277.1397,73.72019],[277.07795,73.6917],[277.01055,73.67215],[276.97663,73.64781],[276.94572,73.65155],[276.95821,73.65696],[276.81122,73.66867],[276.74937,73.64445],[276.42162,73.59803],[276.36049,73.59702],[276.30524,73.57489],[275.9949,73.50936],[276.31456,73.46119],[276.36332,73.43745],[276.38582,73.41369],[276.35694,73.38459],[276.2794,73.38992],[276.27238,73.39998],[276.29397,73.41417],[276.225,73.43754],[275.85037,73.48266],[275.44196,73.42128],[275.36269,73.40138],[275.41615,73.36477],[275.41928,73.34134],[275.44019,73.32499],[275.53707,73.30631],[275.61612,73.2733],[275.6564,73.24773],[275.69458,73.23861],[275.689,73.22749],[275.60976,73.2343],[275.5685,73.25605],[275.46963,73.28839],[275.36368,73.30524],[275.32267,73.32606],[275.29794,73.36533],[275.23835,73.39237],[275.0176,73.35638],[274.88181,73.31746],[274.87192,73.30433],[274.84959,73.29617],[274.84924,73.26823],[274.81981,73.24102],[274.82874,73.22501],[275.08599,73.18589],[275.13787,73.16752],[275.31404,73.1335],[275.58736,73.11258],[275.62672,73.1017],[275.80854,73.08434],[275.81229,73.08062],[275.79104,73.07405],[275.90446,73.06041],[275.85315,73.03711],[275.7572,73.05307],[275.43415,73.06765],[275.18391,73.08738],[275.04128,73.11336],[274.93632,73.1429],[274.8031,73.1502],[274.78424,73.14392],[274.78916,73.13067],[274.78268,73.1241],[274.83653,73.0914],[274.84367,73.07644],[274.87998,73.06311],[274.88106,73.05522],[274.86002,73.05159],[274.78677,73.06481],[274.79093,73.05901],[274.78202,73.05625],[274.64985,73.11419],[274.64446,73.12506],[274.65221,73.13197],[274.60913,73.14243],[274.58023,73.13937],[274.53788,73.11747],[274.5139,73.09314],[274.5133,73.06891],[274.50089,73.06189],[274.51098,73.05864],[274.46006,73.03489],[274.50864,73.02441],[274.63016,73.028],[274.84875,73.01115],[274.85319,73.01427],[274.83604,73.02499],[274.84763,73.03592],[274.9119,73.03119],[274.93281,73.02261],[274.9417,73.00544],[274.96252,72.99405],[274.89964,72.98786],[275.00715,72.97429],[275.07558,72.97474],[275.10252,72.96449],[275.04348,72.96843],[275.17706,72.93912],[275.20155,72.92588],[275.4237,72.90059],[275.50446,72.87535],[275.40276,72.86754],[275.08816,72.89341],[274.90282,72.94143],[274.71726,72.97245],[274.61581,72.97859],[274.43684,72.97137],[274.4046,72.96331],[274.3985,72.95745],[274.41313,72.95079],[274.37196,72.92279],[274.30781,72.90383],[274.31651,72.89392],[274.34059,72.89104],[274.35983,72.87816],[274.33901,72.84815],[274.3502,72.84171],[274.3458,72.82211],[274.32194,72.80478],[274.32739,72.78029],[274.33765,72.77214],[274.31234,72.75657],[274.3186,72.71476],[274.31081,72.70734],[274.32024,72.70102],[274.32221,72.68143],[274.30723,72.67323],[274.31381,72.66198],[274.29932,72.64959],[274.36128,72.60149],[274.38229,72.59347],[274.52312,72.58569],[274.54237,72.5787],[274.52008,72.57818],[274.53767,72.5713],[274.521,72.56511],[274.41029,72.55804],[274.39263,72.5393],[274.41853,72.53096],[274.48573,72.4638],[274.58975,72.44008],[274.66798,72.40873],[274.74628,72.40225],[274.75359,72.39342],[274.82218,72.40047],[274.88669,72.39078],[274.87901,72.38693],[274.8952,72.38322],[274.86383,72.37899],[274.85815,72.37458],[274.87872,72.37214],[274.84789,72.36162],[274.88207,72.35576],[274.89283,72.35867],[274.87957,72.3626],[274.8953,72.37268],[274.98592,72.37922],[275.01237,72.36853],[274.9886,72.36161],[275.00677,72.35922],[274.95807,72.34973],[275.00001,72.3433],[274.99458,72.33231],[275.00292,72.33059],[275.10736,72.34654],[275.19049,72.34681],[275.12903,72.32145],[275.12585,72.31677],[275.1459,72.31193],[275.14252,72.30653],[275.08063,72.30687],[275.07367,72.29253],[275.05982,72.28869],[275.21098,72.265],[275.24747,72.24897],[275.24195,72.24529],[275.24767,72.2429],[275.43535,72.2323],[275.25521,72.23433],[275.29877,72.21016],[275.32789,72.20622],[275.33439,72.195],[275.35209,72.19583],[275.34677,72.18211],[275.35258,72.17762],[275.39598,72.17191],[275.40449,72.16295],[275.46923,72.16112],[275.53805,72.13713],[275.60251,72.1315],[275.64522,72.13739],[275.63338,72.12696],[275.58791,72.12275],[275.63405,72.10715],[275.62936,72.09934],[275.64535,72.08133],[275.63877,72.07502],[275.57274,72.07305],[275.5647,72.08555],[275.48363,72.12079],[275.43495,72.12075],[275.40551,72.13122],[275.39923,72.14296],[275.38871,72.1378],[275.29865,72.14606],[275.29352,72.14872],[275.30139,72.15328],[275.19341,72.18274],[275.18722,72.18766],[275.19088,72.19753],[275.16708,72.18991],[275.16263,72.19262],[275.17522,72.19894],[275.13901,72.22715],[275.12072,72.22509],[275.02916,72.25128],[274.9485,72.25413],[274.94195,72.24989],[274.94751,72.24585],[274.94195,72.23278],[274.90704,72.22851],[274.92002,72.2466],[274.91488,72.25769],[274.69512,72.26867],[274.68502,72.25945],[274.68743,72.24231],[274.67042,72.24769],[274.67574,72.25695],[274.66979,72.25984],[274.66059,72.24862],[274.63235,72.25986],[274.61919,72.25158],[274.59103,72.26419],[274.52688,72.26909],[274.50248,72.25312],[274.51067,72.24976],[274.47935,72.23935],[274.49805,72.23352],[274.48264,72.22529],[274.52369,72.20829],[274.52464,72.19053],[274.50027,72.18019],[274.51653,72.17629],[274.5294,72.1848],[274.54314,72.18117],[274.53582,72.17614],[274.54813,72.17054],[274.58458,72.16351],[274.57371,72.15785],[274.58073,72.14004],[274.55371,72.1231],[274.52681,72.13344],[274.52398,72.11656],[274.45177,72.12804],[274.46022,72.11696],[274.47776,72.12069],[274.50162,72.09745],[274.52251,72.09156],[274.50819,72.0766],[274.48474,72.07453],[274.48178,72.0689],[274.49483,72.06038],[274.43886,72.06553],[274.39981,72.05658],[274.36868,72.06468],[274.36028,72.06378],[274.36079,72.05677],[274.31299,72.06472],[274.27108,72.0447],[274.24371,72.05098],[274.23634,72.03981],[274.22054,72.03596],[274.24541,72.03537],[274.23399,72.02811],[274.15538,72.02744],[274.1578,72.01918],[274.1218,72.03202],[274.09026,72.03418],[274.06144,72.02597],[274.03226,72.03606],[274.01434,72.03296],[274.04074,72.02523],[274.02747,72.01756],[274.03781,72.01346],[274.03609,71.99999],[274.06335,71.99999],[274.07432,71.99019],[274.06797,71.98903],[274.00346,72.00644],[273.97474,72.02668],[273.96526,72.01461],[273.99408,71.99999],[273.99126,71.99398],[273.99824,71.99077],[274.23426,71.96619],[274.39587,71.92228],[274.43488,71.90457],[274.45058,71.91086],[274.47376,71.90015],[274.4621,71.89669],[274.48274,71.89087],[274.48359,71.88099],[274.52675,71.84452],[274.55724,71.83397],[274.5826,71.81787],[274.58314,71.80983],[274.56475,71.79837],[274.5097,71.80411],[274.49119,71.79792],[274.46257,71.80565],[274.42752,71.79067],[274.50577,71.78431],[274.48432,71.77617],[274.51514,71.77433],[274.57992,71.75422],[274.7229,71.68403],[274.79713,71.67241],[275.03726,71.65822],[275.1514,71.63794],[275.1912,71.65122],[275.18774,71.66216],[275.15761,71.67396],[275.16146,71.68322],[275.32938,71.68979],[275.33909,71.68341],[275.41019,71.68385],[275.40257,71.67291],[275.41776,71.65894],[275.50808,71.64496],[275.56053,71.65022],[275.50841,71.63897],[275.4456,71.65407],[275.38181,71.64484],[275.39638,71.63598],[275.36365,71.62103],[275.36124,71.5931],[275.34142,71.59095],[275.43302,71.57211],[275.46776,71.55315],[275.4781,71.52145],[275.49668,71.4972],[275.49362,71.47319],[275.48282,71.46148],[275.44164,71.44626],[275.36811,71.44826],[275.37825,71.43979],[275.37553,71.43163],[275.39407,71.42256],[275.34049,71.44783],[275.30157,71.44282],[275.25252,71.42032],[275.27237,71.41258],[275.25836,71.40834],[275.28055,71.40281],[275.2707,71.39817],[275.28276,71.38388],[275.25574,71.3864],[275.251,71.38017],[275.25761,71.37529],[275.22505,71.37483],[275.24373,71.36783],[275.23929,71.35883],[275.22021,71.35435],[275.23647,71.34678],[275.22049,71.33412],[275.22497,71.32061],[275.21532,71.31458],[275.24194,71.26956],[275.36749,71.2258],[275.32428,71.23179],[275.33063,71.21957],[275.32451,71.21685],[275.29369,71.2269],[275.30239,71.22033],[275.22127,71.20173],[275.21612,71.18563],[275.2007,71.181],[275.21464,71.16455],[275.20544,71.15942],[275.21642,71.14447],[275.20072,71.1286],[275.20084,71.11664],[275.21054,71.11255],[275.19754,71.10851],[275.19743,71.07151],[275.22207,71.05368],[275.2617,71.03979],[275.22275,71.03618],[275.27161,71.00167],[275.25751,70.97216],[275.24081,70.96576],[275.24095,70.94],[275.08967,70.93291],[275.10423,70.92885],[275.10073,70.92003],[275.08253,70.92908],[275.06347,70.92713],[275.04333,70.95096],[275.09392,70.98973],[275.09492,71.01703],[275.04965,71.04536],[275.01666,71.03526],[275.0058,71.0364],[275.01674,71.04261],[275.0012,71.04624],[275.02604,71.05003],[275.01689,71.06627],[275.06932,71.06636],[275.05712,71.07308],[275.07335,71.0747],[275.01549,71.09137],[274.85158,71.09445],[274.91894,71.1018],[274.94343,71.09734],[274.95466,71.10791],[275.02334,71.10758],[275.03139,71.11],[275.02588,71.11574],[275.03821,71.11821],[275.14009,71.08039],[275.15298,71.10006],[275.15071,71.12613],[275.17147,71.13881],[275.17084,71.16181],[275.13524,71.18997],[275.09973,71.17607],[275.08848,71.17999],[275.10336,71.18511],[275.09067,71.18541],[275.09119,71.19733],[275.07253,71.1988],[275.07841,71.19213],[275.06945,71.19112],[275.04829,71.20234],[275.04689,71.19528],[275.00558,71.20067],[274.97107,71.19452],[274.94721,71.20445],[274.94035,71.20152],[274.94557,71.19487],[275.05616,71.17215],[275.00985,71.17201],[274.91847,71.193],[274.89861,71.18049],[274.90347,71.17111],[274.91967,71.17067],[274.93343,71.16046],[274.89889,71.16302],[274.9005,71.15262],[274.87391,71.15188],[274.88508,71.14407],[274.82056,71.14624],[274.81444,71.15062],[274.82293,71.15601],[274.84016,71.15646],[274.81225,71.1615],[274.784,71.1546],[274.76692,71.16562],[274.75705,71.16028],[274.74608,71.17059],[274.69165,71.1808],[274.63021,71.17634],[274.62578,71.18157],[274.6448,71.19046],[274.63979,71.19227],[274.57395,71.17236],[274.56296,71.18289],[274.51865,71.17659],[274.52949,71.16561],[274.2319,71.14805],[274.05126,71.08777],[273.90449,71.06167],[273.91279,71.05701],[273.88688,71.0451],[273.84513,71.04475],[273.82639,71.03304],[273.83147,71.02713],[273.73251,71.01136],[273.64213,71.01061],[273.51388,70.99254],[273.51738,70.98806],[273.41213,70.98427],[273.42087,70.98077],[273.31696,70.9833],[273.20315,70.9973],[273.23714,71.01658],[273.60461,71.04261],[273.61936,71.04462],[273.61287,71.0485],[273.62205,71.05507],[273.64522,71.05037],[273.77299,71.06541],[273.82353,71.07715],[273.84035,71.09146],[273.7932,71.10481],[273.79376,71.11075],[273.82457,71.10554],[273.82972,71.11453],[273.85018,71.11013],[273.84648,71.11806],[273.9445,71.12924],[274.05083,71.16803],[274.03466,71.17872],[274.06818,71.19125],[274.11687,71.19222],[274.14332,71.1846],[274.17997,71.19769],[274.22112,71.19938],[274.23759,71.18775],[274.24512,71.19687],[274.29158,71.20729],[274.28006,71.21483],[274.30625,71.21637],[274.38153,71.19632],[274.5115,71.18604],[274.56486,71.21449],[274.55397,71.22157],[274.55933,71.22825],[274.57345,71.22218],[274.60121,71.22775],[274.58877,71.20988],[274.64519,71.20651],[274.61325,71.2181],[274.62409,71.23167],[274.6294,71.22687],[274.62339,71.22229],[274.63906,71.21663],[274.65565,71.22653],[274.62962,71.24064],[274.55564,71.2355],[274.57395,71.24626],[274.55117,71.2483],[274.56516,71.25326],[274.61901,71.25781],[274.59259,71.2616],[274.5981,71.26483],[274.73437,71.25509],[274.83964,71.27956],[274.82821,71.28875],[274.79659,71.29209],[274.77583,71.27731],[274.69246,71.29669],[274.69858,71.30333],[274.75465,71.29652],[274.77851,71.30452],[274.77083,71.31057],[274.83817,71.2996],[274.88016,71.31168],[275.06915,71.2828],[275.17906,71.28026],[275.18535,71.29218],[275.16003,71.34425],[275.10617,71.3566],[275.08545,71.35333],[275.08667,71.37763],[275.10995,71.39595],[275.08972,71.41172],[275.09812,71.42884],[275.04478,71.43242],[274.96199,71.45256],[274.88527,71.45199],[274.86562,71.44429],[274.86077,71.45389],[274.80588,71.46481],[274.82677,71.46833],[274.80073,71.47741],[274.75304,71.48664],[274.74097,71.48161],[274.75184,71.47429],[274.74216,71.47169],[274.70404,71.48513],[274.72182,71.4881],[274.6956,71.49877],[274.65204,71.49266],[274.61591,71.50209],[274.61278,71.52034],[274.53111,71.5244],[274.52243,71.54538],[274.32487,71.61839],[274.31321,71.62616],[274.31427,71.64079],[274.28198,71.6578],[274.20438,71.67461],[274.0967,71.72569],[274.08649,71.73385],[274.0928,71.74118],[274.02704,71.75153],[273.98684,71.77012],[274.00629,71.77334],[274.00244,71.77691],[273.91076,71.79315],[273.90157,71.79828],[273.90338,71.81173],[273.81571,71.86122],[273.80202,71.88527],[273.77403,71.89583],[273.75844,71.91673],[273.6771,71.96338],[273.66628,71.97496],[273.68645,71.98414],[273.68537,71.99173],[273.60801,72.01263],[273.60294,72.02799],[273.60861,72.03718],[273.59023,72.05897],[273.59187,72.07796],[273.60707,72.08417],[273.58598,72.0916],[273.57449,72.10808],[273.57511,72.1317],[273.58553,72.15119],[273.57108,72.16578],[273.58164,72.18338],[273.55659,72.19686],[273.54657,72.20639],[273.54933,72.2137],[273.57111,72.22564],[273.57553,72.26584],[273.58103,72.28138],[273.60122,72.29435],[273.59713,72.30156],[273.66808,72.3465],[273.75735,72.38958],[273.77024,72.41371],[273.76466,72.42527],[273.66628,72.50139],[273.60052,72.53612],[273.37879,72.6187],[273.30505,72.66597],[273.30415,72.67463],[273.33788,72.6793],[273.30615,72.68873],[273.3035,72.70952],[273.29357,72.71508],[273.26383,72.70862],[273.28159,72.71598],[273.26522,72.72503],[273.3195,72.80432],[273.314,72.83244],[273.33004,72.84437],[273.32948,72.85353],[273.39786,72.89613],[273.57514,72.97168],[273.64332,73.03391],[273.67821,73.04161],[273.69023,73.0706],[273.72601,73.08094],[273.71593,73.10326],[273.72377,73.11495],[273.78452,73.15644],[273.81506,73.16564],[273.82259,73.19543],[273.88245,73.26058],[274.13401,73.39402],[274.39447,73.48146],[274.42063,73.4937],[274.42454,73.51232],[274.56342,73.53012],[274.80532,73.60812],[274.86407,73.61506],[274.94622,73.64471],[275.06844,73.66887],[275.15178,73.72191],[275.15338,73.73936],[275.17749,73.74147],[275.03016,73.78932],[274.89009,73.81183],[274.61085,73.82921],[274.46666,73.81995],[274.17288,73.84447],[273.89691,73.85347],[273.85974,73.86132],[273.80731,73.85414],[273.59242,73.84842],[273.45744,73.85543],[273.31563,73.84601],[273.13973,73.82153],[272.99891,73.81643],[272.93749,73.79833],[272.77429,73.792],[272.38797,73.73202],[271.9998,73.64956],[271.88071,73.61495],[271.72858,73.57],[271.6894,73.54709],[271.60158,73.5242],[271.52957,73.48311],[271.53763,73.46952],[271.53031,73.46315],[271.42826,73.45462],[271.32928,73.42198],[271.25067,73.38249],[271.23549,73.36442],[271.14698,73.33661],[271.16156,73.32337],[271.21394,73.30974],[271.10644,73.30547],[271.00955,73.28563],[270.96421,73.25613],[270.97919,73.23887],[270.95932,73.21792],[270.90999,73.21241],[270.90799,73.20601],[270.92366,73.19336],[270.85961,73.19147],[270.85609,73.1768],[270.8216,73.16474],[270.8312,73.15535],[270.88362,73.15569],[270.89621,73.1473],[270.79406,73.13609],[270.76294,73.10926],[270.75301,73.08416],[270.69684,73.05637],[270.69017,73.04688],[270.73513,73.04036],[270.72799,73.0239],[270.64947,72.99803],[270.67014,72.98826],[270.65985,72.97029],[270.66378,72.96086],[270.70876,72.94456],[270.71086,72.91461],[270.70072,72.91125],[270.70101,72.90362],[270.66696,72.89319],[270.70851,72.89166],[270.67918,72.87402],[270.62493,72.86284],[270.63941,72.85561],[270.60121,72.83877],[270.59338,72.82605],[270.62332,72.80333],[270.66937,72.8056],[270.75964,72.7889],[270.76813,72.78038],[270.70787,72.78083],[270.73144,72.75558],[270.72268,72.75474],[270.69461,72.75754],[270.66946,72.77092],[270.60255,72.76565],[270.57319,72.7791],[270.46393,72.78645],[270.42759,72.79728],[270.42438,72.7929],[270.46817,72.7768],[270.42969,72.72705],[270.42918,72.70424],[270.45374,72.69514],[270.49153,72.69883],[270.52941,72.67907],[270.53778,72.66121],[270.4563,72.66952],[270.42582,72.66509],[270.42023,72.66143],[270.4583,72.65606],[270.46009,72.6457],[270.48454,72.63517],[270.43303,72.62148],[270.36235,72.63607],[270.27938,72.62115],[270.26901,72.61532],[270.25137,72.57208],[270.22998,72.55532],[270.23501,72.52992],[270.22853,72.49906],[270.1965,72.48841],[270.23641,72.48186],[270.19271,72.47243],[270.21659,72.4638],[270.21158,72.4597],[270.11668,72.44629],[270.1025,72.42758],[270.08537,72.42511],[270.08329,72.41699],[270.0914,72.41397],[270.1464,72.41091],[270.18,72.39704],[270.10217,72.37211],[270.0972,72.36873],[270.1063,72.35766],[270.07736,72.35519],[270.05234,72.34279],[270.05696,72.33078],[270.04353,72.32293],[270.04893,72.30308],[270.07759,72.27073],[270.06284,72.25627],[270.10739,72.22652],[270.12567,72.20057],[270.11444,72.19006],[270.1596,72.18606],[270.17089,72.18145],[270.15564,72.17605],[270.20216,72.17218],[270.23339,72.16003],[270.28344,72.17951],[270.3488,72.18567],[270.44057,72.17459],[270.43241,72.16035],[270.39703,72.14169],[270.34517,72.13475],[270.35845,72.1246],[270.35066,72.11519],[270.25681,72.13198],[270.10665,72.08706],[269.97036,72.06527],[270.00697,72.05706],[270.01274,72.04254],[270.0446,72.02761],[270.00002,72.00945],[270.00002,71.99999],[270.02271,71.99999],[270.02634,71.99352],[269.99494,71.98076],[269.97949,71.95615],[269.92625,71.95216],[269.89359,71.93686],[269.91107,71.92066],[270.00138,71.90114],[270.0251,71.88826],[270.01673,71.87653],[270.07572,71.85994],[270.08162,71.85552],[270.06386,71.84462],[270.08107,71.82339],[270.14668,71.81784],[270.10577,71.79886],[270.15331,71.79494],[270.15014,71.78405],[270.19695,71.77124],[270.23944,71.77263],[270.21668,71.75794],[270.18004,71.75646],[270.18861,71.73239],[270.16835,71.72381],[270.17289,71.72033],[270.14004,71.71467],[270.14881,71.69175],[270.08402,71.67131],[270.06326,71.67299],[270.06195,71.66434],[270.01523,71.64247],[270.0372,71.61524],[269.97104,71.60756],[269.98201,71.60352],[269.98342,71.59346],[270.03349,71.57586],[270.03167,71.55878],[270.06287,71.52183],[270.03821,71.51559],[270.00075,71.52983],[269.98168,71.52738],[270.01548,71.51753],[270.04089,71.49982],[270.03012,71.49496],[270.02567,71.47953],[270.03192,71.47328],[270.01129,71.46469],[270.05727,71.43641],[270.057,71.42022],[270.12092,71.39826],[270.11466,71.36643],[270.20913,71.3362],[270.23644,71.34215],[270.35433,71.31762],[270.46554,71.31846],[270.78384,71.29121],[270.87637,71.29901],[270.91275,71.2846],[270.93881,71.29435],[270.9382,71.28752],[271.10671,71.27999],[271.21544,71.2624],[271.32752,71.25473],[271.53334,71.25055],[271.56488,71.24229],[271.80392,71.24093],[271.83575,71.23741],[271.88381,71.21862],[271.92493,71.21554],[271.93085,71.21653],[271.92327,71.22336],[272.00572,71.26423],[272.10094,71.27801],[272.12517,71.27807],[272.13712,71.26907],[272.17892,71.27392],[272.20928,71.26739],[272.16653,71.25321],[272.1852,71.23443],[272.16057,71.2017],[272.28934,71.14042],[272.51018,71.09129],[272.62139,71.07483],[272.62547,71.07174],[272.60377,71.06459],[272.63985,71.05485],[272.68439,71.05538],[272.6891,71.04952],[272.66733,71.04718],[272.73851,71.03228],[272.928,71.0206],[273.02199,71.00281],[272.94426,70.99904],[272.72854,71.01426],[272.71359,70.99846],[272.68838,70.99371],[272.67847,70.98577],[272.67805,70.97411],[272.64737,70.95693],[272.39584,70.95475],[272.32502,70.96267],[272.21267,70.9591],[272.12115,70.94326],[271.93929,70.94388],[271.69067,70.96171],[271.67336,70.96875],[271.64983,71.01365],[271.54322,71.03971],[271.41305,71.04567],[271.36877,71.059],[271.25877,71.05435],[271.22974,71.03625],[271.19006,71.03802],[271.17099,71.04802],[271.06411,71.05141],[270.89343,71.03342],[270.80286,71.04502],[270.81173,71.05124],[270.79247,71.0612],[270.81268,71.06788],[270.79019,71.0795],[270.7413,71.0777],[270.58113,71.09963],[270.46942,71.09707],[270.51106,71.08514],[270.52465,71.06984],[270.59519,71.05076],[270.65645,71.0195],[270.79369,70.99109],[270.83029,70.96914],[270.79229,70.96029],[270.81134,70.95353],[270.80808,70.9472],[270.70964,70.94408],[270.58678,70.91647],[270.58251,70.91198],[270.62858,70.86776],[270.63855,70.84497],[270.66689,70.81613],[270.8185,70.74835],[270.94592,70.70787],[270.9604,70.69661],[270.96824,70.67589],[271.01085,70.67501],[271.02383,70.65989],[271.00662,70.65271],[271.00561,70.63651],[271.12543,70.5588],[271.12855,70.54663],[271.22359,70.50387],[271.33486,70.46891],[271.40604,70.4595],[271.44238,70.46345],[271.5432,70.44917],[271.61613,70.46112],[271.63969,70.43448],[271.76955,70.42004],[271.80334,70.40661],[271.92278,70.38659],[272.01076,70.3495],[272.08774,70.3472],[272.12778,70.33558],[272.13813,70.31654],[272.12334,70.30871],[271.97915,70.319],[271.96677,70.32414],[271.96556,70.33355],[271.93386,70.34628],[271.85671,70.3508],[271.81445,70.34434],[271.80286,70.34716],[271.80969,70.35636],[271.7999,70.36118],[271.77688,70.3556],[271.76441,70.34242],[271.74107,70.34438],[271.88081,70.31061],[271.97974,70.31281],[272.01163,70.2868],[272.09699,70.26865],[272.07674,70.25553],[272.15517,70.24949],[272.24548,70.25338],[272.34241,70.28083],[272.33704,70.28565],[272.34486,70.28786],[272.38016,70.28799],[272.39533,70.29969],[272.24477,70.30832],[272.19821,70.31785],[272.21144,70.33305],[272.24546,70.34423],[272.33839,70.3297],[272.49905,70.33855],[272.65407,70.32042],[272.73527,70.32412],[272.77074,70.31204],[273.0228,70.29261],[273.03266,70.301],[273.01597,70.31162],[273.03349,70.31586],[273.02032,70.33416],[273.03194,70.34867],[273.03138,70.37298],[272.96271,70.38571],[272.82594,70.39185],[272.7976,70.37555],[272.78193,70.37558],[272.75915,70.39209],[272.79535,70.40219],[272.87697,70.40606],[272.9007,70.43234],[272.88319,70.44067],[272.90877,70.45384],[273.02636,70.47255],[273.06921,70.46911],[273.10122,70.44722],[273.03968,70.44738],[273.02678,70.43336],[273.0473,70.42148],[273.09645,70.42836],[273.14695,70.41869],[273.13862,70.41118],[273.06605,70.40828],[273.072,70.39571],[273.08502,70.39116],[273.17057,70.38263],[273.18341,70.39618],[273.22489,70.40489],[273.26284,70.39698],[273.28022,70.38425],[273.11855,70.36556],[273.10947,70.35302],[273.1389,70.33235],[273.23386,70.33127],[273.28448,70.34354],[273.35548,70.32372],[273.36236,70.32623],[273.35348,70.33066],[273.35476,70.34849],[273.34214,70.3723],[273.31711,70.38209],[273.37447,70.3845],[273.38496,70.40339],[273.4176,70.4096],[273.40121,70.41864],[273.40877,70.4255],[273.4613,70.42506],[273.68104,70.48797],[273.67621,70.49868],[273.6311,70.52321],[273.62656,70.52842],[273.63211,70.53074],[273.71204,70.50337],[273.72235,70.48626],[273.70576,70.46874],[273.46534,70.40704],[273.44914,70.39431],[273.45007,70.38396],[273.41411,70.36892],[273.44795,70.36363],[273.46782,70.35057],[273.45884,70.32566],[273.43824,70.31835],[273.4723,70.30961],[273.47526,70.30147],[273.45791,70.25348],[273.44933,70.24759],[273.52699,70.22446],[273.53577,70.21338],[273.59188,70.18685],[273.66627,70.16308],[273.68794,70.14601],[273.75017,70.1208],[273.96535,70.06918],[274.02686,70.06591],[274.16679,70.01757],[274.28565,70.00368],[274.42022,70.02583],[274.65735,70.00087],[274.69913,70.01244],[274.70329,70.00905],[274.6896,70.0009],[274.78033,69.9936],[274.65978,70.04329],[274.40248,70.08719],[274.27056,70.07983],[274.18396,70.05271],[274.16093,70.05224],[274.15985,70.07914],[274.14757,70.09476],[274.13248,70.09398],[274.24727,70.11244],[274.37124,70.11577],[274.59451,70.10575],[274.63174,70.11546],[274.70708,70.11461],[274.77054,70.09607],[274.86867,70.10038],[274.88366,70.08986],[274.91565,70.09422],[275.06718,70.07542],[275.12746,70.08839],[275.18299,70.11512],[275.22455,70.12293],[275.23263,70.11934],[275.23157,70.10789],[275.15726,70.07809],[275.17646,70.06481],[275.18139,70.04779],[275.22591,70.03222],[275.35788,70.01149],[275.4856,70.00766],[275.46459,70.01577],[275.52562,70.01683],[275.70566,69.99426],[275.9251,69.99743],[276.04149,69.97969],[276.27565,69.96394],[276.43234,69.96669],[276.59411,69.98797],[276.50415,69.69154],[276.4717,69.68726],[275.97195,69.76649],[275.96599,69.76817],[276.00434,69.77224],[275.92022,69.78797],[275.92303,69.79313],[275.89203,69.80204],[275.93117,69.80632],[275.91353,69.8201],[275.76343,69.84336],[275.80748,69.83016],[275.73076,69.83365],[275.70801,69.84674],[275.72172,69.85252],[275.57457,69.86901],[275.46904,69.86938],[275.34748,69.85247],[275.31724,69.84167],[275.25782,69.84163],[275.13951,69.86058],[275.13257,69.85813],[275.14442,69.84356],[275.18728,69.84392],[275.15999,69.83711],[275.16882,69.82521],[275.15245,69.81191],[275.09237,69.82405],[275.05294,69.80418],[274.9833,69.80497],[274.95151,69.79097],[275.00133,69.76738],[274.85563,69.79448],[274.79271,69.81376],[274.75657,69.81324],[274.78492,69.81984],[274.65777,69.85193],[274.63733,69.85073],[274.63933,69.85823],[274.59123,69.85428],[274.58358,69.8477],[274.54531,69.86216],[274.48704,69.86343],[274.48197,69.85652],[274.46065,69.86429],[274.42494,69.82647],[274.59931,69.82613],[274.62984,69.83335],[274.67985,69.82595],[274.68117,69.81279],[274.72825,69.80297],[274.67918,69.80161],[274.70273,69.77808],[274.72838,69.78848],[274.7825,69.79282],[274.75999,69.79776],[274.84392,69.79154],[274.79159,69.79219],[274.79651,69.78739],[274.74238,69.76627],[274.76078,69.76387],[274.75261,69.75963],[274.71551,69.75616],[274.755,69.78481],[274.74559,69.78636],[274.61936,69.74898],[274.61416,69.75495],[274.64908,69.77485],[274.65058,69.79225],[274.62954,69.79107],[274.62112,69.79924],[274.55117,69.77231],[274.52231,69.78293],[274.51002,69.77241],[274.51465,69.75705],[274.56209,69.75415],[274.61504,69.72917],[274.58627,69.71705],[274.58101,69.70578],[274.58983,69.69691],[274.55703,69.69209],[274.54749,69.67227],[274.51454,69.68215],[274.54156,69.68377],[274.53495,69.6914],[274.50405,69.69201],[274.50113,69.66249],[274.48018,69.65922],[274.48301,69.65014],[274.53988,69.62364],[274.54606,69.60913],[274.66453,69.57283],[274.54465,69.57264],[274.54769,69.56241],[274.58333,69.55515],[274.54985,69.55151],[274.49715,69.52823],[274.49708,69.50502],[274.50477,69.49872],[274.4868,69.49028],[274.53763,69.44171],[274.59614,69.44819],[274.61639,69.46318],[274.69988,69.44349],[274.6213,69.45469],[274.61424,69.45132],[274.61747,69.44175],[274.67538,69.43145],[274.6428,69.42618],[274.64864,69.41099],[274.63991,69.40654],[274.58644,69.42009],[274.53969,69.4191],[274.52514,69.41098],[274.53078,69.38546],[274.55633,69.37243],[274.63624,69.37153],[274.61242,69.35922],[274.56798,69.36457],[274.56401,69.3606],[274.58033,69.34359],[274.57986,69.33464],[274.65688,69.3258],[274.64876,69.31926],[274.69352,69.30766],[274.66144,69.3033],[274.61392,69.30881],[274.61957,69.31385],[274.59552,69.32339],[274.52204,69.32354],[274.52778,69.3079],[274.563,69.28732],[274.55897,69.26221],[274.59207,69.26791],[274.59504,69.25008],[274.60797,69.2424],[274.66812,69.22507],[274.62726,69.22685],[274.63799,69.22225],[274.6194,69.2134],[274.63252,69.20823],[274.66624,69.20653],[274.70473,69.19059],[274.82707,69.19622],[274.8191,69.17725],[274.75629,69.18073],[274.70488,69.16115],[274.76832,69.13743],[274.82234,69.13318],[274.85333,69.14053],[274.83697,69.14724],[274.84414,69.15658],[274.81082,69.16475],[274.85714,69.17325],[274.93112,69.16855],[274.95338,69.17835],[274.97849,69.1726],[275.0352,69.17738],[275.04694,69.17047],[275.01231,69.16416],[274.94623,69.1674],[274.92334,69.15578],[274.9302,69.14604],[274.87295,69.13759],[274.90215,69.1289],[274.90013,69.11956],[274.92051,69.11703],[275.03984,69.14909],[275.05511,69.13596],[274.99749,69.11399],[275.06709,69.11378],[275.08917,69.12127],[275.08199,69.11217],[275.09677,69.10136],[275.0645,69.08882],[275.15509,69.07747],[275.174,69.0851],[275.2851,69.084],[275.29373,69.076],[275.28586,69.06002],[275.25743,69.05977],[275.27115,69.0499],[275.26228,69.04158],[275.29807,69.03228],[275.30637,69.03211],[275.27837,69.0468],[275.31458,69.03862],[275.33676,69.04977],[275.3778,69.02707],[275.47402,69.02978],[275.50456,69.02046],[275.5029,69.01271],[275.4698,69.01017],[275.46328,68.99806],[275.3428,69.02461],[275.34359,69.01467],[275.3153,69.01465],[275.2529,69.03534],[275.20572,69.04172],[275.19915,69.03259],[275.17232,69.03132],[275.21409,69.01899],[275.20654,69.01245],[275.17926,69.02041],[275.15354,69.01333],[275.14423,69.01952],[275.08243,69.01918],[275.10091,69.02408],[275.09692,69.02725],[275.03608,69.01534],[275.03499,69.00872],[275.06759,69.00652],[275.07841,69.01338],[275.11104,69.01301],[275.09615,68.99852],[275.1064,68.99137],[275.08973,68.98961],[275.1306,68.98379],[275.11234,68.98119],[275.11989,68.979],[275.20333,68.97393],[275.25674,68.95527],[275.21606,68.95444],[275.25386,68.93354],[275.20443,68.94717],[275.26719,68.91932],[275.15378,68.95232],[275.10833,68.94709],[275.14061,68.94074],[275.09295,68.93998],[275.09754,68.94736],[275.05042,68.9606],[274.94626,68.96678],[274.90885,68.95698],[274.89626,68.96308],[274.8742,68.96408],[274.86685,68.95958],[274.89341,68.96045],[274.90693,68.94971],[274.89327,68.94182],[274.9833,68.92505],[274.99868,68.92871],[274.99708,68.93499],[275.02184,68.93086],[275.03962,68.93763],[275.00885,68.91236],[274.96522,68.91552],[274.96478,68.90887],[274.98271,68.89815],[274.99598,68.89777],[275.00251,68.90713],[275.01383,68.89763],[275.0697,68.89665],[275.09182,68.89953],[275.07641,68.90646],[275.08885,68.90726],[275.11417,68.89595],[275.03209,68.89333],[275.02221,68.88712],[275.03421,68.87782],[274.96132,68.88464],[274.99722,68.86711],[274.96621,68.86601],[274.96195,68.8738],[274.92806,68.87903],[274.84733,68.87996],[274.83671,68.8641],[274.81906,68.86284],[274.84784,68.85394],[274.86091,68.83839],[274.88456,68.83317],[274.86112,68.82803],[274.88899,68.82399],[274.96375,68.8392],[274.94125,68.82597],[275.03441,68.81038],[275.05761,68.82011],[275.15681,68.82857],[275.18679,68.82162],[275.17828,68.81397],[275.22071,68.81334],[275.23819,68.80191],[275.21476,68.79174],[275.27816,68.78249],[275.28496,68.77157],[275.26759,68.75882],[275.27321,68.7551],[275.24071,68.74607],[275.30559,68.73258],[275.20549,68.74522],[275.12197,68.74597],[275.10182,68.75705],[275.06532,68.76152],[275.01978,68.76204],[274.95212,68.74839],[274.96506,68.75631],[274.91994,68.76161],[274.93847,68.75109],[274.93432,68.74829],[274.8779,68.75387],[274.88597,68.76432],[274.80066,68.77096],[274.76378,68.76343],[274.78637,68.75712],[274.73372,68.76088],[274.74724,68.75958],[274.74147,68.75386],[274.75093,68.74998],[274.79364,68.75058],[274.77803,68.74392],[274.8208,68.72451],[274.85035,68.72017],[274.83794,68.71544],[274.75728,68.73704],[274.72959,68.73576],[274.74381,68.72914],[274.73102,68.72696],[274.63283,68.74583],[274.67833,68.76037],[274.67647,68.77172],[274.63075,68.77168],[274.59536,68.78727],[274.57476,68.78265],[274.53456,68.7897],[274.48345,68.78687],[274.51634,68.77118],[274.5809,68.77066],[274.56041,68.7511],[274.4738,68.74223],[274.46853,68.7397],[274.48345,68.73307],[274.47469,68.72955],[274.42072,68.74659],[274.39439,68.74359],[274.36458,68.72396],[274.36795,68.71094],[274.32785,68.67289],[274.33084,68.65668],[274.30771,68.65146],[274.30386,68.63945],[274.28881,68.63181],[274.29859,68.62496],[274.28991,68.60763],[274.29677,68.59562],[274.28924,68.58974],[274.29931,68.57988],[274.2849,68.56625],[274.30977,68.55554],[274.30449,68.53899],[274.3109,68.5355],[274.2998,68.53413],[274.32126,68.49322],[274.29302,68.48915],[274.29295,68.47513],[274.28255,68.468],[274.29297,68.46732],[274.28886,68.4583],[274.34832,68.46034],[274.35722,68.44709],[274.2846,68.44286],[274.29642,68.41707],[274.32116,68.40842],[274.26511,68.37521],[274.26024,68.35772],[274.24586,68.34961],[274.25043,68.33838],[274.19582,68.32486],[274.23907,68.3021],[274.24359,68.29271],[274.22599,68.29002],[274.20917,68.27189],[274.18252,68.26798],[274.18298,68.25946],[274.16434,68.24324],[274.18714,68.22481],[274.24607,68.21723],[274.24007,68.2099],[274.19043,68.20146],[274.17274,68.1882],[274.1419,68.19848],[274.12106,68.18695],[274.12844,68.15654],[274.16737,68.14868],[274.16369,68.13068],[274.12558,68.12702],[274.12098,68.11596],[274.11782,68.09749],[274.12328,68.07703],[274.13655,68.06406],[274.13491,68.05264],[274.09169,68.03978],[274.07773,68.02405],[274.05481,68.01515],[273.99254,68.00168],[273.94632,68.00086],[273.9632,67.99579],[273.94101,67.99327],[273.93188,67.98101],[273.91394,67.98245],[273.91,68.0003],[273.92975,68.0112],[273.92423,68.01739],[273.8984,68.01088],[273.88813,68.00304],[273.899,67.98789],[273.89933,67.96606],[273.83909,67.91457],[273.77332,67.89384],[273.72493,67.86527],[273.68652,67.83927],[273.67582,67.81858],[273.60888,67.78775],[273.51897,67.71441],[273.50012,67.68969],[273.50178,67.66919],[273.54237,67.65427],[273.52191,67.63236],[273.54773,67.62537],[273.52504,67.61731],[273.57932,67.59565],[273.53636,67.56614],[273.53582,67.52668],[273.54675,67.51615],[273.50728,67.4989],[273.51075,67.48958],[273.53897,67.48317],[273.53012,67.4638],[273.5392,67.44874],[273.51987,67.4525],[273.50827,67.43391],[273.50489,67.4524],[273.489,67.45556],[273.48198,67.44505],[273.47975,67.41898],[273.49944,67.39892],[273.49066,67.39513],[273.51933,67.37976],[273.5049,67.36381],[273.51519,67.35996],[273.49656,67.36162],[273.49254,67.33332],[273.48213,67.35669],[273.46405,67.36705],[273.45724,67.36387],[273.46283,67.35355],[273.42387,67.33696],[273.41594,67.35196],[273.43385,67.34988],[273.44404,67.35682],[273.42666,67.35865],[273.43306,67.38502],[273.40558,67.41181],[273.3797,67.40204],[273.40424,67.37079],[273.38527,67.37566],[273.40033,67.35602],[273.3932,67.35608],[273.35464,67.37709],[273.34932,67.375],[273.35565,67.36052],[273.31545,67.3754],[273.34271,67.3725],[273.3137,67.39382],[273.29887,67.39187],[273.26544,67.40555],[273.28145,67.41434],[273.2585,67.42715],[273.21936,67.4236],[273.20454,67.41475],[273.15631,67.4152],[273.10893,67.37891],[273.07435,67.36461],[273.05228,67.36499],[273.06823,67.3568],[273.0494,67.35376],[273.05614,67.34418],[273.05006,67.3389],[273.06206,67.33456],[273.03579,67.33416],[273.07118,67.31633],[273.01262,67.31987],[273.027,67.32508],[273.01719,67.33347],[272.9988,67.32406],[273.00293,67.34317],[273.02547,67.3405],[273.03,67.34675],[272.99395,67.35978],[272.99923,67.34743],[272.99266,67.34492],[272.9745,67.3582],[272.93873,67.35309],[272.93565,67.33325],[272.97111,67.32026],[272.97858,67.30714],[273.04129,67.3085],[273.02038,67.30079],[273.04686,67.28788],[273.01538,67.2902],[273.02087,67.27164],[273.04831,67.2603],[273.04976,67.24947],[273.09813,67.21302],[273.1259,67.20578],[273.12209,67.19767],[273.14772,67.17262],[273.05503,67.23964],[273.00628,67.25338],[273.03998,67.2363],[273.02798,67.23331],[272.96212,67.26188],[272.94404,67.25338],[272.95672,67.24466],[272.94688,67.23103],[272.95141,67.21802],[272.92201,67.21153],[272.92398,67.1977],[272.91199,67.18484],[272.91987,67.17103],[272.91389,67.16826],[272.89925,67.18347],[272.90583,67.19355],[272.89119,67.20394],[272.91171,67.21053],[272.87976,67.21788],[272.87509,67.23044],[272.84784,67.24518],[272.84199,67.24057],[272.84491,67.22556],[272.88008,67.20939],[272.8257,67.22442],[272.82105,67.22229],[272.83949,67.20788],[272.7751,67.19069],[272.7804,67.17813],[272.77277,67.16831],[272.78036,67.16047],[272.76869,67.14851],[272.77169,67.13626],[272.7482,67.12907],[272.76024,67.11512],[272.75879,67.10141],[272.71149,67.10309],[272.73905,67.11266],[272.7272,67.125],[272.72571,67.14385],[272.70331,67.15403],[272.69449,67.18713],[272.60074,67.18283],[272.58378,67.17058],[272.59787,67.16253],[272.59075,67.15201],[272.55407,67.14892],[272.57288,67.14345],[272.53859,67.13524],[272.51341,67.11501],[272.50855,67.13007],[272.54183,67.16263],[272.45654,67.19828],[272.5404,67.18238],[272.5417,67.19333],[272.53216,67.20076],[272.58777,67.2062],[272.62082,67.22133],[272.62413,67.23061],[272.61522,67.23298],[272.66026,67.23325],[272.66218,67.25427],[272.63613,67.24922],[272.62578,67.25828],[272.67209,67.26378],[272.62507,67.27573],[272.55777,67.25627],[272.58738,67.28207],[272.61255,67.2883],[272.56852,67.30334],[272.56497,67.33715],[272.54555,67.36669],[272.52784,67.37256],[272.52553,67.3598],[272.5139,67.37669],[272.48284,67.37362],[272.48232,67.38188],[272.45539,67.38392],[272.44858,67.39607],[272.39943,67.42153],[272.35262,67.46613],[272.18298,67.55288],[272.18098,67.5715],[272.13417,67.56861],[272.15091,67.57679],[272.12284,67.58591],[272.08343,67.61828],[271.99034,67.63897],[271.88507,67.68057],[271.87245,67.69857],[271.88488,67.74492],[271.8628,67.73434],[271.85619,67.74049],[271.86543,67.75029],[271.82821,67.75756],[271.80157,67.77549],[271.79305,67.79337],[271.76983,67.81052],[271.77577,67.81905],[271.76149,67.82037],[271.76809,67.82614],[271.74695,67.83268],[271.74941,67.84201],[271.71705,67.86558],[271.71836,67.88752],[271.69935,67.89287],[271.69054,67.90684],[271.70464,67.91355],[271.62,67.98548],[271.66345,67.99229],[271.66783,67.99904],[271.66218,68.00446],[271.6363,68.00334],[271.62988,68.0049],[271.6362,68.00907],[271.6207,68.0111],[271.63885,68.01952],[271.65922,68.01118],[271.67328,68.01743],[271.64895,68.03367],[271.69832,68.05748],[271.69144,68.06294],[271.6941,68.08255],[271.74465,68.12372],[271.73842,68.16304],[271.7102,68.18191],[271.7005,68.20736],[271.63369,68.25932],[271.62509,68.28152],[271.62992,68.29032],[271.74601,68.32605],[271.74902,68.33787],[271.77814,68.35904],[271.81348,68.36492],[271.80134,68.37533],[271.80551,68.38048],[271.83082,68.38274],[271.83795,68.37819],[271.83684,68.3219],[271.84475,68.28528],[271.82624,68.26748],[271.83237,68.24923],[271.85637,68.23984],[271.91228,68.25038],[272.00718,68.24074],[272.08957,68.20784],[272.13138,68.24392],[272.17949,68.25483],[272.17248,68.26787],[272.19922,68.27964],[272.19167,68.28469],[272.22485,68.31963],[272.20554,68.3303],[272.22928,68.33943],[272.21542,68.36345],[272.23389,68.38762],[272.22407,68.41311],[272.19483,68.42706],[272.20497,68.43065],[272.18215,68.44278],[272.18542,68.45185],[272.17652,68.45945],[272.1906,68.4778],[272.17425,68.48562],[272.16105,68.47961],[272.16101,68.48786],[272.14836,68.49556],[272.14955,68.50652],[272.13598,68.50166],[272.1242,68.51621],[272.12897,68.52363],[272.12235,68.53894],[272.10201,68.55168],[272.07198,68.59745],[272.08295,68.63582],[272.07561,68.64245],[272.10258,68.66204],[272.08842,68.68055],[272.08643,68.70855],[272.07038,68.72435],[272.07691,68.73676],[272.06035,68.74182],[272.05485,68.75984],[272.01149,68.78399],[271.99677,68.80639],[271.93786,68.85019],[271.88637,68.86744],[271.83209,68.90488],[271.77997,68.9292],[271.62874,68.98038],[271.50804,69.00845],[271.41543,69.04442],[271.35191,69.05331],[271.20351,69.11544],[271.19425,69.12435],[271.19999,69.12764],[271.1675,69.13939],[271.17024,69.14733],[271.13061,69.16243],[271.12306,69.17038],[271.13477,69.17468],[271.12611,69.17648],[271.12735,69.18332],[271.06178,69.223],[271.07763,69.23225],[271.03229,69.25271],[270.89374,69.28367],[270.72977,69.26862],[270.62966,69.23205],[270.6169,69.19642],[270.53583,69.12603],[270.42618,69.07034],[270.37137,69.06292],[270.26269,68.97741],[270.25535,68.96155],[270.27551,68.89742],[270.30421,68.86741],[270.30427,68.85895],[270.28184,68.83925],[270.31999,68.83603],[270.33232,68.81614],[270.30632,68.78898],[270.32645,68.77077],[270.29343,68.72477],[270.3023,68.72072],[270.27075,68.69776],[270.2892,68.67251],[270.27871,68.64253],[270.26546,68.62404],[270.23669,68.63348],[270.25412,68.64162],[270.26419,68.66886],[270.25405,68.69075],[270.23155,68.70534],[270.23881,68.71229],[270.22359,68.71143],[270.21898,68.7282],[270.19292,68.71724],[270.19083,68.71111],[270.20483,68.70765],[270.18001,68.70102],[270.15159,68.68142],[270.16363,68.67755],[270.10529,68.66396],[270.10522,68.6539],[270.06735,68.6187],[270.07658,68.57443],[270.08875,68.56233],[270.15893,68.54508],[270.24991,68.55256],[270.1739,68.54024],[270.17005,68.51632],[270.15716,68.50855],[270.16792,68.49122],[270.10733,68.49002],[270.13113,68.46285],[270.01742,68.44452],[270.02068,68.436],[270.03368,68.43554],[270.10813,68.44407],[270.00854,68.41861],[270.03931,68.41168],[270.02357,68.4051],[270.03046,68.40064],[270.02365,68.39596],[270.02791,68.3904],[269.97056,68.36328],[269.96703,68.35489],[269.90621,68.33854],[269.95148,68.33938],[269.9686,68.33269],[269.90835,68.33074],[269.88291,68.3403],[269.87066,68.33616],[269.88518,68.32838],[269.85636,68.33046],[269.86309,68.30407],[269.88196,68.3017],[269.8795,68.28643],[269.91558,68.27349],[269.90532,68.26017],[269.77796,68.23598],[269.77391,68.24885],[269.74457,68.24566],[269.75569,68.25119],[269.71827,68.26366],[269.73834,68.27202],[269.71675,68.29384],[269.66083,68.29059],[269.71196,68.30054],[269.6818,68.32363],[269.71059,68.33209],[269.69347,68.34492],[269.70241,68.35827],[269.68489,68.36219],[269.51327,68.33184],[269.40655,68.32226],[269.71561,68.37634],[269.61682,68.40229],[269.47288,68.42013],[269.43476,68.44214],[269.4181,68.43711],[269.40534,68.45853],[269.47942,68.48926],[269.53696,68.53253],[269.52679,68.55438],[269.49355,68.55896],[269.49424,68.57145],[269.46673,68.57738],[269.51009,68.57951],[269.51427,68.58951],[269.53046,68.58882],[269.53363,68.60088],[269.5039,68.61569],[269.45048,68.61986],[269.49211,68.62271],[269.45495,68.63283],[269.48875,68.64446],[269.50494,68.66114],[269.477,68.66404],[269.48568,68.66894],[269.51757,68.66781],[269.53271,68.6861],[269.53405,68.71029],[269.54169,68.71704],[269.51804,68.71943],[269.4939,68.72913],[269.50732,68.73694],[269.48186,68.74026],[269.5021,68.76488],[269.50346,68.78953],[269.48407,68.79711],[269.51585,68.79324],[269.51291,68.78346],[269.52076,68.78015],[269.5137,68.77317],[269.54847,68.77976],[269.53362,68.78248],[269.54329,68.79605],[269.5627,68.80034],[269.55872,68.82758],[269.54768,68.83071],[269.5673,68.83088],[269.56882,68.83909],[269.50638,68.83471],[269.46298,68.81887],[269.45225,68.80074],[269.40659,68.81119],[269.42763,68.82529],[269.49644,68.84832],[269.56609,68.84301],[269.5864,68.84934],[269.5686,68.8601],[269.52741,68.85977],[269.52548,68.87122],[269.53235,68.87615],[269.57285,68.88722],[269.47282,68.92449],[269.37822,68.92439],[269.42789,68.93195],[269.42543,68.945],[269.41252,68.95545],[269.4417,68.95483],[269.4539,68.96197],[269.40878,69.00551],[269.35786,68.99979],[269.30342,69.02264],[269.33087,69.02298],[269.33847,69.03521],[269.31188,69.04377],[269.36614,69.06272],[269.35017,69.06909],[269.36852,69.08621],[269.24875,69.11741],[269.20632,69.14282],[269.10326,69.17302],[269.03832,69.20115],[269.05748,69.2071],[269.00021,69.22166],[269.00762,69.233],[268.96248,69.23189],[268.91667,69.24629],[268.84253,69.28631],[268.82181,69.28537],[268.80127,69.29515],[268.78709,69.28684],[268.75181,69.28969],[268.7859,69.29667],[268.7046,69.315],[268.5702,69.36319],[268.58904,69.36418],[268.64141,69.34456],[268.8409,69.29842],[268.96098,69.32162],[269.02158,69.34974],[269.02802,69.35674],[269.02311,69.35977],[269.08181,69.3646],[269.02304,69.33671],[269.01072,69.32132],[269.02912,69.31746],[268.9064,69.28634],[268.9331,69.28927],[268.93602,69.27782],[268.95985,69.27734],[269.04702,69.3006],[269.1096,69.3072],[269.10027,69.29681],[269.04182,69.2929],[269.08991,69.28209],[269.04375,69.27804],[269.04045,69.26985],[269.12847,69.28051],[269.0964,69.26101],[269.14106,69.25615],[269.20424,69.27002],[269.1893,69.28253],[269.20683,69.29716],[269.19115,69.30214],[269.20325,69.31388],[269.18707,69.34101],[269.17559,69.34274],[269.23489,69.36715],[269.19555,69.36899],[269.28777,69.39094],[269.27234,69.39227],[269.26843,69.39871],[269.27447,69.40069],[269.31619,69.39629],[269.35336,69.40571],[269.40056,69.4291],[269.38802,69.43213],[269.39138,69.4394],[269.34782,69.43927],[269.34416,69.448],[269.30106,69.46544],[269.40652,69.45975],[269.42294,69.44903],[269.40881,69.44442],[269.42152,69.43558],[269.48892,69.45181],[269.43985,69.43078],[269.45335,69.42946],[269.49767,69.43068],[269.51499,69.44644],[269.57823,69.4652],[269.59422,69.4627],[269.585,69.44455],[269.62205,69.44449],[269.65399,69.45636],[269.64415,69.4613],[269.65051,69.46554],[269.6096,69.46636],[269.61527,69.47609],[269.59788,69.47771],[269.59174,69.49241],[269.55743,69.48855],[269.58247,69.49688],[269.57273,69.50296],[269.53894,69.49224],[269.55033,69.50669],[269.4985,69.52156],[269.42451,69.53738],[269.37662,69.52887],[269.38847,69.54242],[269.36752,69.54816],[269.34768,69.52033],[269.3008,69.48233],[269.29847,69.47209],[269.24685,69.46998],[269.29255,69.4975],[269.30866,69.4957],[269.3554,69.54466],[269.31114,69.55253],[269.25085,69.50418],[269.27831,69.49197],[269.25469,69.4902],[269.24185,69.49881],[269.198,69.48996],[269.1344,69.4503],[269.11173,69.45125],[269.14429,69.47278],[269.18672,69.48782],[269.19067,69.49508],[269.18117,69.49793],[269.19271,69.50281],[269.12802,69.4869],[269.1661,69.51088],[269.12869,69.50812],[269.13507,69.51375],[269.09905,69.5048],[269.11639,69.5021],[269.02553,69.47662],[269.11124,69.517],[269.05842,69.52421],[268.95227,69.50319],[268.8916,69.47049],[268.94241,69.45559],[268.86102,69.46235],[268.73637,69.42154],[268.70882,69.41768],[268.83851,69.46554],[268.87723,69.46972],[268.88478,69.48266],[268.90437,69.49136],[268.9129,69.51116],[268.9249,69.50325],[268.94394,69.51264],[268.95406,69.50889],[269.01514,69.52171],[269.03032,69.53113],[269.01644,69.53653],[268.95464,69.53125],[268.94097,69.5161],[268.88313,69.51856],[268.85825,69.52538],[268.87901,69.54001],[268.84509,69.53212],[268.85301,69.54141],[268.87698,69.54711],[268.84504,69.54788],[268.8579,69.55346],[268.83761,69.56119],[268.84022,69.56938],[268.83383,69.57127],[268.79282,69.5566],[268.68877,69.545],[268.67526,69.53872],[268.6965,69.52553],[268.65902,69.52129],[268.65677,69.52633],[268.66819,69.53103],[268.64949,69.53416],[268.62873,69.52658],[268.59866,69.53505],[268.54318,69.53482],[268.46674,69.51237],[268.3869,69.52322],[268.46076,69.53158],[268.51656,69.54713],[268.57896,69.54297],[268.65796,69.55234],[268.7257,69.57639],[268.73829,69.59614],[268.79157,69.61664],[268.77409,69.62776],[268.80541,69.6512],[268.77768,69.64895],[268.77577,69.63254],[268.76728,69.63307],[268.74556,69.64924],[268.74124,69.66161],[268.69318,69.65976],[268.67859,69.64848],[268.65032,69.66607],[268.60586,69.66873],[268.58433,69.66115],[268.53892,69.66928],[268.5155,69.66239],[268.51586,69.64778],[268.42909,69.62311],[268.41979,69.60994],[268.45355,69.59462],[268.41169,69.58398],[268.41904,69.57572],[268.36394,69.56105],[268.35555,69.5627],[268.36752,69.5665],[268.35851,69.56885],[268.30849,69.56234],[268.30104,69.5576],[268.31134,69.55479],[268.29607,69.55034],[268.34414,69.5459],[268.32643,69.54442],[268.31444,69.52807],[268.24844,69.52577],[268.23354,69.51491],[268.29211,69.52526],[268.28799,69.52141],[268.29822,69.51768],[268.21289,69.50614],[268.2449,69.48266],[268.17376,69.50547],[268.12892,69.50801],[268.13899,69.51434],[268.02522,69.5371],[268.00612,69.5486],[267.98766,69.5439],[267.96063,69.55407],[267.9446,69.54434],[267.93406,69.55945],[267.89684,69.55938],[267.89169,69.56169],[267.90821,69.56709],[267.88738,69.56901],[267.90193,69.57396],[267.86302,69.58281],[267.85825,69.59629],[267.81326,69.60103],[267.81997,69.60625],[267.80493,69.607],[267.78555,69.59384],[267.79525,69.61137],[267.77618,69.60848],[267.76592,69.61559],[267.7818,69.62101],[267.72093,69.64609],[267.77176,69.63565],[267.8472,69.63763],[267.82044,69.64116],[267.82658,69.64844],[267.80702,69.65239],[267.8145,69.66035],[267.71681,69.66345],[267.74923,69.67246],[267.68151,69.66881],[267.69626,69.65576],[267.53646,69.70434],[267.38368,69.68387],[267.37248,69.68093],[267.36838,69.66724],[267.3506,69.66157],[267.23781,69.67582],[267.19314,69.66832],[267.20888,69.66511],[267.18655,69.65919],[267.1787,69.66969],[267.22208,69.68039],[267.12225,69.67289],[267.05654,69.6884],[267.00463,69.68997],[267.0815,69.69525],[267.08873,69.69388],[267.07625,69.68931],[267.11437,69.67859],[267.17152,69.68657],[267.27333,69.68515],[267.28054,69.6824],[267.27066,69.67808],[267.29034,69.67532],[267.30025,69.68306],[267.33689,69.66774],[267.34215,69.6691],[267.32189,69.67962],[267.34895,69.69145],[267.34175,69.69511],[267.48997,69.71517],[267.33146,69.71817],[267.12685,69.6973],[267.16038,69.70505],[267.16565,69.7103],[267.15514,69.72011],[267.20185,69.71919],[267.20578,69.71325],[267.24462,69.71802],[267.22489,69.72237],[267.25058,69.72646],[267.25785,69.73056],[267.24734,69.73422],[267.25921,69.73832],[267.33441,69.75033],[267.32528,69.76107],[267.37018,69.76762],[267.34529,69.78317],[267.36112,69.78338],[267.34148,69.798],[267.36386,69.79227],[267.39827,69.79838],[267.40287,69.79632],[267.37573,69.7902],[267.41892,69.76321],[267.456,69.77364],[267.46138,69.78025],[267.44981,69.80011],[267.45464,69.81357],[267.55001,69.82409],[267.58138,69.8377],[267.61918,69.84147],[267.58623,69.84772],[267.63653,69.84736],[267.67819,69.87141],[267.71994,69.8715],[267.78449,69.90162],[267.74555,69.90883],[267.74185,69.91865],[267.78225,69.91485],[267.82102,69.92247],[267.84519,69.94974],[267.89898,69.96549],[267.89259,69.97281],[267.92553,69.98111],[267.92846,69.98817],[267.9198,69.98821],[267.94156,69.99999],[267.96056,69.99099],[268.06944,70.02627],[268.05415,70.02771],[268.04518,70.03666],[268.05103,70.04826],[268.03256,70.0536],[268.0233,70.07167],[267.90919,70.09752],[267.88759,70.09305],[267.85452,70.10482],[267.79752,70.10344],[267.78375,70.09141],[267.77934,70.07911],[267.78526,70.07589],[267.73802,70.06169],[267.76042,70.07302],[267.77852,70.09576],[267.74458,70.10341],[267.67019,70.10228],[267.59622,70.09018],[267.58228,70.09569],[267.55062,70.08664],[267.54959,70.06862],[267.52867,70.05864],[267.52013,70.06664],[267.5258,70.0835],[267.51229,70.07715],[267.49713,70.09018],[267.50527,70.09586],[267.4442,70.088],[267.41882,70.09192],[267.54231,70.10605],[267.52496,70.10996],[267.55924,70.11467],[267.54793,70.11926],[267.58217,70.15225],[267.61588,70.15764],[267.62482,70.1665],[267.60799,70.16518],[267.62232,70.17472],[267.58833,70.18781],[267.46723,70.18694],[267.65845,70.19423],[267.69937,70.21418],[267.70445,70.20276],[267.69823,70.19707],[267.73819,70.20584],[267.74322,70.21654],[267.73148,70.22958],[267.71393,70.22896],[267.70815,70.23901],[267.64575,70.25197],[267.67663,70.24572],[267.72737,70.25081],[267.72526,70.27134],[267.71481,70.28392],[267.7217,70.28891],[267.74298,70.25417],[267.76801,70.23401],[267.75639,70.22881],[267.76489,70.22011],[267.79502,70.2565],[267.79504,70.23597],[267.7767,70.21026],[267.7857,70.19655],[267.90277,70.17761],[267.94037,70.15897],[267.94193,70.14733],[267.98577,70.13572],[268.06806,70.13006],[268.20441,70.14618],[268.42841,70.15268],[268.43565,70.16108],[268.47895,70.15529],[268.49227,70.16385],[268.49285,70.19327],[268.48395,70.20132],[268.36952,70.24708],[268.35327,70.24605],[268.3342,70.22836],[268.33486,70.21949],[268.38509,70.20318],[268.33446,70.21242],[268.32459,70.20496],[268.31199,70.20823],[268.32726,70.23961],[268.32088,70.25767],[268.32667,70.26448],[268.29199,70.32058],[268.31611,70.32795],[268.30838,70.3588],[268.31407,70.36332],[268.27352,70.37841],[268.2462,70.36306],[268.23583,70.34671],[268.22778,70.36113],[268.21492,70.36166],[268.22768,70.37185],[268.18456,70.36503],[268.18967,70.37184],[268.18183,70.37782],[268.15951,70.37954],[268.12211,70.37838],[268.1068,70.37048],[268.11185,70.36247],[268.10221,70.35956],[268.13389,70.34137],[268.12409,70.33481],[268.17292,70.32245],[268.15758,70.31341],[268.11409,70.32415],[268.07611,70.30793],[268.08386,70.2999],[268.07616,70.29424],[268.07017,70.25162],[268.05312,70.26266],[268.05851,70.29274],[268.02345,70.29497],[268.01491,70.28497],[267.99606,70.30285],[268.01118,70.30848],[268.00542,70.31627],[267.94587,70.31677],[267.93609,70.30884],[267.94859,70.30011],[267.93253,70.30429],[267.92224,70.31824],[267.94901,70.32747],[268.012,70.32786],[268.01186,70.34041],[268.00333,70.34707],[268.01659,70.35589],[268.00478,70.3653],[268.0443,70.36899],[268.04151,70.38268],[268.02197,70.3862],[267.99022,70.37404],[267.98464,70.37041],[267.99891,70.35484],[267.97228,70.35017],[267.96591,70.36023],[267.97385,70.37206],[267.97006,70.37892],[268.00336,70.39586],[268.00272,70.41275],[267.9886,70.41669],[267.97949,70.41012],[267.98318,70.40075],[267.96273,70.3826],[267.94055,70.38817],[267.95648,70.39609],[267.9775,70.42791],[267.94827,70.44584],[267.89266,70.45223],[267.89028,70.46159],[267.91029,70.46812],[267.89383,70.48392],[267.89688,70.49257],[267.87179,70.47831],[267.83661,70.48666],[267.83694,70.49624],[267.70951,70.50467],[267.77119,70.51153],[267.76332,70.52228],[267.82743,70.51793],[267.81278,70.52939],[267.81781,70.53667],[267.78614,70.55184],[267.78162,70.53863],[267.79621,70.52444],[267.75562,70.5385],[267.77021,70.54574],[267.75018,70.56222],[267.75435,70.58661],[267.76264,70.5884],[267.86246,70.58004],[267.87635,70.585],[267.82679,70.61963],[267.76808,70.63079],[267.72255,70.64872],[267.75566,70.62923],[267.75128,70.62082],[267.75775,70.60802],[267.74004,70.58962],[267.74117,70.5814],[267.71983,70.57851],[267.67446,70.59963],[267.73253,70.61403],[267.71719,70.62959],[267.7162,70.64305],[267.70667,70.6465],[267.64156,70.65535],[267.62664,70.66428],[267.58802,70.66119],[267.60134,70.67164],[267.4681,70.69224],[267.39644,70.69372],[267.35212,70.67554],[267.35575,70.69241],[267.37586,70.70241],[267.32409,70.69655],[267.35801,70.70904],[267.37483,70.73068],[267.34656,70.73459],[267.32091,70.72459],[267.30514,70.73692],[267.37297,70.74755],[267.35502,70.74962],[267.35992,70.75486],[267.35373,70.75829],[267.31777,70.75788],[267.34282,70.77244],[267.32704,70.78545],[267.23374,70.81904],[267.12624,70.82294],[267.05822,70.83228],[266.99912,70.85026],[267.0568,70.84071],[267.01786,70.8546],[266.97175,70.88694],[267.02743,70.88628],[267.02816,70.87808],[267.05253,70.87148],[267.07623,70.84892],[267.11442,70.86352],[267.18116,70.86829],[267.12067,70.89338],[267.10534,70.90955],[267.11927,70.92392],[267.1053,70.94876],[267.11017,70.97018],[267.11995,70.97702],[267.11645,70.98591],[267.14025,71.00915],[267.15782,71.04925],[267.16905,71.05381],[267.12133,71.08002],[267.16496,71.11328],[267.14175,71.13128],[267.15938,71.14701],[267.15164,71.15635],[267.16296,71.17275],[267.12696,71.19281],[267.10928,71.2165],[267.07669,71.23678],[267.08516,71.24794],[267.06947,71.28393],[267.08153,71.2869],[267.07439,71.30375],[267.04445,71.32721],[267.02167,71.33085],[267.05074,71.35865],[266.98289,71.38071],[266.92013,71.37951],[266.85711,71.39812],[266.83689,71.41381],[266.83964,71.42156],[266.83094,71.42952],[266.83874,71.43431],[266.81355,71.44407],[266.83274,71.45253],[266.81763,71.45797],[266.81673,71.46936],[266.702,71.50673],[266.68701,71.50305],[266.65796,71.51756],[266.6757,71.52648],[266.65742,71.53988],[266.58595,71.54995],[266.57879,71.54856],[266.58899,71.54426],[266.57533,71.54377],[266.44124,71.57295],[266.36542,71.59636],[266.322,71.61737],[266.329,71.62286],[266.31348,71.63122],[266.208,71.66174],[266.33439,71.72149],[266.33554,71.72855],[266.31276,71.7353],[266.32991,71.75973],[266.31185,71.77423],[266.23722,71.78256],[266.14905,71.75482],[266.08668,71.75178],[266.01907,71.76439],[266.00696,71.78504],[266.01381,71.79259],[265.99894,71.79775],[265.91253,71.76946],[265.85186,71.7734],[265.84142,71.7772],[265.87237,71.78264],[265.84951,71.79798],[265.85418,71.80462],[265.8378,71.80952],[265.77693,71.79363],[265.77074,71.78835],[265.77216,71.76809],[265.75877,71.76185],[265.77167,71.75419],[265.69585,71.72725],[265.67868,71.71414],[265.68268,71.70916],[265.67406,71.69816],[265.6428,71.68973],[265.65096,71.68728],[265.60685,71.6767],[265.62259,71.68866],[265.621,71.69981],[265.63589,71.70425],[265.62729,71.72173],[265.63521,71.73204],[265.61973,71.73488],[265.63604,71.74001],[265.63915,71.74687],[265.62648,71.76977],[265.64488,71.78608],[265.62563,71.79004],[265.68068,71.80411],[265.6794,71.81139],[265.6488,71.8205],[265.61329,71.81727],[265.58503,71.79656],[265.55819,71.79498],[265.55478,71.82798],[265.5314,71.82824],[265.49296,71.79081],[265.56836,71.78587],[265.49959,71.7813],[265.47599,71.75902],[265.44507,71.75488],[265.4116,71.76325],[265.41136,71.78238],[265.42161,71.78998],[265.41798,71.79815],[265.39574,71.80229],[265.41535,71.80314],[265.41357,71.81497],[265.37533,71.82625],[265.42605,71.84719],[265.44581,71.86375],[265.55087,71.85801],[265.57198,71.8773],[265.56082,71.87949],[265.56981,71.88594],[265.55459,71.89311],[265.57918,71.89694],[265.51313,71.9069],[265.53534,71.91322],[265.52532,71.91906],[265.59663,71.91711],[265.63374,71.93971],[265.6231,71.94441],[265.62999,71.95015],[265.62315,71.95306],[265.55086,71.95638],[265.56048,71.96465],[265.5527,71.96982],[265.5055,71.96262],[265.52518,71.97348],[265.52048,71.97686],[265.54711,71.98413],[265.54734,71.99028],[265.51928,71.99119],[265.51909,71.99999],[265.25727,71.99734],[265.05822,71.98514],[264.8446,71.96118],[264.8059,71.94684],[264.84353,71.93931],[264.81157,71.93028],[264.80694,71.92612],[264.81392,71.91687],[264.79033,71.90392],[263.54161,72.01419],[263.54862,72.03161],[263.52952,72.04292],[263.45084,72.03848],[263.37645,72.0186],[263.24751,72.03583],[263.21734,72.03039],[263.20565,72.03419],[263.24874,72.05598],[263.50677,72.07357],[263.54001,72.11368],[263.52814,72.13311],[263.53438,72.14922],[263.50113,72.18871],[263.5078,72.20968],[263.49854,72.22543],[263.51072,72.23812],[263.47304,72.25368],[263.47446,72.26523],[263.46557,72.27094],[263.46988,72.27694],[263.43223,72.26712],[263.37211,72.26855],[263.3426,72.30658],[263.41117,72.33811],[263.49623,72.34642],[263.52457,72.36432],[263.56926,72.36762],[263.57563,72.38163],[263.61632,72.40778],[263.73196,72.41816],[263.69154,72.47216],[263.69831,72.49384],[263.67774,72.51526],[263.61921,72.54107],[263.58317,72.58075],[263.58308,72.60382],[263.56841,72.61457],[263.57981,72.63315],[263.50632,72.67013],[263.42659,72.69048],[263.44408,72.6919],[263.45025,72.70244],[263.50677,72.71319],[263.47234,72.75689],[263.40504,72.75195],[263.42718,72.73934],[263.40602,72.71906],[263.37937,72.70728],[263.32664,72.71232],[263.11827,72.68493],[262.9729,72.63181],[262.93107,72.60771],[262.87505,72.60657],[262.83944,72.59672],[262.81916,72.61005],[262.85249,72.62331],[262.83215,72.63434],[262.85651,72.65141],[262.82327,72.65742],[262.87109,72.68233],[262.95718,72.70253],[263.00185,72.73576],[262.94589,72.77413],[262.95188,72.78259],[262.85126,72.78342],[262.84268,72.78703],[262.85417,72.80561],[262.78673,72.82834],[262.75389,72.84894],[262.7122,72.85357],[262.71109,72.8678],[262.75124,72.87559],[262.77852,72.9032],[262.78609,72.92294],[262.77213,72.93123],[262.8008,72.93483],[262.72171,72.96774],[262.666,72.97203],[262.6217,72.98815],[262.48846,73.01024],[262.30167,73.02999],[262.1909,73.03314],[262.16213,73.04593],[262.10896,73.03065],[262.0825,73.03864],[261.97138,73.01597],[261.95083,73.01851],[261.93968,73.02934],[261.88476,73.00485],[261.76262,72.97899],[261.63005,72.90506],[261.58803,72.91083],[261.58816,72.92101],[261.62277,72.94203],[261.57436,72.95532],[261.55196,72.94613],[261.53735,72.94924],[261.57077,72.96338],[261.59078,72.98498],[261.56478,72.98639],[261.57548,73.002],[261.51218,73.00336],[261.53994,73.00718],[261.52818,73.01614],[261.61946,73.02877],[261.71578,73.06008],[261.77563,73.07021],[261.78752,73.07627],[261.79035,73.09163],[261.83769,73.11773],[262.05956,73.18459],[262.10883,73.2268],[262.16268,73.23627],[262.17037,73.24048],[262.17131,73.27382],[262.26581,73.28933],[262.25689,73.29749],[262.29396,73.30675],[262.33656,73.30176],[262.33856,73.31046],[262.32702,73.31715],[262.42812,73.32759],[262.49269,73.32501],[262.57238,73.34266],[262.68623,73.35109],[262.75893,73.36979],[262.76543,73.35291],[262.77689,73.34968],[262.84628,73.35135],[262.85558,73.35521],[262.84638,73.37274],[262.85253,73.3812],[262.88501,73.39229],[262.82389,73.39104],[262.83545,73.40919],[262.78448,73.40966],[262.77254,73.42129],[262.77865,73.42859],[262.74687,73.43651],[262.80291,73.43506],[262.84638,73.44992],[262.82095,73.4677],[262.8275,73.47219],[262.82318,73.47524],[262.75022,73.48512],[262.71654,73.46455],[262.68591,73.46287],[262.68461,73.46898],[262.6577,73.47474],[262.60388,73.47717],[262.59686,73.48106],[262.62012,73.49412],[262.59988,73.49785],[262.48553,73.48308],[262.43961,73.45971],[262.39445,73.45695],[262.3756,73.47079],[262.35001,73.47503],[262.34133,73.48713],[262.34477,73.49437],[262.37854,73.50405],[262.38417,73.53066],[262.30126,73.54208],[262.41237,73.54507],[262.44641,73.53872],[262.49215,73.51776],[262.54736,73.51365],[262.57873,73.53345],[262.54897,73.55375],[262.48824,73.55375],[262.52235,73.55783],[262.56899,73.58394],[262.60886,73.58792],[262.62556,73.57232],[262.82098,73.55743],[262.84967,73.5741],[262.81433,73.57545],[262.8993,73.59675],[262.92305,73.60767],[262.9296,73.61984],[262.9429,73.60998],[262.96564,73.6084],[263.03462,73.62453],[263.05501,73.6353],[263.04957,73.65877],[263.08622,73.69312],[263.06055,73.74375],[262.98206,73.7577],[262.95326,73.77033],[262.93726,73.78453],[262.90199,73.79752],[262.90657,73.81145],[262.85988,73.82602],[262.81038,73.85377],[262.69798,73.85559],[262.65441,73.86342],[262.53417,73.85909],[262.47276,73.8874],[262.38778,73.89609],[262.23039,73.8572],[262.16375,73.86572],[262.281,73.89898],[262.26171,73.91419],[262.12481,73.89707],[262.09402,73.88181],[262.06922,73.85115],[261.96482,73.83405],[261.91112,73.81653],[261.84493,73.80732],[261.79062,73.81182],[261.74478,73.80057],[261.42945,73.78826],[261.28552,73.77083],[261.2369,73.75801],[261.23174,73.81599],[261.28988,73.81988],[261.30211,73.83361],[261.33494,73.84189],[261.49887,73.83816],[261.64881,73.85077],[261.78456,73.87517],[261.85591,73.87696],[261.94786,73.8964],[261.99198,73.92859],[262.04566,73.94542],[262.07736,73.94279],[262.25521,73.9909],[262.26423,73.99644],[262.263,74.00765],[262.34072,74.03473],[262.36796,74.05366],[262.37229,74.08407],[262.35008,74.10364],[262.30808,74.11823],[262.2114,74.12185],[261.99029,74.11024],[261.67791,74.06839],[261.54247,74.04152],[261.21241,74.0306],[261.18704,74.30582],[261.38758,74.30211],[261.51886,74.31386],[261.49955,74.31946],[261.50404,74.32479],[261.49795,74.32718],[261.42284,74.33022],[261.41568,74.33359],[261.42672,74.33975],[261.40681,74.34328],[261.32452,74.34086],[261.24565,74.32805],[261.27581,74.31801],[261.26393,74.31304],[261.18631,74.3137],[261.11599,75.04095],[261.1633,75.02605],[261.1502,75.01485],[261.16802,75.00825],[261.2286,75.01816],[261.25181,75.01291],[261.20601,74.99999],[261.21859,74.99341],[261.35287,74.99105],[261.4593,75.0087],[261.54332,74.99842],[261.70027,75.02466],[261.85067,75.01683],[261.93852,75.03242],[262.00923,75.02124],[262.06638,75.03276],[262.0822,75.06212],[262.04668,75.11309],[261.9897,75.11662],[261.90406,75.14962],[261.88418,75.14966],[261.86743,75.16973],[261.89129,75.17135],[261.86406,75.18103],[261.94239,75.19195],[261.96598,75.18786],[261.96053,75.18023],[261.98098,75.16762],[262.11363,75.13225],[262.15619,75.10737],[262.21184,75.11987],[262.26413,75.11025],[262.35228,75.12014],[262.38743,75.11183],[262.40466,75.12697],[262.44683,75.14268],[262.43869,75.16239],[262.39524,75.16834],[262.3914,75.16459],[262.41059,75.15082],[262.40204,75.14802],[262.38321,75.14944],[262.38355,75.15919],[262.34477,75.17116],[262.31736,75.17093],[262.31765,75.18067],[262.34649,75.17804],[262.36324,75.18554],[262.27063,75.20326],[262.2602,75.21447],[262.26343,75.22452],[262.14621,75.26523],[262.1236,75.29049],[262.13564,75.29662],[262.12812,75.30349],[262.06621,75.31468],[262.11831,75.3193],[262.12724,75.32256],[262.12365,75.32622],[261.999,75.3166],[261.98768,75.31135],[261.98215,75.28842],[261.96128,75.28016],[261.93092,75.28351],[261.9217,75.29671],[261.88178,75.30562],[261.94602,75.31918],[261.92758,75.33353],[261.96841,75.34987],[261.98452,75.36741],[262.03198,75.3514],[262.06221,75.3585],[262.13369,75.35589],[262.14496,75.35859],[262.14024,75.36555],[262.16208,75.3712],[262.05537,75.38668],[261.98217,75.3884],[261.95253,75.40747],[261.95656,75.41516],[261.9853,75.41539],[262.02252,75.40383],[262.08068,75.41235],[262.18385,75.40749],[262.22229,75.42602],[262.15594,75.43208],[262.11142,75.44611],[261.96846,75.45123],[261.95016,75.4563],[262.06682,75.46013],[262.05695,75.47129],[261.97489,75.47528],[261.9527,75.48981],[262.01773,75.47923],[262.05965,75.48554],[262.07147,75.49123],[262.04466,75.50809],[262.10302,75.5187],[262.16925,75.5013],[262.17507,75.48267],[262.16153,75.47127],[262.17527,75.45805],[262.20881,75.45245],[262.27134,75.46258],[262.27861,75.46593],[262.2751,75.48143],[262.21642,75.5259],[262.25689,75.53829],[262.24078,75.55442],[262.28489,75.57127],[262.35168,75.55333],[262.41793,75.51633],[262.54763,75.49513],[262.53774,75.4875],[262.50921,75.48663],[262.52956,75.44864],[262.52375,75.43453],[262.53259,75.42827],[262.70179,75.38864],[262.73731,75.39261],[262.73645,75.40172],[262.67289,75.41665],[262.62503,75.44539],[262.63321,75.46798],[262.60665,75.53118],[262.5935,75.53789],[262.62093,75.55323],[262.59163,75.58819],[262.59139,75.59704],[262.60838,75.60408],[262.59234,75.61419],[262.66026,75.67166],[262.65625,75.68046],[262.55365,75.70098],[262.47006,75.70353],[262.43584,75.69734],[262.35763,75.71817],[262.16013,75.73038],[262.13939,75.73393],[262.11825,75.74887],[262.13929,75.75992],[262.34737,75.79416],[262.38595,75.81828],[262.40163,75.84678],[262.44922,75.86651],[262.39393,75.88734],[262.40255,75.91643],[262.37456,75.94985],[262.37711,75.96459],[262.35277,75.97111],[262.36954,75.97285],[262.36803,75.98733],[262.41346,76.01555],[262.41625,76.03284],[262.44275,76.04155],[262.41627,76.05723],[262.41739,76.07019],[262.50838,76.12224],[262.53938,76.12909],[262.52557,76.14953],[262.52615,76.1732],[262.50204,76.20109],[262.46779,76.20902],[262.43559,76.23101],[262.29333,76.27006],[262.28094,76.28689],[262.30913,76.30066],[262.30381,76.30485],[262.2203,76.31063],[262.2457,76.3352],[262.26758,76.34254],[262.2646,76.35662],[262.28951,76.36869],[262.28716,76.37762],[262.29791,76.38687],[262.28796,76.39615],[262.36068,76.41435],[262.34179,76.42592],[262.34361,76.44558],[262.31354,76.46509],[262.33776,76.47256],[262.33866,76.48529],[262.20646,76.51602],[263.0273,76.7343],[263.13785,76.69701],[263.25854,76.69501],[263.34003,76.70517],[263.38061,76.69661],[263.52355,76.68916],[263.5313,76.68667],[263.52781,76.68195],[263.50372,76.67688],[263.51568,76.67137],[263.51408,76.6612],[263.60707,76.63265],[263.7278,76.63949],[263.74614,76.62921],[263.72909,76.61889],[263.7824,76.60935],[263.80662,76.59898],[263.80215,76.58918],[263.8082,76.58607],[263.88357,76.57557],[263.99663,76.58407],[263.95343,76.57187],[263.95055,76.55662],[263.9578,76.55272],[264.11153,76.5506],[264.17964,76.56446],[264.20162,76.56328],[264.18231,76.54795],[264.20498,76.54345],[264.21784,76.54626],[264.21156,76.55408],[264.23278,76.56322],[264.28139,76.57251],[264.28563,76.57673],[264.26826,76.58352],[264.27277,76.58702],[264.32461,76.60339],[264.36469,76.61102],[264.41361,76.60561],[264.29294,76.54593],[264.21972,76.53003],[264.21216,76.52646],[264.21399,76.5142],[264.20285,76.51106],[264.16655,76.52098],[264.01118,76.516],[263.95981,76.52809],[263.88872,76.51481],[263.94082,76.5076],[263.8718,76.50356],[263.88277,76.48803],[263.98671,76.45003],[263.9779,76.44302],[263.98232,76.43834],[264.10758,76.41664],[264.11604,76.408],[264.18605,76.39319],[264.52877,76.37094],[264.61287,76.34605],[264.66275,76.35798],[264.66761,76.37153],[264.78051,76.36134],[264.80719,76.33895],[264.82267,76.33759],[264.82915,76.34003],[264.81839,76.35659],[264.82696,76.36008],[264.87806,76.35949],[264.91863,76.34776],[264.99494,76.34942],[265.01617,76.33833],[265.14724,76.33346],[265.18164,76.32557],[265.20666,76.30788],[265.17189,76.30126],[265.14012,76.30783],[265.14875,76.31131],[265.14264,76.31683],[265.14705,76.32291],[265.00452,76.33478],[264.95077,76.33182],[264.92384,76.32213],[264.92431,76.31108],[264.89693,76.30282],[264.7721,76.29409],[264.71757,76.27941],[264.64569,76.30507],[264.60072,76.28702],[264.61694,76.2512],[264.61058,76.24781],[264.61657,76.2381],[264.6116,76.22925],[264.61935,76.22717],[264.75142,76.23505],[264.96983,76.21836],[265.01988,76.24006],[265.24631,76.28628],[265.26756,76.29604],[265.26433,76.3061],[265.27508,76.30874],[265.26529,76.31356],[265.27091,76.31604],[265.34095,76.31093],[265.33321,76.30739],[265.33667,76.30225],[265.36594,76.28969],[265.333,76.28297],[265.34366,76.27622],[265.49379,76.28126],[265.67641,76.2713],[265.7836,76.27856],[265.8657,76.26027],[266.1372,76.25898],[266.24569,76.24688],[266.36565,76.2467],[266.37497,76.24965],[266.37233,76.2543],[266.31861,76.25163],[266.32891,76.25544],[266.23388,76.27947],[266.23915,76.30697],[266.31956,76.31976],[266.36377,76.30607],[266.31531,76.29856],[266.32184,76.29555],[266.4262,76.29355],[266.45655,76.30953],[266.57045,76.33024],[266.64472,76.35872],[266.76937,76.36663],[266.89936,76.36112],[266.9552,76.33138],[266.90005,76.32038],[266.91614,76.31624],[266.91622,76.30535],[266.96998,76.29087],[266.96805,76.27916],[267.02172,76.26266],[267.04086,76.23997],[267.21553,76.20759],[267.211,76.19346],[267.22705,76.18053],[267.23046,76.16592],[267.35735,76.12495],[267.35623,76.11116],[267.36403,76.10382],[267.34387,76.09363],[267.36074,76.06807],[267.35888,76.04908],[267.37669,76.03486],[267.34801,76.01995],[267.34453,76.00764],[267.37379,76.00454],[267.36141,76.00972],[267.36334,76.01796],[267.41151,76.01442],[267.42047,76.00377],[267.46841,75.99335],[267.44315,75.98073],[267.46993,75.96077],[267.53061,75.96058],[267.53688,75.95727],[267.5255,75.94668],[267.68134,75.90704],[267.85417,75.88089],[267.8947,75.84955],[267.88289,75.84237],[267.89774,75.82889],[267.89084,75.8224],[267.8982,75.81505],[267.88499,75.80945],[267.88587,75.7876],[267.84517,75.76895],[267.8644,75.76611],[267.8586,75.76217],[267.82165,75.76043],[267.80956,75.75028],[267.83439,75.74894],[267.82409,75.74213],[267.80121,75.74414],[267.81561,75.73671],[267.85175,75.73765],[267.83287,75.72613],[267.85667,75.72544],[267.85392,75.7208],[267.94,75.6845],[267.96695,75.68749],[267.96483,75.68049],[267.97401,75.67769],[267.9565,75.66656],[268.00261,75.66209],[267.97218,75.65366],[267.91909,75.61753],[267.93956,75.60727],[268.00286,75.60297],[267.99559,75.59546],[268.00022,75.58787],[267.96603,75.58979],[267.95261,75.57733],[267.91063,75.56632],[267.79228,75.54905],[267.76463,75.52424],[267.69857,75.50234],[267.64632,75.46831],[267.58445,75.42038],[267.55438,75.36767],[267.58184,75.36741],[267.57916,75.35837],[267.59624,75.35538],[267.54919,75.32982],[267.54415,75.31347],[267.55466,75.30716],[267.5216,75.29027],[267.54015,75.26913],[267.51229,75.24125],[267.51476,75.22758],[267.49317,75.21715],[267.54215,75.21196],[267.55118,75.19454],[267.60505,75.18982],[267.60019,75.17397],[267.60657,75.16971],[267.67657,75.1656],[267.65828,75.14722],[267.71212,75.13469],[267.82026,75.14573],[267.94269,75.11158],[267.93869,75.10461],[267.9866,75.10682],[267.94684,75.09517],[267.96025,75.08601],[267.84207,75.08401],[267.74825,75.07191],[267.80122,75.06614],[267.80055,75.05633],[267.7632,75.03486],[267.80263,75.02923],[267.82891,75.00939],[267.82351,74.99999],[267.83472,74.98837],[267.95067,74.95607],[267.94891,74.9474],[267.91635,74.93187],[267.93131,74.92262],[267.9725,74.91868],[267.97643,74.91338],[267.96494,74.90501],[267.98345,74.89571],[267.96752,74.85653],[267.93323,74.82902],[267.9168,74.80036],[267.95518,74.78949],[267.96897,74.77461],[268.11629,74.74125],[268.12613,74.72309],[268.0982,74.70272],[268.17266,74.69841],[268.18843,74.7019],[268.16897,74.7187],[268.24966,74.72983],[268.33012,74.72356],[268.38738,74.70056],[268.32218,74.6849],[268.3031,74.67],[268.38039,74.66205],[268.42043,74.64924],[268.5301,74.63904],[268.62188,74.64504],[268.63753,74.65448],[268.68072,74.65209],[268.69649,74.64409],[268.69478,74.62514],[268.87339,74.62378],[268.88614,74.62916],[268.88208,74.63859],[268.78792,74.68828],[268.80684,74.70485],[268.75258,74.72466],[268.81056,74.7473],[268.88612,74.7429],[268.95809,74.78133],[269.02212,74.79724],[269.03827,74.81644],[269.11461,74.83992],[269.12334,74.86934],[269.14826,74.88135],[269.22658,74.88527],[269.24078,74.88192],[269.22215,74.86913],[269.2213,74.86178],[269.2398,74.85303],[269.2307,74.82866],[269.18194,74.81437],[269.18036,74.80493],[269.11785,74.77409],[269.11675,74.76725],[269.03088,74.7446],[269.0051,74.71665],[268.97476,74.70582],[269.10087,74.68127],[269.11712,74.68419],[269.11225,74.69657],[269.14628,74.72],[269.20029,74.71587],[269.25136,74.68277],[269.26158,74.65434],[269.38631,74.61435],[269.47993,74.60165],[269.59928,74.60389],[269.74391,74.56495],[269.89589,74.55017],[269.93203,74.56518],[270.00002,74.56317],[270.0127,74.57445],[270.03669,74.56122],[270.02841,74.55278],[270.04091,74.54789],[270.02702,74.5339],[270.04598,74.5296],[270.28172,74.5319],[270.3976,74.55893],[270.41269,74.55402],[270.41235,74.54775],[270.36117,74.53821],[270.43035,74.53902],[270.58511,74.56022],[270.58059,74.57564],[270.61527,74.58704],[270.72571,74.57407],[270.83177,74.59276],[270.89092,74.6258],[270.91361,74.69064],[270.8954,74.69221],[270.89597,74.69919],[270.91118,74.71579],[270.95392,74.72394],[270.99979,74.77227],[271.09414,74.76725],[271.07467,74.71711],[271.09484,74.69657],[271.12042,74.6858],[271.09273,74.67345],[271.13407,74.65326],[271.16163,74.6589],[271.19133,74.66807],[271.21032,74.68399],[271.19094,74.68811],[271.24507,74.72317],[271.24642,74.75624],[271.2686,74.78863],[271.32239,74.80761],[271.31564,74.81327],[271.34681,74.81845],[271.36979,74.81292],[271.40857,74.83088],[271.49603,74.83632],[271.53959,74.8303],[271.51103,74.82132],[271.49675,74.78486],[271.55011,74.78276],[271.53637,74.77282],[271.58165,74.75432],[271.5956,74.73853],[271.56229,74.72677],[271.55229,74.68972],[271.498,74.64975],[271.50481,74.64315],[271.46358,74.62761],[271.4689,74.61922],[271.44772,74.60888],[271.42676,74.56923],[271.44213,74.52995],[271.46589,74.51951],[271.45779,74.50573],[271.49952,74.49821],[271.55609,74.50097],[271.77466,74.48362],[271.85845,74.489],[271.94514,74.47603],[272.11686,74.47339],[272.15225,74.48271],[272.21672,74.48182],[272.24547,74.4791],[272.28525,74.45992],[272.47429,74.46694],[272.56207,74.48896],[272.66309,74.48159],[272.68573,74.47124],[272.72372,74.46801],[272.8562,74.46653],[272.96032,74.48012],[272.9728,74.48674],[272.95644,74.49971],[272.98536,74.50924],[272.98345,74.49678],[272.99038,74.49021],[273.02755,74.47928],[273.03251,74.47539],[273.0243,74.46555],[273.03863,74.46284],[273.34853,74.46703],[273.38662,74.47031],[273.29895,74.50567],[273.36891,74.51933],[273.55498,74.47909],[273.62064,74.4848],[273.71316,74.50068],[273.77266,74.53112],[273.78882,74.55467],[273.76685,74.5774],[273.80901,74.57427],[273.85111,74.58268],[273.90683,74.56681],[273.90031,74.54938],[273.90963,74.5418],[273.87426,74.48507],[273.89805,74.48064],[274.41426,74.4983],[274.46605,74.51406],[274.50872,74.53765],[274.5175,74.55893],[274.49568,74.57344],[274.58657,74.58098],[274.62567,74.55095],[274.62089,74.52902],[274.63718,74.51085],[274.63476,74.50317],[274.75964,74.489],[274.8847,74.49991],[274.95242,74.52643],[274.94547,74.53396],[274.9532,74.53686],[275.06065,74.53399],[275.10055,74.50189],[275.24734,74.51515],[275.3029,74.53044],[275.3657,74.50447],[275.54933,74.51284],[275.75152,74.50699],[276.13567,74.5524],[276.39412,74.54186],[276.39963,74.54895],[276.54366,74.58791],[276.55063,74.59974],[276.52902,74.61107],[276.53648,74.63126],[276.55467,74.64241],[276.55092,74.6494],[276.56817,74.65973],[276.56626,74.66848],[276.6167,74.68654],[276.61334,74.71105],[276.66865,74.74497],[276.67787,74.76181],[276.67207,74.77104],[276.68479,74.78364],[276.53755,74.80907],[276.5165,74.82792],[276.47422,74.83902],[276.47382,74.85439],[276.4328,74.87024],[276.43951,74.87925],[276.42212,74.88501],[276.48052,74.90493],[276.57215,74.88099],[276.68486,74.83329],[276.75923,74.82186],[276.76233,74.81481],[276.87689,74.83146],[276.90012,74.81923],[276.89737,74.79626],[276.90799,74.7908],[276.89957,74.78474],[276.9422,74.79129],[276.9617,74.78469],[276.93929,74.77064],[276.87909,74.75518],[276.88617,74.74091],[276.86971,74.72951],[276.87927,74.72422],[276.86882,74.71525],[276.8632,74.68606],[276.89532,74.6669],[276.89404,74.64541],[276.90367,74.63337],[277.01514,74.57023],[277.08266,74.5477],[277.20496,74.52282],[277.30722,74.52355],[277.42635,74.51235],[277.48427,74.53592],[277.52479,74.54344],[277.61075,74.53571],[277.58309,74.52263],[277.52384,74.52039],[277.58476,74.50994],[277.62344,74.52454],[277.65652,74.51282],[277.77668,74.51614],[277.7917,74.51344],[277.78208,74.5076],[277.82766,74.49281],[277.9397,74.4759],[278.04317,74.47542],[278.19936,74.45787],[278.33017,74.47743],[278.36095,74.49542],[278.4589,74.50166],[278.539,74.52643],[278.57825,74.52742],[278.57725,74.53524],[278.60972,74.54492],[278.63916,74.54634],[278.71301,74.56818],[278.7588,74.56879],[278.77734,74.57785],[278.88978,74.57564],[278.91697,74.58316],[279.08224,74.56449],[279.33173,74.55991],[279.49237,74.56662],[279.48632,74.57212],[279.52789,74.58481],[279.74541,74.57698],[279.7718,74.58065],[279.78239,74.58895],[279.77308,74.5957],[279.8323,74.60838],[279.81701,74.61212],[279.84483,74.6193],[279.82909,74.62232],[279.86128,74.62455],[279.83831,74.63009],[279.8488,74.63147],[279.83787,74.63515],[279.83915,74.64167],[279.79667,74.64563],[279.82281,74.65712],[279.77238,74.66974],[279.78548,74.68692],[279.78128,74.69666],[279.88034,74.71931],[279.85818,74.71976],[279.84008,74.72938],[279.84859,74.73412],[279.82403,74.74278],[279.74819,74.75917],[279.75488,74.76684],[279.83003,74.77464],[279.88337,74.79095],[279.88929,74.79858],[279.86558,74.81005],[279.88824,74.82345],[279.86147,74.82833],[279.91337,74.84157],[280.02441,74.82701],[280.03655,74.81852],[280.12981,74.81565],[280.15083,74.81881],[280.12599,74.82656],[280.1564,74.83471],[280.23849,74.83294],[280.35299,74.84511],[280.3581,74.84693],[280.33651,74.85529],[280.35125,74.86486],[280.39147,74.8563],[280.46986,74.858],[280.49505,74.86795],[280.55986,74.87346],[280.59931,74.86922],[280.62464,74.87595],[280.62068,74.88455],[280.64493,74.88225],[280.66408,74.89219],[280.64603,74.91161],[280.59344,74.91091],[280.54581,74.92312],[280.50793,74.95069],[280.47845,74.95876],[280.48859,74.96583],[280.48218,74.96927],[280.49474,74.97367],[280.449,74.98365],[280.46799,74.99544],[280.49641,74.99862],[280.39357,75.02089],[280.3463,75.01789],[280.30698,75.03018],[280.24656,75.02526],[280.22122,75.03186],[280.1003,75.00743],[279.98812,74.99999],[279.98478,74.99076],[279.94407,74.97432],[279.95093,74.96798],[279.91868,74.97075],[279.8958,74.96311],[279.91312,74.95806],[279.89761,74.9558],[279.79951,74.95634],[279.76897,74.97399],[279.83337,74.98498],[279.61852,75.01197],[279.62917,75.0332],[279.65663,75.03782],[279.70777,75.06166],[279.85602,75.06368],[279.91072,75.08092],[280.02442,75.09131],[280.03327,75.09443],[280.02035,75.09945],[280.03213,75.111],[280.05146,75.11316],[280.03787,75.1163],[280.06772,75.13364],[280.14812,75.1493],[280.16401,75.17068],[280.24763,75.16337],[280.35329,75.17647],[280.3931,75.18838],[280.39567,75.19931],[280.42817,75.21461],[280.48351,75.2234],[280.47298,75.2306],[280.47169,75.24669],[280.51861,75.25929],[280.52483,75.27034],[280.546,75.27598],[280.53405,75.28405],[280.41295,75.27877],[280.38663,75.28952],[280.37759,75.30365],[280.39761,75.31689],[280.4461,75.31482],[280.45299,75.32315],[280.48388,75.32939],[280.47295,75.33404],[280.47115,75.3448],[280.45268,75.34986],[280.48563,75.35733],[280.47633,75.36227],[280.48646,75.36518],[280.48063,75.36889],[280.49839,75.37278],[280.50115,75.38048],[280.48279,75.38993],[280.36501,75.40206],[280.35256,75.41518],[280.37128,75.42212],[280.30019,75.43369],[280.35014,75.44966],[280.40855,75.45625],[280.37128,75.45414],[280.29813,75.46888],[280.16145,75.46408],[280.09819,75.47867],[280.01618,75.47892],[279.73692,75.45827],[279.62994,75.45736],[279.61637,75.4725],[279.63093,75.47979],[279.76899,75.48842],[279.95196,75.52528],[280.05328,75.53734],[280.03088,75.54361],[279.93743,75.53509],[279.88512,75.55193],[279.90797,75.55815],[279.90482,75.56309],[279.93687,75.56506],[279.93208,75.57986],[279.71651,75.63195],[279.58171,75.63026],[279.53424,75.64856],[279.46397,75.65467],[279.21718,75.63255],[279.06596,75.63163],[279.03285,75.62349],[278.9557,75.63333],[278.93913,75.64486],[278.6954,75.65401],[278.69763,75.66638],[278.73327,75.68555],[278.73152,75.69313],[278.79894,75.71499],[278.7926,75.72268],[278.8539,75.73138],[278.8784,75.7417],[278.86505,75.74459],[278.86927,75.74918],[278.88927,75.75144],[278.88824,75.7581],[278.9031,75.76361],[278.8539,75.77443],[278.8325,75.76886],[278.70763,75.7761],[278.58884,75.79653],[278.44145,75.80796],[278.16927,75.81519],[278.10159,75.80972],[277.95277,75.82685],[277.6625,75.83873],[277.33983,75.81213],[277.21272,75.78387],[277.15436,75.7823],[277.06342,75.75554],[276.92951,75.75281],[276.92211,75.74381],[276.85131,75.73708],[276.83463,75.74762],[276.75571,75.74697],[276.74272,75.74558],[276.73569,75.73519],[276.59124,75.74452],[276.53652,75.75605],[276.51706,75.77156],[276.44887,75.79052],[276.30057,75.79367],[276.24241,75.80636],[276.30177,75.81124],[276.30933,75.81865],[276.26775,75.82456],[276.18878,75.82023],[276.20809,75.81265],[276.14865,75.80891],[275.9903,75.82652],[275.98751,75.82029],[276.06565,75.81109],[275.93247,75.76485],[275.77124,75.75734],[275.75761,75.74862],[275.75841,75.74072],[275.69552,75.71886],[275.69232,75.7072],[275.61356,75.70032],[275.60438,75.70797],[275.55656,75.70544],[275.35595,75.68734],[275.31175,75.6948],[275.30952,75.68927],[275.35192,75.67093],[275.33507,75.6512],[275.28585,75.64053],[275.09738,75.6611],[274.93092,75.66084],[274.91922,75.65167],[274.98048,75.64814],[274.96318,75.63792],[274.89405,75.63042],[274.81634,75.63149],[274.81363,75.62005],[274.79226,75.61685],[274.81004,75.61232],[274.79268,75.60984],[274.79534,75.60436],[274.73245,75.59928],[274.70377,75.60431],[274.67382,75.59468],[274.69605,75.59043],[274.68608,75.58629],[274.72336,75.59049],[274.74136,75.58104],[274.50002,75.56234],[274.42768,75.57584],[274.42632,75.58728],[274.45583,75.59903],[274.44957,75.60051],[274.34525,75.58069],[274.34895,75.57528],[274.33952,75.57161],[274.26332,75.56224],[274.23083,75.54718],[274.08498,75.54593],[273.89274,75.52077],[273.84113,75.5046],[273.86799,75.48375],[273.95157,75.47941],[274.10462,75.45253],[274.11002,75.44465],[274.15873,75.43113],[274.09771,75.4151],[273.93766,75.42405],[273.83684,75.42107],[273.76791,75.41101],[273.75188,75.40143],[273.66089,75.3955],[273.57399,75.37186],[273.45092,75.36032],[273.40836,75.36422],[273.39309,75.37568],[273.60683,75.40574],[273.61284,75.41324],[273.65529,75.42084],[273.56454,75.43803],[273.5459,75.45092],[273.4012,75.47667],[273.2146,75.47579],[273.06739,75.50452],[272.96042,75.5306],[272.90239,75.55918],[272.89129,75.58728],[272.8601,75.58626],[272.71243,75.62269],[272.60319,75.60989],[272.59281,75.60487],[272.58977,75.58781],[272.52678,75.56665],[272.46864,75.56101],[272.4736,75.53479],[272.54864,75.51272],[272.54659,75.49976],[272.56045,75.4927],[272.47052,75.49185],[272.43866,75.50779],[272.37395,75.51848],[272.35469,75.53084],[272.35998,75.55142],[272.35159,75.55935],[272.27738,75.57861],[272.13767,75.56377],[272.02796,75.54156],[272.02053,75.53744],[272.03538,75.5338],[272.01712,75.52838],[271.92675,75.52753],[271.92161,75.52548],[271.93176,75.52101],[271.92654,75.51824],[271.80303,75.48983],[271.81631,75.47965],[271.80606,75.47244],[271.73594,75.47233],[271.68449,75.48958],[271.7628,75.50963],[271.8062,75.5115],[271.81783,75.52311],[271.78736,75.54032],[271.6733,75.56331],[271.53391,75.60484],[271.36988,75.67213],[271.22996,75.68277],[271.24458,75.67508],[271.23178,75.6373],[271.2176,75.62951],[271.07757,75.608],[271.11159,75.60016],[271.11874,75.59379],[271.11473,75.58487],[271.13289,75.57435],[271.13291,75.56527],[271.18053,75.53749],[271.20598,75.50366],[271.20189,75.49402],[271.24933,75.48128],[271.25683,75.46921],[271.22976,75.45968],[271.23224,75.43718],[271.22131,75.43226],[271.07091,75.42722],[270.99623,75.44491],[271.03303,75.44667],[270.99699,75.45407],[271.02646,75.46838],[271.00918,75.47824],[270.93943,75.47384],[270.88339,75.48633],[270.88649,75.49137],[270.87215,75.50553],[270.88946,75.51888],[270.86498,75.52601],[270.8568,75.54355],[270.80847,75.58394],[270.66514,75.59131],[270.45446,75.57943],[270.45483,75.58497],[270.38111,75.59189],[270.39934,75.61593],[270.44459,75.61605],[270.47055,75.60737],[270.67644,75.62912],[270.74944,75.62494],[270.75755,75.64834],[270.78229,75.65679],[270.77782,75.68468],[270.82457,75.72312],[270.85027,75.76369],[270.8455,75.77552],[270.83282,75.78074],[270.65851,75.80785],[270.55591,75.84447],[270.42235,75.85917],[270.36125,75.85425],[270.44011,75.84381],[270.3363,75.8299],[270.30737,75.81624],[270.21387,75.82258],[270.20563,75.83006],[270.21062,75.83432],[270.24449,75.84044],[270.32761,75.88993],[270.18593,75.93297],[270.17252,75.95277],[270.15704,75.95968],[270.09706,75.95936],[270.06014,75.96742],[270.03042,75.99023],[270.08419,75.99942],[270.07433,76.00295],[269.94732,76.00846],[269.91364,75.99487],[269.92327,75.97593],[269.88441,75.95974],[269.65717,75.97581],[269.57394,75.96861],[269.52864,75.98361],[269.42932,75.98272],[269.41094,75.98166],[269.41911,75.97392],[269.37862,75.95987],[269.30338,75.95202],[269.26903,75.96407],[269.29772,75.97521],[269.32869,75.97446],[269.21965,75.99875],[269.2165,75.98858],[269.141,75.94803],[269.04747,75.95206],[269.0519,75.96332],[269.03834,75.96917],[268.93031,75.98693],[269.06841,75.99425],[269.02269,76.0104],[269.0486,76.01794],[269.24721,76.01825],[269.48482,76.0371],[269.63416,76.02908],[269.7283,76.03375],[269.79044,76.04202],[269.82461,76.05952],[269.607,76.08442],[269.43093,76.09314],[269.37978,76.08619],[269.38578,76.07583],[269.35392,76.06808],[269.27634,76.06009],[269.22102,76.07255],[269.2562,76.0835],[269.27275,76.10035],[269.35207,76.11766],[269.16168,76.12937],[269.07493,76.14641],[268.98986,76.14522],[268.8805,76.16222],[268.73961,76.16099],[268.71491,76.18065],[268.74803,76.18424],[268.74482,76.20044],[268.80924,76.20283],[268.83986,76.19263],[268.94614,76.19277],[269.12333,76.17035],[269.21274,76.17621],[269.38399,76.16691],[269.44695,76.17289],[269.49862,76.15884],[269.72228,76.13707],[269.90439,76.12909],[269.93552,76.13547],[269.79067,76.14267],[269.69744,76.15791],[269.56356,76.16134],[269.54476,76.17015],[269.59337,76.18188],[269.72803,76.17873],[269.79443,76.16754],[269.8934,76.17512],[269.93936,76.16826],[270.08128,76.17177],[270.13138,76.16257],[270.37541,76.16471],[270.44516,76.17453],[270.61205,76.18017],[270.71358,76.19404],[270.7194,76.19641],[270.70202,76.20033],[270.74082,76.22057],[270.79169,76.22162],[270.81614,76.23474],[270.81451,76.24634],[270.78928,76.25232],[270.79559,76.25806],[270.77173,76.27635],[270.72399,76.28322],[270.7299,76.28702],[270.72386,76.29662],[270.60316,76.30937],[270.46014,76.31315],[270.44016,76.32094],[270.20739,76.32622],[270.1906,76.33811],[270.10242,76.34147],[270.04914,76.35598],[269.86103,76.36623],[269.64488,76.39673],[269.48899,76.40165],[269.40949,76.38814],[269.38589,76.39368],[269.3905,76.40371],[269.3627,76.41205],[269.16196,76.43003],[269.03981,76.42904],[269.05889,76.43957],[269.0027,76.45279],[268.75134,76.45295],[268.65081,76.46575],[268.52797,76.45284],[268.58146,76.46105],[268.58817,76.46938],[268.5353,76.48864],[268.49822,76.48911],[268.47396,76.49795],[268.40074,76.49361],[268.55871,76.5195],[268.65589,76.5132],[268.87594,76.47823],[268.99262,76.48653],[269.06015,76.48296],[269.17658,76.45998],[269.31606,76.46482],[269.33756,76.46097],[269.32869,76.45416],[269.33669,76.45354],[269.52616,76.46689],[269.53192,76.47483],[269.52182,76.47957],[269.47601,76.48332],[269.45475,76.49414],[269.4928,76.52134],[269.48851,76.5263],[269.89526,76.49553],[269.9289,76.48088],[270.02735,76.4711],[270.07498,76.48159],[270.43265,76.47052],[270.35791,76.44867],[270.37354,76.44484],[270.60523,76.44157],[270.68925,76.47242],[270.73739,76.4665],[270.76914,76.43609],[270.86274,76.42067],[270.88322,76.4191],[270.93279,76.4403],[270.91904,76.44812],[270.95113,76.45005],[270.98242,76.43757],[270.98669,76.43142],[270.9753,76.41957],[270.98898,76.41175],[271.11185,76.40515],[271.13179,76.40998],[271.13104,76.42187],[271.22235,76.45396],[271.22824,76.47159],[271.18021,76.48978],[271.18145,76.49872],[271.2168,76.51803],[271.23547,76.55356],[271.28478,76.56193],[271.38131,76.55582],[271.3429,76.52558],[271.37827,76.49761],[271.41682,76.49015],[271.39211,76.47881],[271.36133,76.49422],[271.33317,76.47785],[271.32452,76.46599],[271.33945,76.45634],[271.33968,76.44395],[271.32259,76.43387],[271.31763,76.41774],[271.29815,76.40796],[271.33604,76.39857],[271.40319,76.39919],[271.39543,76.438],[271.41213,76.46069],[271.44144,76.4824],[271.49826,76.49343],[271.52298,76.51024],[271.48763,76.52224],[271.48595,76.53428],[271.51543,76.56144],[271.46622,76.58986],[271.43479,76.59642],[271.4055,76.58835],[271.35745,76.59347],[271.35624,76.60508],[271.43161,76.63795],[271.41026,76.64692],[271.40514,76.65991],[271.3826,76.66664],[271.37203,76.68211],[271.34466,76.68778],[271.29552,76.71551],[271.32993,76.73756],[271.37058,76.74286],[271.44953,76.7368],[271.48264,76.72461],[271.48829,76.71119],[271.52449,76.69969],[271.5322,76.68545],[271.52804,76.67466],[271.54184,76.65895],[271.50581,76.64112],[271.50702,76.63405],[271.49265,76.62706],[271.49646,76.62114],[271.51045,76.6176],[271.5077,76.60811],[271.5835,76.59446],[271.58965,76.5906],[271.58482,76.57953],[271.60624,76.56414],[271.60364,76.5413],[271.66907,76.51572],[271.65945,76.50359],[271.6771,76.48937],[271.66008,76.48291],[271.66205,76.47519],[271.61141,76.47417],[271.59315,76.46403],[271.64281,76.46189],[271.62813,76.45368],[271.63641,76.45047],[271.63432,76.44196],[271.66078,76.43338],[271.60751,76.42287],[271.57606,76.40582],[271.67336,76.3833],[271.94566,76.37207],[272.07028,76.359],[272.1235,76.36157],[272.12551,76.36955],[272.2273,76.3648],[272.2309,76.35791],[272.31335,76.34108],[272.39168,76.33631],[272.42863,76.34218],[272.4317,76.3462],[272.41026,76.35944],[272.43333,76.37574],[272.46734,76.37595],[272.5514,76.35514],[272.60239,76.35127],[272.50844,76.38019],[272.55476,76.39167],[272.55829,76.40353],[272.58953,76.41585],[272.48243,76.43868],[272.45354,76.45784],[272.51525,76.49952],[272.43137,76.52918],[272.51656,76.53522],[272.60207,76.52296],[272.626,76.5094],[272.61199,76.50347],[272.62572,76.48827],[272.61782,76.47659],[272.56502,76.45617],[272.7954,76.44492],[272.84331,76.43959],[272.89963,76.42061],[272.83359,76.40104],[272.858,76.38585],[273.10214,76.36918],[273.30083,76.34438],[273.3237,76.34965],[273.30359,76.35827],[273.33823,76.38865],[273.33601,76.39654],[273.39783,76.44684],[273.35487,76.46109],[273.36166,76.47335],[273.48689,76.48374],[273.59834,76.46604],[273.58626,76.45819],[273.61068,76.42835],[273.58154,76.41091],[273.64726,76.3922],[273.60128,76.39033],[273.69958,76.37452],[274.0651,76.35994],[274.14599,76.34279],[274.24089,76.35263],[274.55312,76.3024],[274.64767,76.29749],[274.72533,76.30564],[274.75708,76.29906],[274.75218,76.28492],[274.7657,76.28054],[275.02444,76.28682],[275.09586,76.28087],[275.2956,76.3003],[275.55841,76.29756],[275.61551,76.31572],[275.51598,76.34107],[275.29715,76.37093],[275.26253,76.3863],[275.06356,76.41293],[275.04049,76.42357],[275.04001,76.43457],[274.98484,76.46048],[274.98031,76.47242],[274.98985,76.49198],[274.94378,76.51372],[274.95034,76.52561],[274.94348,76.52733],[274.95617,76.53533],[274.93905,76.55053],[274.947,76.55921],[274.94186,76.56595],[274.96946,76.58184],[275.03077,76.57549],[275.05377,76.56038],[275.16105,76.53785],[275.15746,76.52874],[275.17339,76.52214],[275.1708,76.51496],[275.21603,76.49266],[275.2202,76.48282],[275.207,76.46942],[275.3416,76.44654],[275.31008,76.44494],[275.37323,76.43121],[275.55967,76.42942],[275.64176,76.4461],[275.78254,76.44607],[275.80865,76.47321],[275.84845,76.47746],[275.8117,76.4853],[275.74989,76.52031],[275.73672,76.53855],[275.76658,76.55396],[275.75898,76.56057],[275.81056,76.60988],[275.84632,76.60641],[275.85614,76.61278],[275.93077,76.61184],[275.91436,76.59273],[275.92772,76.58737],[275.93341,76.57038],[275.91726,76.56227],[275.91919,76.55418],[275.96564,76.52839],[276.09965,76.4988],[276.07336,76.48877],[276.23408,76.4608],[276.2335,76.45096],[276.29903,76.42288],[276.69213,76.40484],[276.84772,76.41803],[276.82035,76.42085],[276.74326,76.45636],[276.79374,76.48172],[276.82836,76.48858],[276.8294,76.49399],[276.78691,76.50445],[276.79293,76.51313],[276.77779,76.51658],[276.77502,76.53811],[276.76032,76.54646],[276.77067,76.57004],[276.64147,76.60857],[276.5928,76.63364],[276.60766,76.65863],[276.67765,76.66049],[276.71762,76.64686],[276.70641,76.64048],[276.806,76.62328],[276.81977,76.59741],[276.87104,76.58642],[276.89442,76.56521],[276.92311,76.52378],[276.91265,76.51767],[276.9543,76.49923],[276.93139,76.47715],[276.87999,76.46576],[276.89241,76.45752],[276.94972,76.43917],[276.95504,76.43105],[277.10385,76.41764],[277.21028,76.37769],[277.3212,76.3819],[277.41592,76.39689],[277.72475,76.39027],[277.82158,76.41031],[277.81728,76.41428],[277.85269,76.42519],[277.85909,76.44847],[277.84314,76.46167],[277.84535,76.46733],[277.78587,76.48504],[277.79459,76.49241],[277.75597,76.50759],[277.76532,76.51894],[277.75561,76.52336],[277.84696,76.55585],[277.88896,76.56054],[277.89086,76.56782],[277.82467,76.58711],[277.55787,76.62133],[277.50023,76.64027],[277.40078,76.70885],[277.41838,76.71641],[277.49614,76.72118],[277.51524,76.70975],[277.5182,76.69827],[277.58536,76.67325],[277.59465,76.66716],[277.59058,76.66373],[277.61555,76.65931],[277.62943,76.6467],[277.90499,76.6107],[277.89818,76.60807],[278.00722,76.58534],[277.97228,76.5564],[277.94077,76.54268],[277.93893,76.5317],[277.90158,76.51794],[277.92853,76.50825],[278.22277,76.46525],[278.52883,76.46512],[278.6573,76.49607],[278.87152,76.49459],[279.01068,76.47827],[279.07454,76.44532],[279.24446,76.41381],[279.23779,76.38372],[279.12166,76.34527],[279.0959,76.32965],[279.09403,76.31085],[279.05383,76.28978],[279.04959,76.27826],[278.95838,76.25528],[278.93901,76.24198],[278.95359,76.23542],[278.94431,76.22693],[278.89376,76.21255],[279.0194,76.19606],[279.01188,76.18117],[278.95791,76.16897],[278.91864,76.14742],[278.93801,76.13158],[279.06644,76.14344],[279.11945,76.16898],[279.22453,76.15459],[279.32074,76.15919],[279.37244,76.17768],[279.36891,76.18818],[279.37972,76.19069],[279.44972,76.18193],[279.4541,76.19089],[279.57684,76.1939],[279.63508,76.20773],[279.62795,76.21668],[279.64578,76.22177],[279.77293,76.24007],[279.84914,76.23352],[279.86871,76.22458],[279.94477,76.22676],[279.97661,76.23719],[280.13451,76.25667],[280.13923,76.25985],[280.12432,76.26483],[280.13452,76.26705],[280.34801,76.28703],[280.42665,76.30712],[280.5376,76.30521],[280.56461,76.29654],[280.65952,76.28925],[280.74461,76.30899],[280.74836,76.31717],[280.74021,76.33209],[280.72101,76.34318],[280.80582,76.37322],[280.7999,76.38614],[280.82219,76.40255],[280.94473,76.40388],[281.02289,76.41727],[281.02344,76.42788],[281.04869,76.43652],[281.04193,76.44458],[281.06351,76.44459],[281.07304,76.46331],[281.13649,76.50239],[281.13406,76.52485],[281.15593,76.53797],[281.20966,76.54912],[281.19109,76.56554],[281.1974,76.56827],[281.35838,76.55516],[281.42574,76.5653],[281.42916,76.56104],[281.41425,76.55253],[281.36689,76.53866],[281.40937,76.5248],[281.40916,76.51307],[281.39225,76.50473],[281.39671,76.49522],[281.38304,76.48812],[281.43702,76.47969],[281.45577,76.46741],[281.45944,76.45395],[281.48768,76.45781],[281.54207,76.44477],[281.56194,76.44607],[281.5751,76.4559],[281.62407,76.45073],[281.63,76.45596],[281.61484,76.47273],[281.61822,76.47904],[281.64423,76.48532],[281.65887,76.49979],[281.73923,76.50035],[281.83324,76.5195],[281.84203,76.53967],[281.79576,76.56128],[281.87612,76.58084],[281.89062,76.59068],[281.87624,76.59531],[281.88734,76.60414],[281.93787,76.61155],[281.93276,76.61738],[281.94329,76.62365],[282.10389,76.62957],[282.19501,76.64909],[282.19554,76.6615],[282.21786,76.67221],[282.18072,76.67279],[282.17319,76.67579],[282.18258,76.68454],[282.15472,76.6902],[282.22866,76.73032],[282.20734,76.74442],[282.20141,76.75963],[282.21114,76.78904],[282.24882,76.80153],[282.24535,76.80626],[282.25752,76.81186],[282.23688,76.83218],[282.19846,76.84398],[282.16801,76.84246],[282.10059,76.85736],[282.16513,76.87657],[282.1488,76.89403],[282.07829,76.91229],[282.12351,76.93579],[282.10532,76.94699],[282.05017,76.9682],[282.02576,76.97005],[281.90668,76.95893],[281.91345,76.96325],[281.90519,76.96715],[282.01707,76.97853],[281.97593,76.99415],[281.92297,77.0014],[281.91019,77.01527],[281.89824,77.01655],[281.75524,77.01641],[281.58215,76.9905],[281.58205,76.98362],[281.61774,76.96765],[281.56835,76.95265],[281.49379,76.95137],[281.42915,76.9384],[281.41142,76.92363],[281.43225,76.90196],[281.38947,76.88503],[281.24829,76.87888],[281.27288,76.84447],[281.26166,76.81585],[281.22833,76.82608],[281.17287,76.82435],[281.12001,76.83834],[281.05226,76.84011],[281.05084,76.84903],[281.07892,76.85935],[281.09152,76.87355],[281.10217,76.90424],[281.1259,76.92361],[280.98309,76.93912],[280.97285,76.92615],[280.90971,76.91654],[280.85278,76.91816],[280.80989,76.93449],[280.7217,76.91642],[280.70998,76.92202],[280.65443,76.91352],[280.61342,76.92344],[280.58838,76.93688],[280.64571,76.97263],[280.74842,77.00039],[280.7781,77.02275],[280.88362,77.0503],[280.89391,77.06973],[280.90643,77.07406],[280.98127,77.08123],[281.02312,77.09657],[280.97071,77.12254],[280.90757,77.12768],[280.99717,77.14775],[280.87949,77.17489],[280.87764,77.18748],[280.83725,77.19863],[280.74742,77.21532],[280.61121,77.21908],[280.59714,77.22544],[280.44239,77.23096],[280.33548,77.24398],[280.10372,77.21446],[279.99535,77.18857],[279.91413,77.19263],[279.94055,77.19933],[279.83695,77.20006],[279.58433,77.22882],[279.49343,77.23066],[279.29206,77.25705],[279.14618,77.25872],[278.90668,77.28418],[278.76652,77.25233],[278.69487,77.25274],[278.63979,77.23294],[278.55648,77.22474],[278.5438,77.21473],[278.42671,77.19328],[278.23141,77.16967],[278.21049,77.15743],[278.13544,77.16958],[278.09233,77.18817],[278.08889,77.20309],[278.1157,77.21211],[278.09055,77.22427],[278.11031,77.23298],[278.09593,77.24235],[277.93586,77.26201],[277.8325,77.29076],[277.79274,77.29277],[277.87911,77.31202],[278.03697,77.30178],[278.17941,77.27969],[278.25959,77.29554],[278.49578,77.30031],[278.50172,77.29824],[278.4874,77.29396],[278.50814,77.29434],[278.76097,77.31991],[278.82013,77.31714],[278.84804,77.32563],[278.8388,77.34355],[278.79718,77.36483],[278.47159,77.37322],[278.39704,77.39615],[278.37239,77.41137],[278.27777,77.41633],[278.21428,77.43806],[278.26875,77.45768],[278.26635,77.46661],[278.32299,77.50964],[278.41175,77.51141],[278.50994,77.4954],[278.53408,77.48455],[278.5872,77.48365],[278.67693,77.46055],[278.69515,77.43605],[278.6918,77.42596],[278.7029,77.42154],[278.94748,77.39886],[278.97968,77.39177],[278.96216,77.37931],[278.97312,77.37488],[279.05656,77.36973],[279.0714,77.35504],[279.23269,77.3283],[279.60307,77.28928],[279.72436,77.29548],[279.77998,77.28547],[279.99641,77.27299],[280.21227,77.30851],[280.33286,77.31462],[280.7501,77.28768],[280.84349,77.29039],[281.01824,77.31814],[281.0393,77.33281],[281.0764,77.33716],[281.0716,77.33977],[281.07889,77.35311],[281.14345,77.37069],[281.26208,77.36251],[281.17149,77.31429],[281.13881,77.30963],[281.282,77.31162],[281.38957,77.33432],[281.43345,77.3363],[281.43987,77.3482],[281.51079,77.36288],[281.67208,77.37069],[281.76395,77.39873],[281.77232,77.40608],[281.7646,77.41391],[281.7082,77.42382],[281.75896,77.43441],[281.7703,77.4439],[281.86296,77.44622],[281.98097,77.46157],[281.99207,77.46622],[281.99333,77.47704],[282.03632,77.48713],[282.01975,77.49771],[282.03792,77.51058],[282.03969,77.51682],[282.02026,77.53237],[282.03278,77.54027],[282.01789,77.54401],[282.11612,77.55095],[282.18193,77.57421],[282.29501,77.59545],[282.21869,77.62332],[282.17239,77.61043],[282.16747,77.61352],[282.18882,77.63082],[282.15683,77.65729],[282.11142,77.64927],[282.10917,77.65996],[282.09705,77.6624],[282.05125,77.6674],[281.96523,77.6601],[281.91319,77.67203],[282.01038,77.69364],[282.01441,77.69787],[282.0025,77.71478],[281.97376,77.72342],[282.0363,77.74227],[282.0452,77.75121],[282.04083,77.78505],[282.02496,77.79749],[281.9485,77.81684],[281.84273,77.82645],[281.83158,77.83419],[281.85851,77.84201],[281.85581,77.85204],[281.67197,77.86551],[281.65506,77.87169],[281.6517,77.88607],[281.6,77.8989],[281.60951,77.91362],[281.64542,77.92653],[281.75027,77.94541],[281.93817,77.95836],[282.06696,77.94309],[282.1476,77.95178],[282.3874,77.93935],[282.45261,77.94643],[282.57785,77.932],[282.69054,77.94059],[282.8228,77.93927],[282.89131,77.93396],[282.92574,77.92236],[282.90183,77.91564],[282.95894,77.91302],[283.04412,77.88927],[283.16782,77.90181],[283.27643,77.93251],[283.32824,77.9272],[283.4092,77.93413],[283.48486,77.95261],[283.51949,77.97483],[283.50326,77.98135],[283.5068,77.98554],[283.6725,77.99089],[283.74053,78.00342],[283.67649,78.00149],[283.68409,78.00415],[283.76485,78.01303],[283.86609,78.01062],[283.89958,77.98931],[284.06802,77.97277],[284.07774,77.96791],[284.07264,77.95914],[284.09808,77.95594],[284.13602,77.96485],[284.17559,77.9939],[284.21193,78.00479],[284.40319,77.98389],[286.04994,78.25818],[285.63594,77.88544],[285.23493,77.50085],[285.00148,76.69085],[285.45259,76.28797],[285.89175,75.87128],[286.31882,75.44075],[286.72976,75.00077],[287.11815,74.7374],[289.73452,74.13959],[290.47667,73.96068],[291.15003,73.77899],[291.79673,73.63232],[291.91006,73.60899],[293.58017,73.43229],[293.98977,73.2529],[294.98686,72.79557],[295.02853,72.76224],[295.3552,72.60554],[296.48692,72.10718],[297.11694,71.78885],[297.46867,71.53052],[297.71033,71.31552],[297.85033,71.20215],[298.29036,70.86382],[298.71205,70.55215],[298.85539,70.14713],[299.00872,69.92213],[299.142,69.49043],[299.6053,69.17207],[299.96194,68.94707],[301.29525,68.42202],[301.43358,68.26868],[301.54858,68.12532],[301.67189,67.94865],[301.89855,67.66199],[302.08022,67.47196],[302.13038,67.33819],[302.34852,66.60193],[302.37186,66.41027],[302.37186,66.3136],[302.30347,65.62857],[302.23847,65.3019],[302.27014,65.14857],[302.18336,64.07188],[302.05836,63.87685],[302.02166,63.73518],[301.96833,63.58352],[302.04497,63.38015],[302.38789,62.62934],[302.57791,62.19177],[302.64961,62.00843],[302.72926,61.41408],[302.45982,61.17459]]]]}}