{"type":"Feature","properties":{"name":"Hudson Bay Complex Federal Marine Bioregion (Canada)","source":"Fisheries and Oceans Canada (DFO), Marine Planning and Conservation Directorate, Federal Marine Bioregions","source_url":"https://open.canada.ca/data/en/dataset/23eb8b56-dac8-4efc-be7c-b8fa11ba62e9","source_record":"23eb8b56-dac8-4efc-be7c-b8fa11ba62e9","license":"Open Government Licence - Canada","components":["Hudson Bay Complex"],"retrieved":"2026-10-07","note":"Reprojected from Canada Albers Equal Area Conic (NAD83) to WGS84, the Albers edges densified at 2 km first. Interior rings that are islands are dropped: land is excluded by sst_daily holding ocean cells only, not by the geometry. Parts holding no 0.05-degree cell centre are dropped. This is Canada's own marine-planning framework, not a maritime limit: the dataset describes its boundaries as fuzzy and revisable on ecosystem grounds. Longitudes are 0-360, as everywhere else in this project.","simplify_tolerance_deg":0.005,"dfo_area_km2":1244670,"cells":89784,"cells_moved_by_simplification":184},"geometry":{"type":"MultiPolygon","coordinates":[[[[293.93593,61.86959],[294.10357,61.80474],[294.08507,61.80095],[294.08955,61.79595],[294.07464,61.79426],[294.06392,61.78096],[294.09578,61.77979],[294.09809,61.76588],[294.12188,61.7594],[294.13371,61.76768],[294.16345,61.75439],[294.15925,61.74912],[294.17679,61.76062],[294.19833,61.74682],[294.24174,61.75024],[294.59355,61.6487],[294.54519,61.63321],[294.5311,61.6108],[294.54867,61.58689],[294.54593,61.57639],[294.56607,61.57462],[294.55851,61.56661],[294.61646,61.56721],[294.62131,61.56129],[294.61037,61.55396],[294.62351,61.54598],[294.63036,61.56542],[294.66268,61.57158],[294.6313,61.5548],[294.63836,61.54484],[294.66259,61.55042],[294.6627,61.53833],[294.6489,61.52985],[294.65472,61.52188],[294.69679,61.52356],[294.70069,61.51443],[294.71644,61.51879],[294.71651,61.51035],[294.74891,61.52682],[294.7523,61.5209],[294.73421,61.50855],[294.74718,61.49876],[294.76865,61.50404],[294.78734,61.49538],[294.79014,61.50817],[294.80492,61.51776],[294.79784,61.49767],[294.82462,61.49428],[294.82412,61.49975],[294.84666,61.47489],[294.86283,61.49727],[294.86858,61.49202],[294.8429,61.45914],[294.85009,61.45024],[294.90019,61.44753],[294.9183,61.46837],[294.91784,61.45346],[294.94312,61.45469],[294.92787,61.44685],[294.99499,61.45351],[295.00183,61.4498],[294.91738,61.43612],[294.93552,61.41695],[294.93798,61.42579],[294.95459,61.42174],[294.96746,61.43224],[294.96603,61.40759],[294.9846,61.39503],[295.01514,61.42332],[295.00556,61.39845],[295.02414,61.39957],[295.05231,61.41872],[295.0542,61.41302],[295.03081,61.39752],[295.03413,61.39318],[295.108,61.40155],[295.10939,61.39356],[295.06792,61.38333],[295.07409,61.37831],[295.06644,61.37215],[295.06301,61.34111],[295.08486,61.33653],[295.0906,61.34292],[295.07823,61.34361],[295.11917,61.35087],[295.11581,61.34585],[295.12818,61.34606],[295.11051,61.33148],[295.15134,61.32206],[295.12756,61.31913],[295.15649,61.30927],[295.16364,61.31337],[295.16216,61.30561],[295.17691,61.30855],[295.31226,60.66311],[295.30701,60.66061],[295.31351,60.65704],[295.24374,60.61243],[295.25949,60.60799],[295.2834,60.61977],[295.26833,60.60889],[295.27667,60.60681],[295.31747,60.63775],[295.3211,60.62003],[295.29801,60.60264],[295.31007,60.60033],[295.28851,60.58303],[295.31921,60.58615],[295.3226,60.59892],[295.31477,60.60557],[295.32398,60.60597],[295.34136,60.48998],[295.31663,60.47976],[295.31603,60.46834],[295.28373,60.47756],[295.30122,60.4677],[295.27068,60.46915],[295.26801,60.47897],[295.2255,60.4898],[295.16803,60.48329],[295.17261,60.47575],[295.14057,60.45845],[295.15675,60.45683],[295.14469,60.45136],[295.15021,60.44748],[295.18996,60.44261],[295.14095,60.44315],[295.16167,60.43056],[295.23324,60.41969],[295.23514,60.42607],[295.30608,60.40398],[295.14547,60.42693],[295.18004,60.41248],[295.17259,60.4036],[295.1925,60.41064],[295.20171,60.40606],[295.20119,60.39875],[295.23656,60.37653],[295.30016,60.36746],[295.30051,60.35696],[295.31469,60.351],[295.26594,60.35955],[295.30086,60.34737],[295.31019,60.32926],[295.27683,60.34172],[295.26701,60.32668],[295.25984,60.34907],[295.22993,60.35736],[295.24399,60.34052],[295.20647,60.36517],[295.19355,60.36428],[295.20211,60.33755],[295.17604,60.36752],[295.15575,60.36983],[295.14739,60.36094],[295.15289,60.35408],[295.18686,60.33165],[295.16241,60.32872],[295.19921,60.31998],[295.20439,60.33389],[295.21864,60.32953],[295.20189,60.30764],[295.22157,60.29299],[295.21227,60.28159],[295.19125,60.30264],[295.19595,60.31519],[295.18216,60.3191],[295.18116,60.30814],[295.17286,60.30542],[295.15079,60.31162],[295.15073,60.30157],[295.14198,60.30135],[295.1507,60.29746],[295.13779,60.29497],[295.1419,60.28743],[295.10182,60.28131],[295.10543,60.26464],[295.08525,60.27974],[295.07187,60.26833],[295.05531,60.26973],[295.0424,60.25695],[295.05344,60.25794],[295.04834,60.24598],[295.06766,60.24961],[295.09426,60.23406],[295.0566,60.24209],[295.0593,60.22017],[295.12503,60.23105],[295.12958,60.22123],[295.15943,60.22095],[295.12493,60.21119],[295.11254,60.21394],[295.11761,60.21804],[295.11261,60.22718],[295.10433,60.22514],[295.10244,60.2135],[295.11205,60.20663],[295.1685,60.2029],[295.14231,60.19883],[295.07624,60.2085],[295.08125,60.19822],[295.07436,60.19435],[295.039,60.18867],[295.03253,60.17201],[295.04307,60.16607],[295.03618,60.16265],[295.04479,60.12634],[295.05757,60.11125],[295.03518,60.12817],[295.0302,60.15078],[295.02148,60.15261],[295.02564,60.16448],[294.99261,60.16016],[295.00727,60.14622],[294.99672,60.14098],[295.01183,60.13024],[295.00449,60.12545],[295.04061,60.1035],[295.04608,60.09665],[295.03875,60.09026],[295.05655,60.0743],[295.01725,60.09393],[294.98251,60.12659],[294.96464,60.12729],[294.96738,60.12226],[294.95273,60.12067],[294.9541,60.09692],[294.9445,60.09464],[294.93579,60.11039],[294.92894,60.09395],[294.9413,60.08071],[294.95547,60.08756],[294.9875,60.07956],[294.98017,60.07157],[294.96188,60.0734],[294.98883,60.04827],[294.95731,60.06609],[294.96645,60.05125],[294.93856,60.06244],[294.94679,60.05148],[294.93217,60.04828],[294.90015,60.06472],[294.93857,60.03983],[294.90613,60.04691],[294.88232,60.0654],[294.87685,60.06197],[294.88647,60.05193],[294.86727,60.0542],[294.87642,60.04941],[294.86501,60.04393],[294.87919,60.03731],[294.87281,60.03114],[294.89613,60.01379],[294.86141,60.02497],[294.87468,60.01242],[294.86739,60.00694],[294.89342,59.9969],[294.90254,60.00032],[294.92035,59.98708],[294.92947,59.9953],[294.94225,59.9864],[294.92812,59.97772],[294.93268,59.96951],[294.95684,59.96059],[294.93633,59.96105],[294.89116,59.98982],[294.87154,59.98821],[294.8857,59.98137],[294.89211,59.96424],[294.93314,59.95238],[294.91309,59.95329],[294.91766,59.94415],[294.98779,59.92017],[294.97959,59.91355],[294.98367,59.90533],[295.0,59.89757],[294.98367,59.89482],[294.95638,59.9188],[294.85975,59.96605],[294.84883,59.9608],[294.86207,59.95282],[294.86803,59.93706],[294.85162,59.94413],[294.84116,59.93795],[294.87263,59.91787],[294.83661,59.93544],[294.84074,59.92722],[294.82298,59.92812],[294.84761,59.9149],[294.79427,59.93198],[294.77379,59.93172],[294.77656,59.92465],[294.76928,59.92327],[294.77889,59.91369],[294.78982,59.91325],[294.79205,59.92124],[294.80259,59.90641],[294.82352,59.90711],[294.80891,59.91943],[294.84718,59.90622],[294.83125,59.90621],[294.83173,59.8989],[294.8709,59.88363],[294.86727,59.87746],[294.87594,59.86513],[294.84636,59.87927],[294.84958,59.8658],[294.84097,59.86169],[294.82954,59.87949],[294.8072,59.89111],[294.76266,59.8865],[294.79275,59.87009],[294.80183,59.87375],[294.80144,59.85983],[294.77825,59.86208],[294.76455,59.87508],[294.72903,59.88371],[294.77421,59.85386],[294.77156,59.84038],[294.83254,59.80231],[294.87428,59.79799],[294.88927,59.78818],[294.92282,59.79047],[294.94459,59.77312],[294.9763,59.76329],[295.02296,59.76304],[294.98626,59.75507],[294.90106,59.78522],[294.88113,59.77494],[294.87112,59.79183],[294.86343,59.7884],[294.86391,59.77744],[294.86117,59.78634],[294.84393,59.78953],[294.8385,59.78564],[294.85439,59.77971],[294.83898,59.77651],[294.83214,59.7902],[294.78616,59.8251],[294.74298,59.83577],[294.74803,59.82665],[294.7426,59.8239],[294.66874,59.86259],[294.65879,59.85709],[294.67203,59.84981],[294.65757,59.84133],[294.65631,59.83014],[294.64445,59.83674],[294.6441,59.82578],[294.61142,59.82524],[294.6179,59.81178],[294.64695,59.81094],[294.63977,59.80316],[294.61845,59.80288],[294.62769,59.78669],[294.5929,59.81743],[294.58841,59.81285],[294.59575,59.8051],[294.56802,59.81005],[294.57715,59.80528],[294.57366,59.79249],[294.52013,59.79439],[294.5143,59.79002],[294.53754,59.78096],[294.53124,59.77683],[294.54129,59.77024],[294.53589,59.76772],[294.54153,59.75152],[294.51729,59.76925],[294.5046,59.76921],[294.50515,59.76236],[294.51739,59.76126],[294.5148,59.75166],[294.49936,59.75481],[294.49725,59.74361],[294.46325,59.74623],[294.47455,59.71659],[294.457,59.7099],[294.5005,59.67123],[294.50591,59.67171],[294.50037,59.68037],[294.51347,59.68155],[294.53886,59.67387],[294.53127,59.66676],[294.5517,59.6586],[294.53952,59.66011],[294.57417,59.62944],[294.54471,59.6394],[294.52082,59.67199],[294.51311,59.67333],[294.50741,59.66121],[294.48656,59.66616],[294.5157,59.64845],[294.5415,59.60696],[294.56926,59.58513],[294.56029,59.58099],[294.56985,59.57234],[294.55913,59.565],[294.6084,59.5037],[294.71853,59.50507],[294.7352,59.49984],[294.73705,59.49049],[294.82698,59.47735],[294.85398,59.46047],[294.84235,59.44768],[294.84685,59.44128],[294.91196,59.40455],[294.96934,59.39222],[294.96082,59.3824],[294.89854,59.39359],[294.84334,59.41959],[294.82579,59.43601],[294.81947,59.44537],[294.83556,59.46228],[294.74435,59.47451],[294.71052,59.49387],[294.70242,59.49432],[294.70256,59.4765],[294.66563,59.48762],[294.6338,59.4807],[294.60864,59.49092],[294.62484,59.47794],[294.61816,59.47221],[294.64528,59.45287],[294.71327,59.42331],[294.73758,59.40942],[294.74168,59.39893],[294.62778,59.45145],[294.59969,59.47673],[294.57546,59.47462],[294.60847,59.45369],[294.58239,59.45705],[294.57689,59.46731],[294.55209,59.47615],[294.52614,59.47944],[294.53218,59.47209],[294.51385,59.48037],[294.50351,59.48079],[294.51392,59.47443],[294.5063,59.47372],[294.47971,59.47979],[294.49109,59.46933],[294.48582,59.46063],[294.52979,59.46329],[294.53129,59.45119],[294.55709,59.43254],[294.49406,59.4497],[294.50949,59.43628],[294.50194,59.431],[294.52358,59.42194],[294.61246,59.41397],[294.6589,59.38325],[294.61615,59.40348],[294.56501,59.40699],[294.58271,59.3874],[294.56844,59.38648],[294.58463,59.37599],[294.55772,59.37934],[294.55328,59.3759],[294.5655,59.36497],[294.55208,59.36402],[294.5598,59.35468],[294.54647,59.34665],[294.60519,59.33608],[294.61078,59.31486],[294.65489,59.28025],[294.70136,59.27714],[294.66341,59.27661],[294.66123,59.27044],[294.68959,59.24059],[294.67664,59.24307],[294.58717,59.3068],[294.53273,59.33564],[294.52402,59.35206],[294.48927,59.37318],[294.48486,59.36883],[294.46218,59.38049],[294.48952,59.35514],[294.43356,59.38554],[294.43639,59.3755],[294.42593,59.37458],[294.43786,59.36774],[294.43224,59.36179],[294.46514,59.33907],[294.42573,59.34166],[294.43914,59.31294],[294.45043,59.30522],[294.43977,59.30061],[294.48371,59.2905],[294.49094,59.28413],[294.46689,59.27993],[294.48131,59.27039],[294.51434,59.2705],[294.52215,59.25386],[294.50791,59.25061],[294.48673,59.26539],[294.47876,59.26102],[294.46391,59.26964],[294.44052,59.25174],[294.44199,59.2433],[294.46607,59.21233],[294.48668,59.2051],[294.481,59.19709],[294.50303,59.1814],[294.50996,59.16293],[294.5034,59.15355],[294.53114,59.14085],[294.52493,59.13946],[294.50489,59.14191],[294.48962,59.15327],[294.42995,59.24257],[294.40868,59.26144],[294.39217,59.26137],[294.4059,59.24019],[294.40862,59.2096],[294.41849,59.20599],[294.40578,59.19246],[294.44714,59.16728],[294.45045,59.15382],[294.43938,59.15012],[294.39572,59.18123],[294.37964,59.23688],[294.35519,59.25779],[294.30216,59.27626],[294.29056,59.27597],[294.30254,59.25639],[294.27686,59.26905],[294.25543,59.26894],[294.26386,59.24935],[294.28544,59.24124],[294.24587,59.23487],[294.2817,59.22729],[294.26326,59.21349],[294.31477,59.19959],[294.33234,59.21383],[294.3543,59.20663],[294.33312,59.19511],[294.28506,59.19305],[294.29639,59.1826],[294.28233,59.17317],[294.27069,59.17631],[294.266,59.18816],[294.25978,59.18744],[294.25997,59.17785],[294.35613,59.10273],[294.34515,59.09629],[294.3615,59.07512],[294.39754,59.07048],[294.46883,59.08172],[294.45291,59.10747],[294.43186,59.11835],[294.43536,59.12202],[294.45721,59.11776],[294.48283,59.09639],[294.53673,59.08447],[294.55864,59.07105],[294.65366,59.06719],[294.68266,59.04807],[294.71553,59.04014],[294.70537,59.03532],[294.63509,59.05893],[294.63702,59.0434],[294.59472,59.05906],[294.573,59.05762],[294.57087,59.04962],[294.54238,59.05776],[294.55313,59.04889],[294.55009,59.04317],[294.5071,59.07569],[294.44907,59.06704],[294.45897,59.05794],[294.40396,59.0575],[294.42018,59.04158],[294.45342,59.04262],[294.45262,59.0369],[294.41772,59.029],[294.45535,59.03235],[294.48185,59.00755],[294.49995,59.01241],[294.53261,58.98694],[294.57929,58.96882],[294.59769,58.94489],[294.63721,58.92694],[294.58179,58.94279],[294.50996,58.99258],[294.46288,59.00155],[294.43692,59.01972],[294.42361,59.02035],[294.42158,59.00893],[294.41347,59.01757],[294.39133,59.01656],[294.37402,59.04366],[294.3107,59.06232],[294.30503,59.05704],[294.31353,59.0532],[294.31005,59.04931],[294.22376,59.03972],[294.24743,59.03186],[294.32317,59.03613],[294.31928,59.03017],[294.2149,59.01866],[294.22092,59.0066],[294.24014,58.99894],[294.33799,58.97614],[294.32973,58.96811],[294.34758,58.95951],[294.33559,58.93753],[294.31987,58.9507],[294.20132,58.99141],[294.1438,58.9897],[294.17148,58.96064],[294.13947,58.94857],[294.11417,58.95206],[294.08898,58.93386],[294.00113,58.91338],[294.08122,58.87397],[294.09368,58.88753],[294.13553,58.87296],[294.21761,58.87276],[294.22342,58.86959],[294.21468,58.86544],[294.22497,58.85887],[294.2141,58.85196],[294.23445,58.83727],[294.20643,58.83936],[294.2084,58.84987],[294.19851,58.85849],[294.18134,58.85748],[294.18298,58.84332],[294.16255,58.83019],[294.18437,58.80064],[294.17233,58.78823],[294.16621,58.80555],[294.13013,58.84072],[294.11584,58.83013],[294.06732,58.8483],[294.06017,58.83501],[294.0445,58.82759],[294.03242,58.83459],[294.02293,58.85941],[293.99844,58.86723],[293.97046,58.85834],[293.95963,58.83633],[293.92486,58.83447],[293.93328,58.81809],[293.9092,58.8131],[293.91894,58.79697],[293.90667,58.79482],[293.9105,58.78479],[293.89279,58.78807],[293.90002,58.7822],[293.89369,58.77301],[293.90503,58.76214],[293.93295,58.75506],[293.92245,58.76799],[293.93405,58.77722],[293.96221,58.76236],[293.97591,58.72936],[293.93866,58.74049],[293.94203,58.73047],[293.97146,58.71585],[293.95827,58.71621],[293.96126,58.7039],[293.94789,58.69534],[294.03244,58.68593],[294.04646,58.68671],[294.05457,58.6959],[294.07991,58.68328],[294.06071,58.67904],[294.06057,58.65072],[294.11459,58.62917],[294.13324,58.60006],[294.18288,58.57319],[294.16327,58.56964],[294.11142,58.59718],[294.10595,58.58846],[294.11705,58.56365],[294.11459,58.55678],[294.10188,58.5583],[294.09923,58.54161],[294.10758,58.5218],[294.08074,58.52939],[294.08666,58.51983],[294.07264,58.52156],[294.06774,58.50829],[294.04745,58.51614],[294.04928,58.49606],[294.036,58.50327],[294.02293,58.50181],[294.0215,58.49038],[293.99877,58.49158],[293.99726,58.48312],[294.04368,58.46017],[294.05297,58.43808],[294.0407,58.42453],[294.03374,58.39114],[293.95627,58.37618],[293.92603,58.35447],[293.97264,58.3046],[293.96192,58.29996],[293.92719,58.31521],[293.90268,58.36456],[293.91737,58.38226],[293.97035,58.38565],[293.98386,58.40036],[294.00987,58.40444],[294.00616,58.41309],[294.02058,58.44356],[293.9705,58.48795],[294.00548,58.51744],[293.99693,58.52673],[294.02834,58.52811],[294.04327,58.54191],[294.03702,58.56356],[294.06436,58.57174],[294.07045,58.62453],[293.9975,58.63247],[294.01766,58.63216],[294.0034,58.64096],[294.0219,58.65389],[293.99335,58.67125],[293.9678,58.65941],[293.98015,58.6417],[293.95003,58.65243],[293.93481,58.64797],[293.93317,58.65892],[293.91619,58.66929],[293.91678,58.67889],[293.88326,58.69825],[293.88451,58.71447],[293.89405,58.71866],[293.84399,58.74519],[293.84359,58.73034],[293.83349,58.73026],[293.8313,58.74326],[293.7465,58.80438],[293.73085,58.79852],[293.72649,58.80945],[293.69036,58.82166],[293.67747,58.81285],[293.65063,58.8119],[293.64282,58.82027],[293.66182,58.83074],[293.65512,58.83295],[293.66051,58.84214],[293.62432,58.85411],[293.59095,58.83841],[293.60814,58.83859],[293.61388,58.8302],[293.57479,58.83533],[293.57095,58.82112],[293.54896,58.83093],[293.53571,58.82097],[293.54973,58.81221],[293.54035,58.79384],[293.54801,58.77885],[293.52903,58.7695],[293.56184,58.73104],[293.54733,58.73088],[293.55024,58.71355],[293.50382,58.72035],[293.48103,58.70867],[293.47531,58.71911],[293.45164,58.71793],[293.4686,58.70168],[293.45355,58.6942],[293.45153,58.67019],[293.43819,58.66432],[293.4198,58.67324],[293.42559,58.66143],[293.41838,58.65586],[293.43238,58.64667],[293.42396,58.6388],[293.43179,58.63044],[293.40817,58.61966],[293.38664,58.62099],[293.38258,58.61364],[293.37488,58.57152],[293.3894,58.55982],[293.38995,58.54773],[293.37614,58.54367],[293.35245,58.55502],[293.33596,58.54294],[293.35124,58.5244],[293.34098,58.51971],[293.37285,58.50115],[293.37561,58.4788],[293.41506,58.46489],[293.4333,58.46671],[293.44675,58.47852],[293.4549,58.46149],[293.44732,58.45546],[293.46258,58.45541],[293.48056,58.44283],[293.41867,58.45238],[293.34579,58.49145],[293.3232,58.48911],[293.31277,58.47892],[293.28564,58.49844],[293.27075,58.49939],[293.27387,58.50719],[293.25988,58.50747],[293.23299,58.49477],[293.19014,58.49601],[293.19746,58.48949],[293.17977,58.47691],[293.20793,58.47228],[293.18691,58.45668],[293.19014,58.44683],[293.15753,58.4597],[293.15085,58.45412],[293.15453,58.44185],[293.13987,58.40555],[293.13951,58.42907],[293.09683,58.45312],[293.09681,58.46157],[293.12347,58.46881],[293.12389,58.47749],[293.11116,58.4869],[293.09952,58.48422],[293.09256,58.50011],[293.07387,58.49846],[293.06396,58.51203],[293.05559,58.50528],[293.06924,58.4952],[293.03947,58.49658],[293.04083,58.47993],[293.00315,58.45926],[292.98619,58.41993],[292.95912,58.41335],[292.94942,58.42302],[292.95468,58.43749],[292.94009,58.43361],[292.94194,58.41673],[292.91663,58.41747],[292.93523,58.38968],[292.94951,58.38373],[292.92035,58.37619],[292.90395,58.35925],[292.90299,58.34599],[292.89259,58.35998],[292.85951,58.37497],[292.83154,58.37679],[292.81455,58.39821],[292.80769,58.3894],[292.81651,58.36649],[292.79343,58.3597],[292.7879,58.34385],[292.76087,58.33813],[292.75423,58.32613],[292.73145,58.34264],[292.70772,58.32646],[292.6787,58.32503],[292.6417,58.29968],[292.64278,58.28988],[292.58874,58.26741],[292.57623,58.27266],[292.60221,58.28639],[292.58049,58.28667],[292.57241,58.2968],[292.53876,58.29365],[292.46925,58.25757],[292.45104,58.22729],[292.41493,58.22337],[292.4076,58.199],[292.39401,58.19531],[292.39841,58.18854],[292.37304,58.18025],[292.35345,58.1586],[292.32011,58.10148],[292.34463,58.07389],[292.342,58.05122],[292.3284,58.01986],[292.28679,57.99477],[292.29038,57.92141],[292.28449,57.91802],[292.27482,57.92026],[292.26078,57.97456],[292.2738,57.97873],[292.26949,57.99577],[292.32212,58.06908],[292.28606,58.11195],[292.288,58.16592],[292.29529,58.16676],[292.31206,58.19682],[292.29897,58.21282],[292.31909,58.20107],[292.33376,58.2192],[292.33389,58.24045],[292.34885,58.25493],[292.34043,58.2632],[292.29813,58.26597],[292.29977,58.27858],[292.28239,58.2789],[292.28106,58.2679],[292.26661,58.26394],[292.25669,58.26875],[292.27966,58.28615],[292.24845,58.31336],[292.25525,58.32654],[292.28751,58.34801],[292.2663,58.35785],[292.2772,58.38024],[292.26554,58.40147],[292.28069,58.39151],[292.29037,58.40154],[292.28427,58.40712],[292.29127,58.40681],[292.28909,58.41248],[292.30946,58.41976],[292.30418,58.42605],[292.28034,58.42989],[292.27322,58.44299],[292.2828,58.44891],[292.25639,58.44081],[292.26442,58.44966],[292.25199,58.46357],[292.19167,58.47026],[292.19174,58.46387],[292.20635,58.46122],[292.19269,58.44104],[292.20114,58.43345],[292.17423,58.43195],[292.17688,58.42058],[292.16308,58.40794],[292.17056,58.39622],[292.15426,58.38763],[292.15534,58.36892],[292.17354,58.35355],[292.17605,58.33853],[292.16032,58.31236],[292.19056,58.29269],[292.17232,58.28726],[292.14658,58.26178],[292.13563,58.24166],[292.14684,58.23163],[292.14287,58.2272],[292.12756,58.23417],[292.06995,58.21778],[292.0527,58.22195],[292.05119,58.21415],[292.03819,58.21138],[292.01257,58.21237],[292.03053,58.2331],[292.09361,58.24117],[292.09016,58.24612],[292.11524,58.26839],[292.10902,58.28082],[292.13009,58.28861],[292.13411,58.30333],[292.11541,58.31542],[292.1471,58.30933],[292.12422,58.32217],[292.13952,58.32241],[292.13419,58.3344],[292.11379,58.33943],[292.11942,58.34504],[292.10491,58.34152],[292.06889,58.37201],[292.07851,58.3768],[292.07105,58.3828],[292.08541,58.3829],[292.06428,58.39613],[292.07093,58.40519],[292.05686,58.41196],[292.0659,58.41856],[292.0653,58.43089],[292.04809,58.42295],[292.03813,58.42729],[292.04798,58.43986],[292.05879,58.44103],[292.05399,58.44617],[292.07964,58.45247],[292.07021,58.45568],[292.0889,58.49358],[292.0854,58.50425],[292.06802,58.50819],[292.07552,58.51796],[292.05617,58.50884],[292.04017,58.51716],[292.02165,58.51399],[292.0235,58.5282],[292.04189,58.5332],[292.01567,58.54311],[292.03843,58.5482],[292.03065,58.56265],[291.98778,58.58268],[291.98933,58.56969],[291.97366,58.55333],[291.98035,58.54686],[291.96858,58.53127],[291.9735,58.50967],[291.94466,58.5195],[291.94592,58.51016],[291.92928,58.5004],[291.90737,58.52593],[291.89025,58.52666],[291.89285,58.51713],[291.8758,58.5318],[291.84511,58.51802],[291.81212,58.52978],[291.81138,58.54759],[291.79963,58.55645],[291.78475,58.54693],[291.76807,58.54743],[291.76548,58.53754],[291.74748,58.52885],[291.70136,58.52631],[291.71643,58.53812],[291.72633,58.57267],[291.69936,58.58936],[291.67952,58.5813],[291.66421,58.58571],[291.65513,58.61656],[291.66313,58.62454],[291.65717,58.65936],[291.66537,58.66552],[291.6656,58.68153],[291.61768,58.69537],[291.63976,58.69892],[291.62747,58.70317],[291.6148,58.72502],[291.61909,58.74434],[291.64539,58.76834],[291.64754,58.78257],[291.59735,58.7911],[291.60943,58.79827],[291.59992,58.80534],[291.60704,58.81375],[291.59979,58.8202],[291.54373,58.8162],[291.5304,58.82156],[291.5259,58.83561],[291.49436,58.82013],[291.49666,58.83666],[291.47147,58.87165],[291.46032,58.87272],[291.46095,58.86221],[291.43131,58.87558],[291.41148,58.8963],[291.37238,58.90231],[291.36915,58.89513],[291.36051,58.90998],[291.29119,58.89636],[291.26216,58.89895],[291.25889,58.89246],[291.22456,58.91937],[291.16887,58.90264],[291.13467,58.88012],[291.02384,58.88272],[290.991,58.87233],[290.98496,58.87489],[291.00901,58.90011],[291.0063,58.90826],[290.95749,58.89806],[290.96337,58.90831],[290.94142,58.8955],[290.92404,58.89655],[290.91898,58.90577],[290.84665,58.90371],[290.78858,58.87552],[290.79392,58.89698],[290.76667,58.88464],[290.76405,58.90241],[290.74176,58.90373],[290.72949,58.89921],[290.74402,58.8926],[290.70314,58.87981],[290.67337,58.88087],[290.65378,58.86786],[290.6063,58.87267],[290.60993,58.86501],[290.60237,58.85491],[290.58025,58.85164],[290.57816,58.84379],[290.59198,58.83236],[290.58705,58.81915],[290.57659,58.82497],[290.55364,58.818],[290.5541,58.80406],[290.53457,58.78782],[290.522,58.79975],[290.4959,58.77641],[290.4826,58.78716],[290.46778,58.77222],[290.46774,58.78939],[290.43939,58.77694],[290.42373,58.78188],[290.39141,58.76288],[290.38391,58.76627],[290.35722,58.70878],[290.35532,58.66705],[290.33936,58.68113],[290.34139,58.69882],[290.32596,58.69895],[290.32063,58.7189],[290.31268,58.71586],[290.2929,58.69935],[290.29006,58.6878],[290.27314,58.67962],[290.25179,58.63306],[290.21793,58.61417],[290.18904,58.58173],[290.1723,58.60445],[290.14089,58.61563],[290.14565,58.63183],[290.12776,58.64031],[290.15701,58.67324],[290.18415,58.68685],[290.18533,58.67843],[290.20398,58.68668],[290.21598,58.69857],[290.21723,58.71189],[290.18531,58.70704],[290.18627,58.716],[290.16044,58.73701],[290.16083,58.71528],[290.1419,58.70266],[290.05434,58.68375],[290.07163,58.69838],[290.07002,58.71275],[290.087,58.73904],[290.08241,58.74344],[290.09535,58.77347],[290.08621,58.78503],[289.97044,58.73431],[289.95651,58.74521],[289.96607,58.74925],[289.96214,58.75802],[289.95032,58.75138],[289.92856,58.76746],[289.85916,58.75647],[289.80351,58.7863],[289.75056,58.77453],[289.68523,58.75444],[289.63835,58.72385],[289.62113,58.70985],[289.62532,58.68002],[289.58802,58.6561],[289.60886,58.67268],[289.61285,58.68385],[289.60362,58.70636],[289.61353,58.7219],[289.68213,58.76599],[289.73283,58.77792],[289.79463,58.80724],[289.82811,58.79897],[289.85007,58.78198],[289.89422,58.78191],[289.92772,58.78827],[289.96304,58.80638],[289.95889,58.8227],[289.96905,58.82882],[290.02676,58.80862],[290.0724,58.82616],[290.07936,58.82071],[290.10272,58.83053],[290.11736,58.82696],[290.11652,58.84227],[290.09514,58.87764],[290.10044,58.88081],[290.11653,58.87661],[290.12081,58.8651],[290.16796,58.83162],[290.20857,58.83198],[290.21172,58.85064],[290.192,58.89707],[290.20616,58.90035],[290.18445,58.93526],[290.1858,58.94148],[290.19113,58.93825],[290.19177,58.9559],[290.16847,58.95755],[290.16108,58.95018],[290.14356,58.96441],[290.10314,58.95533],[290.12792,58.98396],[290.14469,58.97841],[290.14072,59.00024],[290.14786,59.00944],[290.13248,59.04275],[290.13432,59.05174],[290.15234,59.06272],[290.1693,59.05282],[290.17324,59.0216],[290.19409,59.01872],[290.22438,58.96375],[290.23192,58.96059],[290.24159,58.9804],[290.23255,58.99449],[290.24003,59.01423],[290.23207,59.02995],[290.24751,59.02434],[290.25482,58.98111],[290.2716,58.98814],[290.27145,58.96341],[290.28658,58.96304],[290.2885,58.98463],[290.27735,58.99476],[290.28033,59.00219],[290.29666,58.99317],[290.29563,58.98123],[290.30551,58.9706],[290.30091,58.95876],[290.31425,58.94872],[290.28706,58.92712],[290.29836,58.92868],[290.30889,58.90022],[290.3166,58.9021],[290.31548,58.92014],[290.33692,58.94495],[290.33302,58.92146],[290.34534,58.90566],[290.33713,58.89758],[290.33901,58.88368],[290.31551,58.89382],[290.30065,58.87291],[290.31072,58.84764],[290.30769,58.82761],[290.34048,58.79081],[290.35282,58.8107],[290.373,58.79839],[290.42292,58.80474],[290.43243,58.81629],[290.44818,58.81067],[290.46561,58.83943],[290.44673,58.85525],[290.46015,58.85412],[290.46279,58.86428],[290.47547,58.86198],[290.47198,58.87513],[290.48184,58.90454],[290.50749,58.87751],[290.54566,58.88684],[290.54131,58.89997],[290.556,58.90619],[290.52927,58.9554],[290.53726,58.98267],[290.50702,59.05463],[290.51199,59.06419],[290.50643,59.07613],[290.51225,59.0793],[290.52117,59.07915],[290.5163,59.07212],[290.52407,59.05682],[290.53903,59.06489],[290.5388,59.03925],[290.56013,59.02556],[290.59347,59.06697],[290.65963,59.09597],[290.66233,59.11688],[290.69608,59.10702],[290.69781,59.09678],[290.7092,59.09464],[290.71265,59.08125],[290.72388,59.07682],[290.70577,59.03663],[290.70744,59.02319],[290.68725,58.993],[290.65235,58.97422],[290.66367,58.96521],[290.64624,58.95227],[290.65265,58.94013],[290.66132,58.95575],[290.67217,58.94696],[290.68742,58.94908],[290.71921,58.98216],[290.77241,58.95347],[290.77933,58.9585],[290.76326,58.96301],[290.78497,58.97035],[290.79482,58.98051],[290.79307,58.99487],[290.80591,59.00604],[290.84886,59.01794],[290.84374,59.01984],[290.84906,59.02733],[290.83872,59.03203],[290.84713,59.03596],[290.8431,59.03995],[290.90413,59.05721],[290.84883,59.08817],[290.83633,59.0665],[290.81452,59.07038],[290.82543,59.08674],[290.82637,59.1156],[290.83563,59.11635],[290.82651,59.1291],[290.83273,59.14394],[290.81645,59.1332],[290.82034,59.14132],[290.80698,59.15044],[290.78267,59.14874],[290.75258,59.16493],[290.69872,59.1428],[290.68705,59.15409],[290.67278,59.15407],[290.65584,59.14],[290.65564,59.12515],[290.63379,59.12417],[290.64636,59.11635],[290.62312,59.12404],[290.56122,59.10318],[290.56055,59.12902],[290.54144,59.13889],[290.51451,59.12676],[290.51715,59.10991],[290.4989,59.1031],[290.46196,59.14668],[290.46844,59.16178],[290.4949,59.18444],[290.50165,59.20436],[290.52461,59.21659],[290.53499,59.21236],[290.54997,59.22432],[290.58882,59.22449],[290.57258,59.20495],[290.59189,59.1937],[290.61098,59.19801],[290.62406,59.18998],[290.64018,59.20356],[290.62509,59.22731],[290.62801,59.24297],[290.65936,59.23898],[290.67411,59.22482],[290.69711,59.21964],[290.70939,59.20356],[290.71972,59.20665],[290.71197,59.21509],[290.72133,59.21883],[290.71932,59.22768],[290.75446,59.22174],[290.74758,59.22678],[290.75413,59.23888],[290.77209,59.22734],[290.77333,59.23539],[290.75932,59.24386],[290.75503,59.27484],[290.73534,59.27488],[290.73625,59.2891],[290.72565,59.30226],[290.74503,59.29762],[290.74414,59.30835],[290.75495,59.30069],[290.7635,59.30394],[290.75148,59.33215],[290.73596,59.3344],[290.7338,59.32655],[290.70577,59.3357],[290.70899,59.32436],[290.68249,59.30359],[290.66698,59.31292],[290.65746,59.30322],[290.63217,59.3049],[290.6265,59.31066],[290.64486,59.31424],[290.64775,59.33722],[290.58957,59.35725],[290.55307,59.35167],[290.56069,59.362],[290.48172,59.33161],[290.40257,59.32016],[290.39324,59.29969],[290.37831,59.29092],[290.35534,59.29515],[290.35484,59.30863],[290.33309,59.31701],[290.30745,59.30465],[290.24119,59.31073],[290.24139,59.32219],[290.27585,59.34518],[290.31381,59.34311],[290.34185,59.35784],[290.37013,59.34786],[290.37448,59.37525],[290.36909,59.39177],[290.34434,59.37899],[290.3267,59.37997],[290.33655,59.38673],[290.32738,59.39464],[290.35626,59.40024],[290.35783,59.42823],[290.34653,59.43195],[290.33786,59.46231],[290.28905,59.46058],[290.30276,59.47205],[290.31966,59.47357],[290.31104,59.4838],[290.25768,59.47891],[290.24776,59.48542],[290.26022,59.49296],[290.25498,59.50468],[290.26075,59.51816],[290.32615,59.55392],[290.32296,59.56068],[290.33381,59.57365],[290.35488,59.58469],[290.40514,59.60041],[290.40529,59.586],[290.43066,59.59214],[290.43563,59.60216],[290.47744,59.61535],[290.49238,59.63752],[290.49065,59.66401],[290.50004,59.67165],[290.48602,59.67827],[290.45875,59.67231],[290.45129,59.68395],[290.39205,59.67984],[290.41356,59.69158],[290.35784,59.69147],[290.35014,59.70127],[290.38255,59.72277],[290.40898,59.7285],[290.39733,59.73084],[290.4108,59.74184],[290.41908,59.74098],[290.42044,59.73095],[290.43877,59.74303],[290.41339,59.75612],[290.44026,59.76894],[290.43167,59.76865],[290.42964,59.77682],[290.40927,59.77635],[290.38722,59.79138],[290.4257,59.80919],[290.40762,59.81497],[290.42087,59.82459],[290.39395,59.82182],[290.41718,59.82835],[290.40016,59.83966],[290.45114,59.86979],[290.37416,59.88294],[290.33103,59.87846],[290.32232,59.89189],[290.28781,59.8909],[290.25908,59.90705],[290.23966,59.90887],[290.22809,59.92289],[290.28526,59.92194],[290.28391,59.96402],[290.2181,59.99281],[290.22202,60.01653],[290.14832,60.026],[290.16842,60.04849],[290.16113,60.07341],[290.17484,60.08009],[290.18943,60.06482],[290.21181,60.06859],[290.23213,60.05787],[290.24558,60.05995],[290.28031,60.04126],[290.2937,60.047],[290.27024,60.0638],[290.27885,60.07097],[290.31462,60.07086],[290.33181,60.07901],[290.34375,60.06194],[290.35405,60.07406],[290.37673,60.07255],[290.3766,60.0801],[290.33916,60.09208],[290.36073,60.09855],[290.37287,60.09371],[290.37553,60.10433],[290.38708,60.10701],[290.38944,60.11648],[290.37492,60.12193],[290.38756,60.13999],[290.37634,60.1348],[290.36109,60.14206],[290.38262,60.15241],[290.3826,60.16912],[290.40549,60.16647],[290.40641,60.18641],[290.39002,60.19181],[290.40086,60.19996],[290.39351,60.20977],[290.408,60.20821],[290.3995,60.21639],[290.41357,60.22122],[290.37399,60.22765],[290.35914,60.23835],[290.36568,60.2443],[290.35562,60.2602],[290.32427,60.25362],[290.31365,60.26355],[290.32095,60.27068],[290.3163,60.27418],[290.34146,60.27894],[290.31627,60.28745],[290.29973,60.28367],[290.29196,60.29942],[290.21489,60.30243],[290.25644,60.31855],[290.25497,60.3256],[290.27663,60.34215],[290.29365,60.34595],[290.30723,60.33818],[290.31691,60.34813],[290.31322,60.35464],[290.33776,60.35434],[290.27895,60.38091],[290.27573,60.38721],[290.28392,60.38818],[290.28799,60.40183],[290.22651,60.41387],[290.23896,60.41751],[290.25062,60.43623],[290.26719,60.43704],[290.28307,60.45568],[290.24227,60.46204],[290.25021,60.46804],[290.24217,60.47874],[290.21181,60.48958],[290.19678,60.50988],[290.18001,60.507],[290.22083,60.54254],[290.29733,60.53766],[290.30145,60.54787],[290.32385,60.54086],[290.2977,60.55781],[290.34982,60.55777],[290.33634,60.57082],[290.37393,60.58148],[290.356,60.593],[290.337,60.59235],[290.32936,60.5969],[290.33621,60.60445],[290.33072,60.60701],[290.30174,60.60442],[290.34007,60.61008],[290.35269,60.61967],[290.34565,60.62652],[290.35642,60.6262],[290.35174,60.63291],[290.31102,60.63724],[290.32919,60.65365],[290.32295,60.67129],[290.3039,60.68369],[290.30363,60.69855],[290.3173,60.69444],[290.33376,60.70347],[290.34925,60.69645],[290.38057,60.70621],[290.37159,60.71025],[290.38085,60.71422],[290.37074,60.72281],[290.37279,60.73478],[290.38657,60.72998],[290.41936,60.73955],[290.43294,60.73611],[290.43489,60.74556],[290.47985,60.76215],[290.52909,60.76492],[290.516,60.77501],[290.54602,60.77119],[290.5464,60.78218],[290.58457,60.78387],[290.57106,60.80404],[290.59133,60.82047],[290.6192,60.79803],[290.62694,60.79622],[290.62567,60.81575],[290.63659,60.80758],[290.63152,60.81463],[290.6387,60.81695],[290.60393,60.84879],[290.60716,60.86308],[290.62472,60.85471],[290.60359,60.87211],[290.61019,60.87896],[290.5963,60.89476],[290.62271,60.88713],[290.60742,60.89946],[290.6202,60.89872],[290.61789,60.90895],[290.62775,60.90903],[290.62772,60.91978],[290.60879,60.91711],[290.61283,60.92548],[290.59851,60.93052],[290.56475,60.92966],[290.56151,60.9362],[290.57765,60.93855],[290.58248,60.94808],[290.55345,60.95721],[290.54585,60.98511],[290.51426,61.01246],[290.51455,61.0342],[290.50075,61.06555],[290.49162,61.07006],[290.44627,61.08001],[290.3928,61.0803],[290.38573,61.07022],[290.39006,61.06305],[290.37249,61.05376],[290.36681,61.06044],[290.34973,61.05437],[290.3639,61.04776],[290.35129,61.04025],[290.36845,61.02594],[290.32393,61.02696],[290.33248,61.01352],[290.31989,61.01241],[290.33747,61.00179],[290.32653,60.99913],[290.33055,60.98759],[290.31854,60.98261],[290.33414,60.96598],[290.31317,60.9481],[290.37327,60.90953],[290.35832,60.90569],[290.36659,60.89384],[290.35877,60.89267],[290.35349,60.87693],[290.32459,60.87869],[290.33489,60.86796],[290.29885,60.87141],[290.29383,60.88016],[290.2628,60.87383],[290.25015,60.89285],[290.2749,60.91018],[290.24,60.91721],[290.23014,60.90428],[290.20407,60.89925],[290.19611,60.88639],[290.18029,60.89476],[290.15727,60.86625],[290.12707,60.85466],[290.14314,60.84767],[290.15625,60.8605],[290.16434,60.85666],[290.13824,60.82392],[290.12105,60.81965],[290.11804,60.80214],[290.09697,60.79887],[290.03831,60.8208],[290.02789,60.83369],[290.00395,60.83374],[290.01509,60.83758],[290.00818,60.84282],[289.95397,60.84427],[289.93337,60.83481],[289.93534,60.84931],[289.91944,60.85788],[289.9404,60.86804],[289.91767,60.88116],[289.86907,60.8734],[289.85846,60.88102],[289.86385,60.89152],[289.91679,60.88984],[289.9191,60.8961],[289.90301,60.92366],[289.91743,60.93977],[289.90673,60.96593],[289.896,60.97443],[289.89908,60.96359],[289.8842,60.95937],[289.8868,60.98465],[289.85386,61.00197],[289.83751,61.0009],[289.85102,61.03163],[289.88683,61.04716],[289.89588,61.06466],[289.88963,61.0713],[289.85436,61.06403],[289.86687,61.09243],[289.83582,61.09425],[289.80333,61.07265],[289.80147,61.08128],[289.78819,61.0785],[289.76699,61.06052],[289.76193,61.06834],[289.75649,61.06401],[289.76246,61.07386],[289.75369,61.07833],[289.76524,61.08587],[289.75475,61.09509],[289.72895,61.10234],[289.72562,61.09375],[289.70901,61.09403],[289.70999,61.09956],[289.691,61.10273],[289.69049,61.08576],[289.6786,61.09469],[289.66553,61.08503],[289.65275,61.09071],[289.66683,61.05714],[289.62371,61.0889],[289.59072,61.09081],[289.63597,61.05502],[289.62908,61.05384],[289.63187,61.04272],[289.57165,61.07197],[289.56996,61.05954],[289.58899,61.03349],[289.59365,61.00848],[289.5819,61.01099],[289.56645,61.02985],[289.55373,61.02683],[289.55578,61.02027],[289.5448,61.02373],[289.53782,61.03147],[289.53977,61.04506],[289.51084,61.07071],[289.48212,61.06155],[289.49029,61.04973],[289.47905,61.04905],[289.48227,61.04343],[289.44548,61.04908],[289.46914,61.0214],[289.46886,61.012],[289.4257,61.02674],[289.40858,61.01643],[289.38292,61.04173],[289.33711,61.01992],[289.32252,61.0223],[289.33737,61.04536],[289.35157,61.04526],[289.35659,61.0544],[289.31758,61.06104],[289.3041,61.07308],[289.29135,61.06224],[289.28522,61.06749],[289.2882,61.08274],[289.26225,61.07158],[289.26844,61.08466],[289.26356,61.08813],[289.23744,61.08589],[289.22912,61.07684],[289.28126,61.0018],[289.23964,61.04979],[289.22389,61.05851],[289.20627,61.05388],[289.20509,61.04467],[289.19924,61.05083],[289.20257,61.06656],[289.16838,61.08023],[289.13874,61.07142],[289.10863,61.08595],[289.10037,61.08192],[289.10314,61.07196],[289.0875,61.07977],[289.07544,61.07581],[289.06552,61.04742],[289.05313,61.05307],[289.09217,61.10082],[289.06966,61.1175],[289.03929,61.11252],[289.00743,61.13085],[288.95902,61.1386],[288.88885,61.12335],[288.88639,61.13631],[288.85477,61.13536],[288.85517,61.14569],[288.83925,61.14453],[288.82175,61.12449],[288.82086,61.11184],[288.83238,61.09631],[288.79609,61.12471],[288.81667,61.14352],[288.78878,61.13309],[288.77658,61.14217],[288.78636,61.16278],[288.74672,61.16145],[288.71872,61.14918],[288.70756,61.16013],[288.68906,61.15516],[288.67369,61.16087],[288.653,61.15741],[288.6324,61.14154],[288.62656,61.11834],[288.60416,61.12602],[288.62081,61.14491],[288.61366,61.14985],[288.57904,61.1377],[288.58687,61.12705],[288.57816,61.11839],[288.5655,61.12238],[288.57304,61.13214],[288.56762,61.13785],[288.61419,61.16386],[288.59538,61.17721],[288.58013,61.16549],[288.55758,61.17132],[288.56528,61.18269],[288.54982,61.18632],[288.5683,61.21264],[288.56117,61.22446],[288.54784,61.22682],[288.51369,61.22385],[288.48583,61.21107],[288.48978,61.22203],[288.4812,61.2198],[288.47883,61.19399],[288.49545,61.1801],[288.51983,61.17941],[288.51065,61.17073],[288.45132,61.16104],[288.42291,61.16519],[288.37809,61.15355],[288.39082,61.16411],[288.44924,61.17126],[288.44458,61.17539],[288.46256,61.18749],[288.45048,61.1954],[288.46315,61.21022],[288.44335,61.22328],[288.41855,61.22118],[288.42773,61.21588],[288.39982,61.21042],[288.37718,61.1864],[288.37389,61.19542],[288.39102,61.22537],[288.4032,61.23788],[288.42794,61.24502],[288.41909,61.25561],[288.36586,61.27325],[288.33271,61.27211],[288.24572,61.29107],[288.20033,61.28012],[288.22644,61.29425],[288.22164,61.29883],[288.25616,61.29134],[288.26589,61.29274],[288.26134,61.29848],[288.27793,61.29676],[288.30672,61.31881],[288.25231,61.32534],[288.25698,61.33038],[288.28353,61.32456],[288.31214,61.32939],[288.33173,61.31795],[288.33754,61.32442],[288.35968,61.32365],[288.32245,61.32805],[288.30598,61.33827],[288.32319,61.34736],[288.29166,61.3518],[288.23362,61.35265],[288.13373,61.33465],[288.12543,61.33768],[288.17295,61.34347],[288.22975,61.36186],[288.2037,61.37412],[288.11067,61.3794],[288.0894,61.39142],[288.15986,61.3777],[288.21711,61.38304],[288.28452,61.3698],[288.36153,61.37672],[288.35935,61.38488],[288.34499,61.38946],[288.35334,61.39308],[288.3448,61.39725],[288.35182,61.40034],[288.33546,61.4007],[288.33968,61.40343],[288.38826,61.39543],[288.36367,61.40549],[288.40709,61.4016],[288.4301,61.40842],[288.36879,61.41767],[288.35732,61.41528],[288.36021,61.40831],[288.31535,61.40524],[288.25869,61.41948],[288.21835,61.41545],[288.23388,61.42126],[288.22186,61.42595],[288.18243,61.41759],[288.13992,61.41917],[288.14329,61.42576],[288.07093,61.44764],[288.15361,61.43567],[288.15309,61.44253],[288.19689,61.44629],[288.23461,61.46511],[288.26272,61.4706],[288.28829,61.46541],[288.27986,61.47578],[288.2561,61.47464],[288.19554,61.49738],[288.2541,61.50436],[288.22682,61.5129],[288.2269,61.52598],[288.1592,61.53001],[288.19657,61.53735],[288.19035,61.54393],[288.22494,61.53965],[288.27029,61.55033],[288.29222,61.54451],[288.38847,61.55117],[288.39595,61.5568],[288.37914,61.56357],[288.38396,61.57274],[288.40907,61.56544],[288.42901,61.57372],[288.456,61.56192],[288.47521,61.57841],[288.44393,61.59231],[288.44857,61.61409],[288.41978,61.63199],[288.38955,61.63584],[288.36057,61.65672],[288.3284,61.65587],[288.29655,61.66719],[288.28863,61.66131],[288.25659,61.67789],[288.23759,61.66964],[288.22547,61.68557],[288.19506,61.67422],[288.19199,61.69518],[288.15353,61.70088],[288.10973,61.69552],[288.105,61.70607],[288.06414,61.70933],[288.04564,61.70107],[288.05618,61.69058],[288.0808,61.69294],[288.0777,61.68063],[288.08769,61.65933],[288.0499,61.63795],[288.0494,61.62049],[288.03169,61.59804],[287.98729,61.59605],[287.98597,61.58244],[287.97946,61.58142],[287.92919,61.5821],[287.87583,61.58581],[287.82858,61.60497],[287.77513,61.58981],[287.73409,61.56702],[287.72836,61.57728],[287.75042,61.59037],[287.75497,61.60415],[287.80752,61.60847],[287.81706,61.61746],[287.87551,61.60003],[287.94104,61.60244],[287.96494,61.62935],[287.99771,61.63604],[288.01867,61.66348],[288.0195,61.67935],[287.98909,61.68792],[287.98688,61.70869],[287.99823,61.72073],[287.95364,61.74695],[287.91358,61.74631],[287.90866,61.74882],[287.9251,61.75538],[287.88954,61.7669],[287.845,61.74535],[287.79754,61.74315],[287.77954,61.76036],[287.78773,61.76905],[287.82397,61.77595],[287.73934,61.78537],[287.83065,61.78915],[287.86061,61.79824],[287.8936,61.79396],[287.80978,61.83581],[287.82228,61.83852],[287.82509,61.85381],[287.80596,61.86729],[287.74612,61.88832],[287.69718,61.89153],[287.68482,61.884],[287.64278,61.89719],[287.62899,61.88752],[287.58023,61.90631],[287.56057,61.89884],[287.55616,61.91124],[287.52219,61.92895],[287.48346,61.92781],[287.42754,61.95329],[287.40017,61.93942],[287.39695,61.91261],[287.37603,61.89449],[287.38871,61.8784],[287.3881,61.8469],[287.41301,61.82437],[287.41053,61.78243],[287.40438,61.78578],[287.4082,61.79609],[287.39209,61.81244],[287.39376,61.82562],[287.36528,61.84475],[287.3622,61.87926],[287.35495,61.88507],[287.3201,61.88018],[287.28715,61.8499],[287.20722,61.82505],[287.22819,61.84435],[287.27752,61.85741],[287.29965,61.88412],[287.33116,61.89664],[287.34906,61.92701],[287.32396,61.94379],[287.33075,61.95587],[287.35375,61.96562],[287.4156,61.96827],[287.4118,61.97586],[287.42596,61.98191],[287.40664,61.98501],[287.4242,61.9972],[287.38949,62.01922],[287.41206,62.01492],[287.41555,62.02269],[287.40261,62.0236],[287.41549,62.03095],[287.39744,62.03273],[287.38498,62.04768],[287.41668,62.04617],[287.42575,62.05515],[287.40072,62.06138],[287.36896,62.05508],[287.34234,62.06375],[287.39917,62.07577],[287.39197,62.08112],[287.40602,62.08578],[287.40075,62.0933],[287.40901,62.09765],[287.39975,62.11345],[287.26422,62.1493],[287.21267,62.13936],[287.22697,62.11511],[287.22152,62.10998],[287.1898,62.12294],[287.19361,62.13119],[287.13584,62.11307],[287.06314,62.12096],[287.13069,62.1392],[287.10608,62.14518],[287.09793,62.16173],[287.05947,62.15636],[287.01632,62.16934],[287.04151,62.17466],[287.02236,62.18024],[286.95322,62.18691],[286.94782,62.21142],[286.91176,62.21558],[286.90039,62.23263],[286.85443,62.25551],[286.8136,62.27179],[286.79647,62.27126],[286.79551,62.27672],[286.80944,62.28004],[286.80352,62.29488],[286.81771,62.30281],[286.81349,62.31498],[286.77353,62.32578],[286.69256,62.33074],[286.68153,62.34412],[286.62053,62.37181],[286.59341,62.36953],[286.55515,62.35371],[286.56545,62.37754],[286.54216,62.38651],[286.51085,62.3904],[286.48013,62.37959],[286.45268,62.38026],[286.44674,62.39623],[286.42939,62.40508],[286.39354,62.40729],[286.40959,62.41378],[286.4061,62.42622],[286.39193,62.4272],[286.38546,62.43256],[286.39174,62.43846],[286.34444,62.47401],[286.30677,62.48231],[286.18154,62.45763],[286.15043,62.46031],[286.08792,62.42904],[286.08263,62.41306],[286.04818,62.40009],[286.03489,62.37256],[286.02175,62.36322],[285.92813,62.35614],[285.90801,62.34034],[285.8338,62.32661],[285.82582,62.32679],[285.82129,62.34031],[285.766,62.32798],[285.73761,62.31693],[285.74039,62.30444],[285.71696,62.29347],[285.72019,62.28769],[285.70558,62.27545],[285.68908,62.27275],[285.69125,62.28027],[285.68122,62.28399],[285.66803,62.28013],[285.67209,62.27003],[285.64281,62.25566],[285.62323,62.2599],[285.58679,62.24482],[285.50489,62.24419],[285.38961,62.26178],[285.29926,62.25793],[285.27934,62.22545],[285.254,62.21333],[285.30467,62.19053],[285.3484,62.15178],[285.43848,62.13163],[285.47516,62.11014],[285.4643,62.10226],[285.46206,62.1111],[285.43504,62.1226],[285.44124,62.11551],[285.37558,62.11998],[285.28283,62.16113],[285.2346,62.13889],[285.25966,62.15792],[285.25272,62.17519],[285.18029,62.20731],[285.14631,62.19457],[285.16086,62.21865],[285.08214,62.25882],[284.9479,62.27705],[284.92381,62.26588],[284.91732,62.24488],[284.87641,62.22327],[284.89436,62.24394],[284.90049,62.28106],[284.7429,62.2986],[284.69091,62.31746],[284.65168,62.32037],[284.59258,62.30427],[284.5897,62.29228],[284.6007,62.273],[284.62794,62.26138],[284.58458,62.26789],[284.5703,62.29825],[284.55515,62.30775],[284.49688,62.27343],[284.48906,62.25714],[284.41333,62.23371],[284.38093,62.23428],[284.35872,62.21112],[284.32519,62.21067],[284.27316,62.18802],[284.21911,62.18829],[284.2127,62.17832],[284.24053,62.15109],[284.23585,62.13617],[284.25279,62.10603],[284.30637,62.08677],[284.29107,62.08676],[284.24386,62.10049],[284.24649,62.10994],[284.22836,62.13075],[284.22898,62.1516],[284.21453,62.1632],[284.11768,62.16848],[284.21769,62.20644],[284.26248,62.20869],[284.31331,62.22919],[284.32705,62.24385],[284.4312,62.26392],[284.4506,62.27529],[284.39743,62.28126],[284.39576,62.29038],[284.35301,62.30196],[284.31759,62.29813],[284.26101,62.31073],[284.22768,62.30658],[284.1326,62.32382],[284.11288,62.34011],[284.06649,62.35434],[284.03095,62.35067],[284.00383,62.33054],[283.99581,62.33526],[283.98046,62.32583],[283.97705,62.31083],[283.96698,62.32156],[283.98032,62.34341],[283.96807,62.3564],[283.87741,62.33408],[283.87208,62.33588],[283.9024,62.36219],[283.88897,62.37619],[283.79889,62.38776],[283.77871,62.39693],[283.74015,62.39641],[283.71894,62.4112],[283.68489,62.41933],[283.65604,62.40534],[283.65442,62.41494],[283.62629,62.42723],[283.59944,62.43318],[283.56213,62.42489],[283.53196,62.44147],[283.48425,62.4478],[283.46554,62.43695],[283.43371,62.45755],[283.41686,62.4521],[283.42059,62.44259],[283.41076,62.42991],[283.39071,62.45587],[283.36673,62.46017],[283.34274,62.4557],[283.33282,62.4368],[283.32685,62.46471],[283.3606,62.47586],[283.31832,62.48958],[283.29819,62.47881],[283.27302,62.50627],[283.22747,62.50011],[283.22904,62.51661],[283.17289,62.52505],[283.14787,62.525],[283.14137,62.516],[283.13368,62.5244],[283.117,62.52236],[283.10014,62.50926],[283.10431,62.48727],[283.0915,62.51034],[283.10194,62.52367],[283.09823,62.53201],[283.03363,62.50753],[283.06682,62.53079],[283.05715,62.53932],[282.95552,62.53128],[282.95516,62.51954],[282.93331,62.53215],[282.92659,62.49941],[282.91754,62.51296],[282.92241,62.52023],[282.90712,62.53306],[282.87295,62.53706],[282.87143,62.52932],[282.85872,62.53482],[282.83914,62.5099],[282.83238,62.5106],[282.83659,62.52668],[282.82676,62.53797],[282.80189,62.54453],[282.78213,62.5406],[282.72237,62.5537],[282.70595,62.54768],[282.67438,62.55837],[282.65505,62.54794],[282.61655,62.56046],[282.60119,62.54353],[282.59968,62.52773],[282.58827,62.5232],[282.57249,62.56022],[282.57634,62.5724],[282.56548,62.58235],[282.47828,62.58498],[282.46764,62.55735],[282.42622,62.54145],[282.41021,62.51395],[282.39219,62.52667],[282.33619,62.51009],[282.30993,62.51067],[282.26459,62.46505],[282.2204,62.4638],[282.15297,62.42995],[282.09789,62.42868],[282.09389,62.42525],[282.11014,62.40648],[282.06705,62.42859],[282.04769,62.41533],[282.05426,62.40063],[282.09147,62.38051],[282.06799,62.38501],[282.04541,62.37749],[282.01143,62.34812],[282.00381,62.35252],[282.05736,62.391],[282.04745,62.39439],[282.04058,62.38631],[281.98485,62.37745],[281.94166,62.3452],[281.943,62.36331],[281.89783,62.36317],[281.87187,62.33696],[281.88285,62.33212],[281.85417,62.3169],[281.88865,62.31289],[281.88231,62.30983],[281.8915,62.30396],[281.8436,62.30606],[281.82687,62.29951],[281.83512,62.29209],[281.81436,62.27498],[281.81862,62.26574],[281.79577,62.25843],[281.81862,62.25884],[281.83903,62.28678],[281.85865,62.29475],[281.83336,62.25514],[281.81695,62.24789],[281.8205,62.24307],[281.81293,62.23733],[281.82892,62.23287],[281.82735,62.22054],[281.83785,62.21758],[281.80922,62.18831],[281.82021,62.1768],[281.81259,62.17084],[281.83295,62.16794],[281.80305,62.14957],[281.83015,62.12392],[281.83436,62.08545],[281.82782,62.07458],[281.83469,62.07116],[281.84344,62.02802],[281.82827,62.01609],[281.83465,62.00072],[281.87387,61.98879],[281.86368,61.9823],[281.90092,61.94147],[281.90275,61.92915],[281.89142,61.92205],[281.90993,61.91326],[281.89268,61.89065],[281.9023,61.87138],[281.89494,61.86955],[281.92606,61.842],[281.94049,61.79892],[281.95871,61.78945],[281.95569,61.78067],[281.97059,61.76312],[281.96415,61.75087],[281.96808,61.72735],[281.98968,61.71466],[281.98472,61.70922],[282.02746,61.6857],[282.15578,61.683],[282.17656,61.6876],[282.18348,61.69959],[282.20248,61.70638],[282.17821,61.71468],[282.16511,61.7379],[282.17422,61.73864],[282.18472,61.71701],[282.20825,61.70945],[282.1861,61.69365],[282.19932,61.69069],[282.19835,61.68085],[282.21187,61.67234],[282.21678,61.65611],[282.20384,61.65007],[282.25184,61.62541],[282.25791,61.61809],[282.25391,61.6013],[282.32195,61.5891],[282.34018,61.59662],[282.38592,61.59448],[282.41725,61.57914],[282.3593,61.58448],[282.34278,61.57777],[282.35743,61.57009],[282.48832,61.55325],[282.49569,61.54882],[282.48234,61.54306],[282.50815,61.5309],[282.49557,61.53085],[282.49377,61.52013],[282.46805,61.53736],[282.45511,61.53295],[282.44639,61.54255],[282.45202,61.54838],[282.41107,61.54567],[282.38067,61.55559],[282.39022,61.55516],[282.38846,61.56059],[282.3269,61.55695],[282.3567,61.55308],[282.33194,61.54623],[282.34833,61.5412],[282.34237,61.53746],[282.28983,61.5461],[282.27652,61.54031],[282.29874,61.53212],[282.29633,61.52399],[282.28241,61.52102],[282.29432,61.5156],[282.36589,61.5045],[282.35331,61.51089],[282.38123,61.51221],[282.37305,61.4994],[282.42785,61.47926],[282.37119,61.4608],[282.27402,61.46811],[282.29916,61.45857],[282.28015,61.45294],[282.2795,61.42624],[282.33207,61.4086],[282.35917,61.40744],[282.37231,61.39662],[282.34578,61.38668],[282.30923,61.38019],[282.30113,61.38697],[282.31338,61.38936],[282.31968,61.40253],[282.30263,61.40669],[282.31252,61.41086],[282.28168,61.42057],[282.25283,61.41906],[282.26171,61.42469],[282.25398,61.43282],[282.26097,61.44018],[282.21504,61.44951],[282.21563,61.46468],[282.17711,61.4599],[282.17816,61.43378],[282.2055,61.40867],[282.19317,61.40604],[282.20555,61.39898],[282.20153,61.3852],[282.22636,61.37476],[282.21363,61.36571],[282.22455,61.35045],[282.21631,61.34202],[282.22743,61.33897],[282.20937,61.33304],[282.21387,61.32375],[282.22562,61.32456],[282.23623,61.31486],[282.22409,61.30946],[282.23702,61.28967],[282.22008,61.28253],[282.24535,61.26076],[282.23472,61.23912],[282.19851,61.24135],[282.27967,61.21277],[282.28694,61.20167],[282.27698,61.19705],[282.28396,61.1915],[282.27694,61.18714],[282.2812,61.17717],[282.23723,61.19354],[282.22073,61.18613],[282.23585,61.17404],[282.20518,61.17867],[282.21082,61.17505],[282.18055,61.14968],[282.166,61.14721],[282.17086,61.11116],[282.1577,61.08531],[282.1643,61.07518],[282.15984,61.05635],[282.14387,61.05375],[282.14013,61.0457],[282.12637,61.05746],[282.08363,61.04445],[282.07525,61.03671],[282.10049,61.03017],[282.07271,61.03112],[282.02736,61.01204],[282.03238,61.00963],[282.00104,60.98777],[282.00081,60.9735],[281.97719,60.97046],[281.98753,60.96171],[281.96329,60.96494],[281.9419,60.94102],[281.89894,60.93142],[281.90863,60.9271],[281.88021,60.91515],[281.85108,60.88344],[281.8001,60.86145],[281.7935,60.85291],[281.80702,60.84879],[281.76766,60.81199],[281.81685,60.81751],[281.76893,60.80453],[281.81051,60.80986],[281.76718,60.78599],[281.77938,60.78058],[281.91024,60.81548],[281.91633,60.81531],[281.89811,60.79555],[281.94787,60.798],[281.95884,60.78828],[282.00274,60.78833],[282.04868,60.80067],[282.0507,60.80953],[282.06064,60.80125],[281.99562,60.78144],[282.00016,60.77744],[282.13962,60.80003],[282.10055,60.7771],[282.11753,60.7771],[282.10722,60.76904],[282.06923,60.74973],[282.0786,60.74955],[282.21413,60.78985],[282.25188,60.78978],[282.47725,60.84298],[282.47424,60.83281],[282.44655,60.82232],[282.22413,60.76219],[282.33387,60.78271],[282.2066,60.7438],[282.31394,60.76934],[282.35827,60.77247],[282.36812,60.77063],[282.31933,60.75536],[282.36416,60.76352],[282.37453,60.7538],[282.43027,60.75726],[282.31592,60.7436],[282.30105,60.72804],[282.30752,60.72436],[282.27373,60.71172],[282.28851,60.70585],[282.27998,60.69422],[282.15503,60.65697],[282.15651,60.63405],[282.18142,60.61758],[282.17367,60.61512],[282.19044,60.61627],[282.1917,60.59267],[282.25634,60.58242],[282.27013,60.56509],[282.29365,60.5618],[282.31608,60.54227],[282.36777,60.5444],[282.39231,60.56274],[282.46681,60.56091],[282.56315,60.54409],[282.64226,60.51529],[282.62089,60.51592],[282.5655,60.53931],[282.48154,60.54556],[282.4665,60.5374],[282.41369,60.53954],[282.39873,60.52837],[282.41532,60.51936],[282.39998,60.51006],[282.4024,60.49744],[282.3604,60.49948],[282.36971,60.49122],[282.30889,60.47982],[282.32599,60.47585],[282.29058,60.45182],[282.26964,60.45374],[282.28645,60.43412],[282.25664,60.43113],[282.24209,60.41278],[282.22147,60.40592],[282.2127,60.38647],[282.27618,60.38018],[282.26185,60.37242],[282.2652,60.36781],[282.3347,60.36476],[282.34947,60.34803],[282.3343,60.33573],[282.33614,60.32914],[282.37068,60.33269],[282.3905,60.3239],[282.38568,60.31525],[282.39825,60.30397],[282.37735,60.29439],[282.39649,60.27688],[282.41484,60.27442],[282.42259,60.28516],[282.44491,60.28195],[282.42843,60.26837],[282.46108,60.26234],[282.40618,60.26373],[282.40182,60.25827],[282.4093,60.25036],[282.43531,60.25196],[282.42042,60.25833],[282.45949,60.25046],[282.44135,60.25037],[282.47417,60.24178],[282.47999,60.23306],[282.45933,60.23063],[282.46542,60.22603],[282.45756,60.22291],[282.47339,60.21669],[282.48063,60.20325],[282.49305,60.20766],[282.49946,60.20097],[282.45393,60.19272],[282.41272,60.20098],[282.41706,60.18706],[282.45192,60.15525],[282.55113,60.11738],[282.48504,60.12887],[282.48202,60.11525],[282.42355,60.12108],[282.40282,60.10849],[282.36928,60.1109],[282.37965,60.09862],[282.37014,60.09284],[282.388,60.0858],[282.37267,60.08228],[282.39085,60.06668],[282.3472,60.06749],[282.35821,60.05425],[282.36731,60.06029],[282.41902,60.04089],[282.45004,60.04442],[282.48063,60.03044],[282.48617,60.04642],[282.53966,60.02868],[282.53914,60.04118],[282.55549,60.04184],[282.54706,60.05099],[282.57056,60.04604],[282.56531,60.05496],[282.60119,60.05441],[282.61498,60.04948],[282.58806,60.04429],[282.60348,60.04017],[282.62332,60.02117],[282.65784,60.01701],[282.66301,60.01018],[282.6574,60.00365],[282.74162,59.99999],[282.74725,59.99236],[282.7316,59.98314],[282.71183,59.99268],[282.70661,59.97969],[282.69747,59.98152],[282.69672,59.9915],[282.68302,59.98098],[282.65841,59.98511],[282.65398,59.97943],[282.67797,59.96381],[282.66902,59.95686],[282.6213,59.96223],[282.6056,59.94793],[282.59878,59.9482],[282.59768,59.95866],[282.57949,59.94362],[282.64934,59.94632],[282.58944,59.93665],[282.585,59.92775],[282.5707,59.92603],[282.60322,59.9271],[282.61075,59.93555],[282.61947,59.92128],[282.56325,59.91781],[282.52898,59.92655],[282.52798,59.91993],[282.51557,59.92153],[282.53259,59.91198],[282.58375,59.91076],[282.61265,59.87263],[282.60452,59.86838],[282.62505,59.85371],[282.64202,59.85361],[282.63965,59.84709],[282.65041,59.84306],[282.64003,59.83736],[282.66356,59.83308],[282.6708,59.84523],[282.68629,59.83231],[282.62861,59.81236],[282.69907,59.81173],[282.7035,59.80494],[282.67298,59.79152],[282.64816,59.79129],[282.59924,59.79331],[282.60021,59.80454],[282.58306,59.80073],[282.58932,59.79704],[282.57966,59.7906],[282.55729,59.79086],[282.55374,59.77382],[282.53708,59.78912],[282.50338,59.77705],[282.50437,59.76775],[282.51442,59.76448],[282.50965,59.75582],[282.47323,59.74211],[282.46184,59.74548],[282.4554,59.76141],[282.43426,59.76433],[282.40901,59.75602],[282.41932,59.74719],[282.41015,59.74232],[282.43081,59.72006],[282.45494,59.7213],[282.51561,59.70647],[282.49328,59.70026],[282.4665,59.71215],[282.44645,59.69308],[282.44468,59.7029],[282.41807,59.70414],[282.41557,59.69633],[282.39824,59.69576],[282.37381,59.70435],[282.37298,59.6885],[282.38782,59.66827],[282.36144,59.66211],[282.36086,59.66977],[282.32948,59.67342],[282.34002,59.67843],[282.33585,59.68311],[282.35911,59.68789],[282.32499,59.68182],[282.31046,59.68863],[282.30269,59.67881],[282.28959,59.67767],[282.2675,59.68848],[282.25223,59.71725],[282.23743,59.70678],[282.2259,59.71129],[282.22356,59.70454],[282.20957,59.71337],[282.17885,59.71624],[282.20585,59.70326],[282.21258,59.68964],[282.16186,59.68448],[282.18001,59.67419],[282.18645,59.6546],[282.19882,59.64819],[282.19285,59.63316],[282.21555,59.62463],[282.23166,59.63178],[282.24288,59.61968],[282.22258,59.61052],[282.25867,59.61094],[282.23417,59.6014],[282.22812,59.58453],[282.24746,59.58038],[282.24884,59.57059],[282.2379,59.56399],[282.27821,59.55026],[282.23151,59.55569],[282.21944,59.55148],[282.23553,59.54064],[282.22411,59.53385],[282.20695,59.52931],[282.18935,59.53633],[282.18418,59.52909],[282.1692,59.53247],[282.15227,59.52375],[282.14187,59.52887],[282.12145,59.51234],[282.09137,59.51193],[282.08567,59.50265],[282.10059,59.49744],[282.07489,59.49304],[282.09237,59.49226],[282.09415,59.48545],[282.07813,59.47322],[282.10263,59.46825],[282.08926,59.46413],[282.11724,59.452],[282.13577,59.45345],[282.14278,59.44096],[282.11571,59.42975],[282.0477,59.44285],[282.06408,59.4281],[282.05808,59.42598],[282.06156,59.42044],[282.0336,59.41411],[282.05868,59.39137],[282.06886,59.40056],[282.05549,59.40634],[282.08281,59.40695],[282.07342,59.41407],[282.09305,59.41637],[282.09815,59.40678],[282.11187,59.41896],[282.23499,59.42699],[282.25697,59.41964],[282.23855,59.41359],[282.24849,59.40042],[282.25711,59.40049],[282.2508,59.40879],[282.2572,59.40902],[282.26351,59.40233],[282.30909,59.39858],[282.34525,59.37565],[282.27426,59.39049],[282.25628,59.38602],[282.26074,59.38086],[282.21581,59.38363],[282.23528,59.37877],[282.25571,59.35608],[282.23227,59.37276],[282.21625,59.37368],[282.22133,59.36917],[282.19951,59.36382],[282.13901,59.36906],[282.17593,59.35859],[282.16488,59.35454],[282.1835,59.3532],[282.18621,59.34494],[282.20551,59.34448],[282.18548,59.32908],[282.20046,59.30956],[282.18619,59.3069],[282.1632,59.32353],[282.14328,59.32334],[282.14734,59.31175],[282.16976,59.30623],[282.15175,59.30475],[282.15764,59.28658],[282.12542,59.30917],[282.0682,59.31116],[282.09228,59.29839],[282.11753,59.30166],[282.13794,59.28383],[282.10669,59.28168],[282.11004,59.27407],[282.0895,59.26976],[282.06152,59.27636],[282.03876,59.26714],[282.07089,59.26095],[282.06122,59.25679],[282.06009,59.24258],[282.04632,59.24493],[282.04464,59.25382],[282.0552,59.25791],[282.01124,59.26701],[281.99509,59.26561],[281.99116,59.25597],[281.96519,59.25826],[281.97012,59.25308],[281.96268,59.24714],[281.99093,59.24838],[281.9971,59.23942],[281.98685,59.23646],[282.06425,59.23629],[282.0458,59.21454],[282.0428,59.22513],[282.02306,59.23045],[282.02463,59.21443],[282.01419,59.20065],[282.00921,59.21736],[281.98299,59.2169],[281.97878,59.22642],[281.96231,59.23219],[281.93672,59.23076],[281.96116,59.22282],[281.89332,59.22318],[281.89909,59.2161],[281.87918,59.20712],[281.86667,59.21766],[281.85559,59.21659],[281.858,59.20352],[281.83134,59.19961],[281.86046,59.18721],[281.84002,59.1778],[281.84686,59.17134],[281.84217,59.16544],[281.85661,59.16398],[281.86368,59.15497],[281.80037,59.15497],[281.79768,59.14295],[281.82116,59.13487],[281.82258,59.11795],[281.84417,59.10793],[281.86038,59.10819],[281.85891,59.11797],[281.88253,59.11908],[281.86262,59.09789],[281.8295,59.09466],[281.83452,59.07957],[281.81943,59.09559],[281.80743,59.09596],[281.77534,59.08458],[281.78383,59.07755],[281.77749,59.07384],[281.7575,59.08835],[281.76395,59.10634],[281.73503,59.10717],[281.7539,59.07961],[281.76227,59.04794],[281.71232,59.05206],[281.69945,59.06815],[281.67027,59.05563],[281.70583,58.98502],[281.66987,58.97711],[281.63786,58.94959],[281.65403,58.94825],[281.64989,58.93725],[281.65818,58.933],[281.62406,58.91805],[281.62251,58.91194],[281.63846,58.91155],[281.63505,58.90164],[281.61736,58.90216],[281.61733,58.90907],[281.59394,58.90468],[281.60267,58.91099],[281.59623,58.91373],[281.57129,58.91381],[281.54506,58.90338],[281.53859,58.91487],[281.51982,58.91821],[281.52318,58.91383],[281.5046,58.90725],[281.52495,58.90312],[281.51197,58.89042],[281.51508,58.86902],[281.47529,58.85397],[281.47777,58.86393],[281.49495,58.87037],[281.50644,58.89676],[281.47599,58.89789],[281.46934,58.87831],[281.47974,58.87185],[281.4496,58.86512],[281.44509,58.87026],[281.46299,58.88679],[281.48,58.92295],[281.47085,58.93093],[281.47561,58.93752],[281.44745,58.94976],[281.43477,58.92206],[281.41528,58.92611],[281.40677,58.91333],[281.41755,58.9011],[281.43284,58.9017],[281.4159,58.88717],[281.41879,58.87547],[281.43117,58.86797],[281.42992,58.85032],[281.45213,58.8341],[281.46417,58.8432],[281.47561,58.82839],[281.46109,58.82361],[281.4762,58.82006],[281.46548,58.81088],[281.47783,58.80337],[281.45925,58.80185],[281.48157,58.77733],[281.45344,58.78198],[281.47339,58.76936],[281.49532,58.77549],[281.52356,58.76598],[281.56058,58.74551],[281.55418,58.74295],[281.55839,58.73852],[281.58699,58.74648],[281.58663,58.73269],[281.60523,58.72382],[281.61104,58.73631],[281.61794,58.72502],[281.61222,58.71988],[281.64372,58.71127],[281.60943,58.70879],[281.59294,58.71544],[281.57843,58.70883],[281.59337,58.69952],[281.58341,58.69514],[281.55176,58.71203],[281.51401,58.71874],[281.54734,58.72269],[281.53743,58.74156],[281.54559,58.74584],[281.52423,58.74728],[281.49486,58.76469],[281.47476,58.76236],[281.49328,58.75122],[281.49235,58.74391],[281.45534,58.75561],[281.45406,58.76836],[281.42642,58.78218],[281.44362,58.78356],[281.44348,58.79554],[281.42005,58.79596],[281.40446,58.7795],[281.42442,58.77587],[281.43115,58.76],[281.44289,58.76266],[281.445,58.74963],[281.47255,58.74271],[281.46994,58.73575],[281.48578,58.73353],[281.47687,58.72976],[281.49627,58.72224],[281.48662,58.72081],[281.48916,58.71143],[281.48048,58.70857],[281.49342,58.69112],[281.4618,58.70107],[281.43313,58.69793],[281.45338,58.67954],[281.44482,58.67712],[281.45871,58.67067],[281.46825,58.68061],[281.50305,58.66215],[281.48945,58.66261],[281.49129,58.65397],[281.45592,58.65934],[281.40481,58.68533],[281.39084,58.67705],[281.42143,58.66833],[281.40578,58.66224],[281.40865,58.6487],[281.44519,58.64809],[281.48333,58.62895],[281.49029,58.63561],[281.51124,58.60426],[281.50491,58.59479],[281.51406,58.59785],[281.52397,58.58797],[281.50963,58.57996],[281.56141,58.54697],[281.60291,58.53837],[281.63634,58.54159],[281.59244,58.57409],[281.56411,58.56842],[281.54079,58.58107],[281.55443,58.58797],[281.54374,58.58939],[281.54213,58.5971],[281.55396,58.59675],[281.53566,58.61549],[281.53747,58.62274],[281.51369,58.63909],[281.56936,58.6231],[281.55807,58.61857],[281.56473,58.61513],[281.61326,58.62724],[281.6204,58.61868],[281.64591,58.63052],[281.66613,58.62129],[281.65064,58.61246],[281.62449,58.61564],[281.5932,58.59476],[281.60908,58.58768],[281.61036,58.5998],[281.619,58.60082],[281.62099,58.5894],[281.63781,58.57903],[281.63274,58.57293],[281.64768,58.56039],[281.65542,58.55962],[281.65736,58.56731],[281.66562,58.55983],[281.66121,58.54932],[281.67706,58.54223],[281.6805,58.51919],[281.70889,58.51468],[281.7264,58.51945],[281.69459,58.53134],[281.74656,58.53463],[281.74853,58.52159],[281.73567,58.51604],[281.75908,58.5128],[281.76298,58.50561],[281.74852,58.49902],[281.7941,58.48431],[281.79519,58.47479],[281.82494,58.46209],[281.81439,58.45524],[281.83573,58.45096],[281.84131,58.4607],[281.87855,58.45322],[281.89798,58.46889],[281.92106,58.473],[281.89592,58.46258],[281.89253,58.44094],[281.93096,58.42967],[281.93921,58.41064],[281.96908,58.39536],[281.93739,58.3951],[281.92928,58.40283],[281.92556,58.38673],[282.02464,58.34572],[282.07556,58.34248],[282.08461,58.33352],[282.11231,58.33542],[282.11213,58.32644],[282.1551,58.31314],[282.16852,58.31745],[282.18703,58.30294],[282.2207,58.29768],[282.22048,58.29194],[282.24285,58.28544],[282.30624,58.28001],[282.3402,58.25971],[282.3554,58.25925],[282.36056,58.25079],[282.40591,58.24044],[282.38159,58.23467],[282.43017,58.22822],[282.48201,58.28332],[282.52314,58.28941],[282.54593,58.31165],[282.55031,58.30047],[282.53503,58.28803],[282.48764,58.27828],[282.48221,58.26808],[282.49955,58.26422],[282.48171,58.26305],[282.45282,58.247],[282.44972,58.23412],[282.4711,58.23225],[282.48094,58.22343],[282.48489,58.2139],[282.47451,58.19993],[282.5384,58.16827],[282.51832,58.16197],[282.46373,58.16362],[282.57804,58.13452],[282.59904,58.11259],[282.59874,58.102],[282.61145,58.10539],[282.62036,58.09501],[282.64892,58.09417],[282.69704,58.07124],[282.7014,58.06028],[282.73134,58.05516],[282.75435,58.03465],[282.79831,58.02677],[282.80545,58.01813],[282.94391,58.00588],[283.00125,58.02363],[282.96,57.99973],[282.79699,58.0128],[282.7916,58.00446],[282.84433,57.98779],[282.82305,57.98787],[282.83422,57.98121],[282.82633,57.97791],[282.83444,57.96965],[282.87232,57.96523],[282.84522,57.95702],[282.8647,57.94599],[282.87667,57.94526],[282.87589,57.95479],[282.89555,57.94443],[282.91217,57.905],[282.92866,57.89582],[282.94313,57.89788],[282.94912,57.8884],[282.94458,57.8816],[282.95804,57.88167],[282.94536,57.87369],[282.95131,57.86259],[282.99524,57.84331],[282.98641,57.83364],[283.00713,57.81971],[282.99532,57.81629],[283.01265,57.81326],[283.05066,57.76766],[283.0662,57.76753],[283.10897,57.6998],[283.12466,57.69735],[283.12359,57.68913],[283.13772,57.68125],[283.13305,57.67702],[283.14702,57.67609],[283.15245,57.66802],[283.13572,57.66086],[283.15192,57.6542],[283.15728,57.6399],[283.12294,57.62843],[283.13849,57.62853],[283.15537,57.59594],[283.16858,57.58952],[283.17456,57.57147],[283.22551,57.51569],[283.21441,57.50554],[283.22265,57.49838],[283.21577,57.49687],[283.24417,57.47485],[283.23437,57.4662],[283.24598,57.46037],[283.27395,57.47068],[283.26197,57.45486],[283.29068,57.44296],[283.29403,57.41172],[283.319,57.40774],[283.30832,57.39017],[283.31991,57.38734],[283.33457,57.36714],[283.33124,57.35865],[283.33929,57.34664],[283.32691,57.34377],[283.34461,57.33994],[283.34137,57.33468],[283.35847,57.32444],[283.36218,57.31372],[283.35604,57.3117],[283.36672,57.30732],[283.3622,57.30355],[283.37293,57.28761],[283.37345,57.26747],[283.39338,57.24218],[283.38498,57.23829],[283.39483,57.23259],[283.39019,57.22398],[283.39934,57.20424],[283.41997,57.18882],[283.40908,57.16759],[283.4169,57.15651],[283.41436,57.14195],[283.44461,57.09565],[283.43551,57.09067],[283.43467,57.06163],[283.42158,57.05607],[283.42482,57.03223],[283.43673,57.02657],[283.42558,57.02176],[283.43406,56.98544],[283.42852,56.93002],[283.44079,56.91555],[283.46785,56.91411],[283.44516,56.90731],[283.44397,56.89887],[283.46306,56.81796],[283.45886,56.77305],[283.46513,56.74247],[283.45842,56.7382],[283.46402,56.70676],[283.45388,56.66308],[283.46339,56.63937],[283.44465,56.60499],[283.45873,56.60005],[283.45841,56.59315],[283.4525,56.56688],[283.43772,56.55918],[283.45532,56.53314],[283.43937,56.517],[283.44853,56.50234],[283.44165,56.49879],[283.44334,56.47416],[283.46949,56.46491],[283.476,56.4484],[283.46774,56.4429],[283.47507,56.4307],[283.45637,56.41065],[283.46547,56.37705],[283.43415,56.35212],[283.45405,56.34459],[283.44264,56.33959],[283.45057,56.3368],[283.45036,56.30704],[283.43097,56.27851],[283.3742,56.24684],[283.3719,56.22119],[283.37881,56.20465],[283.3726,56.19734],[283.3274,56.1958],[283.34584,56.18771],[283.33937,56.17512],[283.35537,56.1685],[283.33645,56.16477],[283.35408,56.14659],[283.3181,56.10407],[283.32365,56.09296],[283.31295,56.08721],[283.30868,56.06174],[283.27325,56.02218],[283.21682,56.01052],[283.23642,55.99999],[283.28347,55.9926],[283.1994,55.99676],[283.18448,55.96108],[283.19111,55.95543],[283.16067,55.92555],[283.11367,55.91126],[283.0938,55.88304],[283.06229,55.86704],[283.03669,55.84309],[283.04091,55.83674],[283.02257,55.82837],[283.03819,55.81916],[283.00667,55.81933],[282.99516,55.79916],[282.92357,55.75194],[282.93751,55.74433],[282.90619,55.74037],[282.80065,55.66741],[282.88964,55.70348],[282.89365,55.71652],[282.91822,55.717],[282.88865,55.68431],[282.88202,55.66531],[282.85267,55.65223],[282.8397,55.65529],[282.79618,55.61034],[282.76765,55.59862],[282.75965,55.58643],[282.6968,55.5588],[282.66923,55.53383],[282.64963,55.53222],[282.65207,55.52107],[282.57749,55.49003],[282.42826,55.39153],[282.36612,55.37718],[282.37489,55.38666],[282.35295,55.37676],[282.25526,55.31254],[282.21438,55.27471],[282.23089,55.27354],[282.2307,55.26557],[282.15291,55.25981],[282.07893,55.21796],[282.00708,55.1987],[281.96658,55.17471],[281.88786,55.15253],[281.87305,55.14015],[281.86792,55.14645],[281.83859,55.12399],[281.82177,55.11933],[281.82781,55.12493],[281.82098,55.12617],[281.79683,55.10402],[281.77557,55.10088],[281.77178,55.09099],[281.75625,55.09182],[281.75413,55.0806],[281.73559,55.08526],[281.73069,55.08083],[281.73701,55.07478],[281.72802,55.0657],[281.65937,55.03328],[281.61072,55.01859],[281.5747,55.01785],[281.52907,54.99999],[281.45163,54.99056],[281.45426,54.9808],[281.42547,54.96121],[281.40168,54.96159],[281.32284,54.93378],[281.28804,54.93344],[281.2372,54.91398],[281.24841,54.90647],[281.16175,54.90738],[281.14396,54.89644],[281.12572,54.89714],[281.12003,54.88854],[281.10909,54.89216],[281.10482,54.8804],[281.05385,54.86977],[281.06787,54.86738],[281.05873,54.8523],[281.01157,54.82849],[280.98494,54.83604],[280.94818,54.82138],[280.76359,54.79087],[280.72332,54.77719],[280.71702,54.78182],[280.70317,54.76817],[280.6588,54.75664],[280.60767,54.75999],[280.55697,54.73567],[280.54028,54.73724],[280.54371,54.75219],[280.52012,54.73345],[280.47351,54.71721],[280.43456,54.72107],[280.39931,54.69715],[280.38138,54.69957],[280.37267,54.68719],[280.3458,54.67973],[280.32331,54.65915],[280.28682,54.64979],[280.26947,54.63346],[280.2547,54.6442],[280.23587,54.63126],[280.23977,54.61904],[280.27748,54.63188],[280.35277,54.63377],[280.34096,54.6254],[280.34856,54.61969],[280.33967,54.60959],[280.39277,54.61327],[280.39891,54.61918],[280.38469,54.62423],[280.41308,54.63195],[280.43793,54.61784],[280.42254,54.60983],[280.46257,54.61469],[280.4666,54.60909],[280.44851,54.6049],[280.44438,54.58968],[280.49001,54.58977],[280.47663,54.57579],[280.48324,54.56319],[280.45291,54.5513],[280.42283,54.55863],[280.41562,54.55155],[280.43913,54.54746],[280.4478,54.53811],[280.48153,54.53821],[280.46854,54.52982],[280.48438,54.52366],[280.47855,54.50977],[280.49357,54.50839],[280.45918,54.49844],[280.5077,54.49029],[280.47698,54.4832],[280.48841,54.4824],[280.50329,54.46455],[280.46467,54.45859],[280.51597,54.45395],[280.51325,54.44472],[280.52299,54.44067],[280.51941,54.42341],[280.49868,54.41891],[280.54352,54.41155],[280.53113,54.40112],[280.49734,54.40309],[280.50811,54.39609],[280.49948,54.3876],[280.50638,54.37416],[280.4894,54.36744],[280.51616,54.36514],[280.51784,54.352],[280.54094,54.34708],[280.54233,54.33986],[280.52009,54.33494],[280.594,54.33779],[280.54336,54.32762],[280.51555,54.30645],[280.53412,54.29922],[280.5891,54.29923],[280.58589,54.28199],[280.5732,54.27545],[280.57583,54.26752],[280.58723,54.2754],[280.61306,54.26952],[280.61978,54.28686],[280.62861,54.28849],[280.63157,54.2673],[280.62483,54.25477],[280.68947,54.24564],[280.70604,54.23833],[280.71382,54.22415],[280.68009,54.21793],[280.67355,54.21225],[280.68583,54.20963],[280.66777,54.20226],[280.64296,54.20589],[280.64265,54.19559],[280.60323,54.1789],[280.62322,54.17697],[280.63139,54.18612],[280.65804,54.18369],[280.66578,54.17476],[280.69215,54.18031],[280.68193,54.17225],[280.68854,54.1722],[280.73874,54.18597],[280.76456,54.18395],[280.77675,54.16782],[280.75668,54.16132],[280.76674,54.15703],[280.76231,54.15416],[280.73311,54.15494],[280.74775,54.15169],[280.74576,54.14272],[280.78067,54.14323],[280.79059,54.15037],[280.78425,54.15523],[280.81646,54.16709],[280.92318,54.16402],[280.91657,54.15401],[280.92064,54.14657],[280.88125,54.13866],[280.88778,54.12969],[280.9165,54.1348],[280.91515,54.12722],[280.89738,54.12606],[280.94026,54.10868],[280.93591,54.10467],[280.94742,54.09629],[280.85814,54.08681],[280.83033,54.10001],[280.82505,54.08339],[280.86697,54.07813],[280.87095,54.07184],[280.8536,54.07069],[280.8755,54.06327],[280.91884,54.06444],[280.88781,54.05949],[280.92228,54.05492],[280.88465,54.04545],[280.91108,54.04936],[280.92056,54.04207],[280.90216,54.03449],[280.89859,54.02548],[280.92199,54.02358],[280.91691,54.02917],[280.92476,54.03281],[280.9761,54.04033],[280.98336,54.03664],[280.96567,54.0348],[280.96167,54.0212],[281.02799,54.00441],[281.04456,53.98974],[281.00232,53.98545],[280.98375,53.99549],[280.92841,53.9954],[280.94503,53.97549],[280.89379,53.96771],[280.96261,53.96818],[280.95997,53.95713],[280.99891,53.94832],[280.89358,53.95033],[280.95516,53.93391],[280.88529,53.94759],[280.86625,53.94388],[280.9039,53.93689],[280.90929,53.9272],[280.98553,53.91549],[280.98391,53.93192],[280.99287,53.93604],[281.00308,53.91847],[280.98906,53.90461],[281.02337,53.88995],[281.01149,53.88347],[280.95875,53.89169],[280.95664,53.89919],[280.92039,53.89342],[280.89642,53.89872],[280.89459,53.8925],[280.93732,53.879],[280.93918,53.8699],[280.92643,53.87002],[280.93516,53.86179],[280.9195,53.85475],[280.93085,53.84247],[280.98314,53.84477],[281.06224,53.83378],[281.0578,53.82589],[281.02538,53.82643],[281.05311,53.82166],[281.04741,53.80481],[281.00952,53.81687],[281.00265,53.81074],[280.96029,53.81032],[280.93083,53.79238],[280.91886,53.79275],[280.96091,53.78174],[280.93857,53.75645],[280.91047,53.75638],[280.93676,53.73467],[280.92209,53.73543],[280.92755,53.72939],[280.97825,53.72022],[280.91523,53.70939],[280.9453,53.70837],[280.95285,53.70011],[280.9432,53.69551],[280.91232,53.70223],[280.92641,53.68888],[280.92012,53.68574],[280.90048,53.70122],[280.86681,53.709],[280.87544,53.70191],[280.84513,53.70108],[280.84379,53.6887],[280.88459,53.69301],[280.8894,53.68537],[280.92106,53.67845],[280.93522,53.67928],[280.93506,53.68636],[280.96186,53.67747],[280.98948,53.68324],[280.99944,53.66817],[280.94848,53.6563],[280.9705,53.64431],[280.9348,53.63924],[280.99826,53.63246],[280.98372,53.62682],[280.98159,53.61418],[280.9544,53.60339],[280.95131,53.61383],[280.97342,53.62082],[280.9466,53.62538],[280.93503,53.60585],[280.94066,53.59228],[280.93017,53.59405],[280.93164,53.58494],[280.97107,53.58577],[280.98337,53.59547],[280.96746,53.59299],[280.99485,53.61133],[280.99534,53.59967],[281.00774,53.60297],[281.01635,53.59039],[281.04154,53.5867],[281.03083,53.58116],[281.04043,53.57568],[281.02645,53.56778],[281.05171,53.5682],[281.06126,53.55816],[281.07343,53.56465],[281.09948,53.55937],[281.1076,53.54768],[281.04902,53.53177],[281.04738,53.53836],[281.03428,53.52909],[280.99674,53.54984],[280.95514,53.55286],[280.97354,53.5426],[280.97197,53.53272],[280.99431,53.52599],[280.89013,53.51154],[280.90504,53.50668],[280.88472,53.50224],[280.87511,53.48779],[280.90297,53.47871],[280.89045,53.47746],[280.90771,53.46672],[280.89144,53.46444],[280.90203,53.45101],[280.92009,53.45973],[280.94291,53.4512],[280.91087,53.44026],[280.9237,53.42734],[280.95501,53.44786],[281.01778,53.43625],[280.99001,53.42431],[280.96206,53.42517],[280.94941,53.41568],[280.94167,53.42714],[280.92692,53.41508],[280.94169,53.41158],[280.93591,53.40731],[281.00371,53.41987],[281.02233,53.41075],[281.01275,53.40089],[281.01902,53.39351],[281.05275,53.40194],[281.10915,53.39813],[281.04474,53.38617],[281.05082,53.37604],[281.04156,53.36184],[281.05625,53.35399],[281.016,53.34127],[281.03416,53.33785],[281.01794,53.32004],[281.04734,53.31395],[281.042,53.30878],[281.05467,53.30225],[281.05146,53.28866],[281.02623,53.27451],[281.06766,53.2701],[281.07549,53.2671],[281.06789,53.26164],[281.08992,53.25694],[281.04891,53.23483],[281.08741,53.23354],[281.09702,53.22144],[281.09494,53.21338],[281.06994,53.21753],[281.05738,53.20714],[281.08612,53.20377],[281.09054,53.19519],[281.03362,53.17861],[281.03853,53.17371],[281.0271,53.16906],[281.06868,53.16122],[281.05288,53.15395],[281.06021,53.13652],[281.0402,53.12456],[281.05045,53.11934],[281.03539,53.11254],[281.04634,53.11328],[281.03108,53.09366],[281.03603,53.08808],[281.00998,53.07114],[281.00878,53.06173],[281.02656,53.06197],[281.04053,53.07309],[281.06666,53.06279],[281.07198,53.05195],[281.05629,53.04376],[281.06524,53.04033],[281.06061,53.03632],[281.01597,53.03584],[281.04312,53.02694],[281.01735,53.02214],[281.00982,53.01142],[281.03428,52.99239],[281.05873,52.99944],[281.04214,52.98825],[281.08665,52.99513],[281.06649,52.98087],[281.12021,52.98043],[281.13267,52.98602],[281.1165,52.99018],[281.12043,52.99348],[281.14026,52.9965],[281.10597,52.99471],[281.15036,53.01438],[281.15829,52.99285],[281.18695,52.99402],[281.14177,52.98579],[281.15249,52.97851],[281.19834,52.98241],[281.16019,52.97093],[281.1646,52.96189],[281.21514,52.96338],[281.22162,52.95142],[281.17281,52.95249],[281.12806,52.93876],[281.12445,52.92563],[281.08202,52.91172],[281.08939,52.90368],[281.12015,52.9063],[281.11625,52.90276],[281.12415,52.89771],[281.11058,52.88157],[281.12292,52.88304],[281.12033,52.87702],[281.12986,52.87017],[281.14604,52.87607],[281.17868,52.85128],[281.26866,52.84733],[281.25358,52.8417],[281.2677,52.83907],[281.26658,52.83333],[281.24273,52.82954],[281.23548,52.81975],[281.20602,52.80987],[281.22535,52.80257],[281.25619,52.8086],[281.25106,52.81213],[281.25779,52.82396],[281.27797,52.82079],[281.26541,52.80584],[281.26756,52.79629],[281.24923,52.79446],[281.27362,52.78431],[281.25631,52.77313],[281.29062,52.77786],[281.28579,52.77111],[281.29673,52.7652],[281.25753,52.76058],[281.23369,52.76822],[281.2427,52.76296],[281.23556,52.75729],[281.19996,52.74976],[281.17656,52.7565],[281.19942,52.75776],[281.17466,52.77315],[281.15459,52.76418],[281.16847,52.76476],[281.16787,52.75696],[281.14456,52.75156],[281.12346,52.73592],[281.14762,52.73997],[281.16351,52.7223],[281.17637,52.72652],[281.18324,52.7196],[281.20661,52.73506],[281.23606,52.72206],[281.20437,52.72379],[281.23206,52.70892],[281.22062,52.69491],[281.16948,52.69019],[281.18493,52.67845],[281.26413,52.68455],[281.28395,52.66879],[281.24718,52.64615],[281.182,52.63376],[281.19551,52.62815],[281.24334,52.64193],[281.23155,52.62768],[281.21807,52.62734],[281.22556,52.61632],[281.25486,52.62117],[281.26313,52.63762],[281.27771,52.63843],[281.26239,52.61517],[281.28297,52.61568],[281.2904,52.61105],[281.28598,52.60431],[281.32879,52.60307],[281.30026,52.59231],[281.31298,52.58689],[281.3089,52.58062],[281.28446,52.58185],[281.26819,52.57299],[281.26453,52.56054],[281.24199,52.56158],[281.22985,52.55282],[281.3064,52.56157],[281.25572,52.5411],[281.28464,52.54525],[281.3041,52.53382],[281.35884,52.5324],[281.36007,52.52488],[281.3415,52.52283],[281.36055,52.51734],[281.36724,52.50651],[281.3904,52.52445],[281.413,52.52201],[281.41549,52.51223],[281.4277,52.51435],[281.43947,52.49952],[281.46952,52.48535],[281.44922,52.47526],[281.46899,52.47572],[281.47405,52.46646],[281.49342,52.48567],[281.48047,52.45928],[281.48964,52.45583],[281.49155,52.44306],[281.45186,52.43277],[281.45,52.41465],[281.47906,52.40937],[281.48468,52.39692],[281.47184,52.38747],[281.4756,52.36879],[281.4539,52.36989],[281.48744,52.35808],[281.5349,52.36213],[281.49492,52.35139],[281.49708,52.34046],[281.4845,52.31477],[281.43168,52.28426],[281.44156,52.26298],[281.42657,52.25874],[281.43124,52.25542],[281.41962,52.25103],[281.42653,52.24753],[281.48584,52.25646],[281.54506,52.25506],[281.53068,52.24672],[281.53611,52.24295],[281.53161,52.23736],[281.5018,52.2447],[281.43814,52.22835],[281.43805,52.21187],[281.46412,52.1928],[281.44934,52.15561],[281.42648,52.1354],[281.43287,52.128],[281.41504,52.09898],[281.37484,52.07834],[281.34378,52.07759],[281.3629,52.06227],[281.34974,52.04799],[281.29187,52.04428],[281.3167,52.01515],[281.3086,52.009],[281.28595,52.01599],[281.30036,51.99918],[281.27896,51.98149],[281.23404,51.96777],[281.20771,51.97465],[281.20274,51.97156],[281.21101,51.96399],[281.13636,51.94261],[281.1259,51.93364],[281.1345,51.92654],[281.1026,51.91815],[281.13105,51.907],[281.16623,51.86717],[281.15772,51.8404],[281.0981,51.80748],[281.06493,51.79721],[281.02177,51.8036],[280.9554,51.76927],[280.96694,51.75723],[280.96334,51.75096],[280.99612,51.74522],[281.01035,51.71059],[281.0568,51.69789],[281.05231,51.67282],[281.06791,51.65447],[281.10116,51.65124],[281.14363,51.62581],[281.15568,51.60484],[281.17634,51.60708],[281.18552,51.59939],[281.17274,51.58011],[281.18387,51.53966],[281.17286,51.51282],[281.21155,51.49758],[281.28927,51.50596],[281.31854,51.48996],[281.31255,51.48401],[281.29123,51.49251],[281.23246,51.49102],[281.15534,51.42563],[281.10048,51.39487],[281.09623,51.3824],[281.10493,51.37256],[281.15699,51.35769],[281.17374,51.34165],[281.16525,51.3391],[281.14412,51.35392],[281.12696,51.34889],[281.12435,51.33371],[281.09302,51.30702],[281.07154,51.25402],[281.08158,51.21927],[281.12562,51.19688],[281.14148,51.17716],[281.13133,51.16613],[281.0727,51.18447],[281.04719,51.20666],[281.04055,51.24471],[281.0608,51.28325],[281.04706,51.30279],[281.04652,51.33666],[281.01234,51.46504],[280.90711,51.53127],[280.84018,51.52021],[280.77815,51.53274],[280.76067,51.52688],[280.74622,51.53718],[280.75113,51.55483],[280.73818,51.56889],[280.77118,51.64703],[280.71644,51.6477],[280.68451,51.66185],[280.68462,51.66987],[280.64496,51.66523],[280.6372,51.65194],[280.62035,51.65143],[280.62075,51.63724],[280.57818,51.62356],[280.58284,51.62028],[280.56768,51.60355],[280.54326,51.59729],[280.53965,51.58756],[280.52279,51.58748],[280.52221,51.5767],[280.49586,51.56282],[280.45593,51.55833],[280.47735,51.52078],[280.48023,51.49912],[280.50155,51.47553],[280.47029,51.46446],[280.42325,51.47164],[280.41417,51.44478],[280.39441,51.43635],[280.38395,51.42181],[280.3647,51.42048],[280.34595,51.40475],[280.31627,51.41017],[280.31163,51.40475],[280.31938,51.39951],[280.30805,51.38264],[280.32174,51.35058],[280.29566,51.36551],[280.28225,51.35177],[280.27426,51.35563],[280.28388,51.38778],[280.2614,51.37763],[280.2673,51.36432],[280.25581,51.35798],[280.24887,51.33301],[280.26064,51.31508],[280.28267,51.29637],[280.30817,51.29632],[280.30184,51.28946],[280.31318,51.28458],[280.30227,51.27596],[280.31611,51.26315],[280.38194,51.25091],[280.30739,51.25873],[280.2669,51.23034],[280.24881,51.20819],[280.24274,51.18188],[280.20845,51.182],[280.21212,51.17128],[280.2015,51.1674],[280.18335,51.16311],[280.10826,51.17398],[279.98028,51.25687],[279.87349,51.29255],[279.70438,51.31107],[279.67685,51.31664],[279.66794,51.32912],[279.60665,51.34366],[279.58098,51.3305],[279.55713,51.34971],[279.57822,51.36476],[279.57875,51.37395],[279.53423,51.3701],[279.55808,51.3832],[279.55772,51.43658],[279.56493,51.45542],[279.5412,51.49755],[279.49655,51.51844],[279.45955,51.59164],[279.43381,51.61649],[279.41556,51.66387],[279.42376,51.69743],[279.41864,51.71097],[279.40646,51.71482],[279.32898,51.79824],[279.30479,51.80366],[279.29461,51.81927],[279.27113,51.81806],[279.21344,51.85595],[279.22038,51.85991],[279.19523,51.88336],[279.18914,51.87187],[279.14859,51.8809],[279.07831,51.91728],[279.01156,52.01155],[278.9683,52.01696],[278.95163,52.04213],[278.95051,52.0297],[278.9371,52.02703],[278.91034,52.04326],[278.91518,52.05562],[278.90315,52.06013],[278.88775,52.03995],[278.8283,52.04091],[278.788,52.0613],[278.67252,52.08895],[278.60639,52.11587],[278.57,52.1451],[278.5744,52.15149],[278.54256,52.19424],[278.48638,52.22593],[278.49682,52.23745],[278.52791,52.23321],[278.50646,52.26108],[278.46911,52.28473],[278.51886,52.28943],[278.45317,52.30988],[278.47199,52.32593],[278.43519,52.35625],[278.43086,52.38379],[278.44838,52.43602],[278.3379,52.49851],[278.21799,52.60883],[278.10534,52.66507],[278.06921,52.70015],[278.0374,52.76046],[277.99408,52.76533],[278.03294,52.77607],[277.98843,52.79991],[277.96062,52.82554],[277.86091,52.88799],[277.82559,52.88107],[277.82866,52.89638],[277.78455,52.9055],[277.7439,52.92443],[277.72588,52.95146],[277.69498,52.94772],[277.71325,52.96248],[277.7056,52.96803],[277.7213,52.96957],[277.71611,52.97388],[277.72344,52.97818],[277.7142,52.99948],[277.71042,53.05298],[277.72719,53.13444],[277.77448,53.20076],[277.84167,53.24425],[277.87594,53.25775],[277.88241,53.26841],[277.85977,53.3762],[277.82368,53.47043],[277.79725,53.50644],[277.78139,53.57694],[277.79465,53.65059],[277.80726,53.6797],[277.86324,53.75992],[277.8666,53.8234],[277.81679,53.92402],[277.78302,53.9734],[277.76147,54.0287],[277.68863,54.09849],[277.67085,54.10534],[277.65926,54.09716],[277.65428,54.10171],[277.6671,54.11455],[277.64681,54.12242],[277.61479,54.11543],[277.63624,54.13286],[277.5814,54.19232],[277.53853,54.20194],[277.57046,54.20985],[277.559,54.25809],[277.57135,54.33146],[277.5617,54.35548],[277.58462,54.35165],[277.59856,54.36272],[277.67948,54.50824],[277.69501,54.59594],[277.71055,54.63297],[277.7055,54.6554],[277.78338,54.76485],[277.79589,54.80193],[277.79867,54.83278],[277.78766,54.87095],[277.77983,54.87811],[277.76191,54.86069],[277.75162,54.86315],[277.72779,54.91715],[277.73116,54.93887],[277.74191,54.94125],[277.74095,54.97557],[277.73839,54.99721],[277.7195,55.02145],[277.72029,55.03936],[277.75102,55.05926],[277.74543,55.10549],[277.70879,55.12057],[277.69562,55.11806],[277.66487,55.14877],[277.65785,55.13764],[277.64911,55.15758],[277.64235,55.14486],[277.67061,55.13006],[277.68742,55.10938],[277.67975,55.09982],[277.66498,55.1025],[277.66463,55.09469],[277.69034,55.05271],[277.63983,55.06751],[277.60971,55.06158],[277.59326,55.06737],[277.57986,55.074],[277.56174,55.10262],[277.53992,55.1143],[277.53003,55.10392],[277.5003,55.10785],[277.47955,55.0907],[277.42205,55.14012],[277.36732,55.1429],[277.35464,55.16169],[277.31732,55.17961],[277.32397,55.1708],[277.31495,55.16023],[277.28129,55.16091],[277.29056,55.14125],[277.19656,55.12828],[277.12684,55.14159],[277.11223,55.14916],[277.07823,55.20604],[277.03358,55.2237],[276.84887,55.1982],[276.80967,55.2005],[276.74906,55.21943],[276.73592,55.21017],[276.68458,55.2131],[276.67789,55.20811],[276.6822,55.20194],[276.64552,55.19907],[276.57596,55.22266],[276.56634,55.21841],[276.58293,55.21092],[276.57746,55.20806],[276.53924,55.21127],[276.4462,55.24001],[276.35705,55.25174],[276.34222,55.26436],[276.29629,55.2677],[276.29902,55.25341],[276.3598,55.21404],[276.35457,55.21418],[276.31153,55.2278],[276.28699,55.22627],[276.23848,55.25146],[276.08878,55.29522],[276.01739,55.28696],[275.98529,55.26895],[275.90926,55.24727],[275.86728,55.25032],[275.86273,55.25817],[275.81803,55.27467],[275.78727,55.27562],[275.75741,55.26413],[275.6771,55.27286],[275.6595,55.26452],[275.54005,55.25234],[275.50236,55.23689],[275.4471,55.23301],[275.41857,55.23948],[275.20834,55.23222],[275.16885,55.2475],[275.11356,55.25264],[275.08339,55.26393],[275.05502,55.26228],[275.01219,55.27723],[274.99207,55.26733],[274.94682,55.27025],[274.88493,55.25527],[274.86206,55.27145],[274.88502,55.28961],[274.86667,55.32701],[274.82274,55.34332],[274.78447,55.3403],[274.76556,55.36741],[274.65064,55.38049],[274.59034,55.4035],[274.50003,55.45135],[274.43176,55.49963],[274.40998,55.49956],[274.39888,55.51911],[274.36568,55.53676],[274.33998,55.56411],[274.26517,55.59017],[274.22295,55.58877],[274.1312,55.62128],[274.09003,55.64655],[273.99907,55.66359],[273.94199,55.66049],[273.86269,55.68055],[273.72866,55.70046],[273.58414,55.76662],[273.43984,55.80082],[273.39395,55.81918],[273.3139,55.83114],[273.22707,55.86365],[273.21042,55.86043],[273.20657,55.86857],[273.09095,55.90624],[272.79356,55.92565],[272.66706,55.95439],[272.64905,55.95343],[272.64217,55.94295],[272.63539,55.94775],[272.6389,55.96452],[272.62154,55.97677],[272.57672,55.98747],[272.54838,56.00704],[272.51939,56.01332],[272.41638,56.01015],[272.41387,55.99006],[272.40415,55.98237],[272.38391,55.98875],[272.38869,56.01025],[272.36745,56.03727],[272.42889,56.07084],[272.34585,56.10646],[272.35957,56.11542],[272.30425,56.16848],[272.272,56.22735],[272.17747,56.31386],[272.15167,56.32874],[272.12077,56.36638],[272.06786,56.39313],[272.04841,56.41305],[272.04881,56.42947],[272.03074,56.45852],[271.91824,56.49819],[271.77999,56.52199],[271.71476,56.5446],[271.56057,56.6079],[271.5122,56.64679],[271.44526,56.66125],[271.33946,56.69888],[271.31674,56.71431],[271.30363,56.73718],[271.1692,56.79891],[271.16452,56.81732],[271.18524,56.82767],[271.17465,56.83961],[271.14532,56.84259],[271.14807,56.83761],[271.13672,56.83151],[271.1293,56.85422],[271.11653,56.85904],[271.05481,56.8437],[270.8066,56.87422],[270.61443,56.92861],[270.49981,56.93021],[270.18041,56.97922],[270.09329,57.00071],[270.04325,57.00295],[269.9392,57.04926],[269.82462,57.07855],[269.7956,57.0979],[269.67163,57.14372],[269.579,57.16219],[269.57126,57.16837],[269.57691,57.17539],[269.59046,57.17005],[269.59673,57.17502],[269.5651,57.19311],[269.51093,57.20004],[269.49523,57.19685],[269.50947,57.19337],[269.48201,57.18984],[269.433,57.20397],[269.38444,57.22998],[269.32469,57.22455],[269.26762,57.22991],[269.13741,57.25606],[269.10689,57.25327],[269.06671,57.2616],[269.02861,57.25489],[269.00356,57.26756],[268.97935,57.26495],[268.99539,57.25747],[268.91245,57.25908],[268.75988,57.23151],[268.38516,57.13909],[268.27317,57.11973],[268.12128,57.07578],[268.04309,57.06348],[268.03382,57.05441],[267.99652,57.05678],[267.92454,57.04557],[267.89494,57.04983],[267.87326,57.0162],[267.87426,57.03272],[267.86489,57.04834],[267.78995,57.03301],[267.76193,57.04758],[267.79609,57.06487],[267.77789,57.07632],[267.68769,57.06135],[267.58513,57.05546],[267.51391,57.03992],[267.38868,56.98842],[267.35424,56.95638],[267.32402,56.94055],[267.26461,56.92531],[267.24146,56.94404],[267.28353,56.95788],[267.31823,57.00118],[267.40261,57.05821],[267.45976,57.12127],[267.54038,57.23386],[267.55419,57.25692],[267.5678,57.33994],[267.56465,57.36338],[267.55026,57.38816],[267.53599,57.44798],[267.48878,57.52763],[267.44721,57.54546],[267.45281,57.55876],[267.43581,57.59098],[267.31777,57.73061],[267.27992,57.78431],[267.25868,57.83557],[267.15271,57.82376],[267.19513,57.83239],[267.24494,57.86173],[267.1826,58.0252],[267.19166,58.04877],[267.20814,58.03807],[267.1484,58.10816],[267.15049,58.13714],[267.13216,58.13261],[267.14405,58.14188],[267.11919,58.16065],[267.12895,58.17486],[267.1172,58.17248],[267.10015,58.18337],[267.10108,58.19327],[267.06847,58.22301],[267.07566,58.22783],[267.0227,58.28034],[267.0208,58.31921],[266.9682,58.35591],[266.94538,58.39654],[266.944,58.42444],[266.88423,58.48531],[266.89114,58.50077],[266.86797,58.53496],[266.8632,58.55927],[266.86938,58.56897],[266.8613,58.57981],[266.86844,58.58658],[266.8682,58.61018],[266.84748,58.66696],[266.85879,58.68998],[266.82749,58.71691],[266.83282,58.7339],[266.81479,58.75551],[266.78289,58.77551],[266.76339,58.77823],[266.77188,58.7947],[266.7082,58.75855],[266.68644,58.75679],[266.65815,58.7664],[266.58411,58.72508],[266.54702,58.73215],[266.52373,58.72684],[266.50257,58.72898],[266.52291,58.74056],[266.52614,58.75381],[266.54261,58.75556],[266.52814,58.76193],[266.52712,58.76968],[266.47466,58.78514],[266.4121,58.77229],[266.37167,58.78465],[266.33742,58.78103],[266.32017,58.79688],[266.26171,58.79932],[266.24739,58.80683],[266.25888,58.78219],[266.25475,58.77623],[266.22387,58.7847],[266.18771,58.78185],[266.17131,58.80416],[266.17669,58.78608],[266.16431,58.77715],[266.11289,58.76222],[266.10453,58.77302],[266.03897,58.77773],[265.91026,58.77087],[265.85358,58.77735],[265.79599,58.79432],[265.8079,58.77983],[265.85434,58.75465],[265.85112,58.74253],[265.82936,58.73028],[265.82428,58.71025],[265.81472,58.70948],[265.82452,58.68799],[265.81736,58.67404],[265.79202,58.67937],[265.79454,58.69823],[265.74364,58.73002],[265.75696,58.75904],[265.77628,58.77024],[265.76363,58.78399],[265.78997,58.81235],[265.77836,58.81698],[265.75544,58.79547],[265.72689,58.79637],[265.70661,58.78143],[265.70353,58.76265],[265.66094,58.72184],[265.61161,58.71071],[265.57066,58.712],[265.51709,58.75689],[265.51715,58.78492],[265.5034,58.80319],[265.5254,58.79989],[265.50335,58.81353],[265.49311,58.80971],[265.47599,58.83306],[265.4284,58.84955],[265.39485,58.88456],[265.38883,58.89363],[265.40803,58.9012],[265.39476,58.91282],[265.39539,58.94987],[265.3389,58.96144],[265.31144,58.9568],[265.30666,58.9602],[265.31617,58.97134],[265.29948,58.99586],[265.24997,59.01931],[265.24164,59.00892],[265.21457,59.01993],[265.15831,59.01811],[265.12396,59.03532],[265.00188,59.03973],[264.97117,59.05895],[265.05019,59.08712],[265.20309,59.08935],[265.19207,59.10225],[265.19079,59.11942],[265.21597,59.1598],[265.20473,59.18717],[265.20893,59.19226],[265.19307,59.20072],[265.20897,59.20766],[265.1588,59.23429],[265.1653,59.274],[265.17834,59.2488],[265.17682,59.22825],[265.18607,59.24261],[265.19453,59.23323],[265.18514,59.22531],[265.21676,59.21089],[265.21984,59.2228],[265.19389,59.24377],[265.21582,59.26165],[265.19406,59.27022],[265.21849,59.28319],[265.22281,59.29173],[265.21544,59.30807],[265.24338,59.304],[265.25628,59.31833],[265.2425,59.32796],[265.26123,59.33793],[265.28342,59.33352],[265.28466,59.34187],[265.33183,59.35823],[265.32257,59.36918],[265.28126,59.34879],[265.25784,59.34878],[265.25499,59.35528],[265.26548,59.35475],[265.26783,59.36799],[265.28089,59.36418],[265.27816,59.37803],[265.28436,59.38438],[265.27367,59.40536],[265.25126,59.40862],[265.26883,59.41656],[265.25409,59.43546],[265.263,59.45162],[265.23498,59.48283],[265.23364,59.49447],[265.19796,59.52522],[265.19938,59.54439],[265.18507,59.5571],[265.19332,59.56449],[265.23321,59.56457],[265.17505,59.6057],[265.19,59.62522],[265.18118,59.63573],[265.17302,59.62789],[265.16833,59.64784],[265.17997,59.66027],[265.17784,59.66933],[265.20288,59.67703],[265.17413,59.68762],[265.18278,59.69285],[265.17593,59.69681],[265.19739,59.7082],[265.19774,59.72225],[265.18596,59.72776],[265.20658,59.73703],[265.1899,59.74593],[265.20542,59.75559],[265.207,59.77408],[265.26241,59.77138],[265.22143,59.78459],[265.22208,59.79935],[265.19235,59.83253],[265.20438,59.83968],[265.20638,59.85061],[265.19258,59.86842],[265.19487,59.87613],[265.17362,59.89051],[265.19005,59.90046],[265.17162,59.91637],[265.19284,59.91579],[265.17765,59.91995],[265.16647,59.93423],[265.17775,59.94663],[265.15892,59.95057],[265.15532,59.97151],[265.1587,59.98436],[265.1873,59.99548],[265.18212,60.0115],[265.19783,60.02668],[265.2342,60.02262],[265.21229,60.03168],[265.22632,60.0463],[265.24899,60.04579],[265.22119,60.05634],[265.22969,60.07293],[265.28599,60.09599],[265.2845,60.12395],[265.26679,60.13258],[265.28386,60.17771],[265.26347,60.18779],[265.28305,60.19881],[265.28151,60.20539],[265.29805,60.19991],[265.29329,60.19067],[265.31132,60.19654],[265.29095,60.20847],[265.30799,60.22255],[265.29267,60.22672],[265.30153,60.23229],[265.27792,60.2461],[265.2738,60.26356],[265.28607,60.27829],[265.28576,60.29138],[265.32377,60.3269],[265.35235,60.38715],[265.34746,60.40595],[265.30319,60.44961],[265.30608,60.45798],[265.2973,60.46858],[265.19734,60.48694],[265.13466,60.48189],[265.11089,60.48898],[265.10751,60.50466],[265.142,60.50618],[265.21297,60.53022],[265.18758,60.53916],[265.18817,60.54819],[265.34392,60.52389],[265.36081,60.51679],[265.34639,60.51345],[265.35545,60.5053],[265.43832,60.53544],[265.4386,60.58234],[265.45559,60.60374],[265.44614,60.6101],[265.46205,60.61214],[265.4754,60.63725],[265.56767,60.7044],[265.56591,60.72222],[265.55275,60.74056],[265.56916,60.76926],[265.61766,60.79971],[265.58856,60.80754],[265.60037,60.81553],[265.63592,60.81241],[265.64458,60.83218],[265.62342,60.84642],[265.665,60.85006],[265.67395,60.86662],[265.775,60.89316],[265.78145,60.94838],[265.82462,61.00462],[265.81659,61.03405],[265.85632,61.05978],[265.81992,61.06981],[265.85382,61.06883],[265.91183,61.08953],[265.99907,61.08989],[266.01389,61.09593],[265.98149,61.10942],[265.90381,61.11919],[265.92543,61.1288],[265.87641,61.14187],[265.95834,61.14542],[266.02815,61.13705],[265.88717,61.16607],[265.91755,61.17706],[265.98593,61.1691],[265.91566,61.18339],[265.96928,61.19923],[265.97973,61.2101],[265.9479,61.21834],[265.9656,61.22659],[265.94523,61.24322],[265.96097,61.25825],[265.95662,61.26927],[265.93777,61.27244],[265.93367,61.2844],[265.8899,61.30074],[265.89473,61.30902],[265.88759,61.31531],[265.91469,61.31166],[265.93583,61.29828],[265.98879,61.28997],[266.01133,61.29387],[266.02033,61.28767],[266.09249,61.29613],[266.12621,61.31021],[266.15237,61.30853],[266.15793,61.31156],[266.13669,61.31693],[266.13559,61.32421],[266.16344,61.33914],[266.19151,61.33754],[266.18106,61.34391],[266.18889,61.34751],[266.13438,61.3673],[266.15134,61.37295],[266.13337,61.38514],[266.06806,61.39037],[266.06023,61.38676],[266.06826,61.38074],[266.01761,61.37153],[266.00061,61.37916],[266.01024,61.38975],[266.04724,61.39139],[265.86152,61.39913],[265.93205,61.39449],[265.94595,61.38373],[265.97848,61.38607],[265.9544,61.37589],[265.86753,61.39163],[265.76378,61.3906],[265.75576,61.38581],[265.83711,61.3694],[265.81106,61.35129],[265.82806,61.33541],[265.84877,61.33052],[265.82691,61.32571],[265.80084,61.34363],[265.82654,61.3126],[265.75622,61.31489],[265.75018,61.31206],[265.75557,61.30728],[265.70405,61.30686],[265.69738,61.31087],[265.8082,61.32174],[265.79233,61.33056],[265.78782,61.34617],[265.76776,61.3481],[265.78235,61.35966],[265.79616,61.35785],[265.78679,61.36746],[265.66603,61.40289],[265.76888,61.40808],[265.76675,61.41945],[265.77387,61.42189],[265.86518,61.40413],[265.86442,61.40961],[265.93017,61.40931],[266.03473,61.40246],[266.01548,61.40722],[266.02782,61.40991],[266.06764,61.4032],[266.01097,61.41893],[266.00898,61.43007],[266.02397,61.44253],[265.9997,61.45026],[266.08629,61.50624],[266.09816,61.53322],[266.19535,61.54212],[266.24825,61.52202],[266.20301,61.54894],[266.23875,61.55504],[266.23713,61.56483],[266.22624,61.56843],[266.23747,61.58113],[266.30361,61.59855],[266.32065,61.61588],[266.31194,61.62052],[266.33293,61.63069],[266.43766,61.65814],[266.43556,61.66354],[266.45725,61.68222],[266.49412,61.67913],[266.51075,61.68517],[266.52465,61.67871],[266.55699,61.69053],[266.60344,61.69496],[266.60862,61.70505],[266.65007,61.70327],[266.66497,61.71082],[266.64811,61.71533],[266.69334,61.72838],[266.60796,61.72725],[266.57805,61.7339],[266.57476,61.71931],[266.56805,61.719],[266.51787,61.73709],[266.56802,61.73092],[266.51483,61.75643],[266.51011,61.76745],[266.5494,61.76721],[266.63061,61.73952],[266.66131,61.74321],[266.67717,61.73659],[266.68424,61.7447],[266.7285,61.73638],[266.70421,61.74652],[266.71194,61.74893],[266.7044,61.75271],[266.70984,61.76419],[266.73194,61.76266],[266.73839,61.77395],[266.73284,61.77989],[266.67875,61.79098],[266.6913,61.78169],[266.64119,61.78264],[266.57825,61.80361],[266.58113,61.79434],[266.61079,61.78676],[266.5813,61.78174],[266.57354,61.79353],[266.51133,61.8129],[266.531,61.81633],[266.46516,61.83643],[266.44854,61.85079],[266.44214,61.8466],[266.45396,61.8389],[266.40742,61.8546],[266.40675,61.8486],[266.43309,61.83883],[266.41198,61.83533],[266.36581,61.85378],[266.37273,61.86007],[266.29654,61.8686],[266.31559,61.8569],[266.30871,61.85497],[266.25959,61.87532],[266.31635,61.87597],[266.36118,61.86641],[266.33237,61.87834],[266.32054,61.89268],[266.35413,61.87891],[266.38085,61.87903],[266.3447,61.90025],[266.32983,61.89473],[266.30877,61.91574],[266.30859,61.92559],[266.26616,61.9371],[266.24173,61.95083],[266.24842,61.95597],[266.24067,61.96018],[266.23043,61.9535],[266.19153,61.95965],[266.2192,61.94242],[266.16698,61.95823],[266.15985,61.95078],[266.11619,61.9498],[266.13305,61.95727],[266.13064,61.96816],[266.16999,61.96228],[266.1501,61.97507],[266.17227,61.97408],[266.16003,61.98312],[266.17869,61.99366],[266.22575,61.96153],[266.24702,61.96462],[266.29222,61.94729],[266.29749,61.94318],[266.27916,61.9446],[266.27798,61.93652],[266.31301,61.93222],[266.32723,61.91364],[266.34955,61.9163],[266.35062,61.90443],[266.35799,61.90867],[266.36186,61.89739],[266.38427,61.88584],[266.3925,61.89287],[266.40218,61.87934],[266.40868,61.88767],[266.42842,61.88401],[266.43792,61.88973],[266.45461,61.88202],[266.46999,61.88985],[266.50647,61.88512],[266.46441,61.89784],[266.46703,61.90392],[266.48234,61.90051],[266.44253,61.92319],[266.40825,61.93557],[266.37758,61.93551],[266.34461,61.95298],[266.36429,61.95208],[266.35444,61.95712],[266.36288,61.96325],[266.40005,61.96041],[266.46753,61.93627],[266.43842,61.95418],[266.44639,61.95569],[266.50551,61.92932],[266.48907,61.94736],[266.5321,61.93261],[266.55755,61.91086],[266.58764,61.9136],[266.59893,61.90839],[266.58453,61.9098],[266.5935,61.90172],[266.64673,61.89589],[266.64326,61.88908],[266.65753,61.87872],[266.67747,61.88581],[266.66423,61.89118],[266.67282,61.89913],[266.7045,61.89161],[266.70924,61.89938],[266.68848,61.92022],[266.65781,61.92503],[266.66154,61.933],[266.58568,61.94194],[266.52258,61.97825],[266.57158,61.96536],[266.58063,61.95225],[266.63199,61.94175],[266.61393,61.95376],[266.62716,61.95345],[266.63155,61.96052],[266.66192,61.9431],[266.67195,61.94882],[266.65904,61.95718],[266.6689,61.959],[266.70468,61.95074],[266.71177,61.93983],[266.75136,61.94389],[266.73851,61.93758],[266.74965,61.93303],[266.77486,61.93599],[266.75445,61.95273],[266.78812,61.94758],[266.76313,61.96045],[266.76811,61.96479],[266.66642,62.0022],[266.65506,62.01475],[266.65783,62.02267],[266.6442,62.02962],[266.60927,62.0285],[266.53814,62.04864],[266.5401,62.05331],[266.69693,62.02969],[266.67267,62.04327],[266.67504,62.04842],[266.65065,62.05535],[266.6468,62.06457],[266.71463,62.04354],[266.74899,62.04277],[266.73791,62.02991],[266.7544,62.01597],[266.74487,62.00753],[266.77258,62.00807],[266.81348,61.9865],[266.80671,61.98139],[266.81428,61.9776],[266.83559,61.9783],[266.82615,61.98659],[266.88579,61.98575],[266.8699,61.99217],[266.86228,62.00604],[266.81955,62.02457],[266.83227,62.02444],[266.83329,62.03158],[266.80477,62.04477],[266.80777,62.05659],[266.85266,62.05946],[266.86862,62.04549],[266.91345,62.04606],[266.91616,62.05465],[266.90302,62.05935],[266.91115,62.0652],[266.88349,62.07409],[266.89512,62.07711],[266.88188,62.09212],[266.97218,62.07056],[266.97636,62.07417],[266.95868,62.07709],[267.01299,62.07688],[266.99928,62.0795],[267.00171,62.08968],[267.02597,62.10331],[267.02254,62.11599],[266.99496,62.11436],[266.95888,62.12612],[266.94451,62.11451],[266.93193,62.11626],[266.93124,62.1073],[266.86538,62.11362],[266.8423,62.12866],[266.85472,62.13768],[266.85221,62.14535],[266.86514,62.14683],[266.83446,62.15077],[266.84659,62.15633],[266.75197,62.17076],[266.73026,62.16659],[266.7147,62.17552],[266.75359,62.18457],[266.82191,62.17428],[266.82853,62.17548],[266.81775,62.1828],[266.85212,62.18269],[266.86353,62.17219],[266.95981,62.16395],[266.94582,62.17274],[266.91655,62.17447],[266.9256,62.18081],[266.88125,62.17685],[266.86826,62.18293],[266.88098,62.18806],[266.81228,62.2002],[266.77776,62.21312],[266.78011,62.2185],[266.84765,62.20999],[266.88705,62.19702],[266.8799,62.19351],[266.89771,62.18534],[266.91682,62.18548],[266.90296,62.19106],[266.92255,62.19374],[266.94346,62.17975],[266.98106,62.18065],[267.02359,62.16367],[267.01365,62.15684],[267.03229,62.15419],[267.02493,62.16945],[266.94324,62.20585],[266.97653,62.2013],[266.97139,62.2075],[266.98999,62.20783],[267.0246,62.19899],[267.00929,62.20704],[267.01902,62.20745],[267.03849,62.19819],[267.03461,62.2081],[267.04232,62.20889],[267.09039,62.19372],[267.08917,62.20008],[267.05874,62.21026],[267.08094,62.21737],[267.1027,62.20889],[267.1024,62.2233],[267.11375,62.2153],[267.15495,62.21035],[267.16246,62.19922],[267.12156,62.21036],[267.12983,62.19787],[267.18303,62.18907],[267.21169,62.1749],[267.20404,62.18168],[267.21161,62.18841],[267.19664,62.20015],[267.20161,62.21021],[267.26258,62.2255],[267.23301,62.25224],[267.14791,62.28357],[267.04277,62.30807],[267.01016,62.30349],[266.93894,62.32247],[266.92314,62.33256],[266.92821,62.33584],[266.98635,62.32448],[266.99253,62.32565],[266.9839,62.33445],[267.02004,62.33116],[267.0916,62.31536],[267.12187,62.31936],[267.12748,62.31066],[267.14901,62.3191],[267.16925,62.30596],[267.1756,62.31401],[267.19762,62.29911],[267.21418,62.29749],[267.23333,62.31086],[267.26142,62.30283],[267.3117,62.27852],[267.34681,62.27488],[267.34537,62.26933],[267.32672,62.27179],[267.33982,62.26476],[267.33013,62.25865],[267.33385,62.25445],[267.3521,62.24877],[267.33786,62.23538],[267.40713,62.21363],[267.41314,62.20219],[267.40499,62.18493],[267.38408,62.1651],[267.39801,62.15856],[267.39251,62.15376],[267.4063,62.15339],[267.41106,62.15953],[267.4048,62.16707],[267.43239,62.17983],[267.43916,62.18032],[267.44008,62.16708],[267.45812,62.17305],[267.46122,62.1885],[267.44651,62.20212],[267.45804,62.20349],[267.45753,62.21995],[267.43947,62.23023],[267.45015,62.23912],[267.42529,62.2489],[267.45145,62.26732],[267.4509,62.27851],[267.43577,62.29418],[267.45141,62.29204],[267.46109,62.30386],[267.44008,62.32203],[267.41316,62.32923],[267.41836,62.33309],[267.3606,62.33906],[267.3034,62.36311],[267.23353,62.36741],[267.2073,62.37825],[267.25893,62.37668],[267.26492,62.38424],[267.28854,62.38198],[267.28287,62.38587],[267.31558,62.38786],[267.32452,62.39554],[267.2862,62.40775],[267.29696,62.41093],[267.26735,62.42394],[267.27564,62.43251],[267.25673,62.43839],[267.25043,62.45348],[267.2217,62.44843],[267.22944,62.45721],[267.24618,62.45765],[267.23932,62.46516],[267.2529,62.47189],[267.25634,62.48781],[267.26795,62.48142],[267.32406,62.48593],[267.37657,62.48044],[267.38576,62.48699],[267.42128,62.47144],[267.40593,62.46878],[267.41192,62.46581],[267.43793,62.46156],[267.45557,62.44073],[267.43588,62.44294],[267.44316,62.42468],[267.43287,62.41879],[267.37489,62.4385],[267.35424,62.43517],[267.35965,62.41662],[267.36583,62.41526],[267.37302,62.42447],[267.36797,62.43045],[267.37418,62.43161],[267.39475,62.42188],[267.3978,62.4133],[267.37862,62.41553],[267.40639,62.39602],[267.41079,62.40443],[267.46614,62.38782],[267.48128,62.39687],[267.4776,62.40634],[267.51013,62.40118],[267.4926,62.4108],[267.4971,62.41327],[267.57507,62.40251],[267.59307,62.4096],[267.60323,62.40518],[267.6001,62.39774],[267.64005,62.39512],[267.6437,62.39961],[267.63405,62.40679],[267.63933,62.40767],[267.68597,62.395],[267.65548,62.38586],[267.67627,62.37702],[267.66851,62.37055],[267.67693,62.36469],[267.7169,62.3616],[267.7508,62.37383],[267.80572,62.36691],[267.80392,62.37462],[267.78422,62.37734],[267.80616,62.38179],[267.82548,62.36373],[267.83265,62.36217],[267.83959,62.3766],[267.85737,62.36465],[267.84526,62.38389],[267.82473,62.37697],[267.82579,62.38822],[267.83989,62.38942],[267.81825,62.39779],[267.89273,62.40984],[267.9065,62.41902],[267.85749,62.41979],[267.85418,62.42767],[267.84657,62.42008],[267.79973,62.42548],[267.83571,62.4142],[267.83638,62.40736],[267.81807,62.41631],[267.80617,62.40787],[267.7649,62.40386],[267.75135,62.41662],[267.70169,62.42395],[267.71151,62.43003],[267.69866,62.43574],[267.62889,62.43062],[267.60515,62.43912],[267.61449,62.431],[267.65814,62.42439],[267.66454,62.41594],[267.62502,62.41606],[267.6193,62.40647],[267.59506,62.41791],[267.61419,62.41863],[267.5794,62.43105],[267.58077,62.44002],[267.55872,62.44171],[267.58027,62.4233],[267.57435,62.4233],[267.55335,62.43578],[267.50757,62.43747],[267.45317,62.45666],[267.48526,62.45698],[267.42203,62.48359],[267.46445,62.47631],[267.47579,62.48475],[267.41442,62.49543],[267.49181,62.49201],[267.49808,62.49294],[267.49017,62.49835],[267.49492,62.5022],[267.46856,62.50279],[267.45263,62.51407],[267.47478,62.52041],[267.46579,62.52625],[267.4277,62.53118],[267.46065,62.53543],[267.41038,62.54722],[267.43279,62.5522],[267.41668,62.55341],[267.40764,62.55947],[267.41427,62.56384],[267.38425,62.5732],[267.38002,62.58265],[267.39506,62.58461],[267.3514,62.60304],[267.36477,62.61134],[267.33954,62.62134],[267.34485,62.63024],[267.37507,62.63097],[267.38408,62.61988],[267.36239,62.62155],[267.38638,62.61013],[267.37109,62.60678],[267.42304,62.59187],[267.39477,62.59695],[267.40599,62.58732],[267.53539,62.53348],[267.54771,62.53945],[267.57326,62.5324],[267.62523,62.53298],[267.60042,62.54143],[267.63126,62.55219],[267.65468,62.54597],[267.63551,62.54778],[267.62854,62.54226],[267.63498,62.53952],[267.68096,62.54031],[267.63905,62.55866],[267.65667,62.56572],[267.67566,62.56208],[267.64764,62.57751],[267.71002,62.5757],[267.71576,62.57408],[267.69939,62.57118],[267.73841,62.5637],[267.7278,62.57337],[267.76983,62.5685],[267.74341,62.58355],[267.72017,62.5859],[267.71084,62.59952],[267.72522,62.59112],[267.73308,62.59736],[267.7731,62.59287],[267.82416,62.57298],[267.81173,62.56727],[267.81929,62.56365],[267.80993,62.56035],[267.811,62.54826],[267.82938,62.53932],[267.87008,62.54786],[267.90722,62.5334],[267.96433,62.52969],[267.96957,62.53697],[267.99566,62.52896],[267.99698,62.53609],[268.02163,62.54289],[268.0422,62.53834],[268.02234,62.55069],[268.04386,62.55257],[268.02495,62.55901],[268.08596,62.56202],[268.07787,62.56609],[268.09316,62.57278],[268.08667,62.57919],[268.13782,62.58207],[268.11645,62.60077],[268.13829,62.60083],[268.12619,62.61437],[268.15692,62.61174],[268.12679,62.62308],[268.15611,62.61995],[268.11187,62.6324],[268.11599,62.64078],[268.03305,62.65532],[268.03005,62.64631],[268.00641,62.65395],[267.98813,62.64714],[267.91306,62.66762],[267.8332,62.66593],[267.80768,62.67828],[267.84188,62.68224],[267.79583,62.69798],[267.79973,62.68691],[267.73405,62.70077],[267.71869,62.71164],[267.68538,62.71111],[267.68354,62.72157],[267.64264,62.73562],[267.61564,62.76115],[267.6188,62.76584],[267.60665,62.76676],[267.5924,62.78773],[267.56685,62.79913],[267.57345,62.80143],[267.57438,62.82686],[267.58708,62.83419],[267.61662,62.8314],[267.59329,62.84426],[267.62951,62.83211],[267.61866,62.8452],[267.62345,62.84926],[267.66116,62.85134],[267.67403,62.83237],[267.69137,62.82774],[267.67193,62.8499],[267.6856,62.85475],[267.71207,62.84382],[267.73219,62.82329],[267.74179,62.83141],[267.77178,62.83454],[267.8705,62.78982],[267.8768,62.79096],[267.83653,62.81308],[267.85611,62.81858],[267.85673,62.81197],[267.92389,62.79925],[267.93488,62.81128],[267.91498,62.82842],[267.88788,62.83479],[267.88768,62.84187],[267.86451,62.84562],[267.85641,62.85494],[267.88407,62.85729],[267.87482,62.86451],[267.89715,62.87169],[267.89943,62.86423],[267.91617,62.86001],[268.06119,62.84626],[268.12455,62.83217],[268.20559,62.84171],[268.32279,62.81217],[268.49664,62.80965],[268.57475,62.79857],[268.59572,62.80195],[268.5876,62.80627],[268.60229,62.81517],[268.63353,62.79966],[268.62721,62.81226],[268.64545,62.81053],[268.59453,62.83755],[268.68506,62.84117],[268.71085,62.85678],[268.73082,62.85714],[268.72672,62.8472],[268.74405,62.84496],[268.74751,62.85945],[268.77836,62.85715],[268.80428,62.87594],[268.79153,62.8991],[268.86872,62.90999],[268.8949,62.90547],[268.88845,62.91237],[268.89494,62.9162],[268.92528,62.91431],[268.92969,62.93362],[268.95258,62.93128],[268.95158,62.94245],[268.96678,62.93761],[268.96981,62.945],[269.03667,62.94409],[269.04544,62.93839],[269.05472,62.948],[269.08381,62.9481],[269.11418,62.93452],[269.12715,62.93898],[269.18175,62.92374],[269.17084,62.93464],[269.19027,62.93173],[269.20575,62.93624],[269.198,62.94198],[269.23584,62.94432],[269.23271,62.94926],[269.24323,62.95342],[269.23031,62.96039],[269.23594,62.96761],[269.26953,62.96801],[269.28414,62.97569],[269.24609,62.98682],[269.23819,62.99369],[269.24447,62.99979],[269.24013,63.0063],[269.26899,63.01274],[269.2919,62.99826],[269.28629,63.01113],[269.30737,63.01143],[269.27813,63.02416],[269.31129,63.02865],[269.30986,63.03615],[269.33308,63.03148],[269.35017,63.04811],[269.33319,63.05932],[269.35587,63.05921],[269.33783,63.06674],[269.35918,63.07755],[269.32846,63.08568],[269.34032,63.08758],[269.33303,63.09356],[269.35914,63.09033],[269.32016,63.10807],[269.31342,63.11361],[269.33421,63.11276],[269.309,63.12081],[269.29644,63.12848],[269.30936,63.13017],[269.30478,63.13462],[269.2874,63.14035],[269.29886,63.14155],[269.30915,63.15641],[269.3456,63.13929],[269.31869,63.16099],[269.32322,63.16521],[269.30424,63.16747],[269.30508,63.17297],[269.32908,63.17517],[269.34097,63.16884],[269.33532,63.16551],[269.35421,63.16392],[269.33056,63.18365],[269.28708,63.1958],[269.30724,63.21274],[269.30192,63.22698],[269.24189,63.25719],[269.25039,63.2622],[269.24969,63.27177],[269.27359,63.26324],[269.29389,63.26717],[269.2586,63.28158],[269.24408,63.28007],[269.24419,63.29125],[269.23307,63.29485],[269.23675,63.3059],[269.26156,63.30652],[269.22335,63.32747],[269.24034,63.32972],[269.23703,63.3358],[269.27363,63.3317],[269.26847,63.34047],[269.28122,63.34421],[269.31559,63.34165],[269.30423,63.3635],[269.23019,63.36963],[269.22813,63.36182],[269.24347,63.35718],[269.22586,63.3556],[269.19292,63.3705],[269.1505,63.3758],[269.14497,63.39095],[269.09816,63.38288],[269.04942,63.39324],[269.002,63.42757],[269.08062,63.39999],[269.14653,63.39852],[269.22064,63.38467],[269.18518,63.40293],[269.14068,63.4043],[269.11428,63.42301],[269.04371,63.4321],[269.03589,63.44102],[269.05587,63.44041],[269.00518,63.47193],[268.98132,63.47836],[268.96506,63.47769],[268.95768,63.46448],[268.93623,63.47189],[268.9485,63.45693],[268.92158,63.46327],[268.92099,63.44911],[268.89135,63.46404],[268.85587,63.46214],[268.87087,63.47169],[268.86346,63.47719],[268.87857,63.47875],[268.86808,63.48439],[268.78405,63.49299],[268.75562,63.48808],[268.73275,63.4977],[268.73493,63.50392],[268.70816,63.50863],[268.68541,63.49976],[268.68632,63.48655],[268.66714,63.49877],[268.63981,63.49684],[268.61452,63.49153],[268.62293,63.4831],[268.60902,63.47698],[268.58652,63.49413],[268.60737,63.4984],[268.60075,63.51874],[268.59005,63.52528],[268.56804,63.52189],[268.48391,63.54973],[268.47538,63.58189],[268.42849,63.58662],[268.42722,63.58157],[268.40902,63.58968],[268.33948,63.58144],[268.35265,63.59251],[268.3366,63.60959],[268.34012,63.61654],[268.30593,63.63762],[268.37173,63.61799],[268.38807,63.62191],[268.36168,63.62954],[268.38339,63.63204],[268.3887,63.64727],[268.377,63.65307],[268.3795,63.66],[268.36765,63.65689],[268.36669,63.66622],[268.32896,63.67373],[268.31303,63.68967],[268.28354,63.69696],[268.28727,63.70256],[268.2539,63.71772],[268.20536,63.72462],[268.13402,63.71639],[268.12961,63.70574],[268.11875,63.70904],[268.08059,63.69387],[267.99834,63.68681],[267.98847,63.67825],[268.00435,63.66668],[267.94341,63.66487],[267.95245,63.65421],[267.94202,63.64609],[267.96135,63.63532],[267.95804,63.63064],[267.90725,63.63897],[267.8663,63.62021],[267.78341,63.61231],[267.76645,63.60372],[267.78311,63.57644],[267.77749,63.56184],[267.7597,63.55802],[267.77427,63.55396],[267.75138,63.55293],[267.75554,63.56701],[267.74512,63.57647],[267.73057,63.5803],[267.72072,63.56944],[267.76737,63.53795],[267.76127,63.53477],[267.69173,63.57367],[267.66729,63.57257],[267.65692,63.57037],[267.65907,63.55285],[267.64965,63.54543],[267.55903,63.5474],[267.55264,63.53757],[267.53337,63.53366],[267.50045,63.5425],[267.53268,63.52358],[267.51902,63.51714],[267.46514,63.54211],[267.42238,63.54851],[267.38033,63.54305],[267.41073,63.55585],[267.46648,63.55679],[267.46201,63.56143],[267.47921,63.56549],[267.49434,63.56422],[267.48575,63.55796],[267.5207,63.54668],[267.51294,63.55805],[267.53624,63.55137],[267.56668,63.56985],[267.59501,63.56928],[267.5924,63.57512],[267.61922,63.57724],[267.62423,63.58633],[267.63662,63.58312],[267.65643,63.59846],[267.64695,63.59971],[267.64895,63.60847],[267.63171,63.63252],[267.6783,63.61386],[267.68323,63.62066],[267.72986,63.62437],[267.7176,63.62965],[267.75902,63.62517],[267.7754,63.63716],[267.85087,63.63498],[267.87134,63.6414],[267.8526,63.65149],[267.8275,63.64789],[267.80559,63.66129],[267.78964,63.65251],[267.79738,63.64661],[267.78254,63.64038],[267.77327,63.65194],[267.78014,63.66543],[267.72622,63.67038],[267.89348,63.68555],[267.82962,63.71762],[267.74888,63.72784],[267.76536,63.73663],[267.7527,63.74967],[267.70332,63.74862],[267.69352,63.74005],[267.65624,63.74353],[267.62119,63.732],[267.64744,63.72951],[267.61556,63.72334],[267.58808,63.7436],[267.568,63.74607],[267.55211,63.77862],[267.523,63.80155],[267.47387,63.81506],[267.42484,63.80891],[267.42772,63.80193],[267.39349,63.78353],[267.37851,63.76194],[267.28926,63.80611],[267.18248,63.83538],[267.12863,63.8326],[267.11171,63.84451],[267.09749,63.84304],[267.10704,63.83175],[267.09324,63.83076],[267.06859,63.85517],[267.04001,63.85289],[267.06945,63.84331],[267.08324,63.82899],[266.99483,63.86572],[266.90203,63.87525],[266.87902,63.87111],[266.87795,63.88113],[266.85049,63.89556],[266.85686,63.89742],[266.84867,63.90417],[266.80066,63.90267],[266.81967,63.89636],[266.81224,63.89468],[266.78158,63.90439],[266.77648,63.90396],[266.78538,63.89883],[266.77066,63.8996],[266.76491,63.90462],[266.77012,63.91421],[266.70492,63.93437],[266.69736,63.94526],[266.66126,63.95084],[266.65386,63.96562],[266.64074,63.95889],[266.61825,63.9712],[266.5703,63.96185],[266.55124,63.96562],[266.53979,63.9562],[266.54951,63.95227],[266.53756,63.94284],[266.55848,63.9307],[266.53708,63.92864],[266.55972,63.92275],[266.53807,63.91953],[266.55901,63.90487],[266.57779,63.90224],[266.56587,63.89739],[266.56633,63.88826],[266.58521,63.88746],[266.58336,63.87938],[266.61464,63.87408],[266.63285,63.85975],[266.61813,63.85821],[266.68165,63.84054],[266.6849,63.85188],[266.69861,63.84606],[266.69023,63.856],[266.6998,63.85731],[266.72603,63.844],[266.71007,63.84105],[266.72258,63.83357],[266.70902,63.83391],[266.73534,63.82244],[266.69468,63.82348],[266.64702,63.84],[266.5981,63.84547],[266.65456,63.81493],[266.64743,63.81439],[266.58926,63.82908],[266.56666,63.84687],[266.54994,63.84272],[266.54969,63.85324],[266.50549,63.85362],[266.52442,63.84551],[266.52376,63.83679],[266.48713,63.85214],[266.4601,63.84776],[266.4599,63.85324],[266.39667,63.87336],[266.3632,63.87211],[266.35411,63.86187],[266.34904,63.87721],[266.33303,63.88588],[266.36627,63.88368],[266.36497,63.89393],[266.32256,63.91104],[266.34157,63.90983],[266.25832,63.95692],[266.19823,63.95102],[266.21984,63.94101],[266.21734,63.93609],[266.18596,63.95001],[266.1513,63.9379],[266.16488,63.92891],[266.13841,63.93297],[266.04917,63.92293],[266.02863,63.91305],[266.00909,63.91855],[265.98886,63.91395],[265.95614,63.91791],[265.98408,63.92082],[265.98305,63.93153],[265.91333,63.96908],[265.92867,63.97098],[265.93779,63.96124],[266.02824,63.92768],[266.10231,63.94025],[266.11565,63.95207],[266.20576,63.96554],[266.19025,63.97606],[266.23164,63.96854],[266.25397,63.98007],[266.17815,63.99999],[266.23293,63.99423],[266.23327,63.99999],[266.24774,63.99999],[266.33139,63.98808],[266.32293,63.98405],[266.33254,63.98081],[266.43377,63.97816],[266.45638,63.98189],[266.46652,63.99239],[266.46084,63.99999],[266.59688,63.99999],[266.6196,63.99344],[266.61835,63.98493],[266.63444,63.98995],[266.64616,63.97696],[266.70328,63.97066],[266.73321,63.97922],[266.76461,63.97617],[266.77636,63.96271],[266.84088,63.95804],[266.86917,63.94983],[266.8759,63.94507],[266.87076,63.93983],[266.89587,63.92187],[266.94486,63.92133],[267.02315,63.94503],[267.03933,63.93721],[267.02975,63.92563],[267.05473,63.89759],[267.10392,63.90089],[267.12898,63.88998],[267.14623,63.89454],[267.14309,63.90494],[267.15445,63.90789],[267.15066,63.89837],[267.1605,63.89327],[267.18819,63.89502],[267.20437,63.88422],[267.24513,63.88281],[267.23317,63.86201],[267.2836,63.84291],[267.27641,63.8399],[267.3066,63.83922],[267.34042,63.82518],[267.40695,63.83201],[267.43123,63.82697],[267.44497,63.83639],[267.47137,63.83645],[267.55701,63.80782],[267.6013,63.77263],[267.64479,63.76939],[267.68346,63.7783],[267.71748,63.7674],[267.77318,63.76797],[267.76922,63.76121],[267.77773,63.75694],[267.82348,63.74939],[267.84585,63.73668],[267.85918,63.74011],[267.85112,63.74486],[267.85586,63.7473],[267.88836,63.73266],[267.90547,63.73803],[267.89272,63.74902],[267.91542,63.7402],[267.94813,63.74496],[267.90629,63.76889],[267.95128,63.76265],[267.94384,63.77326],[267.95259,63.77593],[268.01431,63.74123],[268.16224,63.73899],[268.16045,63.7467],[268.18687,63.75234],[268.21932,63.74014],[268.24677,63.7458],[268.27284,63.74091],[268.27947,63.74455],[268.25889,63.7633],[268.26909,63.76728],[268.26388,63.77077],[268.30663,63.77462],[268.31225,63.77183],[268.30375,63.75718],[268.33548,63.75246],[268.29894,63.7358],[268.30904,63.72744],[268.35994,63.71533],[268.43297,63.713],[268.4405,63.71756],[268.42697,63.72172],[268.4342,63.73153],[268.42521,63.74289],[268.46774,63.72136],[268.54501,63.69788],[268.56483,63.69961],[268.57026,63.70799],[268.56324,63.71348],[268.5721,63.71625],[268.58149,63.73593],[268.5613,63.74332],[268.56234,63.76024],[268.58139,63.75373],[268.57403,63.74438],[268.58598,63.74382],[268.60329,63.7247],[268.58482,63.71389],[268.60356,63.69892],[268.57512,63.69626],[268.58043,63.69185],[268.57226,63.68796],[268.58387,63.68259],[268.57586,63.67779],[268.6101,63.65187],[268.644,63.6451],[268.63462,63.64254],[268.66593,63.64277],[268.62733,63.65693],[268.6679,63.65035],[268.69673,63.66054],[268.71264,63.64662],[268.70482,63.64388],[268.74518,63.63134],[268.73688,63.62837],[268.75827,63.61893],[268.77951,63.62572],[268.76092,63.62905],[268.76718,63.63197],[268.8377,63.62367],[268.84575,63.63211],[268.8269,63.64185],[268.86097,63.64075],[268.87897,63.62596],[268.85106,63.62359],[268.90519,63.60728],[268.92163,63.61092],[268.92594,63.62792],[268.94484,63.62866],[268.93686,63.61955],[268.9476,63.60866],[268.98821,63.60063],[269.00832,63.58473],[269.02225,63.58031],[269.05875,63.58721],[269.07397,63.57313],[269.12451,63.57843],[269.11462,63.57179],[269.12877,63.56554],[269.27073,63.58123],[269.20101,63.63697],[269.20056,63.64837],[269.20816,63.64924],[269.22771,63.63696],[269.2204,63.62993],[269.25602,63.61234],[269.24823,63.60896],[269.27839,63.58553],[269.3255,63.58601],[269.32007,63.5966],[269.33563,63.59105],[269.34353,63.59763],[269.35749,63.59249],[269.44993,63.59973],[269.43618,63.60739],[269.44387,63.62011],[269.42816,63.62703],[269.42223,63.64195],[269.39733,63.64819],[269.41088,63.6508],[269.40275,63.65425],[269.41253,63.65836],[269.38672,63.66345],[269.39927,63.67014],[269.384,63.68551],[269.36512,63.68437],[269.35801,63.6753],[269.37334,63.66358],[269.3517,63.65987],[269.36411,63.65515],[269.26827,63.65325],[269.32682,63.66154],[269.33349,63.66581],[269.32914,63.67186],[269.34719,63.67549],[269.34201,63.68403],[269.33181,63.68333],[269.34494,63.68935],[269.32768,63.70399],[269.4056,63.69811],[269.39364,63.69075],[269.43767,63.67128],[269.45426,63.67441],[269.4415,63.68209],[269.45802,63.68157],[269.50723,63.66561],[269.55287,63.66211],[269.55655,63.65261],[269.48147,63.66615],[269.43149,63.66292],[269.44755,63.64916],[269.48166,63.64745],[269.46898,63.65468],[269.47687,63.65738],[269.50158,63.64404],[269.53276,63.64522],[269.48297,63.63221],[269.51199,63.61258],[269.52745,63.61203],[269.52085,63.60709],[269.52736,63.60404],[269.57786,63.61958],[269.59539,63.6145],[269.62751,63.6207],[269.63411,63.63476],[269.66327,63.63107],[269.65767,63.62616],[269.66461,63.62381],[269.67799,63.62798],[269.66907,63.63873],[269.61212,63.64293],[269.58775,63.65378],[269.59851,63.65835],[269.61003,63.64767],[269.66856,63.64328],[269.65925,63.64832],[269.68036,63.65243],[269.73188,63.6417],[269.68498,63.63429],[269.69301,63.62216],[269.68557,63.61538],[269.71845,63.61496],[269.73274,63.60638],[269.75606,63.61805],[269.78793,63.61282],[269.77114,63.62089],[269.78498,63.62575],[269.78077,63.63136],[269.84358,63.63429],[269.82545,63.6453],[269.81497,63.63778],[269.77856,63.63746],[269.7883,63.64224],[269.78207,63.64757],[269.8117,63.65367],[269.80181,63.65962],[269.81276,63.6676],[269.83983,63.6643],[269.84762,63.67313],[269.83628,63.67814],[269.85353,63.69468],[269.8317,63.70631],[269.84224,63.7136],[269.86573,63.70086],[269.89916,63.70087],[269.8767,63.72822],[269.94017,63.72679],[269.91602,63.73131],[269.91678,63.74364],[269.93853,63.74749],[269.92681,63.75113],[269.93541,63.76248],[269.91436,63.77641],[269.85903,63.78735],[269.94485,63.78068],[269.9742,63.79107],[269.96603,63.79524],[269.97539,63.79952],[269.97145,63.80264],[269.92396,63.81741],[269.88623,63.84194],[269.98082,63.80693],[269.98956,63.79229],[269.97496,63.78379],[269.98631,63.77376],[270.00563,63.77642],[270.02453,63.80346],[270.01563,63.81992],[270.00106,63.821],[269.99609,63.83914],[269.98394,63.84665],[269.89854,63.87684],[269.86114,63.87812],[269.8877,63.8814],[269.85724,63.89513],[269.87481,63.90028],[269.85512,63.91469],[269.8221,63.92289],[269.8502,63.93145],[269.84072,63.92328],[269.84577,63.91974],[269.89022,63.92088],[269.8677,63.93751],[269.80465,63.95899],[269.80684,63.96747],[269.79154,63.96966],[269.80049,63.97326],[269.77934,63.97669],[269.80121,63.9808],[269.76771,63.99999],[269.80159,63.99152],[269.81938,63.99999],[269.84338,63.98943],[269.83344,63.98535],[269.84961,63.9752],[269.83284,63.9671],[269.84968,63.96016],[269.89636,63.96043],[269.88364,63.96769],[269.88987,63.97261],[269.8839,63.97978],[269.89254,63.98155],[269.9275,63.96038],[269.90657,63.95221],[269.9155,63.95125],[269.96386,63.95518],[269.95235,63.96589],[269.96011,63.97608],[269.93664,63.99178],[270.00833,63.98182],[270.0297,63.96583],[269.99186,63.97534],[270.00208,63.96187],[270.04898,63.9548],[270.02803,63.94665],[270.03275,63.94105],[269.97808,63.93314],[270.01155,63.93038],[270.0117,63.91876],[270.04408,63.91119],[270.0515,63.91976],[270.03395,63.92421],[270.05828,63.93471],[270.05845,63.92787],[270.11131,63.93322],[270.11622,63.92556],[270.1359,63.92571],[270.14032,63.91759],[270.16345,63.92486],[270.16062,63.94326],[270.14429,63.95146],[270.17972,63.95478],[270.16349,63.96154],[270.16311,63.98683],[270.12152,63.99243],[270.0951,63.98646],[270.03108,63.99798],[270.11611,63.99999],[270.10898,64.01091],[270.09714,64.00728],[270.07424,64.02145],[270.13827,64.01233],[270.18819,64.01674],[270.16491,64.0364],[270.16083,64.03261],[270.16988,64.02511],[270.15672,64.0238],[270.15075,64.03557],[270.12719,64.04383],[270.13262,64.05512],[270.09033,64.06857],[270.0594,64.06215],[270.07564,64.07253],[270.06273,64.0833],[270.06732,64.08707],[270.08511,64.08282],[270.08721,64.09715],[270.07955,64.10347],[270.10886,64.10422],[270.10396,64.11186],[270.11364,64.11439],[270.06601,64.11334],[270.05201,64.12869],[270.03878,64.12234],[270.03868,64.13102],[270.02566,64.1363],[270.00114,64.12198],[269.97499,64.12159],[269.95007,64.13305],[269.93448,64.12378],[269.98205,64.11438],[269.99261,64.12033],[270.01842,64.11752],[270.02401,64.11603],[270.00179,64.1085],[270.04066,64.10109],[269.98627,64.09992],[269.96716,64.11171],[269.90056,64.124],[269.90872,64.13228],[269.90118,64.13516],[269.94197,64.14051],[269.98793,64.12544],[270.01448,64.13927],[270.00001,64.1448],[270.00769,64.15401],[270.06181,64.15632],[270.08812,64.14824],[270.08381,64.1805],[270.05205,64.18687],[270.01134,64.20756],[270.01736,64.20994],[270.08379,64.18985],[270.09859,64.16742],[270.09006,64.15642],[270.10006,64.14753],[270.14261,64.14001],[270.17409,64.15029],[270.19207,64.14283],[270.16298,64.13981],[270.17135,64.13073],[270.20906,64.13607],[270.2136,64.13916],[270.2044,64.15008],[270.21264,64.16269],[270.17979,64.18211],[270.13359,64.18561],[270.12266,64.19565],[270.142,64.2046],[270.16295,64.19525],[270.19022,64.20014],[270.17085,64.19098],[270.19857,64.18148],[270.22045,64.1851],[270.22565,64.20302],[270.21457,64.20691],[270.21661,64.21554],[270.20404,64.21559],[270.2084,64.22165],[270.19832,64.23443],[270.22054,64.24968],[270.23596,64.24684],[270.22009,64.23212],[270.239,64.23239],[270.25995,64.1961],[270.24659,64.18476],[270.25919,64.16713],[270.25795,64.15644],[270.27671,64.15146],[270.28718,64.13365],[270.28446,64.12823],[270.26574,64.14258],[270.26014,64.13927],[270.26773,64.11925],[270.24775,64.13613],[270.24312,64.12779],[270.21504,64.13343],[270.20242,64.12822],[270.2203,64.12008],[270.18947,64.12462],[270.19334,64.11268],[270.24078,64.08037],[270.27562,64.07047],[270.25988,64.06512],[270.26986,64.05691],[270.29852,64.06128],[270.29161,64.05118],[270.30249,64.0507],[270.30526,64.03877],[270.26899,64.04484],[270.28235,64.03883],[270.28178,64.02949],[270.32182,64.02471],[270.31973,64.03342],[270.32865,64.04281],[270.31705,64.04603],[270.3201,64.05418],[270.30079,64.08497],[270.28404,64.0979],[270.31714,64.08209],[270.32136,64.09135],[270.33202,64.08883],[270.33262,64.05869],[270.34482,64.05179],[270.34933,64.05465],[270.34122,64.06534],[270.35017,64.06605],[270.37619,64.04833],[270.36077,64.04572],[270.36903,64.04074],[270.42212,64.02764],[270.41612,64.01249],[270.44719,63.99252],[270.44282,63.98311],[270.47562,63.98206],[270.46418,63.98825],[270.46388,64.00315],[270.45025,64.01077],[270.45288,64.02372],[270.44288,64.03126],[270.45074,64.0402],[270.43847,64.08453],[270.44921,64.07857],[270.46663,64.04233],[270.47143,64.04747],[270.45912,64.08701],[270.48094,64.04427],[270.50846,64.01851],[270.48746,64.05142],[270.50149,64.04583],[270.48235,64.0682],[270.49171,64.07642],[270.52579,64.03224],[270.53623,64.03655],[270.57164,64.01195],[270.57136,64.022],[270.59256,64.0249],[270.59929,64.03273],[270.59537,64.03875],[270.60735,64.03869],[270.60331,64.04381],[270.61795,64.04413],[270.61195,64.03401],[270.63807,64.01852],[270.63199,64.03191],[270.64894,64.03012],[270.66286,64.00512],[270.67636,64.00889],[270.67046,64.01542],[270.67595,64.01757],[270.69197,64.00096],[270.67958,63.99999],[270.69825,63.97646],[270.73668,63.96952],[270.72875,63.96484],[270.73796,63.95974],[270.75631,63.96389],[270.72916,63.98604],[270.72103,64.0177],[270.75721,64.01024],[270.74904,63.99999],[270.75674,63.99191],[270.7648,63.99521],[270.78471,63.96567],[270.79,63.97804],[270.83043,63.99252],[270.82618,63.97993],[270.80957,63.97308],[270.81392,63.96359],[270.84251,63.95579],[270.85432,63.96439],[270.8964,63.9636],[270.87889,63.97611],[270.87313,63.99083],[270.90567,63.97899],[270.90738,63.98402],[270.87943,63.99707],[270.87027,64.01481],[270.82771,64.05383],[270.80243,64.06727],[270.77626,64.10129],[270.78019,64.11101],[270.84031,64.05441],[270.92904,64.01072],[270.93967,64.01225],[270.9168,64.03479],[270.99896,64.01908],[271.02163,64.00657],[271.09988,64.00416],[271.11406,63.99057],[271.16414,63.98662],[271.16983,63.98692],[271.1389,63.99999],[271.21801,63.9884],[271.25579,63.99907],[271.30162,63.99685],[271.3855,64.01291],[271.42183,64.0022],[271.42534,64.01124],[271.38826,64.01716],[271.28842,64.05555],[271.14626,64.09212],[271.15872,64.09861],[271.1852,64.0837],[271.32251,64.0534],[271.33415,64.04438],[271.35305,64.04518],[271.36064,64.04038],[271.34926,64.03433],[271.39473,64.01856],[271.44633,64.01219],[271.45326,64.02294],[271.4814,64.02298],[271.45272,64.03917],[271.34961,64.06995],[271.39482,64.06539],[271.4038,64.0562],[271.46888,64.03914],[271.50434,64.04557],[271.53036,64.03882],[271.55416,64.04721],[271.50666,64.06309],[271.53463,64.05856],[271.55206,64.06624],[271.55976,64.05914],[271.57147,64.07316],[271.58902,64.07512],[271.5829,64.0792],[271.66156,64.0904],[271.5783,64.10196],[271.57046,64.09878],[271.6034,64.09569],[271.55397,64.09702],[271.54781,64.09447],[271.59871,64.08944],[271.54172,64.08491],[271.4596,64.10156],[271.49863,64.10378],[271.50462,64.09559],[271.53021,64.09228],[271.53782,64.0941],[271.51476,64.10008],[271.60606,64.10543],[271.69888,64.09787],[271.70595,64.09947],[271.68862,64.11443],[271.74495,64.11968],[271.74348,64.1355],[271.73078,64.13774],[271.75912,64.13818],[271.78697,64.15692],[271.80676,64.15924],[271.80735,64.16562],[271.8366,64.16807],[271.84005,64.16087],[271.82579,64.15723],[271.83409,64.15078],[271.88888,64.14071],[271.89177,64.14519],[271.87207,64.15522],[271.92379,64.15736],[271.89627,64.16469],[271.89684,64.17085],[271.93087,64.17061],[271.94613,64.17968],[271.96688,64.17555],[271.95272,64.18426],[271.95219,64.19297],[271.92949,64.19809],[271.97395,64.19726],[271.98022,64.20001],[271.97442,64.20569],[271.98439,64.20855],[271.96602,64.21444],[271.99141,64.22409],[271.93451,64.24959],[271.83809,64.26334],[271.87039,64.27049],[271.84567,64.29143],[271.86793,64.28634],[271.86998,64.29496],[271.89551,64.28748],[271.87377,64.28067],[271.90136,64.25825],[271.96205,64.2507],[271.96293,64.26142],[272.00144,64.28799],[271.99546,64.29277],[272.04956,64.32062],[272.06587,64.31754],[272.09354,64.3303],[272.09204,64.33927],[272.13135,64.35756],[272.13401,64.36889],[272.14957,64.37018],[272.15079,64.37951],[272.16019,64.3817],[272.14413,64.40307],[272.14834,64.41139],[272.13211,64.42637],[272.15879,64.42749],[272.15026,64.44403],[272.1571,64.4662],[272.19549,64.4868],[272.1855,64.49287],[272.19724,64.5071],[272.18087,64.51317],[272.32413,64.52862],[272.33696,64.53708],[272.33025,64.54624],[272.33506,64.54904],[272.39218,64.54741],[272.39562,64.55666],[272.44746,64.57099],[272.45067,64.57636],[272.4347,64.6003],[272.46936,64.60565],[272.49629,64.62798],[272.47704,64.63305],[272.48602,64.6405],[272.47648,64.64612],[272.49254,64.64895],[272.49054,64.65749],[272.50579,64.66677],[272.50825,64.68933],[272.49528,64.69394],[272.49658,64.70556],[272.48207,64.71846],[272.51689,64.73158],[272.51854,64.73701],[272.49964,64.74688],[272.51303,64.75461],[272.51794,64.74459],[272.54255,64.74435],[272.54085,64.72564],[272.5547,64.72009],[272.53775,64.71317],[272.53544,64.70456],[272.5468,64.70253],[272.56106,64.71458],[272.57721,64.70459],[272.59245,64.70584],[272.59,64.72242],[272.59655,64.7256],[272.61162,64.71564],[272.61587,64.7386],[272.65105,64.74275],[272.66571,64.77675],[272.67288,64.77762],[272.67838,64.76047],[272.66508,64.75847],[272.67439,64.74666],[272.68598,64.75583],[272.7047,64.75052],[272.71002,64.7604],[272.69949,64.7892],[272.73247,64.81791],[272.74388,64.85617],[272.76294,64.86458],[272.76484,64.87848],[272.8065,64.89655],[272.8165,64.92272],[272.83693,64.91986],[272.83354,64.93396],[272.84164,64.93891],[272.89485,64.95719],[272.89674,64.94864],[272.91153,64.94462],[272.91707,64.95012],[272.91227,64.96016],[272.93969,64.96914],[272.91758,64.99386],[272.89802,64.99601],[272.8921,64.99372],[272.89616,64.9876],[272.8861,64.98617],[272.87898,65.00294],[272.93722,65.00177],[272.94197,65.00364],[272.93328,65.01086],[272.95707,65.01541],[272.97081,65.03318],[273.01852,65.03791],[273.00335,65.04998],[273.02726,65.04535],[273.03723,65.05342],[273.02928,65.06382],[273.04182,65.08072],[273.00811,65.09263],[273.029,65.10325],[273.01706,65.11289],[273.06059,65.12006],[273.06061,65.12969],[273.0993,65.14163],[273.06589,65.14322],[273.07565,65.15726],[273.04908,65.15788],[273.07721,65.16407],[273.03648,65.18383],[272.97799,65.18572],[272.99851,65.19681],[272.96038,65.20681],[272.97384,65.21567],[273.0065,65.21757],[272.99037,65.2283],[272.99181,65.23947],[272.92024,65.24209],[272.91688,65.23443],[272.89695,65.24553],[272.84845,65.25361],[272.5975,65.27691],[272.42078,65.27423],[272.45945,65.28931],[272.44495,65.29327],[272.32783,65.29334],[272.31418,65.28535],[272.27896,65.2898],[272.24913,65.28283],[272.34871,65.25048],[272.36232,65.24221],[272.35668,65.2305],[272.37947,65.21641],[272.3716,65.21257],[272.35308,65.22079],[272.33184,65.24811],[272.28722,65.26272],[272.20803,65.27418],[272.20575,65.28479],[272.1811,65.27626],[272.11606,65.28489],[272.0708,65.27703],[272.01139,65.28383],[271.98576,65.26385],[272.02843,65.23246],[272.0006,65.23246],[271.93714,65.26682],[271.93812,65.27503],[271.92333,65.2778],[271.70563,65.28314],[271.68691,65.27617],[271.61209,65.28899],[271.45492,65.29713],[271.38408,65.31841],[271.10416,65.32326],[271.08289,65.338],[270.9605,65.32478],[270.92481,65.33873],[270.92751,65.34964],[270.91021,65.36608],[270.87611,65.38021],[270.87148,65.40867],[270.84235,65.44253],[270.784,65.45336],[270.65468,65.49626],[270.65787,65.5035],[270.59876,65.5346],[270.6056,65.54838],[270.56726,65.56275],[270.57296,65.58867],[270.56186,65.6047],[270.50335,65.61791],[270.49797,65.6274],[270.43024,65.63852],[270.38864,65.67668],[270.3694,65.68235],[270.38058,65.68736],[270.37388,65.69139],[270.31067,65.71811],[270.24418,65.73276],[270.26309,65.73739],[270.20223,65.74414],[270.19103,65.74803],[270.18931,65.76131],[270.14517,65.76426],[269.99296,65.81499],[269.88514,65.82249],[269.70795,65.86104],[269.55897,65.87289],[269.52664,65.89048],[269.56487,65.89099],[269.58658,65.88683],[269.58981,65.87993],[269.62436,65.88484],[269.65474,65.87588],[269.67678,65.88396],[269.74186,65.87051],[269.82262,65.86863],[269.91266,65.89531],[269.92286,65.88644],[269.9368,65.89121],[269.96441,65.88338],[269.9609,65.8919],[269.97539,65.89642],[269.99939,65.89117],[269.99847,65.88319],[270.0689,65.87384],[270.02358,65.87311],[270.02828,65.87028],[270.15424,65.85889],[270.17192,65.84346],[270.22217,65.83009],[270.26746,65.82663],[270.28991,65.83667],[270.27278,65.85143],[270.18511,65.88797],[270.20053,65.89062],[270.26379,65.86899],[270.29056,65.85083],[270.30098,65.85381],[270.26615,65.87442],[270.30716,65.86739],[270.21667,65.90835],[270.06366,65.93927],[270.00242,65.94228],[270.03189,65.95017],[270.0207,65.95518],[270.03323,65.957],[270.0775,65.94745],[270.13504,65.95546],[270.13286,65.94659],[270.23126,65.94506],[270.23517,65.93583],[270.27481,65.93045],[270.28809,65.93817],[270.25081,65.95813],[270.20997,65.96332],[270.20172,65.97377],[270.1578,65.9863],[270.15278,65.99577],[270.16496,65.98982],[270.18172,65.99383],[270.19676,65.98369],[270.27107,65.96777],[270.30153,65.94703],[270.32438,65.95043],[270.40165,65.91129],[270.51417,65.88664],[270.49428,65.87588],[270.53246,65.85651],[270.55995,65.85338],[270.55259,65.88142],[270.58147,65.8883],[270.56212,65.88167],[270.69671,65.83375],[270.67225,65.82609],[270.67534,65.82029],[270.72828,65.81607],[270.82708,65.77868],[270.86625,65.77246],[270.89394,65.74159],[270.92432,65.73282],[270.93836,65.74115],[270.97793,65.71979],[270.9596,65.71615],[270.97448,65.70434],[270.98385,65.70752],[270.97593,65.71389],[270.98378,65.71438],[271.09665,65.69016],[271.10124,65.70536],[271.15844,65.69834],[271.16228,65.70852],[271.1726,65.71054],[271.21009,65.68802],[271.24692,65.67901],[271.61544,65.63201],[271.62005,65.62981],[271.54844,65.62898],[271.42125,65.64665],[271.36261,65.63735],[271.27222,65.6504],[271.20141,65.65121],[271.18683,65.64315],[271.16154,65.64795],[271.21886,65.63221],[271.30603,65.6234],[271.31056,65.61389],[271.40535,65.59496],[271.45399,65.5915],[271.4659,65.57696],[271.58593,65.54253],[271.58909,65.53535],[271.58107,65.53055],[271.58851,65.52576],[271.62806,65.51221],[271.67408,65.47947],[271.73318,65.45888],[271.70632,65.45949],[271.76087,65.4507],[271.77268,65.43386],[271.76864,65.42369],[271.7917,65.41449],[271.79186,65.40328],[271.89878,65.38453],[271.93441,65.3637],[271.99429,65.34388],[272.15929,65.32141],[272.27114,65.32189],[272.35872,65.33231],[272.4825,65.32122],[272.66381,65.32069],[272.67052,65.32388],[272.64751,65.33162],[272.69281,65.33059],[272.70288,65.33915],[272.68304,65.34379],[272.68853,65.34633],[272.76685,65.34565],[272.75241,65.34987],[272.78924,65.36014],[272.77375,65.36462],[272.78848,65.37162],[272.80301,65.3603],[272.81989,65.36216],[272.83492,65.38037],[272.85861,65.38311],[272.85749,65.39782],[272.86985,65.39895],[272.86326,65.41367],[272.89746,65.39214],[272.93755,65.39675],[272.92819,65.404],[272.95318,65.40989],[272.95439,65.41763],[272.92076,65.43934],[272.89998,65.43512],[272.91378,65.46207],[272.93507,65.48301],[272.95358,65.48916],[272.98132,65.48738],[272.98406,65.47764],[272.99273,65.47936],[273.00492,65.494],[272.98738,65.49699],[272.9963,65.50214],[272.99203,65.50758],[273.02865,65.50589],[273.01966,65.51244],[273.06665,65.52202],[273.04013,65.52446],[273.03275,65.54516],[273.07186,65.53969],[273.13266,65.55123],[273.12154,65.56039],[273.12618,65.56364],[273.17061,65.55954],[273.18019,65.5509],[273.19522,65.5629],[273.2217,65.56709],[273.202,65.57042],[273.20915,65.58181],[273.22494,65.58759],[273.23862,65.58221],[273.24348,65.59554],[273.30558,65.60696],[273.31197,65.61265],[273.30456,65.63245],[273.31503,65.64578],[273.37931,65.6541],[273.39914,65.66909],[273.42148,65.66723],[273.42649,65.6762],[273.43592,65.66938],[273.45776,65.67441],[273.45808,65.66454],[273.47761,65.66256],[273.48298,65.66623],[273.47573,65.68397],[273.50418,65.71074],[273.53592,65.70182],[273.51057,65.72286],[273.5438,65.71318],[273.55171,65.72017],[273.53443,65.72459],[273.56665,65.74386],[273.58233,65.74409],[273.56006,65.76845],[273.57485,65.78479],[273.52126,65.79834],[273.57719,65.82026],[273.548,65.84193],[273.58046,65.84398],[273.5969,65.86002],[273.58475,65.87385],[273.60543,65.89751],[273.57401,65.91515],[273.63001,65.89921],[273.68301,65.90218],[273.68975,65.90648],[273.68561,65.91217],[273.72436,65.92493],[273.77497,65.92706],[273.7805,65.93095],[273.77612,65.94629],[273.80775,65.94673],[273.81249,65.94973],[273.80402,65.96021],[273.82126,65.97207],[273.81062,65.98287],[273.87773,65.98723],[273.87454,65.98163],[273.88611,65.98066],[273.9067,65.99006],[273.9016,65.99833],[273.92073,65.99609],[273.92932,66.00489],[274.02102,66.02438],[274.01652,66.03469],[274.04858,66.03621],[274.02257,66.05049],[274.05133,66.06042],[274.0316,66.08314],[274.04032,66.09216],[274.01783,66.09479],[274.01274,66.10306],[274.05163,66.12885],[274.09095,66.12544],[274.08091,66.13417],[274.09485,66.14547],[274.12241,66.16074],[274.1484,66.1623],[274.12681,66.17639],[274.12646,66.18927],[274.10456,66.20038],[273.97231,66.20961],[273.92544,66.23581],[273.81166,66.25095],[273.67888,66.28954],[273.58715,66.28771],[273.51579,66.30953],[273.41632,66.30883],[273.36255,66.3287],[273.37382,66.33489],[273.34502,66.34983],[273.33222,66.37397],[273.28114,66.38704],[273.28063,66.40336],[273.23232,66.43029],[273.22023,66.44865],[273.25573,66.45298],[273.27165,66.44087],[273.29368,66.451],[273.33706,66.4387],[273.39618,66.44112],[273.38152,66.45342],[273.28203,66.48702],[273.27629,66.4939],[273.28106,66.50152],[273.25936,66.52279],[273.28151,66.52856],[273.25312,66.53933],[273.25837,66.54187],[273.30004,66.53126],[273.30808,66.53805],[273.31218,66.53147],[273.33417,66.52967],[273.33661,66.51878],[273.38126,66.5179],[273.38385,66.52353],[273.42378,66.51318],[273.43038,66.52095],[273.45792,66.52509],[273.45095,66.53158],[273.4545,66.54084],[273.42682,66.56537],[273.51181,66.54192],[273.60003,66.52906],[273.62031,66.5165],[273.63871,66.52077],[273.67208,66.51201],[273.66776,66.52391],[273.62443,66.53859],[273.67583,66.53688],[273.665,66.54812],[273.68384,66.54962],[273.68164,66.5543],[273.79372,66.51484],[273.80883,66.52382],[273.77906,66.54784],[273.7823,66.55551],[273.81304,66.53925],[273.81996,66.52449],[273.87297,66.50151],[273.87952,66.5065],[273.91561,66.49964],[273.9194,66.50498],[273.95365,66.49359],[273.97418,66.49498],[273.95585,66.52013],[273.99256,66.49898],[273.9956,66.50573],[274.01045,66.5053],[274.00509,66.51289],[274.01135,66.51468],[274.0558,66.48443],[274.0801,66.48288],[274.037,66.50963],[274.09691,66.50968],[274.11247,66.50162],[274.12124,66.51018],[274.11672,66.51452],[274.12851,66.51951],[274.14972,66.50705],[274.15443,66.51143],[274.14859,66.51514],[274.15625,66.51778],[274.17099,66.50287],[274.21599,66.49919],[274.26483,66.53048],[274.32431,66.53277],[274.38774,66.55025],[274.4264,66.56957],[274.56015,66.58571],[274.55574,66.59972],[274.5825,66.60212],[274.57461,66.58571],[274.61071,66.56005],[274.62873,66.52652],[274.66434,66.51098],[274.68578,66.49637],[274.68968,66.48283],[274.71105,66.47558],[274.70192,66.47211],[274.70761,66.44952],[274.69746,66.44082],[274.71331,66.40463],[274.70661,66.38656],[274.73571,66.36005],[274.74047,66.34762],[274.72747,66.33332],[274.74874,66.31133],[274.75973,66.27652],[274.77893,66.27578],[274.77458,66.2691],[274.77978,66.26746],[274.82597,66.27272],[274.84036,66.25658],[274.8646,66.25743],[274.84958,66.27153],[274.89199,66.27742],[274.89633,66.2894],[274.91296,66.29683],[274.8867,66.33889],[274.89137,66.34279],[274.92165,66.31894],[274.93072,66.28787],[274.94088,66.28022],[274.98345,66.27205],[275.00697,66.27774],[275.01762,66.26453],[275.04026,66.26565],[275.03492,66.25788],[275.07867,66.23581],[275.0919,66.24501],[275.11938,66.24702],[275.11922,66.26774],[275.15869,66.26084],[275.16432,66.26584],[275.18474,66.24956],[275.20715,66.24998],[275.26161,66.20887],[275.32274,66.21087],[275.34772,66.22772],[275.38424,66.22597],[275.44393,66.2082],[275.44857,66.21693],[275.42496,66.22651],[275.42906,66.23366],[275.52007,66.18029],[275.55037,66.17216],[275.54541,66.1676],[275.55386,66.16229],[275.58277,66.16022],[275.59307,66.16702],[275.63843,66.16471],[275.64242,66.15642],[275.6724,66.15911],[275.67008,66.16892],[275.64971,66.16938],[275.65795,66.18504],[275.64248,66.22139],[275.54593,66.26156],[275.4833,66.30808],[275.48596,66.31254],[275.43513,66.31302],[275.40604,66.33049],[275.37938,66.32963],[275.3889,66.3358],[275.38433,66.34272],[275.40813,66.34696],[275.42885,66.36081],[275.40877,66.35913],[275.41143,66.36359],[275.4492,66.37006],[275.49335,66.40197],[275.52176,66.40941],[275.53465,66.39326],[275.48323,66.38064],[275.50133,66.37643],[275.56851,66.3914],[275.56891,66.37916],[275.58609,66.35725],[275.59965,66.35995],[275.59671,66.34975],[275.6135,66.35181],[275.62452,66.32885],[275.60936,66.3131],[275.62818,66.30284],[275.63971,66.28145],[275.64752,66.28585],[275.6952,66.27143],[275.71636,66.27301],[275.72142,66.28263],[275.71416,66.28811],[275.69332,66.28582],[275.70849,66.29488],[275.70177,66.30356],[275.77737,66.30504],[275.78166,66.31241],[275.76043,66.31891],[275.7821,66.32344],[275.81835,66.3124],[275.87657,66.31483],[275.88436,66.30931],[275.88018,66.30401],[275.85916,66.30614],[275.87594,66.29204],[275.8964,66.29801],[275.88758,66.26509],[275.9181,66.25434],[275.92322,66.24459],[275.99709,66.23684],[276.03141,66.21776],[276.05237,66.22045],[276.05818,66.21434],[276.04037,66.20617],[276.04888,66.19806],[276.08441,66.19365],[276.1082,66.20101],[276.19902,66.20253],[276.22371,66.21374],[276.22139,66.21988],[276.23291,66.22011],[276.23239,66.21091],[276.24201,66.20756],[276.23308,66.19725],[276.24675,66.18628],[276.23805,66.18127],[276.21174,66.19046],[276.21619,66.18235],[276.19721,66.17888],[276.2068,66.1723],[276.17761,66.16113],[276.19644,66.14708],[276.27986,66.16768],[276.27377,66.17127],[276.29038,66.18226],[276.28303,66.19171],[276.28794,66.19418],[276.31708,66.18342],[276.33769,66.18817],[276.34082,66.21959],[276.28193,66.23977],[276.285,66.24651],[276.27215,66.25975],[276.23436,66.27379],[276.25121,66.27439],[276.25921,66.28983],[276.20921,66.31289],[276.14295,66.3106],[276.17586,66.31742],[276.14424,66.35966],[276.16713,66.36408],[276.16731,66.37237],[276.15509,66.38924],[276.15383,66.41562],[276.13239,66.43257],[276.11985,66.45499],[276.04268,66.48718],[276.02729,66.4973],[276.02953,66.50663],[276.00325,66.51068],[275.93573,66.54962],[275.87403,66.56651],[275.85639,66.58526],[275.80569,66.59919],[275.80161,66.60403],[275.81119,66.60649],[275.86173,66.60502],[275.87039,66.63566],[275.90245,66.65205],[275.89765,66.66939],[275.86464,66.67955],[275.89521,66.68036],[275.90058,66.68721],[275.8448,66.7005],[275.77573,66.69793],[275.74199,66.70626],[275.73419,66.70231],[275.73929,66.69535],[275.71606,66.68235],[275.70159,66.70896],[275.6394,66.71101],[275.59308,66.72852],[275.70568,66.77005],[275.71626,66.77845],[275.71138,66.7861],[275.59362,66.79025],[275.53643,66.80556],[275.53672,66.81822],[275.45842,66.82013],[275.33239,66.83995],[275.32972,66.8493],[275.37412,66.84903],[275.49288,66.82335],[275.52455,66.83708],[275.39098,66.88292],[275.25418,66.90668],[275.46626,66.90564],[275.38462,66.91573],[275.45362,66.92682],[275.43246,66.92679],[275.44159,66.93621],[275.39286,66.94317],[275.38156,66.93593],[275.35451,66.94104],[275.34277,66.93936],[275.35746,66.93421],[275.3066,66.93319],[275.28908,66.94217],[275.31822,66.94317],[275.27897,66.95743],[275.1538,66.95054],[275.13283,66.93873],[275.15136,66.92557],[275.20855,66.91756],[275.20333,66.91599],[275.04989,66.9312],[275.02082,66.91771],[275.06176,66.91196],[275.11891,66.91803],[275.16268,66.89967],[275.1388,66.89491],[275.16833,66.89201],[275.09319,66.89701],[275.09355,66.89101],[275.11927,66.889],[275.10469,66.88215],[275.13671,66.86739],[275.08031,66.87396],[275.03132,66.85849],[275.04668,66.85357],[274.99002,66.86104],[274.95835,66.85366],[274.96399,66.84394],[274.92421,66.84938],[274.89914,66.84051],[274.90924,66.84646],[274.90696,66.85209],[274.80748,66.87956],[274.85553,66.87788],[274.8394,66.8842],[274.87762,66.89013],[274.89363,66.91258],[274.82768,66.91538],[274.96171,66.94162],[274.97457,66.95226],[274.95997,66.95253],[274.96074,66.96032],[274.98082,66.96782],[275.0807,66.96048],[275.09744,66.96838],[275.0917,66.9742],[275.12793,66.98939],[275.14597,66.96407],[275.14956,66.97309],[275.18956,66.96782],[275.21844,66.98198],[275.26879,66.97912],[275.29529,66.9674],[275.33152,66.97012],[275.34127,66.97974],[275.40343,66.98246],[275.26973,67.01525],[275.24923,67.00341],[275.21167,66.99684],[275.20614,66.98216],[275.16994,66.98126],[275.1639,66.97374],[275.14378,66.98398],[275.15871,67.00048],[275.17215,66.99841],[275.17053,67.01116],[275.08055,67.03116],[275.14389,67.0337],[275.08782,67.05842],[275.12012,67.05793],[275.16812,67.02509],[275.17534,67.03255],[275.23154,67.02782],[275.32749,67.00833],[275.38359,67.01552],[275.45126,66.99305],[275.66525,66.97348],[275.68156,66.96637],[275.60908,66.96616],[275.44667,66.98661],[275.44942,66.98095],[275.43747,66.98043],[275.45052,66.97052],[275.4975,66.96686],[275.50045,66.95334],[275.54136,66.95092],[275.49733,66.94775],[275.52151,66.93954],[275.59023,66.93768],[275.64963,66.91948],[275.59906,66.92269],[275.59679,66.9129],[275.63703,66.9121],[275.59051,66.90171],[275.62313,66.89764],[275.61792,66.89286],[275.62482,66.8858],[275.60594,66.88383],[275.633,66.87406],[275.62589,66.86385],[275.63375,66.85788],[275.68614,66.84695],[275.71336,66.84937],[275.72515,66.84134],[275.82811,66.83931],[275.75597,66.83088],[275.63345,66.84039],[275.60168,66.83497],[275.62638,66.82695],[275.5836,66.83181],[275.57675,66.82896],[275.58937,66.8232],[275.57371,66.81691],[275.59968,66.81757],[275.59732,66.80917],[275.65254,66.80155],[275.7406,66.79923],[275.76611,66.79044],[275.69635,66.75189],[275.72816,66.72477],[275.89863,66.70761],[275.9183,66.71364],[275.93538,66.7302],[275.93107,66.74244],[275.94277,66.75377],[275.99997,66.76803],[275.98896,66.79541],[276.01297,66.80027],[276.0384,66.79305],[276.06109,66.80697],[276.10456,66.81208],[276.10878,66.81714],[276.09458,66.83573],[276.1134,66.8847],[276.08937,66.92115],[276.10229,66.9211],[276.1464,66.88188],[276.13874,66.87863],[276.15103,66.85346],[276.1485,66.83099],[276.13132,66.79277],[276.11653,66.78601],[276.09532,66.79508],[276.07251,66.77771],[276.07437,66.76376],[276.06419,66.74566],[276.10382,66.75491],[276.06722,66.73488],[276.07038,66.7197],[276.14149,66.71327],[276.12998,66.70425],[276.16083,66.68377],[276.13541,66.67648],[276.13653,66.6575],[276.12143,66.64499],[276.11617,66.64807],[276.12153,66.6736],[276.10925,66.70338],[276.12309,66.70926],[276.0142,66.7001],[276.02697,66.6793],[276.01892,66.66684],[276.04343,66.65113],[276.01963,66.64489],[276.02917,66.63443],[276.02756,66.62206],[276.06169,66.63278],[276.06686,66.62625],[276.08422,66.63078],[276.07817,66.63805],[276.0952,66.63221],[276.0835,66.62252],[276.09015,66.61059],[276.05934,66.62161],[276.04419,66.61672],[276.0551,66.60686],[276.04692,66.59719],[276.06591,66.58409],[276.09439,66.59212],[276.08938,66.58481],[276.10397,66.58188],[276.14534,66.60276],[276.15143,66.59572],[276.13975,66.58925],[276.15351,66.56998],[276.19931,66.54653],[276.22499,66.5517],[276.24764,66.54252],[276.26417,66.56968],[276.27064,66.56838],[276.27256,66.5348],[276.27911,66.53372],[276.2839,66.54497],[276.34603,66.52533],[276.35334,66.52628],[276.34606,66.53156],[276.35258,66.53348],[276.37821,66.53078],[276.38455,66.52763],[276.364,66.52079],[276.35798,66.50638],[276.38423,66.4794],[276.45606,66.44942],[276.46694,66.43098],[276.48725,66.42674],[276.51366,66.39926],[276.53883,66.39725],[276.52047,66.39145],[276.5265,66.38162],[276.50538,66.3806],[276.51389,66.36669],[276.5081,66.36358],[276.48854,66.38325],[276.50874,66.3894],[276.48545,66.40238],[276.47064,66.39982],[276.46269,66.4077],[276.40434,66.41955],[276.3849,66.41542],[276.4011,66.40336],[276.43708,66.39795],[276.42749,66.39391],[276.43136,66.39044],[276.45957,66.38733],[276.42515,66.37858],[276.42983,66.36814],[276.45774,66.37798],[276.48485,66.37055],[276.45529,66.36243],[276.44522,66.35405],[276.44831,66.34855],[276.52447,66.34918],[276.56165,66.36213],[276.55425,66.35334],[276.57422,66.34542],[276.61366,66.35221],[276.66511,66.3751],[276.67931,66.39384],[276.70177,66.39821],[276.69004,66.39179],[276.68367,66.37394],[276.64924,66.35345],[276.66374,66.34931],[276.73007,66.38951],[276.79115,66.40114],[276.84921,66.43558],[276.9132,66.44537],[276.91581,66.4519],[276.90634,66.45713],[276.91509,66.46166],[276.9801,66.46512],[276.97785,66.47243],[277.01534,66.48643],[277.0214,66.51286],[277.01712,66.54527],[277.00909,66.55411],[277.13339,66.55693],[277.14572,66.5714],[277.25107,66.57028],[277.29853,66.55997],[277.43319,66.57043],[277.44651,66.59639],[277.46612,66.60827],[277.46557,66.62891],[277.47252,66.63701],[277.50395,66.64091],[277.50875,66.65078],[277.54715,66.65999],[277.57896,66.66062],[277.55028,66.67136],[277.55743,66.68663],[277.58698,66.68602],[277.58451,66.69382],[277.59252,66.69884],[277.67678,66.70283],[277.63141,66.70755],[277.66144,66.71199],[277.65378,66.72131],[277.65646,66.73687],[277.71604,66.73374],[277.73204,66.71943],[277.80157,66.72298],[277.88328,66.71036],[277.88975,66.72358],[277.86713,66.73072],[277.87122,66.74389],[277.84213,66.75633],[277.88445,66.77494],[277.85462,66.78049],[277.90502,66.79206],[277.88993,66.79774],[277.90904,66.81287],[277.95761,66.82015],[277.97019,66.8311],[277.9512,66.84123],[277.96216,66.84858],[277.94563,66.85901],[277.9677,66.85955],[277.96999,66.87771],[277.98741,66.8758],[278.02347,66.88765],[278.00858,66.89518],[278.03198,66.90769],[277.99059,66.91546],[278.04392,66.92355],[278.03137,66.94275],[278.01356,66.94655],[278.08109,66.95572],[278.08739,66.97337],[278.12788,66.98282],[278.1219,66.98787],[278.16211,66.98249],[278.19156,66.99873],[278.21324,67.00067],[278.30037,66.97125],[278.40355,66.99516],[278.38329,67.00382],[278.42155,67.01313],[278.46665,66.99801],[278.54447,67.00302],[278.53679,67.02797],[278.55741,67.06479],[278.60777,67.05807],[278.59603,67.06707],[278.6051,67.07476],[278.59453,67.08251],[278.60361,67.09392],[278.58424,67.0958],[278.59717,67.10531],[278.59307,67.11908],[278.60985,67.13156],[278.60806,67.14516],[278.64683,67.16346],[278.67624,67.23983],[278.65963,67.2673],[278.67517,67.3052],[278.67318,67.31836],[278.70862,67.339],[278.73052,67.37365],[278.73004,67.38855],[278.74879,67.40205],[278.75749,67.42326],[278.78156,67.43032],[278.81455,67.4637],[278.80388,67.46541],[278.77974,67.49484],[278.74979,67.49563],[278.71785,67.5377],[278.64118,67.56463],[278.63458,67.57346],[278.64125,67.59436],[278.62718,67.60164],[278.44882,67.65452],[278.39039,67.68255],[278.39182,67.70566],[278.38216,67.71725],[278.25927,67.76455],[278.18935,67.77726],[278.1937,67.78763],[278.15118,67.7975],[278.20589,67.79515],[278.22215,67.78684],[278.233,67.79282],[278.25157,67.7804],[278.26387,67.78559],[278.16213,67.81531],[278.09268,67.82421],[278.07635,67.83251],[278.08259,67.83789],[278.07623,67.85038],[278.00054,67.8724],[277.92265,67.91099],[277.9139,67.91992],[277.92385,67.9385],[277.90303,67.96909],[277.83962,68.00526],[277.87514,68.01242],[277.88265,68.01657],[277.87606,68.03022],[277.90785,68.03855],[277.88108,68.05538],[277.90534,68.05425],[277.91736,68.06134],[277.91959,68.07788],[277.95443,68.08461],[277.94155,68.09543],[277.89035,68.10669],[277.97503,68.10968],[278.00819,68.14922],[278.02603,68.15267],[278.04595,68.17083],[278.05487,68.19458],[278.04904,68.20842],[278.01713,68.22259],[277.99617,68.21795],[277.9693,68.18263],[277.94917,68.17701],[277.94898,68.17006],[277.92936,68.17205],[277.94925,68.16147],[277.88513,68.13253],[277.87241,68.12271],[277.87448,68.11261],[277.85213,68.12056],[277.76899,68.12621],[277.78646,68.12902],[277.70665,68.14994],[277.67986,68.16464],[277.72038,68.1808],[277.75069,68.2217],[277.79175,68.23735],[277.80166,68.25177],[277.76673,68.27859],[277.77931,68.28404],[277.77593,68.29283],[277.75854,68.30114],[277.74769,68.28469],[277.68573,68.27662],[277.67148,68.25946],[277.62696,68.27805],[277.57839,68.2853],[277.57096,68.29226],[277.58992,68.30079],[277.58538,68.30315],[277.55283,68.30452],[277.52117,68.31739],[277.56362,68.32792],[277.69201,68.31559],[277.69853,68.31749],[277.68956,68.36],[277.75538,68.33308],[277.81318,68.34256],[277.87717,68.33193],[277.95472,68.29998],[277.98244,68.30418],[277.99972,68.31927],[278.01171,68.32985],[278.00899,68.34765],[277.96488,68.34081],[277.91156,68.34615],[277.8935,68.35173],[277.91274,68.36044],[277.88365,68.37323],[277.80761,68.38255],[277.79331,68.38023],[277.81736,68.34739],[277.79071,68.35746],[277.79486,68.3609],[277.73593,68.37047],[277.69315,68.37436],[277.69104,68.36315],[277.65261,68.3656],[277.57817,68.37703],[277.5639,68.38556],[277.56155,68.40493],[277.52845,68.40817],[277.47748,68.40672],[277.44857,68.39301],[277.4528,68.40363],[277.4677,68.40733],[277.39012,68.40265],[277.3693,68.44537],[277.38432,68.4507],[277.46461,68.43762],[277.53881,68.44827],[277.53669,68.46276],[277.52164,68.47111],[277.4718,68.47653],[277.44456,68.48864],[277.46299,68.49167],[277.45727,68.49434],[277.38404,68.50534],[277.4101,68.52225],[277.46104,68.5272],[277.47507,68.5261],[277.46478,68.51748],[277.4711,68.512],[277.55989,68.48285],[277.64097,68.46732],[277.78601,68.45786],[277.82759,68.46307],[277.84778,68.48819],[277.82941,68.50397],[277.78544,68.51652],[277.77837,68.5216],[277.78169,68.5339],[277.76786,68.54475],[277.858,68.52276],[277.95742,68.50984],[277.95957,68.49857],[277.97235,68.49101],[277.97415,68.47513],[277.99519,68.46379],[277.99447,68.45317],[278.07695,68.41134],[278.07161,68.42886],[278.08972,68.4272],[278.13706,68.4505],[278.22239,68.46223],[278.24475,68.50737],[278.23194,68.51983],[278.23806,68.52963],[278.27905,68.53431],[278.39208,68.51835],[278.43429,68.52037],[278.47742,68.54669],[278.67671,68.59828],[278.68906,68.60858],[278.68471,68.62352],[278.6966,68.61943],[278.71076,68.62706],[278.71958,68.61831],[278.76567,68.63579],[278.78878,68.65068],[278.78421,68.67726],[278.79012,68.70799],[278.76592,68.75451],[278.79902,68.75408],[278.80684,68.77375],[278.75724,68.80995],[278.76042,68.82089],[278.73619,68.82372],[278.73622,68.83231],[278.70385,68.86009],[278.68213,68.86901],[278.60557,68.88769],[278.60859,68.87866],[278.59824,68.86496],[278.53184,68.86853],[278.5023,68.835],[278.48409,68.82833],[278.45638,68.84319],[278.46511,68.85769],[278.45693,68.87681],[278.41565,68.88421],[278.39244,68.91059],[278.28423,68.90313],[278.21959,68.91549],[278.15771,68.90004],[278.0895,68.89496],[278.0839,68.89277],[278.09503,68.88927],[278.07672,68.8835],[278.02518,68.88334],[278.01642,68.87603],[277.9898,68.8768],[277.97438,68.8873],[278.03963,68.88913],[278.12182,68.91327],[278.19332,68.92092],[278.22321,68.93544],[278.31267,68.95021],[278.33191,68.94616],[278.36629,68.96918],[278.35005,68.99555],[278.41892,68.98728],[278.45766,68.99213],[278.49212,69.00493],[278.52104,69.02691],[278.54331,69.0621],[278.56389,69.07163],[278.62454,69.0708],[278.62232,69.08141],[278.63286,69.08906],[278.70358,69.09729],[278.74797,69.08289],[278.77248,69.08982],[278.7703,69.0967],[278.70609,69.1596],[278.69934,69.19351],[278.63295,69.21005],[278.56502,69.19902],[278.34252,69.26405],[278.25239,69.25945],[278.01951,69.2727],[277.98614,69.26229],[278.01245,69.25344],[277.98056,69.24202],[277.87374,69.24408],[277.84544,69.2331],[277.76073,69.24414],[277.7466,69.25798],[277.75233,69.26435],[277.79898,69.27143],[277.76024,69.29512],[277.8641,69.28267],[277.88657,69.291],[277.85731,69.31785],[277.67214,69.37902],[277.69745,69.38374],[277.61646,69.40371],[277.77107,69.3797],[277.77706,69.38118],[277.73052,69.39214],[277.80838,69.39663],[277.80033,69.39898],[277.60346,69.42972],[277.64125,69.43022],[277.37549,69.47916],[277.18034,69.50185],[277.1691,69.50042],[277.17856,69.49525],[277.15703,69.49718],[277.06993,69.51141],[276.95525,69.51467],[276.8933,69.52646],[276.87075,69.53788],[276.78236,69.55133],[276.79468,69.5391],[276.78743,69.52887],[276.75395,69.53811],[276.75233,69.54628],[276.76707,69.56141],[277.0141,69.52059],[277.27659,69.50576],[277.3957,69.51314],[277.56562,69.49427],[277.46456,69.50792],[277.4869,69.51724],[277.49895,69.50935],[277.5527,69.50708],[277.53321,69.52004],[277.49893,69.52023],[277.49376,69.54507],[277.44133,69.55303],[277.43621,69.55888],[277.45741,69.56851],[277.44734,69.57234],[277.25728,69.57673],[277.38496,69.58735],[277.47499,69.5802],[277.44271,69.59159],[277.49563,69.59402],[277.37406,69.61852],[277.38785,69.62511],[277.35545,69.63233],[277.37022,69.63956],[277.41468,69.6284],[277.42548,69.63564],[277.40772,69.63876],[277.42627,69.64277],[277.41554,69.65496],[277.50628,69.6473],[277.56044,69.65197],[277.60244,69.63859],[277.58848,69.63456],[277.59768,69.62892],[277.5913,69.62675],[277.62139,69.61361],[277.62735,69.61627],[277.6186,69.63901],[277.64028,69.62498],[277.6529,69.62631],[277.66083,69.63833],[277.70106,69.62156],[277.70929,69.63009],[277.79066,69.63721],[277.74323,69.6475],[277.67061,69.64331],[277.50909,69.66126],[277.51291,69.66636],[277.49156,69.669],[277.51349,69.67164],[277.50887,69.67447],[277.44605,69.6932],[277.47511,69.69403],[277.46058,69.70391],[277.33845,69.71057],[277.33326,69.70948],[277.40862,69.6792],[277.36976,69.68701],[277.16499,69.6877],[277.17814,69.69158],[277.06802,69.70384],[277.05378,69.70186],[277.11221,69.6944],[277.04078,69.69543],[277.04325,69.68928],[277.0372,69.68916],[276.92631,69.69837],[276.89592,69.69451],[276.75331,69.71021],[276.69993,69.69071],[276.71774,69.68004],[276.62069,69.68599],[276.64213,69.67745],[276.55516,69.69113],[276.55956,69.68304],[276.68795,69.65811],[276.50415,69.69154],[276.59411,69.98797],[276.64343,69.99412],[276.66144,69.98924],[276.74437,70.0289],[276.75399,70.0263],[276.72994,70.01513],[276.73181,70.0074],[276.80964,70.02099],[276.8492,70.02324],[276.84066,70.01793],[276.86246,70.01397],[276.96257,70.02143],[276.95511,70.01561],[277.06901,70.00215],[276.95061,70.00314],[276.95549,70.00057],[277.0088,69.99762],[277.11201,69.96763],[277.07906,69.95929],[277.15542,69.95826],[277.27617,69.91929],[277.26238,69.93116],[277.28379,69.93365],[277.27414,69.94576],[277.39439,69.90764],[277.3503,69.90834],[277.37452,69.90278],[277.36512,69.89453],[277.37111,69.89026],[277.51873,69.86502],[277.53305,69.8695],[277.55632,69.85541],[277.60073,69.85557],[277.55511,69.8652],[277.59552,69.86537],[277.58995,69.8731],[277.60456,69.87409],[277.59233,69.8806],[277.60814,69.88128],[277.63509,69.86789],[277.64175,69.86911],[277.62694,69.87716],[277.68576,69.86974],[277.70671,69.87127],[277.70861,69.88042],[277.71711,69.87992],[277.73274,69.87088],[277.73008,69.86293],[277.82898,69.84055],[277.78956,69.84362],[277.79559,69.83561],[277.78559,69.83576],[277.72727,69.85199],[277.6986,69.84977],[277.67218,69.83722],[277.68325,69.82985],[277.75438,69.83647],[277.75779,69.82724],[277.75232,69.82571],[277.71558,69.83139],[277.70316,69.82402],[277.72192,69.80392],[277.72958,69.81249],[277.74736,69.8105],[277.73877,69.81611],[277.75847,69.81794],[277.79576,69.79879],[277.82022,69.80471],[277.84756,69.79912],[277.85401,69.80522],[277.87989,69.79415],[277.8764,69.81891],[277.88351,69.82891],[277.84836,69.84563],[277.89334,69.83896],[277.91423,69.85484],[277.93413,69.85432],[277.92942,69.85692],[277.93563,69.86118],[277.92562,69.86526],[277.93406,69.87124],[277.95955,69.87107],[277.95069,69.8774],[277.98668,69.88192],[277.97053,69.88847],[277.98687,69.89141],[278.04221,69.86693],[278.04896,69.854],[278.09983,69.86383],[278.11863,69.85989],[278.12806,69.86765],[278.16079,69.86585],[278.16503,69.86883],[278.14618,69.89967],[278.17687,69.89521],[278.19411,69.90619],[278.21342,69.89804],[278.21527,69.89003],[278.25138,69.87804],[278.25548,69.88195],[278.24392,69.88941],[278.25543,69.89332],[278.25607,69.90194],[278.20996,69.90683],[278.2523,69.91925],[278.24815,69.92925],[278.23412,69.93338],[278.29751,69.94332],[278.28832,69.95526],[278.22869,69.97035],[278.08501,69.98665],[277.96958,70.05648],[277.92265,70.06025],[277.93013,70.0642],[277.92246,70.06907],[277.92633,70.07393],[277.83055,70.08847],[277.76249,70.11892],[277.66211,70.13432],[277.63549,70.14768],[277.53881,70.16949],[277.36849,70.20007],[277.18556,70.22099],[277.17878,70.2239],[277.20222,70.23],[276.97014,70.31646],[276.97977,70.3194],[277.04628,70.30654],[277.1614,70.26278],[277.25358,70.24423],[277.26918,70.25792],[277.2856,70.2607],[277.27676,70.2427],[277.29197,70.2333],[277.33353,70.23303],[277.44029,70.19899],[277.57785,70.18343],[277.74322,70.14783],[277.81273,70.16108],[277.86672,70.21668],[277.91587,70.2244],[277.86398,70.2048],[277.82892,70.15942],[277.78506,70.14837],[277.85164,70.12681],[277.91524,70.11814],[277.95768,70.09636],[278.0287,70.07606],[278.06621,70.07633],[278.07186,70.07412],[278.04916,70.06972],[278.0422,70.05903],[278.17682,70.01181],[278.18946,70.01521],[278.20595,69.99999],[278.23285,69.99605],[278.22713,69.99038],[278.24173,69.986],[278.36805,69.97528],[278.43435,69.98269],[278.40691,69.97075],[278.41037,69.96333],[278.3954,69.95314],[278.42189,69.95332],[278.4294,69.94217],[278.44795,69.94772],[278.4622,69.93406],[278.4973,69.94643],[278.55781,69.93582],[278.55088,69.9293],[278.55497,69.9244],[278.58002,69.93068],[278.58916,69.92266],[278.5775,69.92109],[278.61558,69.90796],[278.61888,69.90287],[278.6088,69.89679],[278.61372,69.89345],[278.7032,69.88555],[278.70014,69.87019],[278.73368,69.8601],[278.71991,69.85589],[278.85714,69.83361],[278.87994,69.82257],[278.87442,69.81991],[278.88381,69.81743],[278.87624,69.81352],[278.90779,69.80375],[278.91787,69.79169],[278.9057,69.78553],[278.97482,69.76138],[279.07357,69.74122],[279.08062,69.7347],[279.06571,69.7285],[279.07598,69.72293],[279.19191,69.73687],[279.26256,69.77574],[279.23258,69.7985],[279.06295,69.88166],[278.88271,69.94574],[278.86794,69.95926],[278.87566,69.9706],[278.83367,70.00216],[278.71936,70.03959],[278.67904,70.0429],[278.67016,70.0379],[278.67598,70.02754],[278.66698,70.02232],[278.63448,70.02744],[278.62906,70.025],[278.63356,70.0196],[278.59638,70.01619],[278.56234,70.00237],[278.57785,70.0146],[278.56608,70.02162],[278.58335,70.02585],[278.57917,70.02937],[278.49894,70.06164],[278.30323,70.08464],[278.30397,70.09364],[278.28338,70.1035],[278.2985,70.10881],[278.27381,70.11105],[278.26651,70.11522],[278.27101,70.12235],[278.25393,70.1299],[278.27092,70.13998],[278.29643,70.14048],[278.39824,70.12438],[278.57463,70.11274],[278.6308,70.09963],[278.62312,70.10546],[278.70875,70.1025],[278.72554,70.10814],[278.77111,70.09938],[278.78236,70.1012],[278.78205,70.10796],[278.89971,70.08679],[278.91623,70.0943],[278.91122,70.10229],[278.918,70.10463],[278.96245,70.1024],[278.95879,70.08638],[278.97238,70.08268],[278.96083,70.07439],[279.05699,70.06614],[279.17321,70.08089],[279.19671,70.05791],[279.22884,70.05574],[279.23946,70.05642],[279.24166,70.0637],[279.28598,70.06604],[279.32086,70.06273],[279.35389,70.04931],[279.45787,70.05914],[279.54119,70.03986],[279.57781,70.01332],[279.664,70.00378],[279.70862,69.99085],[279.73144,69.99482],[279.75383,70.0093],[279.74897,70.01477],[279.78894,70.01777],[279.79611,70.02844],[279.92263,70.0068],[279.93759,70.01342],[279.9795,70.00619],[279.9872,70.00983],[279.97013,70.01643],[280.04367,70.02823],[280.06878,70.02074],[280.05718,70.01314],[280.06135,70.00972],[280.08037,70.01855],[280.0907,70.00743],[280.07878,69.99049],[280.06487,69.98552],[279.9957,70.00152],[279.97365,69.9945],[279.96944,69.97661],[280.00001,69.96944],[280.00001,69.96144],[279.98017,69.95206],[280.00001,69.95237],[280.01773,69.96624],[280.11091,69.99353],[280.11614,69.98948],[280.10813,69.97609],[280.12163,69.98173],[280.13859,69.97411],[280.13912,69.96227],[280.18288,69.9552],[280.19912,69.93542],[280.19366,69.92664],[280.20529,69.91654],[280.19986,69.91102],[280.22698,69.89995],[280.21896,69.89425],[280.2499,69.89346],[280.23461,69.88304],[280.25279,69.88762],[280.27347,69.87258],[280.29125,69.88224],[280.3074,69.87571],[280.292,69.86879],[280.3017,69.86506],[280.36879,69.86476],[280.37255,69.87085],[280.41149,69.87014],[280.44522,69.88487],[280.50659,69.89642],[280.6079,69.90123],[280.69647,69.89206],[280.77207,69.89684],[280.9472,69.89074],[281.11855,69.90046],[281.18999,69.88992],[281.21012,69.92003],[281.27415,69.93472],[281.34108,69.97461],[281.33508,70.00344],[281.32015,70.01313],[281.31561,70.04416],[281.32215,70.05548],[281.304,70.06961],[281.27892,70.06704],[281.25325,70.08112],[281.26337,70.10893],[281.25279,70.11914],[281.25723,70.13775],[281.24569,70.15324],[281.25714,70.16674],[281.23818,70.19519],[281.12333,70.26144],[281.10111,70.29385],[281.05779,70.31745],[281.06447,70.32254],[281.0262,70.32905],[280.98918,70.34633],[280.93608,70.34628],[280.90948,70.33057],[280.91981,70.32476],[280.90838,70.31726],[280.90623,70.30458],[280.85164,70.31648],[280.76998,70.31932],[280.76515,70.32969],[280.72908,70.35186],[280.65329,70.37668],[280.61884,70.37875],[280.59859,70.37109],[280.58221,70.35254],[280.54922,70.3749],[280.53253,70.3705],[280.44384,70.3932],[280.41491,70.37049],[280.39974,70.37153],[280.41226,70.38939],[280.4345,70.40162],[280.41936,70.40593],[280.42654,70.43921],[280.50045,70.46128],[280.47815,70.47295],[280.45837,70.46978],[280.44818,70.47837],[280.50521,70.47951],[280.49599,70.4719],[280.53652,70.46817],[280.56257,70.45741],[280.55065,70.45079],[280.59357,70.4328],[280.61243,70.45082],[280.60175,70.46264],[280.63137,70.46419],[280.58518,70.47383],[280.58015,70.48092],[280.58757,70.48584],[280.57476,70.49427],[280.51925,70.48722],[280.52854,70.47437],[280.5204,70.47405],[280.50524,70.49416],[280.51785,70.49968],[280.52469,70.56662],[280.53701,70.57723],[280.57724,70.57997],[280.5525,70.59176],[280.57239,70.60148],[280.55779,70.61722],[280.56789,70.6258],[280.56759,70.63764],[280.59761,70.6492],[280.61696,70.64167],[280.60031,70.638],[280.60041,70.62987],[280.57944,70.62752],[280.57836,70.61792],[280.60948,70.57866],[280.59174,70.58025],[280.5866,70.5727],[280.56222,70.56918],[280.59542,70.55378],[280.57782,70.54607],[280.65138,70.53526],[280.5818,70.5396],[280.54396,70.53424],[280.53269,70.52649],[280.53105,70.51104],[280.57163,70.49824],[280.65155,70.49043],[280.66093,70.48758],[280.65082,70.48248],[280.68402,70.47589],[280.6873,70.48309],[280.67578,70.48603],[280.68699,70.48818],[280.69102,70.50332],[280.70513,70.51217],[280.69802,70.51471],[280.72663,70.52152],[280.71184,70.52982],[280.73377,70.53501],[280.69165,70.54239],[280.69576,70.54941],[280.73098,70.55573],[280.77766,70.55119],[280.76718,70.557],[280.78796,70.5607],[280.81426,70.55294],[280.7537,70.54471],[280.79136,70.54351],[280.76727,70.53493],[280.78415,70.53351],[280.80053,70.52021],[280.77603,70.52043],[280.78219,70.51828],[280.76615,70.51488],[280.78195,70.50944],[280.7357,70.50309],[280.73441,70.4937],[280.70737,70.49816],[280.71468,70.48494],[280.731,70.48209],[280.71458,70.47936],[280.71005,70.4765],[280.71875,70.47476],[280.70623,70.46904],[280.67178,70.46972],[280.71775,70.46377],[280.73423,70.45374],[280.73186,70.44847],[280.71963,70.44114],[280.69734,70.44358],[280.70262,70.4509],[280.65932,70.45935],[280.67829,70.44066],[280.7694,70.43567],[280.78651,70.41986],[280.80367,70.4317],[280.82273,70.42996],[280.82754,70.42076],[280.84473,70.42331],[280.84926,70.4459],[280.86193,70.45255],[280.86648,70.46586],[280.85874,70.473],[280.85742,70.49962],[280.84632,70.50654],[280.85782,70.51172],[280.83573,70.52186],[280.86961,70.51994],[280.93355,70.57386],[280.94856,70.5709],[280.95413,70.58148],[280.98237,70.58914],[280.99967,70.60466],[280.9859,70.61374],[281.01174,70.61612],[281.01593,70.61965],[281.00562,70.62524],[281.01805,70.63139],[280.97633,70.6333],[280.89485,70.61169],[280.84778,70.6109],[280.86325,70.61541],[280.84267,70.61822],[280.85827,70.62251],[280.84535,70.62536],[280.8572,70.63706],[280.92691,70.66325],[280.94023,70.65855],[280.95393,70.6743],[280.98626,70.68941],[281.02298,70.67371],[281.01512,70.66925],[281.01751,70.64875],[281.04849,70.6343],[281.07478,70.63717],[281.09883,70.62249],[281.13021,70.62499],[281.14759,70.64421],[281.11113,70.64788],[281.11807,70.6634],[281.09602,70.67938],[281.00995,70.69792],[280.99533,70.71066],[281.04367,70.7073],[281.14591,70.66845],[281.15456,70.65138],[281.20993,70.61296],[281.20989,70.60345],[281.25964,70.56351],[281.29378,70.54785],[281.1864,70.57202],[281.18003,70.58529],[281.1845,70.59555],[281.1506,70.60218],[281.11828,70.59777],[281.11258,70.58255],[281.05508,70.5795],[281.04349,70.5755],[281.06263,70.57026],[281.02043,70.56262],[281.05203,70.55633],[281.06888,70.5644],[281.09346,70.55579],[281.12582,70.55882],[281.09598,70.54412],[281.06191,70.55257],[281.0454,70.53687],[281.00393,70.5446],[280.99797,70.55349],[280.94814,70.53651],[280.92925,70.53782],[280.98532,70.52666],[280.9705,70.51176],[280.9488,70.50847],[280.96417,70.50484],[280.92509,70.5004],[280.93975,70.48861],[280.97598,70.4896],[280.94223,70.47507],[280.97919,70.46893],[280.99592,70.45472],[281.01883,70.46643],[281.06842,70.45878],[281.0747,70.4469],[281.1011,70.44561],[281.09703,70.42887],[281.08885,70.42508],[281.12363,70.42481],[281.14701,70.41079],[281.15289,70.41141],[281.15097,70.42659],[281.09973,70.45388],[281.12873,70.46714],[281.12205,70.48689],[281.15649,70.46593],[281.14863,70.458],[281.19567,70.44505],[281.20273,70.44481],[281.19912,70.45223],[281.20504,70.45517],[281.23458,70.44362],[281.24237,70.44575],[281.23709,70.45608],[281.24918,70.46034],[281.29514,70.4577],[281.2731,70.44889],[281.26094,70.43396],[281.30574,70.41018],[281.30441,70.40406],[281.3412,70.42313],[281.36784,70.42251],[281.30203,70.39255],[281.3189,70.37393],[281.32415,70.37682],[281.31873,70.38992],[281.32649,70.39204],[281.34932,70.37867],[281.37593,70.37922],[281.37421,70.3689],[281.35032,70.35392],[281.38491,70.33064],[281.41979,70.32986],[281.42446,70.32158],[281.43926,70.31974],[281.43383,70.32936],[281.44149,70.33287],[281.39901,70.34708],[281.39377,70.36483],[281.41312,70.37402],[281.39829,70.37508],[281.42436,70.3851],[281.43276,70.37635],[281.54653,70.39122],[281.53108,70.40276],[281.54137,70.40781],[281.57982,70.40329],[281.57895,70.39373],[281.62538,70.3934],[281.61427,70.38369],[281.46485,70.37817],[281.45889,70.37408],[281.4642,70.36956],[281.41069,70.36174],[281.42479,70.35266],[281.44143,70.36347],[281.48015,70.36083],[281.50801,70.3677],[281.5251,70.35812],[281.56957,70.35746],[281.55886,70.34705],[281.58032,70.34562],[281.62512,70.35423],[281.62177,70.34661],[281.60606,70.34516],[281.62027,70.34188],[281.58428,70.3373],[281.57842,70.32928],[281.56014,70.32998],[281.57338,70.33707],[281.56353,70.33992],[281.50032,70.33477],[281.49869,70.32052],[281.45661,70.31459],[281.53674,70.28447],[281.54676,70.27143],[281.57424,70.27016],[281.56137,70.25753],[281.59892,70.23187],[281.59532,70.21982],[281.64741,70.20852],[281.70176,70.23162],[281.68797,70.23678],[281.70892,70.23856],[281.75364,70.22815],[281.74431,70.20765],[281.78026,70.20943],[281.79917,70.19602],[281.80828,70.21071],[281.81907,70.20722],[281.82304,70.19612],[281.83421,70.20955],[281.8523,70.2153],[281.85775,70.23809],[281.79245,70.25743],[281.8064,70.26455],[281.87715,70.2592],[281.88415,70.25639],[281.87393,70.24488],[281.90484,70.24725],[281.92069,70.24197],[281.92901,70.22906],[281.95755,70.23429],[281.95579,70.22121],[282.00643,70.24675],[282.05088,70.25455],[282.06671,70.24926],[282.1386,70.26864],[282.14503,70.26555],[282.13578,70.25066],[282.16322,70.24144],[282.19836,70.24747],[282.21386,70.26228],[282.23573,70.26497],[282.22379,70.25246],[282.23177,70.24115],[282.26263,70.23442],[282.25506,70.22796],[282.26293,70.21941],[282.29476,70.22917],[282.30251,70.21159],[282.33143,70.20452],[282.34155,70.18361],[282.35719,70.17575],[282.32012,70.14858],[282.31522,70.13696],[282.33396,70.12304],[282.33031,70.11034],[282.34285,70.09652],[282.31327,70.02214],[282.31741,70.01406],[282.29797,70.00318],[282.31288,69.9939],[282.31854,69.9156],[282.33519,69.87104],[282.32996,69.84436],[282.33607,69.83895],[282.31851,69.82863],[282.34881,69.79531],[282.34434,69.77769],[282.36852,69.75232],[282.42317,69.7459],[282.49592,69.77545],[282.50929,69.78618],[282.48418,69.79763],[282.4932,69.80233],[282.48359,69.80685],[282.5585,69.79349],[282.54596,69.80661],[282.48805,69.81266],[282.49893,69.83111],[282.46387,69.83018],[282.44139,69.82421],[282.4368,69.81469],[282.37982,69.82007],[282.37546,69.82605],[282.4046,69.8241],[282.41237,69.83127],[282.48902,69.83885],[282.52657,69.85633],[282.51775,69.86459],[282.52463,69.86962],[282.5933,69.85841],[282.62999,69.87512],[282.68723,69.87476],[282.7237,69.89212],[282.76988,69.89109],[282.81778,69.90031],[282.89053,69.93749],[282.93208,69.92945],[282.99806,69.94056],[283.00143,69.95321],[282.98985,69.98442],[283.03441,70.00122],[283.03975,69.99852],[283.00132,69.98298],[283.00499,69.96264],[283.02116,69.96263],[283.01665,69.95799],[283.02348,69.95214],[283.02377,69.936],[283.00865,69.92823],[282.89353,69.91456],[282.83892,69.89413],[282.75248,69.88546],[282.71631,69.87159],[282.72443,69.85774],[282.70412,69.8554],[282.69174,69.83689],[282.70612,69.83219],[282.77711,69.84046],[282.85337,69.82682],[282.87899,69.82921],[282.9296,69.85634],[283.00282,69.86303],[283.00932,69.86062],[282.99631,69.84996],[282.92965,69.81571],[283.06557,69.81115],[283.14551,69.81747],[283.18045,69.83141],[283.19247,69.84869],[283.207,69.85341],[283.21169,69.84768],[283.20278,69.83519],[283.20957,69.8321],[283.2514,69.84433],[283.31028,69.84871],[283.25137,69.83717],[283.21968,69.82042],[283.26012,69.8125],[283.25368,69.81054],[283.07841,69.79525],[283.0826,69.7821],[283.10755,69.76735],[283.10778,69.7512],[283.14835,69.75139],[283.16805,69.75918],[283.23008,69.74762],[283.19298,69.74141],[283.18908,69.73404],[283.20826,69.72426],[283.20567,69.71835],[283.18122,69.70222],[283.15937,69.70631],[283.16113,69.69394],[283.13889,69.68462],[283.05795,69.68007],[283.10662,69.70958],[283.03655,69.69871],[283.07967,69.72307],[283.06532,69.72527],[283.00784,69.69893],[282.99112,69.69914],[282.99904,69.7049],[282.9816,69.71222],[282.96831,69.71077],[282.97529,69.70447],[282.96037,69.70085],[282.96788,69.69342],[282.93823,69.67464],[282.91205,69.67661],[282.90097,69.68729],[282.86138,69.68801],[282.85102,69.67633],[282.82256,69.67607],[282.81653,69.67341],[282.83615,69.66577],[282.83389,69.6594],[282.80871,69.64408],[282.89938,69.61953],[282.91832,69.62293],[282.94315,69.64137],[282.95131,69.63868],[282.94601,69.63167],[282.96791,69.62461],[282.97138,69.61026],[283.03286,69.59922],[283.06635,69.6069],[283.08649,69.60204],[283.07901,69.61524],[283.1016,69.62505],[283.19739,69.63574],[283.14709,69.61699],[283.13081,69.58931],[283.2777,69.56314],[283.29884,69.56893],[283.31826,69.59307],[283.35373,69.61694],[283.33639,69.62014],[283.30325,69.60424],[283.31153,69.61946],[283.34916,69.62846],[283.3945,69.62194],[283.45469,69.63976],[283.47706,69.66819],[283.47266,69.67648],[283.44412,69.68093],[283.38044,69.67054],[283.34345,69.67889],[283.40877,69.69007],[283.42876,69.70316],[283.53754,69.68874],[283.60497,69.70434],[283.61501,69.70118],[283.59346,69.68689],[283.58824,69.67025],[283.68175,69.66877],[283.67489,69.65873],[283.78173,69.66298],[283.81969,69.67325],[283.77362,69.64504],[283.77093,69.62992],[283.79211,69.61766],[283.79046,69.60928],[283.80154,69.59742],[283.78713,69.58491],[283.79021,69.55488],[283.79745,69.54882],[283.78175,69.53024],[283.76051,69.53212],[283.77432,69.54437],[283.76244,69.58246],[283.77486,69.59648],[283.77895,69.61144],[283.77346,69.61645],[283.7232,69.63616],[283.63602,69.65067],[283.55721,69.64461],[283.55103,69.64658],[283.56524,69.65934],[283.55123,69.6625],[283.50501,69.65909],[283.43869,69.60614],[283.36261,69.59736],[283.33841,69.56327],[283.34989,69.54084],[283.47601,69.50508],[283.48187,69.49341],[283.51033,69.48712],[283.52618,69.46469],[283.54231,69.45796],[283.5526,69.46589],[283.56959,69.46312],[283.59295,69.45332],[283.60949,69.42308],[283.59511,69.41101],[283.60181,69.40768],[283.62087,69.40456],[283.64431,69.4139],[283.67089,69.40702],[283.80049,69.42407],[283.83466,69.4208],[283.99462,69.38308],[284.06913,69.35849],[284.08897,69.33844],[284.1071,69.33245],[284.27351,69.29994],[284.35084,69.25962],[284.40243,69.24263],[284.41134,69.22835],[284.41772,69.20404],[284.40678,69.19567],[284.42753,69.19072],[284.43195,69.1746],[284.42547,69.16806],[284.44034,69.1566],[284.43356,69.14592],[284.39703,69.13534],[284.41801,69.11982],[284.41757,69.10783],[284.39628,69.09641],[284.41497,69.09642],[284.39997,69.07726],[284.32078,69.09329],[284.24458,69.08873],[284.18281,69.07566],[284.21342,69.06687],[284.20164,69.05774],[284.10627,69.04522],[284.03318,69.00684],[283.95892,69.01076],[283.95879,69.00177],[283.93053,69.0141],[283.91364,69.01297],[283.90255,69.03035],[283.88739,69.03737],[283.63962,69.05949],[283.40819,69.03421],[283.39652,69.02409],[283.38451,69.02503],[283.36922,69.0027],[283.39068,68.9993],[283.37207,68.98602],[283.37372,68.97642],[283.39102,68.97509],[283.36033,68.93967],[283.3717,68.91378],[283.39613,68.88724],[283.48824,68.88597],[283.49846,68.88008],[283.4985,68.8637],[283.42183,68.79593],[283.34966,68.75975],[283.33582,68.71857],[283.37077,68.6908],[283.43335,68.67522],[283.4909,68.67411],[283.68327,68.69456],[283.85013,68.74359],[283.94302,68.76036],[284.01613,68.79168],[284.05091,68.82209],[284.27567,68.85316],[284.4231,68.88899],[284.47944,68.91668],[284.47678,68.93013],[284.51265,68.93997],[284.48991,68.95402],[284.45605,68.96038],[284.41877,68.9836],[284.42158,68.98789],[284.52274,69.02654],[284.53432,69.0232],[284.53359,69.01511],[284.55608,69.01507],[284.55842,69.00737],[284.58398,68.99597],[284.57603,68.99327],[284.60594,68.98555],[284.60114,68.98301],[284.62402,68.97516],[284.65076,68.95208],[284.71707,68.92565],[284.77248,68.92282],[284.76263,68.91498],[284.76646,68.90988],[284.84551,68.88793],[284.88937,68.89531],[284.90328,68.90954],[284.89024,68.91375],[284.9263,68.92512],[284.92177,68.93571],[284.94341,68.94944],[284.98828,68.95494],[284.99477,68.95295],[284.97922,68.94647],[285.0469,68.95033],[285.06704,68.96184],[285.13505,68.97028],[285.15002,68.96063],[284.94533,68.92901],[285.06228,68.94139],[285.18166,68.94185],[284.94252,68.90703],[285.00519,68.90149],[285.02266,68.90966],[285.0799,68.91027],[285.28871,68.93915],[285.34613,68.92474],[285.30861,68.90605],[285.32063,68.90084],[285.3377,68.87566],[285.31418,68.87184],[285.31789,68.86305],[285.31209,68.85957],[285.19688,68.85225],[285.16328,68.84288],[285.15359,68.83255],[285.16045,68.82759],[285.13322,68.82012],[285.01642,68.81604],[285.1834,68.79509],[285.19101,68.79154],[285.17178,68.78307],[285.21521,68.76967],[285.22925,68.77124],[285.21617,68.77776],[285.21871,68.78316],[285.35748,68.7911],[285.3749,68.79762],[285.35998,68.81142],[285.38663,68.80963],[285.39516,68.81622],[285.35059,68.81467],[285.34065,68.82502],[285.28154,68.81591],[285.26549,68.82],[285.31225,68.82443],[285.33313,68.83387],[285.31173,68.84784],[285.38222,68.85193],[285.38692,68.84938],[285.37508,68.84679],[285.40681,68.8489],[285.46875,68.83145],[285.53453,68.83619],[285.57942,68.84826],[285.59643,68.84304],[285.56102,68.83115],[285.42959,68.82144],[285.44785,68.80893],[285.39935,68.79114],[285.28265,68.76908],[285.29269,68.74932],[285.27668,68.73711],[285.31044,68.72923],[285.30897,68.7225],[285.32285,68.71716],[285.35765,68.71529],[285.41723,68.69088],[285.41627,68.68256],[285.48096,68.66869],[285.48154,68.65953],[285.47274,68.6557],[285.51052,68.65026],[285.47627,68.6322],[285.47481,68.61972],[285.50953,68.59326],[285.6145,68.5839],[285.59263,68.56456],[285.63179,68.54677],[285.73789,68.53304],[285.78899,68.53594],[285.76938,68.51512],[285.81976,68.51431],[285.82427,68.51978],[285.81165,68.5298],[285.83394,68.52868],[285.83105,68.53384],[285.88833,68.5232],[285.9974,68.53904],[286.0094,68.53472],[285.95177,68.51074],[285.97854,68.49924],[286.01206,68.49813],[286.08465,68.51834],[286.11609,68.55864],[286.0935,68.57492],[286.06483,68.57626],[286.07728,68.58068],[286.04316,68.59143],[286.04616,68.59591],[286.01089,68.61624],[286.01456,68.62259],[286.00838,68.62623],[285.98046,68.62897],[285.95931,68.61822],[285.95712,68.6351],[285.97545,68.63886],[285.95968,68.65288],[285.93067,68.65695],[285.94421,68.66394],[285.93875,68.67518],[285.90808,68.67642],[285.89643,68.68328],[285.90348,68.68885],[285.89624,68.69176],[285.8091,68.6977],[285.82881,68.70314],[285.82896,68.71048],[285.80579,68.7313],[285.89747,68.73335],[285.89858,68.72789],[285.87449,68.72022],[285.8996,68.71875],[285.99277,68.72792],[286.00434,68.72129],[285.99376,68.71075],[286.00515,68.7087],[286.08848,68.71282],[286.15629,68.70182],[286.13428,68.69748],[286.14004,68.69519],[286.24605,68.68479],[286.19898,68.66753],[286.20687,68.66441],[286.3429,68.66456],[286.34884,68.66159],[286.24315,68.64454],[286.23098,68.63282],[286.17969,68.61744],[286.2115,68.6162],[286.23408,68.62881],[286.24049,68.62012],[286.30564,68.61883],[286.26063,68.61176],[286.28296,68.60646],[286.24054,68.57552],[286.2452,68.58233],[286.17795,68.57172],[286.21597,68.56638],[286.20771,68.56054],[286.21783,68.55613],[286.28016,68.54695],[286.27858,68.5251],[286.26736,68.52075],[286.2568,68.5288],[286.25271,68.51534],[286.29455,68.51358],[286.1355,68.4975],[286.12954,68.49244],[286.13011,68.46608],[286.11558,68.45034],[286.05345,68.41909],[286.04024,68.41945],[286.04064,68.41213],[286.05182,68.40823],[286.0897,68.42018],[286.10394,68.41438],[286.07825,68.4013],[286.12718,68.38589],[286.14088,68.37568],[286.13824,68.368],[286.15742,68.36627],[286.1391,68.35496],[286.14654,68.3509],[286.142,68.34131],[286.23668,68.32592],[286.24396,68.31407],[286.32466,68.30128],[286.36925,68.31202],[286.4162,68.30196],[286.46099,68.30786],[286.41217,68.2924],[286.41107,68.29831],[286.39357,68.2967],[286.40194,68.28924],[286.39189,68.28334],[286.37005,68.29026],[286.36448,68.30288],[286.33853,68.28785],[286.31505,68.28553],[286.32937,68.279],[286.31036,68.26997],[286.37402,68.26611],[286.34852,68.25179],[286.37449,68.24549],[286.42739,68.26136],[286.37799,68.261],[286.38588,68.27002],[286.42735,68.27214],[286.43255,68.28197],[286.4791,68.27945],[286.5152,68.29393],[286.51068,68.30751],[286.55653,68.30976],[286.52998,68.32454],[286.51381,68.32254],[286.50361,68.33429],[286.56237,68.33062],[286.56947,68.32746],[286.55904,68.3227],[286.5674,68.31729],[286.59095,68.32829],[286.66433,68.32766],[286.64676,68.33937],[286.65675,68.348],[286.6465,68.35357],[286.65059,68.36106],[286.63657,68.36671],[286.72232,68.38234],[286.67359,68.38761],[286.67993,68.39381],[286.71311,68.39529],[286.79675,68.3762],[286.71837,68.37418],[286.66844,68.35945],[286.66442,68.35609],[286.67425,68.34982],[286.71724,68.3448],[286.70171,68.33596],[286.71106,68.32692],[286.66791,68.31267],[286.66387,68.31825],[286.58936,68.3186],[286.5887,68.3078],[286.56863,68.30427],[286.55632,68.2866],[286.52588,68.28908],[286.49702,68.27741],[286.58438,68.26843],[286.62948,68.2445],[286.6493,68.24434],[286.63878,68.25541],[286.70617,68.25546],[286.67177,68.27455],[286.66077,68.27183],[286.64653,68.28068],[286.65722,68.28453],[286.64335,68.28537],[286.63785,68.29617],[286.59852,68.30818],[286.62887,68.31485],[286.63976,68.31137],[286.62935,68.30432],[286.6387,68.30193],[286.67576,68.30678],[286.65027,68.29824],[286.66625,68.29428],[286.67308,68.27872],[286.79433,68.27666],[286.79876,68.27179],[286.78966,68.26434],[286.80712,68.24575],[286.79128,68.24492],[286.76135,68.22569],[286.83589,68.23994],[286.82603,68.2217],[286.84279,68.21225],[286.86148,68.21615],[286.86703,68.22529],[286.92064,68.22567],[286.9219,68.21403],[286.89606,68.21835],[286.89136,68.2129],[286.92147,68.20874],[286.91858,68.20108],[286.92549,68.20064],[286.96436,68.21444],[286.94363,68.23201],[286.9579,68.23872],[287.00682,68.2382],[286.99259,68.22898],[287.00951,68.2257],[286.99583,68.21673],[287.01481,68.21032],[287.02201,68.19935],[287.00647,68.19284],[287.01847,68.18937],[287.01548,68.17736],[287.02366,68.16964],[287.03488,68.16912],[287.01964,68.15918],[287.03554,68.15724],[287.02356,68.12084],[287.06041,68.07613],[287.09511,68.06524],[287.10017,68.05512],[287.0934,68.04342],[287.07598,68.03501],[287.09898,68.03125],[287.07828,68.02615],[287.11148,68.01857],[287.1001,68.00793],[287.04938,67.99372],[287.07419,67.98523],[287.08557,67.99321],[287.08676,67.97676],[287.11548,67.96891],[287.06918,67.94794],[287.06758,67.92819],[287.07625,67.9253],[287.09382,67.93509],[287.10751,67.92688],[287.11181,67.94101],[287.13344,67.94225],[287.1305,67.91557],[287.09717,67.91735],[287.14377,67.88261],[287.15142,67.87166],[287.14334,67.86518],[287.16938,67.84871],[287.22665,67.86724],[287.23067,67.87059],[287.22057,67.8794],[287.22563,67.88347],[287.27003,67.88092],[287.28928,67.86946],[287.27839,67.86197],[287.30568,67.8572],[287.29581,67.85045],[287.2692,67.85249],[287.29291,67.83523],[287.33062,67.8274],[287.32873,67.8129],[287.37175,67.80295],[287.4266,67.76387],[287.4318,67.74229],[287.36734,67.71671],[287.34248,67.68997],[287.36288,67.68114],[287.35322,67.67065],[287.41406,67.64804],[287.4151,67.63869],[287.43501,67.62587],[287.49421,67.63477],[287.51593,67.62681],[287.51919,67.5951],[287.55047,67.54604],[287.57884,67.54769],[287.58053,67.54042],[287.59224,67.54522],[287.60118,67.53896],[287.5828,67.53317],[287.59745,67.51902],[287.524,67.51332],[287.51957,67.50928],[287.53451,67.49651],[287.51522,67.49723],[287.52575,67.48797],[287.58644,67.47355],[287.57739,67.46363],[287.59203,67.45452],[287.58539,67.44193],[287.5916,67.42795],[287.62663,67.38427],[287.62343,67.38005],[287.64259,67.37428],[287.66583,67.34783],[287.6352,67.32849],[287.63771,67.31484],[287.66272,67.31179],[287.6725,67.29999],[287.70512,67.29193],[287.72105,67.29222],[287.71728,67.30377],[287.73297,67.30521],[287.74849,67.29405],[287.73916,67.28276],[287.74566,67.27748],[287.82955,67.27291],[287.84298,67.26557],[287.75763,67.24492],[287.76033,67.2274],[287.73571,67.2053],[287.73111,67.15434],[287.67224,67.10957],[287.55898,67.0803],[287.43847,67.0857],[287.36697,67.07996],[287.19349,67.0203],[287.18134,67.01001],[287.1711,66.96794],[287.15575,66.94218],[287.0577,66.86863],[287.01854,66.81995],[287.00586,66.7938],[287.00866,66.76619],[287.05125,66.74072],[287.00126,66.71218],[286.93078,66.72285],[286.71719,66.66852],[286.61833,66.61795],[286.60557,66.60505],[286.60512,66.58921],[286.5914,66.57787],[286.60929,66.56898],[286.60398,66.5651],[286.47401,66.51494],[286.47398,66.50004],[286.41943,66.49565],[286.29113,66.45456],[286.22944,66.41424],[286.09685,66.36038],[286.09091,66.35507],[286.10016,66.34861],[286.0926,66.34092],[286.05705,66.34344],[285.75503,66.24208],[285.64017,66.21646],[285.58882,66.19239],[285.54243,66.1559],[285.53822,66.14353],[285.55138,66.1281],[285.54851,66.11694],[285.58326,66.07846],[285.75831,65.97886],[285.80159,65.96556],[285.79425,65.95397],[285.82072,65.94995],[286.00589,65.83137],[286.05673,65.81562],[286.13295,65.81914],[286.16485,65.80272],[286.2741,65.77053],[286.29175,65.75252],[286.31169,65.74677],[286.30358,65.73747],[286.31342,65.7214],[286.35541,65.7164],[286.30652,65.7055],[286.29412,65.69143],[286.29571,65.67499],[286.32305,65.65788],[286.37121,65.65224],[286.38801,65.62921],[286.38597,65.61715],[286.36776,65.60831],[286.40908,65.58173],[286.44357,65.54911],[286.45652,65.51829],[286.48669,65.49763],[286.49414,65.47504],[286.483,65.47547],[286.48396,65.46314],[286.53463,65.44818],[286.51648,65.44372],[286.45768,65.46244],[286.50192,65.44033],[286.49093,65.43595],[286.43438,65.45017],[286.40409,65.46922],[286.34123,65.446],[286.31656,65.4497],[286.2819,65.47654],[286.26059,65.47992],[286.25064,65.50698],[286.14626,65.53336],[286.05062,65.52707],[286.07055,65.51287],[286.06009,65.50664],[286.03393,65.50931],[286.03296,65.50077],[286.00668,65.49587],[285.97391,65.50647],[285.97484,65.51706],[285.94674,65.53064],[285.86994,65.53613],[285.86444,65.53402],[285.88093,65.52656],[285.79526,65.52035],[285.82274,65.4976],[285.84902,65.49061],[285.80459,65.47583],[285.69603,65.47303],[285.69883,65.4633],[285.68134,65.45119],[285.6824,65.44367],[285.65774,65.43166],[285.65538,65.40928],[285.6014,65.38455],[285.60076,65.37618],[285.58305,65.37949],[285.53501,65.36123],[285.52681,65.34979],[285.47052,65.32626],[285.42411,65.32158],[285.3872,65.33481],[285.37623,65.32368],[285.35979,65.32168],[285.3537,65.33101],[285.3374,65.33222],[285.31402,65.35511],[285.32036,65.36325],[285.30341,65.37201],[285.33695,65.37399],[285.35511,65.38688],[285.32554,65.3936],[285.28567,65.38876],[285.32233,65.40239],[285.28253,65.39732],[285.33901,65.41474],[285.27051,65.44181],[285.29412,65.42456],[285.27314,65.42645],[285.27736,65.42162],[285.26671,65.41853],[285.24218,65.42482],[285.25348,65.41669],[285.24733,65.41154],[285.25346,65.4059],[285.23978,65.40012],[285.27421,65.39206],[285.24783,65.38998],[285.24395,65.37922],[285.22114,65.38536],[285.17539,65.37466],[285.12112,65.39519],[285.13615,65.38221],[285.13015,65.3642],[285.12252,65.38355],[285.10157,65.3907],[285.09649,65.38927],[285.11325,65.38144],[285.07236,65.37649],[285.05883,65.38633],[285.01649,65.36841],[284.96064,65.38305],[284.94282,65.37841],[284.90172,65.39499],[284.88722,65.39029],[284.87757,65.37734],[284.89315,65.36648],[284.89793,65.35663],[284.89186,65.34457],[284.90962,65.33545],[284.91221,65.31858],[284.89184,65.30136],[284.89319,65.27111],[284.84552,65.25536],[284.72767,65.24989],[284.53322,65.27532],[284.52102,65.26403],[284.49749,65.27371],[284.5037,65.27982],[284.49802,65.28202],[284.48379,65.2736],[284.45225,65.2759],[284.43918,65.26731],[284.38368,65.29834],[284.39511,65.32155],[284.38719,65.32707],[284.39137,65.331],[284.36618,65.34033],[284.35,65.31981],[284.33389,65.32508],[284.30225,65.30157],[284.28307,65.3078],[284.16068,65.30828],[284.15106,65.32174],[284.05091,65.3198],[284.04719,65.31313],[284.06616,65.30301],[284.05193,65.29177],[284.114,65.26839],[284.06512,65.25251],[284.00421,65.25223],[283.96967,65.25977],[283.95327,65.27349],[283.9919,65.28095],[283.98279,65.28338],[283.9402,65.28397],[283.91888,65.26653],[283.89892,65.2639],[283.87798,65.27942],[283.84646,65.28597],[283.86178,65.29084],[283.81864,65.29136],[283.81705,65.29886],[283.78474,65.29983],[283.73281,65.31844],[283.45968,65.37029],[283.43242,65.38396],[283.41042,65.38068],[283.32401,65.40568],[283.25929,65.39679],[283.24439,65.40387],[283.23411,65.39604],[283.18794,65.41233],[283.17625,65.42678],[283.14702,65.42067],[283.09345,65.42723],[283.06171,65.42046],[283.06938,65.41221],[283.05143,65.40568],[282.90421,65.40648],[282.88722,65.41154],[282.88841,65.42386],[282.86898,65.42807],[282.86386,65.4395],[282.84864,65.44561],[282.72315,65.45097],[282.70888,65.45875],[282.74986,65.46462],[282.7318,65.47075],[282.6981,65.46746],[282.68296,65.48143],[282.67474,65.47022],[282.69173,65.46263],[282.64416,65.47292],[282.58562,65.46508],[282.55513,65.45136],[282.56958,65.43113],[282.70641,65.37863],[282.70936,65.3659],[282.68008,65.35344],[282.65189,65.3533],[282.62215,65.36783],[282.59314,65.36831],[282.5567,65.38282],[282.51634,65.37716],[282.52195,65.35953],[282.49495,65.35112],[282.49873,65.3433],[282.47516,65.32936],[282.48024,65.3251],[282.47459,65.31868],[282.48895,65.3174],[282.48934,65.30841],[282.50278,65.3013],[282.51873,65.30151],[282.52369,65.28407],[282.53487,65.28511],[282.57658,65.25874],[282.61104,65.25403],[282.61076,65.23576],[282.65556,65.21769],[282.6491,65.21053],[282.6561,65.20548],[282.69292,65.1947],[282.69043,65.17904],[282.62149,65.16188],[282.57417,65.16335],[282.54321,65.15165],[282.55151,65.14208],[282.5181,65.14452],[282.52094,65.13756],[282.50123,65.12666],[282.49701,65.13698],[282.45191,65.12909],[282.41939,65.14267],[282.36315,65.1418],[282.37148,65.13363],[282.33475,65.12815],[282.33683,65.12183],[282.32635,65.11667],[282.30799,65.11855],[282.30743,65.10671],[282.28876,65.10672],[282.23427,65.07955],[282.18887,65.08056],[282.11862,65.0547],[282.12737,65.04957],[282.03548,65.04657],[282.01932,65.03562],[282.04,65.03209],[282.01205,65.02442],[282.02736,65.01679],[282.02213,65.01107],[281.95803,65.00479],[281.95027,64.99609],[281.95494,64.98904],[281.89549,64.97845],[281.8811,64.95604],[281.85997,64.96066],[281.86327,64.9505],[281.85112,64.94701],[281.85902,64.94136],[281.85408,64.91992],[281.87979,64.91218],[281.88644,64.90181],[281.8632,64.90256],[281.85892,64.89228],[281.89851,64.88261],[281.86281,64.87313],[281.89852,64.86988],[281.89384,64.86049],[281.90007,64.85611],[281.91463,64.86024],[281.94184,64.85007],[281.92364,64.84682],[281.92393,64.83851],[281.93384,64.83442],[281.92437,64.82604],[281.93126,64.8201],[281.9162,64.80574],[281.8902,64.80048],[281.90871,64.7915],[281.8974,64.78113],[281.82281,64.76143],[281.82876,64.75518],[281.81325,64.74586],[281.82805,64.7417],[281.81493,64.73187],[281.83549,64.72815],[281.80669,64.7208],[281.82025,64.71446],[281.70714,64.703],[281.71325,64.69514],[281.83556,64.69899],[281.83186,64.69245],[281.84266,64.68242],[281.79888,64.67226],[281.82924,64.66955],[281.79805,64.65784],[281.84339,64.66302],[281.79893,64.64448],[281.84462,64.63742],[281.82378,64.6344],[281.83079,64.62685],[281.81557,64.62079],[281.87177,64.60669],[281.84364,64.60308],[281.8997,64.58155],[281.86784,64.58554],[281.86166,64.57877],[281.83398,64.58659],[281.84187,64.57818],[281.83102,64.56575],[281.80802,64.57042],[281.82722,64.55828],[281.83971,64.5618],[281.90813,64.54519],[281.89611,64.54309],[281.90605,64.53739],[281.92797,64.53771],[281.95798,64.52277],[281.93076,64.52219],[281.93743,64.51786],[281.92788,64.49975],[281.9865,64.48166],[282.00124,64.48488],[282.04261,64.46936],[282.01541,64.46771],[282.0162,64.46199],[282.05053,64.45678],[282.03631,64.44902],[281.971,64.4432],[281.98825,64.43783],[281.96434,64.43481],[281.97875,64.42344],[282.02228,64.41919],[282.03891,64.40499],[282.05176,64.40554],[282.09648,64.43258],[282.11838,64.43658],[282.12964,64.42103],[282.16325,64.41737],[282.16413,64.41004],[282.14873,64.39937],[282.10958,64.41],[282.09621,64.40226],[282.11663,64.38813],[282.10353,64.38456],[282.11729,64.38099],[282.10626,64.37667],[282.12224,64.37421],[282.11177,64.37109],[282.13688,64.35684],[282.15018,64.37382],[282.17248,64.36374],[282.16424,64.3786],[282.20517,64.37387],[282.21194,64.36515],[282.20586,64.35913],[282.21674,64.35211],[282.21182,64.34849],[282.22644,64.34014],[282.23574,64.34871],[282.25002,64.34771],[282.24609,64.33771],[282.25583,64.32689],[282.27257,64.34343],[282.30722,64.3382],[282.30622,64.32357],[282.32038,64.31887],[282.34185,64.32904],[282.34223,64.336],[282.36178,64.3391],[282.36617,64.34937],[282.3558,64.34997],[282.3631,64.35699],[282.3428,64.36632],[282.33653,64.38179],[282.3427,64.39428],[282.35927,64.38236],[282.37518,64.38263],[282.37319,64.37301],[282.36239,64.37196],[282.37085,64.36821],[282.41752,64.37957],[282.40734,64.36241],[282.50552,64.35566],[282.51443,64.348],[282.48778,64.33863],[282.46246,64.31525],[282.46245,64.30323],[282.5043,64.32924],[282.51694,64.31886],[282.50336,64.31415],[282.51168,64.312],[282.53929,64.31891],[282.56229,64.3146],[282.56563,64.3331],[282.57777,64.33608],[282.59981,64.32477],[282.60384,64.30775],[282.58627,64.30507],[282.57992,64.29282],[282.54716,64.30979],[282.54657,64.29242],[282.55604,64.28596],[282.5861,64.28658],[282.63593,64.30735],[282.62084,64.297],[282.64431,64.27102],[282.62534,64.26246],[282.62411,64.25475],[282.64197,64.2376],[282.69666,64.25801],[282.71355,64.25556],[282.72796,64.26631],[282.76516,64.26902],[282.77021,64.27932],[282.85335,64.28557],[282.85008,64.29272],[282.86543,64.29982],[282.89412,64.28597],[282.88067,64.28084],[282.97007,64.25518],[282.98775,64.26036],[282.99663,64.24946],[283.0322,64.25222],[283.01849,64.26186],[283.02224,64.26882],[283.0142,64.27747],[283.03826,64.26857],[283.0406,64.2595],[283.06303,64.25486],[283.06794,64.2446],[283.08397,64.24712],[283.10924,64.23484],[283.12205,64.23459],[283.12638,64.25311],[283.15597,64.23028],[283.17168,64.23507],[283.1732,64.22526],[283.21261,64.23331],[283.19319,64.2156],[283.16742,64.20941],[283.16897,64.20237],[283.21714,64.20089],[283.22433,64.22306],[283.24321,64.21492],[283.23103,64.20486],[283.23978,64.19832],[283.29211,64.20426],[283.29766,64.20211],[283.28746,64.19818],[283.29394,64.19056],[283.3262,64.19348],[283.34291,64.18679],[283.358,64.19037],[283.35265,64.19345],[283.35973,64.20454],[283.33414,64.20508],[283.33816,64.20858],[283.32791,64.21203],[283.35508,64.21736],[283.31515,64.23397],[283.31775,64.22539],[283.30556,64.22685],[283.29352,64.24238],[283.27625,64.24903],[283.28462,64.2609],[283.27145,64.26645],[283.27193,64.29114],[283.31524,64.30335],[283.33179,64.29296],[283.30932,64.28035],[283.38804,64.27838],[283.37897,64.28582],[283.40174,64.29475],[283.402,64.31159],[283.42092,64.30481],[283.41261,64.29549],[283.41918,64.29202],[283.45965,64.30491],[283.50199,64.29786],[283.50872,64.29094],[283.49599,64.28502],[283.50836,64.26973],[283.54189,64.27382],[283.54653,64.26677],[283.57593,64.26459],[283.5805,64.27111],[283.59552,64.26613],[283.63861,64.27315],[283.59051,64.29367],[283.60008,64.2966],[283.59628,64.3058],[283.56674,64.30082],[283.55536,64.31043],[283.53415,64.3014],[283.51132,64.30886],[283.56021,64.31467],[283.56071,64.32668],[283.57396,64.32826],[283.60482,64.32064],[283.56662,64.32201],[283.57529,64.31407],[283.62714,64.30094],[283.60802,64.29967],[283.62037,64.29474],[283.65167,64.29474],[283.64815,64.28967],[283.69319,64.27469],[283.67944,64.2731],[283.69891,64.27047],[283.70749,64.27472],[283.70428,64.27934],[283.72495,64.27633],[283.72866,64.28694],[283.75406,64.2886],[283.74277,64.29661],[283.77817,64.29548],[283.75464,64.30062],[283.83547,64.31073],[283.79644,64.31923],[283.78555,64.31392],[283.7587,64.32091],[283.66878,64.31845],[283.69429,64.3229],[283.65208,64.33415],[283.66004,64.34021],[283.62861,64.3554],[283.6925,64.35363],[283.71988,64.3453],[283.74929,64.34631],[283.74264,64.35164],[283.75049,64.35652],[283.77676,64.35893],[283.7859,64.35101],[283.81072,64.35147],[283.81135,64.34507],[283.83538,64.34778],[283.87093,64.36021],[283.84176,64.36155],[283.83508,64.37009],[283.85295,64.37838],[283.87414,64.3694],[283.86835,64.38306],[283.87701,64.38569],[283.9143,64.37935],[283.89637,64.36968],[283.93007,64.35666],[283.96148,64.37202],[283.95463,64.37963],[283.9592,64.38338],[283.99447,64.38287],[284.00005,64.3899],[284.02727,64.38334],[284.0226,64.39708],[283.99042,64.39941],[284.01604,64.40541],[284.08722,64.39634],[284.05871,64.38787],[284.07007,64.3826],[284.07268,64.37172],[284.11646,64.38691],[284.13715,64.37278],[284.18106,64.36541],[284.1989,64.36606],[284.20148,64.37427],[284.18727,64.37546],[284.19766,64.38255],[284.24425,64.37026],[284.27185,64.37197],[284.25504,64.36495],[284.26873,64.36051],[284.3085,64.36549],[284.29104,64.37177],[284.30747,64.37508],[284.25047,64.3964],[284.15284,64.42115],[284.09819,64.42694],[284.11194,64.43194],[284.10519,64.43773],[284.2001,64.41352],[284.2103,64.41484],[284.1924,64.42064],[284.18946,64.43264],[284.22355,64.42302],[284.21979,64.43429],[284.20038,64.44298],[284.20669,64.45763],[284.18346,64.46332],[284.17998,64.4562],[284.14784,64.46777],[284.17672,64.47072],[284.18161,64.48],[284.21995,64.46421],[284.25429,64.46357],[284.17901,64.49571],[284.18371,64.49761],[284.20015,64.49794],[284.21056,64.48755],[284.24949,64.4796],[284.24098,64.4747],[284.26361,64.47242],[284.26727,64.46299],[284.25958,64.46044],[284.27183,64.44924],[284.33118,64.44046],[284.28966,64.45654],[284.27608,64.4702],[284.34031,64.45642],[284.36667,64.44262],[284.39353,64.44342],[284.38865,64.45362],[284.37998,64.44918],[284.378,64.45848],[284.36859,64.45631],[284.35468,64.4711],[284.27988,64.48607],[284.27144,64.49222],[284.29535,64.49253],[284.18104,64.53264],[284.21487,64.52898],[284.20199,64.53555],[284.20226,64.54431],[284.19128,64.54313],[284.1943,64.55049],[284.1858,64.56146],[284.22408,64.5606],[284.1354,64.61922],[284.22426,64.58569],[284.19212,64.60004],[284.20276,64.60346],[284.18284,64.61649],[284.23096,64.60566],[284.24529,64.6093],[284.27089,64.59362],[284.25731,64.59094],[284.28723,64.57667],[284.3631,64.55922],[284.37311,64.55477],[284.37227,64.54759],[284.39918,64.53887],[284.41424,64.54345],[284.36565,64.56282],[284.42529,64.55217],[284.38925,64.56425],[284.42917,64.56321],[284.43078,64.56974],[284.40864,64.57692],[284.43119,64.57505],[284.4247,64.58018],[284.42936,64.5823],[284.47406,64.5551],[284.44299,64.55691],[284.46913,64.53572],[284.50941,64.53009],[284.50688,64.53959],[284.48147,64.54382],[284.50831,64.54174],[284.50935,64.54847],[284.53652,64.54043],[284.53885,64.53321],[284.56605,64.53],[284.5734,64.52539],[284.56768,64.5216],[284.61742,64.51626],[284.64368,64.5008],[284.70364,64.48823],[284.71471,64.48015],[284.70263,64.47623],[284.72133,64.46928],[284.71592,64.46276],[284.74328,64.457],[284.73266,64.46879],[284.73866,64.47006],[284.78082,64.4493],[284.77164,64.44119],[284.78851,64.43826],[284.78498,64.43254],[284.80143,64.42408],[284.82006,64.42745],[284.79683,64.44403],[284.8283,64.43689],[284.80829,64.44653],[284.82494,64.45116],[284.85941,64.43431],[284.8685,64.44103],[284.86133,64.44705],[284.87666,64.44908],[284.85435,64.45929],[284.82901,64.45691],[284.8343,64.46387],[284.82202,64.46914],[284.82689,64.47746],[284.80014,64.49154],[284.81556,64.49334],[284.83453,64.48204],[284.90001,64.46833],[284.90553,64.45555],[284.93847,64.45398],[284.96693,64.4409],[284.9832,64.44687],[284.98437,64.43775],[285.05526,64.40891],[285.06518,64.40947],[285.05177,64.41698],[285.05221,64.42435],[285.0374,64.42765],[285.08419,64.42224],[285.12573,64.39517],[285.2336,64.3784],[285.16002,64.4191],[285.1368,64.42218],[285.13698,64.43229],[285.08392,64.46033],[285.11015,64.46156],[285.12814,64.44764],[285.16025,64.43977],[285.1387,64.43721],[285.19591,64.40548],[285.22922,64.40593],[285.21937,64.40157],[285.28041,64.38876],[285.28736,64.37951],[285.26426,64.38054],[285.27675,64.3686],[285.32599,64.36876],[285.32963,64.3818],[285.30279,64.39021],[285.34476,64.39914],[285.33829,64.40498],[285.34736,64.41029],[285.4173,64.39959],[285.35905,64.43226],[285.36586,64.4363],[285.38913,64.42929],[285.45453,64.38071],[285.49256,64.37929],[285.50282,64.39543],[285.53985,64.38637],[285.52707,64.40152],[285.46024,64.409],[285.4512,64.40164],[285.41237,64.41677],[285.43068,64.41958],[285.41474,64.42515],[285.43076,64.42853],[285.44779,64.41728],[285.473,64.41632],[285.43783,64.4335],[285.43753,64.44014],[285.45864,64.4369],[285.49949,64.4464],[285.4979,64.45572],[285.48613,64.45785],[285.50085,64.46964],[285.44396,64.46961],[285.42166,64.47875],[285.42881,64.48349],[285.42141,64.48699],[285.3675,64.49489],[285.38782,64.50929],[285.37183,64.51853],[285.35635,64.51678],[285.36291,64.52906],[285.3557,64.53556],[285.32013,64.53318],[285.34192,64.5206],[285.33379,64.5174],[285.30479,64.52364],[285.30005,64.53256],[285.3135,64.53398],[285.30107,64.54547],[285.35681,64.53906],[285.37828,64.54595],[285.36797,64.55021],[285.38281,64.55606],[285.4136,64.54737],[285.40814,64.54226],[285.43143,64.53731],[285.44103,64.54287],[285.46536,64.53612],[285.45995,64.52896],[285.47891,64.5279],[285.49298,64.53276],[285.47,64.546],[285.49975,64.54826],[285.50065,64.55634],[285.52564,64.56224],[285.55631,64.56132],[285.52369,64.56535],[285.50072,64.5841],[285.48422,64.58392],[285.45595,64.60239],[285.45334,64.61142],[285.41557,64.61264],[285.44059,64.61856],[285.43587,64.62564],[285.3882,64.63504],[285.39309,64.64035],[285.33824,64.6668],[285.29707,64.67377],[285.29574,64.68013],[285.26724,64.67675],[285.24065,64.69046],[285.18454,64.7005],[285.15967,64.72255],[285.15716,64.73986],[285.12674,64.76047],[285.08986,64.75615],[285.06231,64.76358],[285.05848,64.7744],[285.02641,64.77009],[285.01819,64.77584],[285.02005,64.79087],[285.02832,64.79202],[285.01672,64.80171],[285.06808,64.79766],[285.14017,64.76947],[285.16674,64.77598],[285.18342,64.76702],[285.18913,64.7749],[285.18386,64.79068],[285.20092,64.79667],[285.26179,64.77126],[285.2521,64.76224],[285.2903,64.76223],[285.31046,64.7741],[285.29936,64.78981],[285.31212,64.80494],[285.32605,64.80523],[285.26664,64.82202],[285.26023,64.83453],[285.27981,64.85211],[285.29331,64.84847],[285.29175,64.85917],[285.31619,64.86782],[285.34277,64.8674],[285.37061,64.8535],[285.38106,64.86943],[285.35566,64.8915],[285.36683,64.89943],[285.44731,64.88668],[285.45916,64.87377],[285.41955,64.87261],[285.44721,64.85547],[285.50213,64.85214],[285.53858,64.8304],[285.43471,64.85206],[285.45109,64.84397],[285.43468,64.84288],[285.44658,64.8279],[285.41784,64.82111],[285.42132,64.80362],[285.38669,64.78573],[285.37238,64.78681],[285.35887,64.77232],[285.35933,64.76156],[285.31633,64.75055],[285.32607,64.74303],[285.30942,64.73204],[285.32013,64.73032],[285.31361,64.71781],[285.35684,64.6857],[285.4088,64.66184],[285.47003,64.652],[285.49254,64.65937],[285.45602,64.643],[285.47931,64.61968],[285.51207,64.61544],[285.52175,64.62649],[285.5268,64.61254],[285.54225,64.60898],[285.58432,64.62654],[285.59668,64.61686],[285.57391,64.6104],[285.56856,64.59912],[285.59466,64.58992],[285.59299,64.57882],[285.61653,64.56536],[285.65008,64.57513],[285.6651,64.59011],[285.64611,64.61024],[285.62517,64.61627],[285.63073,64.62504],[285.57716,64.6537],[285.58021,64.66372],[285.6121,64.66078],[285.61975,64.64695],[285.64287,64.63324],[285.664,64.63226],[285.67197,64.62097],[285.68367,64.62501],[285.69697,64.65023],[285.66693,64.66956],[285.67456,64.67293],[285.66302,64.67968],[285.68495,64.67599],[285.71846,64.65568],[285.72041,64.63904],[285.7289,64.63351],[285.70571,64.62843],[285.70784,64.61501],[285.74308,64.59777],[285.73866,64.5925],[285.77398,64.56701],[285.77805,64.57936],[285.79793,64.58863],[285.8073,64.61477],[285.78489,64.63795],[285.77108,64.63955],[285.77804,64.65893],[285.76756,64.6717],[285.78186,64.66646],[285.77855,64.67455],[285.78548,64.67466],[285.81602,64.65511],[285.8337,64.65898],[285.84742,64.68121],[285.86232,64.68356],[285.87935,64.67019],[285.9063,64.67543],[285.89859,64.68216],[285.90947,64.68544],[285.90705,64.69242],[285.87974,64.70414],[285.90458,64.69758],[285.89477,64.70604],[285.91143,64.7158],[285.87268,64.72809],[285.86152,64.73946],[285.86826,64.74621],[285.88657,64.74208],[285.91314,64.75692],[285.91317,64.7489],[285.92355,64.74826],[285.92055,64.73161],[285.9411,64.73697],[285.93507,64.72751],[285.93982,64.72384],[285.97059,64.72512],[285.95073,64.70926],[285.95936,64.69913],[285.94949,64.692],[285.96069,64.6882],[285.95014,64.68561],[285.95004,64.67804],[285.9368,64.67945],[285.94077,64.66475],[285.95201,64.66278],[285.95615,64.65336],[285.93881,64.65021],[285.94375,64.64381],[285.9129,64.62143],[285.97608,64.603],[286.02781,64.57711],[286.01991,64.56069],[286.00193,64.57012],[286.00896,64.5778],[285.97242,64.58677],[285.93029,64.57874],[285.89819,64.5909],[285.86178,64.58541],[285.86155,64.57646],[285.87049,64.57301],[285.83836,64.57737],[285.83879,64.56798],[285.858,64.54831],[285.88378,64.54364],[285.90992,64.55343],[285.88567,64.55635],[285.8875,64.56928],[285.94892,64.55307],[285.96459,64.54033],[285.97985,64.54703],[286.01266,64.53581],[286.03525,64.53898],[286.03552,64.52593],[286.05954,64.51358],[286.04599,64.51453],[286.04912,64.50872],[286.03816,64.50589],[286.0182,64.52096],[285.96801,64.51757],[285.94688,64.54082],[285.9112,64.53286],[285.86683,64.53936],[285.88281,64.52755],[285.8785,64.52184],[285.92692,64.49422],[285.94472,64.49923],[285.94297,64.48791],[285.95899,64.48367],[285.93091,64.48136],[285.95479,64.47154],[285.94672,64.46197],[285.96093,64.45649],[285.96181,64.44324],[285.97693,64.4323],[285.95045,64.42022],[285.94755,64.43108],[285.92383,64.43448],[285.91121,64.42216],[285.92234,64.41034],[285.9726,64.40276],[285.98218,64.39659],[285.97168,64.39423],[285.98858,64.37445],[285.95387,64.39747],[285.91929,64.40789],[285.91401,64.4058],[285.91906,64.39688],[285.89983,64.40532],[285.90238,64.39582],[285.88968,64.39381],[285.88168,64.38218],[285.91976,64.37446],[285.91326,64.36909],[285.9205,64.35983],[285.86985,64.35729],[285.86409,64.35906],[285.88,64.36284],[285.86583,64.36832],[285.88414,64.37107],[285.85552,64.37513],[285.81618,64.36397],[285.9168,64.34796],[285.93028,64.33511],[285.91702,64.3333],[285.9101,64.34533],[285.88176,64.34253],[285.88546,64.3347],[285.87535,64.33098],[285.88405,64.32615],[285.89527,64.33358],[285.90187,64.32475],[285.94551,64.32556],[285.95835,64.3349],[285.98239,64.33197],[285.9768,64.32711],[285.99575,64.32141],[286.01184,64.3245],[285.98745,64.34277],[286.00923,64.34041],[286.00663,64.35426],[286.02819,64.35876],[286.01588,64.36731],[286.02295,64.3766],[286.00899,64.37935],[286.02705,64.38115],[285.99315,64.39117],[286.02705,64.38918],[286.04055,64.39625],[286.05153,64.38671],[286.06831,64.38937],[286.05053,64.39858],[286.06458,64.40155],[286.04298,64.40715],[286.02928,64.4209],[286.00121,64.41677],[285.98649,64.4243],[285.9932,64.42985],[285.99902,64.42102],[286.02129,64.42303],[286.04341,64.43168],[286.04998,64.44094],[286.04082,64.45355],[286.02759,64.45543],[286.04587,64.46663],[286.03895,64.48279],[286.07606,64.48919],[286.06839,64.484],[286.09836,64.45681],[286.12441,64.45671],[286.14186,64.46717],[286.11621,64.48609],[286.09064,64.49035],[286.08931,64.49945],[286.11637,64.48954],[286.13246,64.49306],[286.17728,64.47391],[286.19094,64.45807],[286.20521,64.46861],[286.22159,64.46274],[286.23732,64.46762],[286.21034,64.47137],[286.23115,64.47511],[286.20415,64.49949],[286.19325,64.48819],[286.15204,64.49951],[286.15963,64.50308],[286.14592,64.52304],[286.15227,64.5293],[286.10497,64.55543],[286.11514,64.57357],[286.08579,64.58185],[286.11769,64.5801],[286.06598,64.58608],[286.08331,64.59723],[286.06905,64.60273],[286.08185,64.60884],[286.13151,64.59658],[286.12906,64.59165],[286.16855,64.57727],[286.1733,64.57338],[286.15903,64.57087],[286.19964,64.5437],[286.21806,64.54871],[286.25118,64.53173],[286.25004,64.55069],[286.26717,64.55035],[286.28302,64.57377],[286.31453,64.56723],[286.29102,64.56957],[286.2794,64.55665],[286.36976,64.55745],[286.32158,64.57512],[286.33706,64.57928],[286.34316,64.59514],[286.37209,64.59465],[286.34099,64.60581],[286.36982,64.60577],[286.38007,64.61586],[286.36515,64.61998],[286.36958,64.62569],[286.31727,64.63608],[286.36472,64.63646],[286.34126,64.64888],[286.35292,64.65561],[286.36683,64.65557],[286.35887,64.64901],[286.42621,64.62349],[286.41907,64.61148],[286.42522,64.60398],[286.41359,64.59932],[286.42779,64.59585],[286.41233,64.58735],[286.41807,64.58144],[286.50871,64.59429],[286.51384,64.59726],[286.50762,64.61164],[286.54961,64.61445],[286.57411,64.60159],[286.566,64.59115],[286.53018,64.58725],[286.59607,64.57281],[286.61837,64.56214],[286.61184,64.55177],[286.5724,64.54542],[286.53176,64.56785],[286.46584,64.56943],[286.40586,64.55156],[286.37915,64.55399],[286.37722,64.54473],[286.42251,64.53607],[286.35164,64.53645],[286.34207,64.54058],[286.35284,64.54429],[286.33851,64.55256],[286.31855,64.54727],[286.33728,64.52799],[286.31806,64.52823],[286.32415,64.5189],[286.31508,64.51275],[286.32859,64.5056],[286.38653,64.49501],[286.43934,64.49631],[286.38814,64.49074],[286.39537,64.47459],[286.38922,64.46949],[286.40112,64.46226],[286.41777,64.46784],[286.42479,64.45031],[286.44416,64.44066],[286.40121,64.4428],[286.40378,64.45162],[286.37755,64.45887],[286.34155,64.44803],[286.33345,64.43391],[286.32186,64.43153],[286.34841,64.42293],[286.36232,64.40343],[286.33964,64.40306],[286.36361,64.38563],[286.35103,64.37886],[286.36738,64.37275],[286.34372,64.36798],[286.34723,64.36242],[286.33988,64.35589],[286.39253,64.34829],[286.33711,64.33538],[286.34911,64.33389],[286.34538,64.32981],[286.35696,64.31731],[286.38939,64.31219],[286.41226,64.31784],[286.42084,64.31091],[286.46536,64.32511],[286.42865,64.32409],[286.42427,64.32686],[286.43841,64.33371],[286.42278,64.34351],[286.45482,64.33996],[286.46205,64.34281],[286.43648,64.35216],[286.47062,64.35305],[286.49099,64.36475],[286.48214,64.37281],[286.46521,64.35784],[286.45322,64.36141],[286.45621,64.3707],[286.47222,64.37442],[286.44774,64.37718],[286.45621,64.38353],[286.44368,64.38501],[286.45971,64.39078],[286.44754,64.40144],[286.43503,64.40063],[286.47109,64.41329],[286.47491,64.42353],[286.48982,64.41896],[286.48681,64.43118],[286.5029,64.42825],[286.50406,64.43861],[286.51407,64.44319],[286.50409,64.45784],[286.51457,64.46702],[286.50683,64.47262],[286.51661,64.48246],[286.48548,64.49454],[286.48829,64.50039],[286.58149,64.50165],[286.60386,64.51456],[286.7146,64.53162],[286.7219,64.53446],[286.71799,64.54412],[286.73724,64.53925],[286.71388,64.55241],[286.71573,64.56028],[286.70316,64.57048],[286.71274,64.5883],[286.68741,64.60504],[286.6832,64.61584],[286.69075,64.62213],[286.65925,64.63767],[286.67774,64.63849],[286.67736,64.64672],[286.71698,64.65967],[286.72732,64.65441],[286.71419,64.64902],[286.7073,64.63544],[286.73726,64.63745],[286.73203,64.62806],[286.74228,64.62759],[286.74653,64.61428],[286.72561,64.59024],[286.78534,64.58781],[286.80738,64.60731],[286.8373,64.61386],[286.84193,64.62139],[286.84601,64.61538],[286.83135,64.60514],[286.8396,64.59497],[286.82779,64.5908],[286.8282,64.57777],[286.86564,64.5771],[286.82707,64.56445],[286.75579,64.55746],[286.73804,64.54707],[286.7559,64.53457],[286.72646,64.51978],[286.72672,64.51201],[286.69892,64.50827],[286.69358,64.49727],[286.61126,64.50161],[286.61333,64.48866],[286.57634,64.47051],[286.57305,64.45571],[286.58839,64.44931],[286.58532,64.4423],[286.56601,64.43891],[286.5506,64.44554],[286.54526,64.4327],[286.55385,64.42577],[286.53923,64.42052],[286.54549,64.4144],[286.53146,64.4133],[286.51999,64.39744],[286.59941,64.35801],[286.62632,64.36037],[286.64525,64.37175],[286.64086,64.38346],[286.66436,64.40899],[286.67532,64.39415],[286.75191,64.35887],[286.74151,64.34925],[286.70089,64.3779],[286.67043,64.38363],[286.67026,64.35341],[286.65242,64.3485],[286.65014,64.33174],[286.62979,64.33718],[286.62269,64.32496],[286.63211,64.32309],[286.61827,64.30828],[286.62035,64.29304],[286.62709,64.29792],[286.65323,64.29223],[286.64446,64.28703],[286.64732,64.28167],[286.63188,64.28234],[286.61998,64.27266],[286.63663,64.2613],[286.66081,64.25389],[286.74582,64.25494],[286.75445,64.25853],[286.75009,64.26589],[286.75651,64.27441],[286.74749,64.28362],[286.72404,64.29814],[286.68346,64.30251],[286.69457,64.31124],[286.76296,64.30078],[286.74849,64.31295],[286.78525,64.32487],[286.78716,64.3325],[286.8205,64.32985],[286.77988,64.30953],[286.78759,64.3014],[286.77441,64.29464],[286.78941,64.28913],[286.78621,64.28029],[286.82116,64.27725],[286.88722,64.29454],[286.91491,64.28178],[286.87001,64.27092],[286.86773,64.26029],[286.90515,64.26008],[286.88305,64.25089],[286.91498,64.24929],[286.90227,64.23594],[286.9416,64.22254],[286.94675,64.22299],[286.94022,64.23323],[286.92216,64.23634],[286.93488,64.24741],[286.99058,64.24064],[286.98354,64.23691],[286.99455,64.23006],[286.98376,64.22434],[286.96838,64.2342],[286.97096,64.24141],[286.95433,64.23818],[286.9511,64.23392],[286.97378,64.2127],[286.94964,64.21259],[286.96827,64.19761],[286.92574,64.19304],[286.92137,64.18689],[286.92905,64.18082],[286.96077,64.17281],[286.95446,64.18215],[286.97632,64.19452],[287.00293,64.18125],[287.02027,64.18816],[287.0906,64.16917],[287.11931,64.17449],[287.12848,64.17099],[287.12228,64.16341],[287.15449,64.15995],[287.10227,64.15434],[287.1045,64.14186],[287.12016,64.13977],[287.1074,64.13352],[287.12172,64.12314],[287.07034,64.10704],[287.07902,64.10329],[287.07355,64.09963],[287.09525,64.09848],[287.12727,64.11698],[287.15124,64.10312],[287.13942,64.10216],[287.13565,64.09789],[287.1454,64.09395],[287.13566,64.08829],[287.15368,64.08721],[287.15184,64.09559],[287.16089,64.09963],[287.16662,64.08295],[287.13452,64.08161],[287.13186,64.07464],[287.07894,64.09185],[287.06942,64.08528],[287.07711,64.08126],[287.07064,64.07504],[287.05005,64.06662],[287.0486,64.05673],[287.08302,64.04035],[287.10334,64.04052],[287.09984,64.04929],[287.12143,64.05317],[287.11441,64.06134],[287.14009,64.05143],[287.15718,64.04963],[287.15989,64.05638],[287.18149,64.05065],[287.14173,64.03916],[287.1199,64.0435],[287.12893,64.03565],[287.11348,64.02997],[287.14092,64.03038],[287.11938,64.0245],[287.13691,64.02066],[287.13037,64.01719],[287.19969,64.00522],[287.19835,64.02346],[287.20408,64.02346],[287.22467,64.01265],[287.22742,64.00225],[287.27008,63.99999],[287.27291,63.9883],[287.26516,63.984],[287.27927,63.96433],[287.30295,63.95568],[287.35466,63.96541],[287.37562,63.97702],[287.36499,63.99366],[287.34838,63.99999],[287.42462,63.99735],[287.40214,63.99141],[287.40424,63.97937],[287.4183,63.96747],[287.44633,63.962],[287.41166,63.95293],[287.43802,63.95586],[287.44779,63.94833],[287.37644,63.94199],[287.36133,63.93],[287.36535,63.92264],[287.3857,63.92252],[287.389,63.91787],[287.37642,63.9122],[287.40329,63.87299],[287.38032,63.86932],[287.36874,63.84397],[287.36156,63.84361],[287.36781,63.83957],[287.39772,63.84246],[287.4142,63.85704],[287.41655,63.87],[287.44223,63.87931],[287.43667,63.85657],[287.46208,63.84272],[287.51252,63.84455],[287.52497,63.83853],[287.51331,63.83336],[287.52033,63.83028],[287.50895,63.82604],[287.50995,63.81807],[287.54305,63.81651],[287.54793,63.82179],[287.54159,63.82836],[287.57535,63.81192],[287.55298,63.80807],[287.54049,63.79599],[287.48455,63.79366],[287.52233,63.7818],[287.57692,63.79344],[287.5141,63.77543],[287.5367,63.77014],[287.57091,63.78444],[287.6137,63.77097],[287.62786,63.78678],[287.64077,63.77459],[287.6521,63.77491],[287.66137,63.78338],[287.65376,63.79309],[287.60525,63.81271],[287.67997,63.84179],[287.67615,63.84871],[287.69105,63.85561],[287.69953,63.8716],[287.68859,63.88],[287.69039,63.89154],[287.72177,63.88459],[287.73547,63.86922],[287.75743,63.86661],[287.78481,63.87571],[287.77377,63.89304],[287.74859,63.89596],[287.73503,63.90653],[287.7398,63.92714],[287.76256,63.95296],[287.7188,63.97789],[287.69648,63.95872],[287.7024,63.94756],[287.67661,63.95478],[287.70068,63.9919],[287.68469,63.98907],[287.66153,63.99999],[287.70929,63.99919],[287.77774,63.95484],[287.78334,63.9448],[287.77416,63.93435],[287.78853,63.9422],[287.79231,63.92118],[287.77806,63.90722],[287.79471,63.89038],[287.82881,63.87437],[287.81046,63.84327],[287.80008,63.84323],[287.7921,63.82292],[287.78281,63.82064],[287.77989,63.80722],[287.75182,63.79281],[287.76635,63.76122],[287.78221,63.74938],[287.73425,63.734],[287.69552,63.73992],[287.67796,63.7315],[287.68232,63.72438],[287.70226,63.72948],[287.71388,63.72225],[287.77444,63.71785],[287.76136,63.71425],[287.77015,63.71009],[287.71914,63.7177],[287.68145,63.71334],[287.72115,63.70543],[287.70002,63.69683],[287.74169,63.7039],[287.76397,63.69948],[287.74804,63.69069],[287.74424,63.67676],[287.75329,63.67147],[287.75257,63.65975],[287.81763,63.67228],[287.81916,63.73374],[287.83389,63.7285],[287.83715,63.74057],[287.81539,63.75761],[287.82195,63.76045],[287.80396,63.76623],[287.8302,63.77115],[287.83531,63.75238],[287.91259,63.71529],[287.93734,63.68966],[287.93216,63.67682],[287.94728,63.68051],[287.94178,63.71208],[287.93389,63.71263],[287.93661,63.72347],[287.94432,63.71625],[287.9412,63.73175],[287.94926,63.7477],[287.95903,63.73717],[287.95101,63.72534],[287.96551,63.70793],[287.95275,63.69863],[287.96998,63.68707],[287.95979,63.67354],[287.95055,63.67333],[287.96218,63.66358],[287.9764,63.66882],[287.96962,63.6756],[287.98593,63.67431],[287.99554,63.68598],[288.0447,63.68987],[288.04286,63.69986],[288.05793,63.70605],[288.02999,63.71712],[288.04019,63.71553],[288.04476,63.73338],[288.08661,63.72249],[288.06205,63.71266],[288.07554,63.70366],[288.06639,63.69866],[288.07793,63.68912],[288.08331,63.69257],[288.07774,63.69745],[288.09207,63.69046],[288.0897,63.69836],[288.10029,63.69724],[288.09819,63.6754],[288.08535,63.66634],[288.06169,63.67257],[288.04231,63.65633],[288.05059,63.64526],[288.08275,63.64881],[288.09581,63.64369],[288.09793,63.63463],[288.11627,63.63776],[288.10081,63.65537],[288.12287,63.66028],[288.11885,63.67749],[288.1407,63.67231],[288.13778,63.6605],[288.14985,63.66403],[288.14453,63.68027],[288.13098,63.68744],[288.14007,63.69495],[288.13282,63.70172],[288.16899,63.71276],[288.15828,63.73219],[288.13537,63.72839],[288.1193,63.73521],[288.16738,63.7397],[288.1847,63.76315],[288.08797,63.73652],[288.08018,63.74326],[288.11636,63.76324],[288.10057,63.77099],[288.08313,63.76148],[288.08411,63.75512],[288.06078,63.75313],[288.06323,63.73835],[288.03515,63.74553],[288.05353,63.75531],[288.0436,63.76011],[288.05718,63.77929],[288.0884,63.7963],[288.08042,63.80371],[288.07599,63.84883],[288.09428,63.86593],[288.10629,63.85686],[288.10286,63.84274],[288.11216,63.8363],[288.09742,63.8196],[288.11895,63.80959],[288.119,63.79174],[288.15757,63.78183],[288.16675,63.81361],[288.1759,63.80327],[288.16959,63.77917],[288.19401,63.78325],[288.21385,63.77362],[288.20701,63.76736],[288.24143,63.75953],[288.24372,63.74956],[288.27468,63.73629],[288.23054,63.74164],[288.21052,63.73204],[288.24204,63.72087],[288.22983,63.71552],[288.24224,63.70646],[288.25665,63.71123],[288.29016,63.70243],[288.31305,63.71535],[288.29827,63.73713],[288.35401,63.74669],[288.36425,63.73113],[288.33825,63.72494],[288.34246,63.71094],[288.32817,63.68284],[288.30534,63.67656],[288.33125,63.66695],[288.34314,63.66679],[288.34002,63.67833],[288.35585,63.67445],[288.37117,63.65911],[288.36148,63.65868],[288.37143,63.6534],[288.36811,63.64753],[288.3987,63.63286],[288.40785,63.64265],[288.42166,63.64074],[288.4227,63.64765],[288.39988,63.67595],[288.35621,63.6866],[288.37901,63.69081],[288.37963,63.71098],[288.40501,63.71759],[288.43773,63.71215],[288.43725,63.70504],[288.39971,63.69516],[288.46138,63.67543],[288.48071,63.70465],[288.5214,63.71213],[288.49855,63.6846],[288.46838,63.67643],[288.45665,63.66653],[288.45922,63.65497],[288.44491,63.65206],[288.46031,63.63145],[288.47393,63.63272],[288.46794,63.64117],[288.48165,63.6397],[288.49066,63.62453],[288.50883,63.61685],[288.47123,63.60828],[288.45504,63.61727],[288.4623,63.60384],[288.48227,63.59258],[288.47187,63.58847],[288.46221,63.59491],[288.45311,63.56865],[288.49388,63.5702],[288.4965,63.57467],[288.48471,63.57918],[288.53735,63.57117],[288.55098,63.57703],[288.56015,63.57033],[288.56535,63.57948],[288.55706,63.5869],[288.57398,63.58236],[288.58263,63.56855],[288.59388,63.5759],[288.60544,63.56998],[288.59765,63.58224],[288.60588,63.59174],[288.59537,63.59037],[288.5903,63.58055],[288.5875,63.59347],[288.55879,63.59544],[288.62979,63.60714],[288.62042,63.6006],[288.64273,63.59972],[288.64913,63.60342],[288.62369,63.61882],[288.64233,63.63265],[288.64095,63.6271],[288.65844,63.63196],[288.67336,63.62481],[288.65677,63.61816],[288.65843,63.61045],[288.64624,63.61039],[288.67309,63.60924],[288.65956,63.60272],[288.6637,63.59786],[288.64508,63.59593],[288.65045,63.59249],[288.6725,63.59755],[288.6827,63.60814],[288.65563,63.57555],[288.62328,63.57304],[288.66472,63.55466],[288.70578,63.55479],[288.70752,63.57317],[288.69368,63.58265],[288.73533,63.60683],[288.76374,63.60138],[288.77228,63.60722],[288.80518,63.59258],[288.73297,63.58888],[288.76767,63.57295],[288.74597,63.57112],[288.74807,63.56115],[288.777,63.55549],[288.74067,63.54757],[288.74304,63.53394],[288.71498,63.5259],[288.72681,63.5209],[288.71197,63.51593],[288.70677,63.52349],[288.65708,63.52322],[288.64711,63.52188],[288.6512,63.50993],[288.64465,63.50942],[288.63926,63.52017],[288.59807,63.53992],[288.57146,63.54427],[288.56214,63.53517],[288.53857,63.53736],[288.5524,63.5304],[288.52256,63.51904],[288.54747,63.52241],[288.57103,63.50603],[288.61042,63.51596],[288.62568,63.50701],[288.60436,63.50838],[288.61207,63.50116],[288.65043,63.50394],[288.66492,63.49609],[288.66217,63.4898],[288.63021,63.49781],[288.63334,63.49039],[288.61247,63.48264],[288.62104,63.47614],[288.60309,63.47148],[288.55352,63.47804],[288.51336,63.47195],[288.50857,63.46808],[288.5185,63.46485],[288.50928,63.45781],[288.51368,63.45411],[288.46001,63.46069],[288.4638,63.44346],[288.47893,63.43748],[288.42369,63.43047],[288.4172,63.42744],[288.43375,63.42199],[288.42954,63.41791],[288.41237,63.41921],[288.40066,63.40976],[288.09777,63.44363],[288.03556,63.44256],[288.05746,63.43648],[288.04323,63.43605],[287.9852,63.44546],[287.97849,63.44353],[287.98074,63.43402],[287.96476,63.42799],[287.94744,63.4384],[287.88465,63.43976],[287.9019,63.42753],[287.96746,63.41874],[287.93953,63.41351],[287.93969,63.40206],[288.02711,63.38696],[288.01593,63.40407],[288.03103,63.4073],[288.01615,63.42492],[288.03402,63.42073],[288.04374,63.41202],[288.03918,63.40745],[288.06021,63.394],[288.0702,63.39722],[288.06527,63.40524],[288.1029,63.40172],[288.07389,63.40335],[288.0816,63.38997],[288.06765,63.38404],[288.10616,63.38767],[288.0987,63.37793],[288.12518,63.38054],[288.13211,63.37262],[288.22794,63.36672],[288.2657,63.38034],[288.25017,63.38353],[288.23597,63.40556],[288.25605,63.40945],[288.29397,63.40681],[288.25118,63.39938],[288.27405,63.37958],[288.25968,63.36862],[288.30032,63.36955],[288.30497,63.36701],[288.2723,63.35568],[288.32148,63.3389],[288.17667,63.34536],[288.22648,63.33047],[288.20923,63.32784],[288.2142,63.32395],[288.29327,63.30786],[288.25672,63.30047],[288.23606,63.28601],[288.29732,63.27392],[288.29779,63.26501],[288.24555,63.26881],[288.22846,63.25887],[288.30498,63.24427],[288.33382,63.25633],[288.30942,63.26989],[288.33351,63.25998],[288.3801,63.26322],[288.37007,63.25568],[288.39222,63.24292],[288.3304,63.24656],[288.31603,63.23125],[288.25891,63.25018],[288.25454,63.24701],[288.27007,63.23901],[288.24789,63.23365],[288.27013,63.2184],[288.30056,63.21635],[288.31976,63.22363],[288.32058,63.20856],[288.32798,63.20499],[288.32296,63.1979],[288.37216,63.1889],[288.30448,63.18744],[288.33319,63.16561],[288.35447,63.16795],[288.35894,63.15693],[288.3898,63.15717],[288.38327,63.14085],[288.36375,63.13515],[288.48396,63.12038],[288.51271,63.13493],[288.5221,63.12894],[288.51928,63.11851],[288.53134,63.11423],[288.51088,63.11287],[288.50994,63.1055],[288.5738,63.09549],[288.59487,63.0987],[288.61422,63.11235],[288.60554,63.11747],[288.61042,63.12547],[288.64346,63.14636],[288.66291,63.15018],[288.64779,63.14265],[288.64947,63.13472],[288.61638,63.11886],[288.63946,63.10544],[288.66367,63.1058],[288.62339,63.09536],[288.63179,63.08198],[288.62528,63.07689],[288.58952,63.07396],[288.60479,63.04967],[288.68756,63.03288],[288.70621,63.03299],[288.70202,63.03854],[288.75671,63.03035],[288.77964,63.01208],[288.75807,63.00911],[288.80607,62.99627],[288.82097,62.99735],[288.81678,63.00061],[288.82434,63.0055],[288.81642,63.00975],[288.83563,63.01193],[288.8211,63.02872],[288.83528,63.04328],[288.83268,63.06834],[288.85582,63.0787],[288.86651,63.09814],[288.8789,63.08195],[288.85128,63.05883],[288.85625,63.05674],[288.93071,63.06304],[288.94568,63.08403],[288.94805,63.06971],[288.96608,63.0629],[289.0061,63.06728],[289.01869,63.05978],[289.05147,63.10093],[289.03228,63.1212],[289.04199,63.14631],[289.13339,63.16301],[289.14058,63.15987],[289.08306,63.14339],[289.08344,63.13631],[289.10809,63.12929],[289.08815,63.10973],[289.14402,63.11104],[289.16387,63.12602],[289.19998,63.13018],[289.18545,63.12687],[289.1893,63.12268],[289.16303,63.10426],[289.09111,63.09726],[289.07709,63.08114],[289.07289,63.05374],[289.04455,63.0439],[289.01166,63.04691],[289.00701,63.04489],[289.01524,63.03905],[289.00575,63.02333],[288.99106,63.0186],[288.87639,63.02966],[288.90419,62.99191],[288.88313,62.98897],[288.89326,62.98619],[288.89373,62.97637],[288.91072,62.97204],[288.94203,62.98158],[288.94834,62.97772],[288.93636,62.97219],[288.94998,62.96703],[288.98938,62.97391],[288.98021,62.98201],[288.98812,62.99034],[289.0326,62.98186],[289.03265,62.99948],[289.01695,63.00754],[289.02173,63.01139],[289.04119,63.01745],[289.12836,63.01501],[289.15937,63.02929],[289.15744,63.03928],[289.14388,63.04675],[289.15005,63.05134],[289.18165,63.05829],[289.19157,63.05629],[289.16685,63.04538],[289.16773,63.02253],[289.12839,63.00449],[289.06882,63.00255],[289.06882,62.97944],[289.12331,62.96584],[289.08047,62.96366],[289.08845,62.95368],[289.07856,62.95031],[289.0223,62.96519],[289.0171,62.95079],[289.00608,62.94805],[289.06584,62.94591],[289.07606,62.92962],[289.08652,62.92752],[289.10449,62.93076],[289.10076,62.94732],[289.14991,62.94014],[289.15196,62.94777],[289.12644,62.94972],[289.15003,62.95776],[289.16908,62.95028],[289.16303,62.94775],[289.16813,62.94475],[289.18006,62.94546],[289.18666,62.95556],[289.19665,62.95595],[289.20407,62.94344],[289.19376,62.93433],[289.20256,62.93033],[289.25918,62.93119],[289.29613,62.9244],[289.26049,62.9269],[289.25712,62.91555],[289.18114,62.92674],[289.17352,62.91934],[289.13891,62.92688],[289.1231,62.9203],[289.19484,62.89456],[289.28287,62.88819],[289.29042,62.89603],[289.37962,62.87776],[289.38441,62.88696],[289.40274,62.87476],[289.41685,62.87438],[289.42576,62.88318],[289.43772,62.8754],[289.44394,62.8825],[289.5139,62.8673],[289.4897,62.88744],[289.53471,62.86305],[289.55694,62.86205],[289.55312,62.85702],[289.60331,62.82946],[289.57676,62.83237],[289.61631,62.81828],[289.61772,62.82725],[289.62984,62.82381],[289.64506,62.81407],[289.63978,62.80999],[289.65624,62.80739],[289.67979,62.78996],[289.70371,62.79037],[289.71115,62.79933],[289.76428,62.76077],[289.80382,62.74846],[289.82889,62.7537],[289.8484,62.74456],[289.82078,62.74267],[289.84001,62.73809],[289.86496,62.744],[289.83039,62.77136],[289.84173,62.77519],[289.87293,62.74702],[289.89717,62.7513],[289.91716,62.74217],[289.91716,62.77212],[289.93309,62.75438],[289.94672,62.75348],[289.9431,62.75725],[289.95278,62.76215],[289.94609,62.76329],[289.97182,62.77081],[289.96438,62.76141],[289.98213,62.75974],[289.98782,62.74942],[290.02747,62.75718],[290.03351,62.76607],[290.01396,62.77569],[289.99241,62.77312],[290.00737,62.77935],[289.97396,62.79421],[290.01092,62.80347],[290.03086,62.81955],[290.01561,62.81758],[290.04993,62.83726],[290.05518,62.85116],[290.07798,62.86495],[290.0846,62.85833],[290.07681,62.83817],[290.0684,62.84063],[290.05538,62.82213],[290.05982,62.81634],[290.04522,62.80465],[290.05261,62.79918],[290.03621,62.79245],[290.05177,62.79206],[290.06134,62.77616],[290.06806,62.7933],[290.07813,62.79593],[290.11147,62.7687],[290.10549,62.76553],[290.11061,62.75541],[290.12289,62.75034],[290.14763,62.75162],[290.1245,62.76525],[290.11186,62.78494],[290.12503,62.77761],[290.13278,62.78221],[290.14333,62.76931],[290.13567,62.76722],[290.16439,62.75606],[290.16946,62.75874],[290.16059,62.77377],[290.18518,62.75721],[290.20027,62.76593],[290.21635,62.75251],[290.20266,62.7539],[290.21372,62.74694],[290.21937,62.72998],[290.24201,62.72226],[290.2509,62.72919],[290.24219,62.74033],[290.16754,62.78977],[290.12905,62.83694],[290.13885,62.85076],[290.16572,62.81393],[290.17848,62.82807],[290.21318,62.83012],[290.18247,62.825],[290.23368,62.78851],[290.2759,62.79011],[290.26773,62.79441],[290.27435,62.80011],[290.30461,62.76909],[290.32062,62.77532],[290.33647,62.76303],[290.34103,62.76591],[290.33428,62.77416],[290.36926,62.7739],[290.35018,62.74838],[290.31601,62.75003],[290.33691,62.73402],[290.36169,62.7464],[290.39207,62.73851],[290.39229,62.76686],[290.38203,62.77202],[290.39392,62.78587],[290.38729,62.80326],[290.39607,62.80468],[290.40599,62.7986],[290.39933,62.7897],[290.42003,62.77824],[290.41171,62.76381],[290.41767,62.75737],[290.4629,62.76861],[290.48716,62.75976],[290.50928,62.76204],[290.51989,62.77471],[290.54249,62.76694],[290.52779,62.75827],[290.53266,62.75568],[290.57676,62.7577],[290.58414,62.75153],[290.60935,62.76348],[290.62405,62.76187],[290.61299,62.74509],[290.50437,62.7411],[290.48007,62.72001],[290.47009,62.72678],[290.45887,62.71844],[290.47132,62.70169],[290.45497,62.69432],[290.45974,62.69241],[290.52409,62.70514],[290.52271,62.72818],[290.54352,62.71533],[290.54653,62.70491],[290.57906,62.7107],[290.58023,62.69223],[290.54148,62.69173],[290.5573,62.67874],[290.54415,62.66988],[290.5044,62.67986],[290.47733,62.67445],[290.46705,62.66316],[290.45641,62.66786],[290.44683,62.66207],[290.45614,62.65962],[290.45084,62.65511],[290.41309,62.65484],[290.44573,62.64261],[290.4657,62.62518],[290.48044,62.62632],[290.46566,62.65238],[290.48423,62.65455],[290.50407,62.62774],[290.53311,62.63298],[290.5378,62.62809],[290.50768,62.61666],[290.53527,62.61476],[290.5275,62.5999],[290.51663,62.59613],[290.53716,62.58466],[290.5341,62.57839],[290.55763,62.5734],[290.54946,62.56469],[290.58386,62.54266],[290.58344,62.54905],[290.59501,62.55123],[290.57605,62.6039],[290.55712,62.63189],[290.57617,62.63064],[290.58237,62.61827],[290.59239,62.62496],[290.61622,62.62157],[290.61973,62.6283],[290.64041,62.62252],[290.61025,62.61818],[290.60139,62.60718],[290.61897,62.60223],[290.5987,62.57053],[290.61684,62.56149],[290.62293,62.56395],[290.61094,62.57159],[290.63208,62.56583],[290.65563,62.5254],[290.66268,62.53864],[290.67771,62.52675],[290.68006,62.54533],[290.69004,62.54837],[290.6695,62.56763],[290.67276,62.57619],[290.65685,62.60108],[290.66844,62.60691],[290.6703,62.61839],[290.64325,62.62352],[290.6443,62.63018],[290.68076,62.62167],[290.68675,62.6143],[290.67843,62.60994],[290.68807,62.60498],[290.66715,62.59841],[290.67614,62.59091],[290.67259,62.58441],[290.69026,62.57511],[290.72516,62.58802],[290.72233,62.61193],[290.74924,62.6399],[290.76511,62.64097],[290.75623,62.63174],[290.76488,62.62549],[290.74802,62.60925],[290.7488,62.58208],[290.72513,62.57751],[290.70973,62.55992],[290.71288,62.54081],[290.69702,62.5303],[290.70273,62.52132],[290.72009,62.51749],[290.70871,62.5103],[290.72284,62.49404],[290.74529,62.49264],[290.73303,62.48474],[290.75707,62.47882],[290.76968,62.46616],[290.76675,62.45511],[290.80192,62.44699],[290.80491,62.43588],[290.81984,62.4386],[290.82269,62.45033],[290.84326,62.4443],[290.84783,62.43232],[290.86312,62.4323],[290.85722,62.42848],[290.86135,62.41968],[290.89105,62.40773],[290.90141,62.41511],[290.92201,62.41227],[290.92499,62.40458],[290.93576,62.41265],[290.94861,62.40867],[290.93764,62.40585],[290.95024,62.38861],[290.99027,62.38767],[290.98002,62.38693],[291.0231,62.37373],[291.01932,62.3686],[291.0292,62.36064],[291.04704,62.37895],[291.08347,62.36738],[291.06999,62.38049],[291.07536,62.38475],[291.08685,62.37181],[291.09487,62.37454],[291.12658,62.35323],[291.14078,62.35384],[291.15031,62.36826],[291.14408,62.37083],[291.15402,62.37407],[291.1443,62.40876],[291.16999,62.42817],[291.20008,62.43216],[291.20656,62.45175],[291.22281,62.46017],[291.17894,62.47958],[291.15051,62.50555],[291.14552,62.52187],[291.15108,62.52887],[291.14465,62.53281],[291.15135,62.54646],[291.1414,62.57064],[291.1541,62.58011],[291.15558,62.60002],[291.1627,62.59861],[291.15201,62.57297],[291.16806,62.55147],[291.15754,62.53657],[291.16037,62.50581],[291.20069,62.47978],[291.22334,62.48076],[291.24305,62.45612],[291.19827,62.42275],[291.17071,62.41837],[291.16344,62.40538],[291.16814,62.38335],[291.19639,62.37382],[291.18295,62.37095],[291.18434,62.36367],[291.23617,62.37463],[291.25387,62.36663],[291.21139,62.35982],[291.21745,62.35449],[291.19276,62.34722],[291.19599,62.34091],[291.20803,62.33894],[291.21025,62.34494],[291.2423,62.33207],[291.25752,62.33635],[291.27606,62.32106],[291.2924,62.32423],[291.29592,62.33185],[291.31954,62.33154],[291.28822,62.36752],[291.2876,62.40154],[291.29809,62.42099],[291.30057,62.37949],[291.30755,62.37875],[291.30486,62.38896],[291.32739,62.38588],[291.31322,62.37661],[291.32397,62.35655],[291.31072,62.35622],[291.33799,62.33772],[291.32952,62.33454],[291.33686,62.33061],[291.33344,62.32208],[291.28992,62.31617],[291.29773,62.30423],[291.3296,62.30051],[291.32306,62.31427],[291.34273,62.30997],[291.33888,62.30097],[291.36283,62.28924],[291.35938,62.28093],[291.38794,62.27594],[291.38295,62.27239],[291.39338,62.26282],[291.41112,62.26212],[291.40225,62.28794],[291.42445,62.29557],[291.418,62.28331],[291.42832,62.27032],[291.42453,62.26063],[291.46335,62.24697],[291.48113,62.25014],[291.4802,62.25834],[291.49436,62.25457],[291.49037,62.2595],[291.55515,62.24119],[291.55706,62.2506],[291.57707,62.24697],[291.60006,62.23381],[291.61186,62.2334],[291.61086,62.24274],[291.61765,62.24335],[291.67439,62.23508],[291.66824,62.24224],[291.68221,62.23526],[291.71337,62.23711],[291.73556,62.22643],[291.73142,62.21446],[291.73799,62.21255],[291.74969,62.22241],[291.76872,62.22306],[291.77477,62.22137],[291.77163,62.21376],[291.78589,62.21317],[291.79144,62.22585],[291.76473,62.2522],[291.77371,62.25537],[291.73425,62.2812],[291.72322,62.30676],[291.74606,62.29494],[291.74709,62.28035],[291.78558,62.25906],[291.78706,62.24471],[291.80747,62.22712],[291.83528,62.2186],[291.83927,62.22758],[291.86153,62.22533],[291.86414,62.21397],[291.8798,62.20906],[291.90196,62.21753],[291.92788,62.20781],[291.92186,62.21933],[291.9532,62.2193],[291.95812,62.229],[291.96958,62.22193],[291.95577,62.21296],[291.95929,62.20185],[292.01777,62.18891],[292.03193,62.215],[292.05711,62.19703],[292.06156,62.21218],[292.08853,62.21159],[292.08689,62.20288],[292.0733,62.19644],[292.09194,62.1959],[292.1006,62.18694],[292.12565,62.19109],[292.12559,62.20776],[292.13878,62.18657],[292.1622,62.18702],[292.17603,62.2019],[292.20599,62.19495],[292.23959,62.20222],[292.24241,62.20912],[292.28575,62.21153],[292.27934,62.21781],[292.28631,62.22205],[292.31286,62.21501],[292.28851,62.20793],[292.28677,62.19968],[292.27767,62.20316],[292.21372,62.18505],[292.24509,62.16191],[292.30407,62.15207],[292.28979,62.16481],[292.30887,62.15877],[292.3187,62.16375],[292.31049,62.1741],[292.35162,62.16161],[292.36229,62.15085],[292.37382,62.15312],[292.36723,62.16761],[292.38564,62.15789],[292.39657,62.16745],[292.38821,62.17392],[292.41177,62.16682],[292.43482,62.17179],[292.44711,62.1647],[292.45248,62.17689],[292.49582,62.18495],[292.50192,62.18209],[292.47586,62.17839],[292.48268,62.15368],[292.52122,62.13562],[292.56088,62.13401],[292.54201,62.14442],[292.58145,62.13938],[292.60278,62.14772],[292.62597,62.14445],[292.63717,62.15787],[292.63571,62.15076],[292.64831,62.15257],[292.64073,62.14286],[292.64764,62.13544],[292.7255,62.12505],[292.7207,62.11698],[292.68536,62.11345],[292.69976,62.10318],[292.68913,62.09525],[292.70313,62.08361],[292.70634,62.06631],[292.76254,62.07038],[292.80347,62.09109],[292.75395,62.1159],[292.7767,62.11831],[292.77566,62.11235],[292.81205,62.10081],[292.84351,62.11132],[292.85496,62.10784],[292.8358,62.10276],[292.84171,62.09486],[292.82479,62.08571],[292.83083,62.07576],[292.84244,62.06977],[292.88741,62.07454],[292.87064,62.06311],[292.87254,62.04944],[292.88609,62.04325],[292.89187,62.04401],[292.87994,62.05503],[292.89044,62.05838],[292.90331,62.0476],[292.92387,62.04584],[292.91769,62.04348],[292.92255,62.03624],[292.95994,62.03723],[292.96785,62.02752],[292.97627,62.04042],[293.01106,62.03634],[293.05499,62.04971],[293.05533,62.03625],[293.02145,62.02575],[293.03004,62.02062],[293.10616,62.03213],[293.0966,62.0457],[293.06301,62.04594],[293.07154,62.0497],[293.07359,62.06411],[293.08183,62.06467],[293.1402,62.02389],[293.16042,62.03579],[293.16294,62.02405],[293.17358,62.01973],[293.17882,62.03716],[293.18466,62.01989],[293.20133,62.01736],[293.20619,62.00874],[293.22022,62.0185],[293.21401,62.03394],[293.22044,62.04087],[293.23567,62.01184],[293.29194,62.01365],[293.3154,62.00183],[293.30236,61.99118],[293.28294,61.99118],[293.32164,61.98478],[293.32353,61.99508],[293.33228,61.99495],[293.342,61.98547],[293.33518,61.97649],[293.34939,61.97392],[293.32945,61.96825],[293.3542,61.9653],[293.36517,61.97843],[293.39232,61.9696],[293.41183,61.97735],[293.44741,61.96426],[293.36691,61.95403],[293.38757,61.94833],[293.38648,61.93143],[293.43517,61.93674],[293.45963,61.92195],[293.49175,61.91909],[293.48475,61.91331],[293.52862,61.89664],[293.54312,61.89701],[293.54404,61.90888],[293.53555,61.91451],[293.54785,61.92102],[293.56868,61.89932],[293.61227,61.88764],[293.66886,61.9119],[293.61205,61.88171],[293.66639,61.87788],[293.6699,61.8868],[293.70129,61.86426],[293.72791,61.8759],[293.71686,61.86189],[293.72523,61.85808],[293.77399,61.85986],[293.77757,61.86765],[293.79143,61.8591],[293.79489,61.87008],[293.81165,61.86131],[293.84722,61.8673],[293.85808,61.86122],[293.85879,61.86853],[293.87976,61.87736],[293.90342,61.8643],[293.93593,61.86959]]]]}}