{"type":"Feature","properties":{"name":"Indian Ocean (GOaS)","source":"Flanders Marine Institute (VLIZ), Marine Regions, Global Oceans and Seas v1","source_url":"https://www.marineregions.org/sources.php#goas","license":"CC-BY 4.0","components":["Indian Ocean"],"retrieved":"2026-10-02","note":"North of 60S; includes the Red Sea, the Persian Gulf and the Arabian Sea, excludes the Indonesian archipelagic seas (GOaS puts those in their own region). Interior rings dropped (land inside the region is excluded by sst_daily holding ocean cells only). Longitudes are continuous across the region, on the 0-360 frame where the region allows and as negative degrees east where it crosses the prime meridian.","simplify_tolerance_deg":0.05,"outer_area_km2":78941270,"cells":2823600,"cells_moved_by_simplification":3268},"geometry":{"type":"MultiPolygon","coordinates":[[[[55.64006,26.980148],[56.663808,27.184853],[56.810186,27.135715],[56.874081,27.006989],[56.929023,26.994282],[56.930057,27.023082],[56.943919,27.009809],[56.942144,27.018294],[56.953125,27.013951],[56.953125,27.026228],[56.957279,27.019075],[56.958437,27.029213],[56.96498,27.028825],[56.913601,26.955477],[57.065992,26.687624],[57.06184,26.373281],[57.221733,26.171323],[57.188123,26.035605],[57.304688,25.787667],[57.698564,25.762442],[57.789906,25.701277],[57.764068,25.635644],[57.950697,25.700116],[58.113812,25.558623],[58.802047,25.571957],[59.087692,25.402238],[59.252844,25.434034],[59.224856,25.464214],[59.133898,25.41893],[59.115267,25.434379],[59.139403,25.49017],[59.151383,25.46133],[59.172964,25.500298],[59.185136,25.506907],[59.196876,25.507195],[59.158522,25.446739],[59.259295,25.495062],[59.261454,25.437436],[59.450818,25.47179],[59.606229,25.389539],[60.197266,25.32425],[60.276193,25.388642],[60.467351,25.287183],[60.406002,25.374834],[60.538024,25.44231],[60.608907,25.284936],[61.421679,25.05871],[61.47959,25.183802],[61.574073,25.179778],[61.560137,25.194689],[61.562062,25.220206],[61.573007,25.225209],[61.549389,25.228506],[61.546944,25.231034],[61.548571,25.238263],[61.573721,25.227839],[61.578151,25.178593],[61.660278,25.170509],[61.668785,25.173336],[61.66094,25.188623],[61.663555,25.192294],[61.70023,25.193216],[61.694691,25.209592],[61.734125,25.254902],[61.702249,25.193628],[61.683069,25.17872],[61.662809,25.190425],[61.74493,25.135019],[61.781511,25.169272],[61.725081,25.030938],[61.779047,25.014278],[61.895838,25.105718],[62.093973,25.100291],[62.060408,25.177876],[62.167866,25.220703],[62.306618,25.174011],[62.257698,25.104846],[62.374777,25.094167],[62.346684,25.174052],[62.534218,25.268136],[63.494875,25.205392],[63.450946,25.298203],[63.573085,25.367707],[64.054119,25.326384],[64.041597,25.408753],[63.95768,25.403571],[64.120068,25.476671],[64.178713,25.441868],[64.071172,25.395508],[64.08919,25.326196],[64.571464,25.263084],[64.592102,25.154546],[64.76698,25.319754],[65.191988,25.303258],[65.270222,25.379026],[65.642229,25.354103],[66.285273,25.468192],[66.52154,25.40502],[66.523882,25.490785],[66.245969,25.548992],[66.393733,25.581434],[66.542606,25.511348],[66.549391,25.3626],[66.746393,25.185659],[66.66555,24.825101],[66.853833,24.86102],[66.982013,24.784703],[66.914053,24.841883],[66.965869,24.870317],[67.081133,24.747669],[67.104843,24.76187],[67.081809,24.792643],[67.078711,24.803659],[67.08214,24.812716],[67.217712,24.814943],[67.328342,24.764307],[67.445663,24.777809],[67.528308,24.74866],[67.433349,24.771939],[67.379151,24.715232],[67.419593,24.712371],[67.387595,24.701906],[67.468896,24.658854],[67.475143,24.644544],[67.473725,24.619394],[67.29714,24.575415],[67.412111,24.599556],[67.477702,24.56332],[67.378425,24.569361],[67.330052,24.460125],[67.371074,24.467111],[67.39317,24.515329],[67.420511,24.516551],[67.37934,24.467537],[67.514153,24.409292],[67.467623,24.404772],[67.424604,24.325976],[67.481721,24.323926],[67.508889,24.361764],[67.513042,24.36526],[67.531146,24.37144],[67.575828,24.336283],[67.437678,24.3011],[67.513265,24.271648],[67.429669,24.240236],[67.460412,24.189903],[67.357541,24.235072],[67.431992,24.149665],[67.461202,24.163048],[67.478481,24.15643],[67.470231,24.177475],[67.473781,24.184898],[67.506228,24.200305],[67.518138,24.189075],[67.475685,24.18373],[67.48212,24.156258],[67.442734,24.133211],[67.44595,24.117502],[67.461192,24.12303],[67.487054,24.119906],[67.533794,24.10126],[67.407226,24.082031],[67.460435,24.084577],[67.4897,24.032473],[67.397542,24.047648],[67.51853,23.974515],[67.480896,23.912783],[67.546608,23.954439],[67.562447,23.865259],[67.644882,23.914543],[67.811781,23.815758],[67.824097,23.918387],[67.911247,23.97644],[67.869015,23.886827],[67.984141,23.875503],[67.938422,23.787595],[68.013711,23.770116],[68.038567,23.906916],[68.082595,23.843224],[68.14505,23.846191],[68.142954,23.870183],[68.15581,23.903195],[68.194428,23.857805],[68.183944,24.139717],[68.188797,24.154843],[68.209678,24.174155],[68.191563,24.021901],[68.274814,24.008574],[68.204137,23.887076],[68.328966,23.930532],[68.395011,24.009585],[68.354973,24.030619],[68.397759,24.104674],[68.416642,24.114328],[68.391568,23.968505],[68.508181,24.021308],[68.487933,24.065245],[68.536077,24.137772],[68.539246,24.082286],[68.5851,24.123307],[68.558547,24.083765],[68.494401,24.058488],[68.559079,23.92383],[68.622264,24.062711],[68.908538,24.070086],[68.636924,24.058556],[68.596272,23.941278],[68.663183,23.917212],[68.515343,23.824444],[68.529275,23.755261],[68.575641,23.822257],[68.603806,23.849698],[68.761457,23.875091],[68.524981,23.690624],[68.484159,23.548355],[68.649905,23.304676],[68.758358,23.330227],[68.584295,23.224739],[68.760311,23.080017],[69.197695,22.838465],[69.633637,22.795204],[69.704994,22.72799],[69.798412,22.850531],[70.131595,22.924137],[70.138796,22.94109],[70.100235,22.938156],[70.091174,22.95238],[70.153419,23.029436],[70.121444,22.961974],[70.224899,22.959921],[70.186308,22.993033],[70.229373,22.966645],[70.207779,23.088578],[70.253856,23.136719],[70.221265,23.091714],[70.439938,23.172564],[70.634491,23.171645],[70.506507,23.110256],[70.437534,22.974964],[70.526926,23.037213],[70.55458,23.036161],[70.443514,22.960753],[70.49777,22.934676],[70.461831,22.851562],[70.446113,22.927161],[70.384787,22.909322],[70.164297,22.552056],[69.975807,22.542651],[69.871523,22.446713],[69.836512,22.453851],[69.843186,22.494238],[69.834543,22.500448],[69.797308,22.399803],[69.728814,22.473833],[69.575624,22.318921],[69.591285,22.360555],[69.498589,22.435456],[69.488377,22.338117],[69.232558,22.2579],[69.158129,22.312977],[69.193991,22.423547],[69.069203,22.395858],[69.067785,22.479907],[68.936042,22.310342],[69.587719,21.620965],[69.710559,21.539469],[69.632867,21.642643],[69.69648,21.592968],[69.737612,21.650311],[69.712514,21.52943],[70.099896,21.104595],[70.43937,20.852342],[70.822387,20.691023],[70.853096,20.753868],[70.976909,20.701545],[71.439466,20.869198],[72.113785,21.196448],[72.076154,21.302072],[72.305957,21.628576],[72.183039,21.823985],[72.264828,21.740392],[72.253233,21.897115],[72.147384,21.954836],[72.146719,21.983131],[72.22113,21.956331],[72.17241,22.041363],[72.299534,22.108646],[72.241652,22.048759],[72.278417,21.932102],[72.323804,22.131046],[72.310441,22.145783],[72.312602,22.18042],[72.300234,22.185935],[72.294365,22.202141],[72.317268,22.181741],[72.31649,22.146838],[72.342261,22.124625],[72.356542,22.270931],[72.416781,22.228027],[72.372547,22.316908],[72.376524,22.385039],[72.487325,22.19729],[72.525552,22.268224],[72.542905,22.280943],[72.755706,22.230777],[72.84408,22.282336],[72.894698,22.245681],[72.910049,22.298908],[72.914933,22.303738],[72.934379,22.310767],[72.943301,22.305911],[72.947936,22.298669],[72.952407,22.258195],[72.979074,22.253961],[73.060826,22.313629],[73.045735,22.363115],[73.064973,22.423634],[73.07376,22.399861],[73.061904,22.313024],[73.011898,22.267346],[72.972674,22.24975],[72.952033,22.254586],[72.933799,22.30988],[72.901126,22.232898],[72.75789,22.174033],[72.568951,22.187389],[72.50514,21.909812],[72.57767,21.882603],[72.527762,21.847738],[72.610197,21.884671],[72.543284,21.660356],[72.979523,21.680274],[73.135685,21.754287],[73.128336,21.847946],[73.141392,21.866101],[73.240401,21.840634],[73.219952,21.908064],[73.223004,21.920308],[73.236901,21.931806],[73.250665,21.936827],[73.263705,21.934114],[73.336115,21.875641],[73.344564,21.91836],[73.356318,21.929275],[73.375716,21.929817],[73.407957,21.911623],[73.433693,21.922458],[73.438978,21.974688],[73.450222,21.983051],[73.546788,21.978605],[73.688647,21.877364],[73.5402,21.978486],[73.448712,21.980539],[73.444023,21.939264],[73.430841,21.916748],[73.334839,21.872798],[73.245391,21.933118],[73.245865,21.842491],[73.20148,21.8209],[73.134625,21.84941],[73.177488,21.7845],[73.102568,21.714721],[73.048515,21.711905],[72.983421,21.676926],[72.892108,21.6594],[72.701442,21.651731],[72.597575,21.552037],[72.626467,21.492232],[72.683328,21.542809],[72.7428,21.546604],[72.589475,21.298385],[72.653119,21.226358],[72.62716,21.075987],[72.667381,21.155215],[72.814153,21.194157],[72.791399,21.23348],[72.793334,21.241768],[72.811304,21.255549],[72.820619,21.257357],[72.858492,21.223153],[72.909703,21.253775],[72.865751,21.221334],[72.859446,21.222131],[72.852084,21.225093],[72.821367,21.254642],[72.81035,21.252753],[72.815564,21.194075],[72.700265,21.100855],[72.795226,21.061777],[72.723339,21.048804],[72.771159,20.916406],[72.773438,20.937221],[72.824412,20.956552],[72.836612,20.957116],[72.847284,20.945694],[72.862093,20.947482],[72.785859,20.927086],[72.835255,20.78102],[72.934324,20.762875],[72.851025,20.742514],[72.88542,20.347709],[72.830396,20.409508],[72.740765,20.243627],[72.755098,19.927271],[72.664589,19.933175],[72.716949,19.544564],[72.890466,19.527044],[72.864947,19.583559],[72.855145,19.633068],[72.857624,19.642414],[72.897105,19.531131],[72.880645,19.520148],[72.841951,19.52071],[72.745276,19.463586],[72.760263,19.372342],[72.982215,19.293015],[73.030645,19.199956],[73.11298,19.280375],[73.129252,19.283731],[73.151076,19.270277],[73.027063,19.190819],[72.967497,19.29385],[72.778207,19.278823],[72.784425,19.192321],[72.839226,19.267401],[72.780456,19.166245],[72.829713,19.181932],[72.80776,18.891058],[72.955623,19.027989],[72.984227,19.183315],[73.003443,19.001276],[73.080103,19.031761],[72.907881,18.899343],[73.004782,18.882759],[73.070191,18.628095],[72.943354,18.827616],[72.855334,18.697089],[72.92476,18.545073],[72.967206,18.54257],[73.009382,18.457031],[73.022323,18.460557],[73.02537,18.474505],[73.040399,18.484458],[73.050648,18.487473],[73.055391,18.486307],[73.063052,18.477068],[73.078981,18.473472],[73.092216,18.462984],[73.010772,18.455147],[72.904616,18.539188],[72.917554,18.348526],[73.028433,18.26427],[73.041243,18.302251],[73.050245,18.307551],[73.068061,18.304716],[73.084983,18.329842],[73.087948,18.326523],[73.088298,18.151739],[72.965548,18.279524],[72.931644,18.219448],[73.037531,17.984098],[73.083314,17.993521],[73.112232,17.981458],[73.132303,18.016524],[73.170195,18.058182],[73.201343,18.070889],[73.299413,18.077215],[73.3116,18.062311],[73.332729,18.106557],[73.341784,18.081938],[73.363295,18.09005],[73.38497,18.086972],[73.389864,18.085071],[73.394602,18.080582],[73.30788,18.058383],[73.176357,18.05926],[73.118715,17.978606],[73.028608,17.949057],[73.132559,17.829804],[73.145049,17.600476],[73.401172,17.616959],[73.476562,17.569754],[73.137373,17.556811],[73.235014,17.292781],[73.294649,17.294111],[73.29795,17.272314],[73.334198,17.26626],[73.340471,17.257774],[73.339174,17.232353],[73.366251,17.238243],[73.374887,17.215151],[73.432819,17.227903],[73.424113,17.208575],[73.468484,17.194472],[73.478597,17.165177],[73.338675,17.228441],[73.332456,17.264598],[73.294073,17.261475],[73.290419,17.287846],[73.258354,17.264807],[73.191618,17.304765],[73.320016,17.037787],[73.25646,17.047805],[73.268579,16.990501],[73.344508,16.975041],[73.277181,16.893019],[73.295444,16.897601],[73.313311,16.889328],[73.363363,16.747066],[73.326441,16.812799],[73.322832,16.638903],[73.387657,16.632905],[73.436157,16.594545],[73.322608,16.583362],[73.385418,16.513885],[73.4216,16.515874],[73.466789,16.494449],[73.495264,16.520306],[73.522637,16.525127],[73.529936,16.522589],[73.534379,16.517811],[73.467091,16.493052],[73.367041,16.512983],[73.365564,16.474963],[73.333537,16.562135],[73.316506,16.513457],[73.366173,16.397234],[73.413548,16.413207],[73.459279,16.413825],[73.366718,16.377808],[73.460998,16.097294],[73.46527,16.153795],[73.489993,16.179702],[73.536692,16.191725],[73.465537,16.144652],[73.491675,15.982005],[73.502634,15.968628],[73.49169,16.002093],[73.515947,16.016528],[73.587606,16.022571],[73.607884,16.009333],[73.626524,16.021757],[73.609139,16.008088],[73.501156,16.005919],[73.510261,15.937018],[73.590546,15.912292],[73.648403,15.745802],[73.761454,15.734359],[73.689672,15.716913],[73.73618,15.614118],[73.777394,15.653981],[73.859176,15.677387],[73.731107,15.6079],[73.764385,15.495141],[73.949323,15.550259],[74.018387,15.497595],[74.028615,15.480713],[73.949575,15.549061],[73.787114,15.46329],[73.942514,15.438252],[74.07059,15.294337],[73.947638,15.401671],[73.783003,15.412921],[73.966228,15.182134],[73.911962,15.084131],[74.116908,14.843779],[74.251068,14.900075],[74.284931,14.893559],[74.321225,14.906837],[74.335017,14.904353],[74.092863,14.803226],[74.249819,14.739239],[74.29173,14.60178],[74.427615,14.632631],[74.291078,14.597424],[74.309666,14.520797],[74.376475,14.573087],[74.456584,14.449079],[74.360765,14.519699],[74.440388,14.275724],[74.614394,14.238281],[74.527125,14.233269],[74.440172,14.261731],[74.42454,14.296387],[74.651139,13.666414],[74.668076,13.71593],[74.755593,13.640472],[74.667827,13.628313],[74.729036,13.27706],[74.713161,13.330436],[74.705218,13.341103],[74.690556,13.348706],[74.821172,12.852442],[74.814351,12.908365],[74.836423,12.944206],[74.85349,12.950537],[74.840875,12.843838],[74.948131,12.871288],[74.958679,12.870828],[74.965991,12.856119],[74.97661,12.864088],[74.987144,12.861707],[74.963028,12.854705],[74.950244,12.869948],[74.874118,12.834601],[74.828747,12.842685],[75.120214,12.203298],[75.115993,12.222537],[75.119214,12.230931],[75.166299,12.256394],[75.118308,12.224537],[75.200496,12.007466],[75.295252,11.94214],[75.304862,11.949048],[75.265177,11.99868],[75.264992,12.016618],[75.271122,12.024487],[75.295926,12.015223],[75.307774,12.046552],[75.339038,12.045586],[75.333663,12.007177],[75.265485,12.007117],[75.357139,11.931211],[75.411327,12.015866],[75.44308,12.022476],[75.470783,12.002064],[75.412389,12.011039],[75.399229,11.912656],[75.297162,11.939102],[75.499989,11.797843],[75.732966,11.353028],[75.728872,11.448632],[75.753062,11.428916],[75.80245,11.162387],[75.840432,11.210535],[75.855061,11.21013],[75.863461,11.205714],[75.876895,11.223768],[75.895979,11.230654],[75.900395,11.243697],[75.952357,11.249857],[75.801712,11.158904],[76.023345,10.536056],[76.041773,10.575452],[76.108097,10.502951],[76.034714,10.529581],[76.163359,10.182158],[76.192327,10.26992],[76.361742,10.113768],[76.390403,10.124971],[76.451475,10.121679],[76.456072,10.133121],[76.430188,10.144431],[76.431441,10.155649],[76.471054,10.182969],[76.514387,10.191845],[76.450367,10.119362],[76.285274,10.094484],[76.266754,10.029066],[76.377344,9.8644],[76.41609,9.565967],[76.502121,9.530877],[76.4804,9.511153],[76.357373,9.525412],[76.370792,9.819987],[76.320768,9.870884],[76.318524,9.84375],[76.336231,9.809055],[76.34778,9.711844],[76.236938,9.962671],[76.352275,9.377513],[76.535469,8.935657],[76.60694,8.988404],[76.61482,8.907736],[76.546339,8.902825],[76.985036,8.376155],[77.316316,8.120819],[77.531744,8.077176],[78.067054,8.370638],[78.261044,9.018685],[78.832682,9.268888],[79.190566,9.28163],[79.000996,9.345016],[78.996703,9.340595],[79.002384,9.333116],[79.00169,9.329217],[78.999294,9.327577],[78.98749,9.327317],[78.966677,9.335851],[78.89822,9.488674],[79.267289,10.038306],[79.229013,10.143605],[79.294886,10.260356],[79.545745,10.347867],[79.526236,10.305661],[79.674197,10.281],[79.739164,10.277505],[79.551255,10.312358],[79.629951,10.36292],[79.744488,10.274866],[79.884043,10.305943],[79.837897,11.356099],[79.789983,11.367854],[79.771502,11.383844],[79.75836,11.361031],[79.743675,11.357819],[79.743448,11.348023],[79.739392,11.341823],[79.730217,11.337684],[79.713484,11.340545],[79.765891,11.390381],[79.827402,11.36287],[79.779752,11.50018],[79.727066,11.447029],[79.692056,11.446305],[79.773041,11.497733],[79.789573,11.878152],[80.007193,12.254302],[79.944866,12.220208],[80.155614,12.46578],[80.346966,13.311995],[80.325581,13.443576],[80.319515,13.423701],[80.331141,13.390955],[80.331592,13.376367],[80.327207,13.369847],[80.329,13.3664],[80.05126,13.588814],[80.121132,13.67796],[80.138507,13.612932],[80.13018,13.723356],[80.147293,13.724089],[80.314998,13.433633],[80.140721,14.069735],[80.126154,14.064386],[80.114707,14.076383],[80.114504,14.064314],[80.098547,14.051293],[80.105582,14.042606],[80.097514,14.020566],[80.063236,14.000288],[80.044292,13.997239],[80.016705,14.010573],[79.910774,13.943487],[79.895596,13.947105],[79.89474,13.921481],[79.873643,13.889086],[79.789034,13.831194],[79.764835,13.833307],[79.892444,13.948718],[80.013395,14.011381],[80.060687,14.002437],[80.112661,14.076795],[80.138612,14.072842],[80.134624,14.24178],[80.112556,14.251634],[80.043879,14.19812],[80.035218,14.206714],[80.099586,14.255685],[80.137333,14.252345],[80.199179,14.586894],[80.193506,14.599225],[80.190236,14.600408],[80.1867,14.573269],[80.16659,14.567831],[80.140461,14.570259],[80.135763,14.565984],[80.135675,14.569162],[80.143746,14.57253],[80.169937,14.570707],[80.188666,14.598553],[80.059439,14.819846],[80.046299,15.209167],[80.193174,15.550985],[80.339825,15.74715],[80.537732,15.854853],[80.77354,15.865997],[80.828508,15.744978],[80.900794,15.940873],[80.875416,16.026366],[80.88877,16.057976],[80.837862,16.147498],[80.819023,16.261573],[80.800568,16.269008],[80.79159,16.277763],[80.792467,16.284693],[80.769233,16.292248],[80.761396,16.314852],[80.746006,16.318297],[80.752063,16.331028],[80.727982,16.345092],[80.671196,16.462296],[80.631325,16.474249],[80.606826,16.501365],[80.56707,16.508779],[80.513338,16.567414],[80.402444,16.561319],[80.321793,16.592568],[80.247841,16.585967],[80.204677,16.601521],[80.137844,16.651539],[80.11498,16.819445],[80.0724,16.812616],[80.055801,16.743135],[80.033344,16.714008],[79.99793,16.699219],[80.070511,16.816932],[80.098953,16.82452],[80.122719,16.817911],[80.208724,16.602983],[80.504851,16.587141],[80.677011,16.459373],[80.825811,16.25584],[80.88283,16.116765],[80.913328,15.96024],[80.899345,15.834947],[81.004146,15.766222],[81.124466,15.991483],[81.065883,16.002307],[81.015903,16.089149],[81.000495,16.08391],[81.005648,16.058496],[81.002939,16.050981],[80.995356,16.04504],[80.927469,16.032439],[80.916515,16.035003],[80.909115,16.041086],[80.991045,16.045104],[80.998853,16.089323],[81.016735,16.09119],[81.145634,15.97397],[81.231043,16.234838],[81.365535,16.359554],[81.722076,16.364481],[81.719147,16.308744],[82.310555,16.56848],[82.265625,16.597377],[82.367231,16.718551],[82.366287,16.948257],[82.325701,16.990024],[82.362086,16.88798],[82.312225,16.840174],[82.249073,16.929979],[82.368662,17.118408],[83.213028,17.590865],[83.572814,18.017999],[84.124636,18.309162],[84.783422,19.110095],[84.750969,19.082095],[84.722844,19.089728],[84.703643,19.120714],[84.777502,19.109863],[85.066092,19.365625],[85.04422,19.370608],[85.010517,19.418116],[85.066712,19.371693],[85.663635,19.738868],[86.364437,19.953595],[86.316962,19.94953],[86.172771,20.065322],[86.149176,20.118747],[86.158969,20.170242],[86.025769,20.225596],[86.01298,20.256771],[86.032844,20.299034],[86.020756,20.339661],[86.025783,20.357205],[85.957241,20.363313],[85.906904,20.395832],[85.901229,20.420618],[86.02828,20.358696],[86.14914,20.216936],[86.166575,20.159681],[86.150545,20.11883],[86.179321,20.061973],[86.349227,19.981337],[86.407702,19.995347],[86.558994,20.200485],[86.488586,20.120937],[86.488204,20.166659],[86.469067,20.146211],[86.464465,20.14652],[86.461958,20.149494],[86.459168,20.157864],[86.460051,20.161906],[86.634587,20.243968],[86.606031,20.24751],[86.580821,20.266705],[86.576762,20.274858],[86.636232,20.244927],[86.718688,20.290207],[86.485746,20.329749],[86.610335,20.341972],[86.592672,20.362085],[86.593852,20.393593],[86.498503,20.388582],[86.421392,20.451978],[86.050883,20.448178],[86.094269,20.43201],[86.116679,20.410175],[85.983496,20.445606],[85.910644,20.493906],[86.368947,20.467556],[86.590278,20.402963],[86.698388,20.298093],[86.77045,20.332461],[86.776866,20.394205],[86.715691,20.393435],[86.631762,20.447075],[86.725589,20.395953],[86.792218,20.543919],[87.045019,20.709433],[86.9256,20.707298],[86.994676,20.768554],[86.889319,20.767329],[86.869278,20.77301],[86.866928,20.776825],[86.970226,20.825916],[86.822552,21.193319],[87.063618,21.463846],[87.029065,21.46475],[86.991281,21.486352],[86.983631,21.497036],[86.98964,21.508184],[86.982735,21.504326],[86.981402,21.487907],[86.979277,21.485515],[86.953412,21.485252],[86.923955,21.522761],[86.925024,21.530425],[86.926777,21.533729],[86.939338,21.540039],[86.919149,21.537689],[86.908439,21.563422],[86.93991,21.54167],[86.954049,21.48578],[86.989792,21.509479],[87.035246,21.46571],[87.391031,21.550103],[87.30262,21.573779],[87.307172,21.69102],[87.284842,21.678089],[87.241269,21.685298],[87.195338,21.718841],[87.209453,21.747267],[87.174165,21.74975],[87.163623,21.762535],[87.15901,21.775012],[87.163265,21.78837],[87.204838,21.795791],[87.210989,21.846131],[87.249692,21.876771],[87.147111,22.076215],[87.255163,21.872523],[87.217002,21.802382],[87.165015,21.765265],[87.213427,21.753102],[87.241453,21.692946],[87.311232,21.693732],[87.309674,21.586252],[87.404167,21.55621],[87.804311,21.70238],[87.89419,21.783169],[87.876233,21.800416],[87.869369,21.82013],[87.870108,21.847818],[87.879839,21.858282],[87.87582,21.870093],[87.881903,21.859962],[87.87233,21.817646],[87.898502,21.789388],[87.975734,21.851072],[88.052346,22.014419],[87.981807,22.098595],[87.953738,22.097965],[87.932064,22.11763],[87.879147,22.139832],[87.850069,22.162653],[87.829631,22.16158],[87.826582,22.166316],[87.852896,22.164588],[87.932077,22.121246],[87.956694,22.09992],[87.991331,22.102906],[88.061933,22.013317],[88.193191,22.109141],[87.940215,22.259968],[87.843289,22.557627],[88.048191,22.219926],[88.114626,22.468036],[88.24113,22.564174],[88.317664,22.551628],[88.35871,22.61153],[88.32994,22.781141],[88.406842,22.996589],[88.465313,23.079688],[88.510604,23.114543],[88.502008,23.124213],[88.471152,23.12465],[88.454481,23.129407],[88.448378,23.134665],[88.447121,23.174353],[88.469461,23.219207],[88.410429,23.207069],[88.362622,23.227956],[88.329656,23.265257],[88.329182,23.354247],[88.338276,23.356101],[88.377989,23.332267],[88.355766,23.350864],[88.354596,23.362497],[88.382707,23.421813],[88.367883,23.430056],[88.347659,23.481497],[88.353411,23.490368],[88.371899,23.488478],[88.374307,23.509443],[88.352532,23.549624],[88.333776,23.541302],[88.30554,23.545449],[88.271728,23.529093],[88.261059,23.539812],[88.261492,23.545579],[88.270446,23.554688],[88.351694,23.552705],[88.380061,23.51544],[88.375366,23.487712],[88.34948,23.482926],[88.386776,23.424222],[88.381421,23.332174],[88.368353,23.328338],[88.330565,23.351444],[88.332606,23.26567],[88.473114,23.222308],[88.453149,23.132229],[88.503354,23.131946],[88.514265,23.111511],[88.334151,22.780966],[88.367714,22.608796],[88.323533,22.549984],[88.122579,22.465847],[88.069951,22.216467],[88.207314,22.158042],[88.163534,21.879079],[88.264854,21.73019],[88.313924,21.84604],[88.259739,21.858045],[88.255409,21.863421],[88.255142,21.871202],[88.353781,21.857234],[88.350242,21.927227],[88.390697,21.798678],[88.382891,21.900374],[88.386235,21.907027],[88.406198,21.919785],[88.392952,21.936447],[88.398249,21.951926],[88.373821,21.96306],[88.373036,21.966449],[88.374612,21.969014],[88.394277,21.971009],[88.407721,21.918706],[88.384802,21.89868],[88.408782,21.885253],[88.45862,21.919152],[88.451466,21.941862],[88.468971,21.957302],[88.445227,21.964302],[88.441828,21.991052],[88.450196,22.009057],[88.460853,22.011429],[88.445993,21.966135],[88.470101,21.959044],[88.474333,21.895681],[88.521401,21.916719],[88.520093,21.941575],[88.495315,21.954898],[88.491008,21.960506],[88.491317,21.966079],[88.500253,21.97869],[88.520529,21.98939],[88.542312,21.982356],[88.554474,22.035478],[88.54271,21.981079],[88.492821,21.964142],[88.522123,21.942097],[88.525458,21.929825],[88.521847,21.913873],[88.494291,21.878488],[88.528033,21.853296],[88.570275,21.903121],[88.549263,21.920388],[88.540939,21.959509],[88.541198,21.966652],[88.544471,21.972656],[88.610544,21.920384],[88.614553,22.019693],[88.602619,22.021228],[88.599479,22.025338],[88.596191,22.06599],[88.601412,22.073322],[88.722871,22.005622],[88.68602,22.069052],[88.754959,22.075211],[88.800148,21.970618],[88.724851,21.977712],[88.712992,21.68704],[88.845958,21.619978],[88.859978,21.777163],[88.920113,21.630486],[89.067745,21.619978],[88.985535,21.894213],[89.023666,21.91152],[88.994629,21.944962],[88.996979,21.956696],[89.014282,21.97019],[89.063774,21.934837],[89.039513,22.067291],[89.082236,22.114058],[89.103611,21.810232],[89.168538,21.803337],[89.178452,21.838565],[89.161974,21.849569],[89.162043,21.861628],[89.150642,21.859478],[89.141461,21.873109],[89.14405,21.880321],[89.14826,21.882471],[89.287899,21.753667],[89.367775,21.945549],[89.35935,21.749584],[89.416235,21.725752],[89.47422,21.792254],[89.453412,21.845228],[89.424329,21.847173],[89.418601,21.85621],[89.471684,21.901925],[89.447157,21.906966],[89.457045,21.934324],[89.432266,21.944807],[89.422043,21.96315],[89.422043,21.969807],[89.504707,21.908837],[89.464502,21.997147],[89.504462,21.96686],[89.471039,22.043236],[89.528236,22.08548],[89.554627,21.854494],[89.669757,21.754243],[89.60334,21.947895],[89.687641,21.931349],[89.67298,21.83656],[89.876202,21.898019],[89.818954,22.064651],[89.882278,22.11038],[89.835027,22.237338],[89.899918,22.390568],[89.937452,21.954376],[90.022545,22.196367],[90.073388,22.160927],[90.013725,21.983826],[90.153293,22.123755],[90.213806,22.123322],[90.031212,21.947796],[90.076539,21.862236],[90.15145,21.980344],[90.241784,22.02847],[90.257621,21.955092],[90.27719,22.060225],[90.307511,21.981981],[90.378254,22.083528],[90.340258,22.168404],[90.356733,22.18269],[90.432945,22.193434],[90.43338,22.077426],[90.496421,22.152007],[90.46941,22.228681],[90.482319,22.237929],[90.497836,22.231233],[90.506022,22.286454],[90.516502,22.299977],[90.502906,22.165778],[90.59315,22.265242],[90.629849,22.379861],[90.536499,22.607063],[90.67115,22.47916],[90.597569,22.041148],[90.695301,22.005332],[90.822893,22.148438],[90.867115,22.434561],[90.681122,22.757553],[90.778221,22.760487],[91.077655,22.49829],[91.260269,22.563456],[91.273099,22.657181],[91.186609,22.726932],[91.386157,22.75261],[91.329827,22.787799],[91.321251,22.843274],[91.331005,22.873028],[91.421024,22.749383],[91.410212,22.811303],[91.479389,22.921628],[91.418177,22.810219],[91.694482,22.508928],[91.798741,22.226014],[91.796826,22.300548],[91.911077,22.419866],[92.148225,22.509534],[92.213397,22.5],[92.229736,22.469502],[92.234905,22.488168],[92.245023,22.474987],[92.228995,22.467898],[92.148403,22.506826],[91.913221,22.414672],[91.797912,22.291992],[91.843153,22.115261],[91.853006,22.116814],[91.842502,22.143927],[91.850749,22.153739],[91.902311,22.123931],[91.901646,22.130944],[91.878373,22.142931],[91.868575,22.159163],[91.917439,22.186674],[91.977667,22.176149],[92.029572,22.142258],[91.918029,22.184817],[91.90457,22.122238],[91.847838,22.147185],[91.916166,21.859794],[91.851693,21.528995],[91.975976,21.510178],[91.936216,21.748492],[91.949024,21.759648],[91.945121,21.774649],[91.952413,21.787829],[91.957394,21.790471],[91.973933,21.789953],[91.961836,21.671068],[92.009055,21.601252],[92.00932,21.62779],[92.034268,21.658717],[92.040241,21.653774],[92.0131,21.500133],[91.950611,21.453536],[92.049679,21.178777],[92.183715,21.020809],[92.22868,20.908035],[92.313268,20.760373],[92.336528,20.741196],[92.26204,20.94999],[92.251255,21.034738],[92.264045,21.062706],[92.227192,21.10473],[92.219139,21.118788],[92.222814,21.132429],[92.309869,21.073026],[92.275053,20.955374],[92.386125,20.702143],[92.72672,20.266225],[92.732918,20.557426],[92.589379,20.698801],[92.579034,20.72254],[92.596038,20.733712],[92.583954,20.732505],[92.58016,20.734794],[92.548299,20.814909],[92.554978,20.849652],[92.592495,20.794271],[92.569579,20.782805],[92.596762,20.736362],[92.596774,20.694585],[92.642283,20.72923],[92.750217,20.601834],[92.751913,20.479588],[92.767869,20.477918],[92.768721,20.49335],[92.796721,20.512235],[92.772783,20.290254],[92.865997,20.31835],[92.830418,20.386579],[92.840752,20.406052],[92.863035,20.408329],[92.839954,20.416539],[92.871114,20.411793],[92.860223,20.404326],[92.843117,20.404717],[92.839688,20.398932],[92.91687,20.382869],[92.903058,20.42382],[92.931422,20.433363],[92.9075,20.456304],[92.889172,20.493816],[92.901074,20.483761],[92.932985,20.434526],[92.927896,20.428359],[92.905853,20.422566],[92.948187,20.343787],[92.761214,20.201559],[92.897245,20.113608],[92.898015,20.214844],[93.013219,20.308697],[93.009941,20.462765],[93.013859,20.468698],[93.018461,20.470569],[93.042576,20.470616],[93.032861,20.496802],[93.042608,20.514648],[93.061362,20.528599],[93.019491,20.537161],[93.000199,20.569041],[93.062774,20.528211],[93.042514,20.468874],[93.012459,20.464681],[93.024535,20.433404],[93.052103,20.476979],[93.080939,20.566406],[93.031955,20.601607],[93.003528,20.645165],[93.01268,20.705486],[92.962529,20.721741],[92.957625,20.727011],[92.9666,20.871277],[93.00671,20.904576],[92.986109,20.980618],[92.998602,20.998224],[92.974594,21.015816],[92.984233,21.042132],[92.964865,21.061244],[92.975493,21.078256],[92.955765,21.098348],[92.954232,21.104495],[92.960717,21.10952],[92.977812,21.077579],[92.966895,21.062068],[92.986547,21.043718],[92.977882,21.014384],[93.002437,20.995654],[93.012378,20.902437],[92.96086,20.726964],[93.013574,20.709146],[93.044642,20.597834],[93.101207,20.617615],[93.094086,20.492876],[93.170428,20.508505],[93.101565,20.488421],[93.090221,20.384302],[93.1395,20.446535],[93.169665,20.403753],[93.036773,20.33297],[92.992172,20.139963],[93.288573,20.482728],[93.255014,20.534142],[93.244803,20.566406],[93.248073,20.656084],[93.219531,20.680297],[93.20883,20.694666],[93.210014,20.703593],[93.214593,20.706563],[93.2515,20.705663],[93.245688,20.730388],[93.270082,20.74135],[93.248229,20.731213],[93.254848,20.708802],[93.247815,20.701229],[93.210677,20.699389],[93.25142,20.661744],[93.32546,20.409915],[93.333367,20.436724],[93.326364,20.393565],[93.290225,20.340756],[93.481867,19.964952],[93.588882,19.98085],[93.561976,19.887628],[93.713547,19.971218],[93.795055,19.870533],[93.788311,19.88899],[93.798202,19.895005],[93.786825,19.905629],[93.788647,19.94694],[93.803754,19.982884],[93.795471,19.992597],[93.817168,20.012901],[93.82445,20.008878],[93.79926,19.870142],[93.677622,19.82673],[93.632153,19.721102],[93.697007,19.715593],[93.69637,19.80701],[93.703752,19.811633],[93.720665,19.813463],[93.722293,19.818624],[93.774851,19.762864],[93.784819,19.849372],[93.788705,19.766011],[93.706555,19.697414],[93.811418,19.745256],[93.78495,19.674278],[93.871216,19.645459],[93.873581,19.623808],[93.721034,19.620424],[93.854729,19.614974],[93.77415,19.588914],[93.911096,19.48668],[93.946761,19.605089],[93.965823,19.621901],[93.971323,19.619023],[93.975342,19.610762],[93.979788,19.619141],[93.991648,19.612415],[93.903292,19.466944],[94.05925,19.470903],[93.9885,19.399408],[94.022571,19.375502],[94.027868,19.400062],[94.062684,19.423755],[94.077462,19.426825],[94.082855,19.425646],[94.048857,19.385982],[94.095411,19.385867],[94.070955,19.378181],[94.08657,19.361301],[94.115644,19.358752],[94.123748,19.349645],[94.134475,19.348835],[94.144759,19.341247],[94.149464,19.348585],[94.170161,19.329814],[94.046249,19.328844],[94.097302,19.236383],[94.050105,19.230697],[94.03573,19.121246],[94.069526,19.162845],[94.05509,19.200804],[94.055112,19.207396],[94.057866,19.211452],[94.060631,19.210593],[94.0652,19.201806],[94.069741,19.21362],[94.076074,19.20785],[94.069402,19.200644],[94.06408,19.201525],[94.058994,19.210487],[94.056297,19.206553],[94.07189,19.166822],[94.060668,19.126044],[94.090347,19.207145],[94.093583,19.208923],[94.101162,19.205512],[94.097215,19.207624],[94.094694,19.211848],[94.106021,19.222224],[94.119661,19.223313],[94.122587,19.229911],[94.135962,19.164512],[94.027051,19.080412],[94.085137,19.084599],[94.092812,19.103384],[94.112158,19.111679],[94.114565,19.124431],[94.148448,19.126788],[94.089831,19.084383],[94.122064,19.085372],[94.138741,19.059128],[94.139356,19.049592],[94.118818,19.083067],[94.04815,19.045924],[94.102213,19.053752],[94.156276,18.984375],[94.110418,19.010184],[94.113455,18.854528],[94.163225,18.899534],[94.139187,18.822417],[94.231451,18.792606],[94.20883,18.733165],[94.272424,18.761927],[94.291248,18.714489],[94.161187,18.728933],[94.309921,18.615203],[94.247767,18.544418],[94.268609,18.567204],[94.291868,18.572242],[94.308385,18.572235],[94.266625,18.563596],[94.340381,18.527241],[94.35682,18.497312],[94.242706,18.530274],[94.397355,18.349225],[94.317471,18.248795],[94.461151,18.212881],[94.512832,17.928528],[94.429007,17.999908],[94.585965,17.661034],[94.561981,17.331044],[94.56748,17.316154],[94.610857,17.315276],[94.627815,17.299884],[94.648317,17.247873],[94.535146,17.325529],[94.518001,17.135092],[94.441564,17.18415],[94.434728,16.954433],[94.477822,16.977238],[94.488972,16.949684],[94.383494,16.916548],[94.346574,16.573036],[94.250698,16.536249],[94.191494,16.043106],[94.240212,15.955402],[94.676129,16.389074],[94.662779,16.531496],[94.693157,16.61793],[94.699018,16.625417],[94.732358,16.634888],[94.711231,16.648658],[94.709746,16.659845],[94.712043,16.699219],[94.740353,16.731223],[94.71511,16.74095],[94.710444,16.76145],[94.729107,16.96002],[94.782517,17.030174],[94.789144,17.034185],[94.792905,17.034008],[94.794922,17.022042],[94.807617,17.026878],[94.82447,17.026667],[94.807925,17.035814],[94.809313,17.061511],[94.856829,17.120342],[94.864319,17.122141],[94.874122,17.113346],[94.862083,17.139979],[94.921729,17.204799],[94.830049,17.027762],[94.731242,16.960248],[94.743327,16.73005],[94.714437,16.653385],[94.735816,16.636069],[94.672249,16.526017],[94.709614,16.389294],[94.673342,16.13191],[94.552015,15.94717],[94.648445,15.965519],[94.600334,15.915062],[94.69105,15.842967],[94.78889,15.955208],[94.76817,15.96582],[94.758071,15.98983],[94.758257,15.993201],[94.760657,15.995372],[94.782806,15.985419],[94.777466,16.001848],[94.822411,15.964346],[94.74077,15.800914],[94.811439,15.790361],[94.844704,15.899221],[94.841034,15.772266],[94.957987,15.744738],[94.95784,15.879307],[95.063545,15.931631],[95.046956,16.05118],[95.136002,16.118944],[95.11767,15.921806],[95.129705,15.930431],[95.168056,15.920665],[95.160632,15.949965],[95.161982,15.959666],[95.167756,15.972861],[95.18803,15.978471],[95.170039,15.919749],[95.112706,15.916165],[95.111102,15.809127],[95.224441,15.798319],[95.213736,15.854492],[95.1863,15.85723],[95.178645,15.87758],[95.222058,15.881392],[95.213524,15.886535],[95.200179,15.901238],[95.190693,15.928273],[95.195921,15.931449],[95.187275,15.94778],[95.189402,15.954688],[95.246582,15.85],[95.307907,15.923276],[95.278275,15.72874],[95.368167,15.710725],[95.677649,15.9744],[95.71743,16.247141],[95.761486,16.128667],[95.95153,16.298771],[95.918825,16.215215],[96.018296,16.247867],[96.080053,16.331702],[96.002571,16.394697],[96.117213,16.318048],[96.329268,16.423553],[96.190711,16.748511],[96.122443,16.757978],[95.985382,16.869045],[96.112043,16.825964],[96.04649,16.967279],[95.989294,17.030545],[95.95942,17.017944],[95.914868,17.017647],[95.874129,17.028808],[95.884952,17.005023],[95.867751,16.992874],[95.863893,17.002203],[95.848735,17.005859],[95.839397,17.018471],[95.826446,17.01765],[95.820811,17.021884],[95.820343,17.02984],[95.82416,17.019431],[95.8403,17.019589],[95.850581,17.006399],[95.864793,17.003598],[95.870216,16.996981],[95.868778,17.029935],[95.965194,17.023577],[95.946478,17.040594],[95.933091,17.076869],[95.930544,17.12115],[95.934634,17.12841],[95.955928,17.127522],[95.966989,17.150396],[95.956141,17.155624],[95.950125,17.173235],[95.943589,17.170831],[95.939004,17.172205],[95.908332,17.192934],[95.894487,17.242658],[95.783823,17.170043],[95.80424,17.215813],[95.89481,17.244105],[95.957557,17.167002],[95.96804,17.150124],[95.960263,17.130608],[95.956578,17.125866],[95.932578,17.122204],[95.948658,17.041366],[96.00207,17.033203],[96.051442,16.96864],[96.116011,16.827353],[96.119714,16.782402],[96.133942,16.77267],[96.301566,16.832985],[96.304848,16.880139],[96.364875,16.933287],[96.361096,16.965585],[96.381047,16.979978],[96.403112,16.981413],[96.404182,16.992837],[96.379861,16.996791],[96.374239,17.007299],[96.390739,17.038935],[96.403115,17.052532],[96.408212,17.053821],[96.41465,17.046218],[96.422594,17.049767],[96.419503,17.060558],[96.427084,17.066452],[96.422245,17.076361],[96.423749,17.081822],[96.428165,17.065733],[96.423136,17.048422],[96.377277,17.00342],[96.405521,16.995786],[96.405974,16.980771],[96.309566,16.830521],[96.216339,16.769705],[96.260385,16.605286],[96.330936,16.63362],[96.367769,16.633446],[96.40847,16.613632],[96.41761,16.620631],[96.444565,16.621027],[96.466423,16.613575],[96.459437,16.622049],[96.462664,16.661289],[96.495817,16.655024],[96.467266,16.612314],[96.283392,16.597304],[96.41236,16.477432],[96.652513,16.553639],[96.886173,17.079155],[96.831985,17.184419],[97.00465,17.27643],[96.920954,17.289554],[96.879512,17.318535],[96.837366,17.558674],[96.875114,17.584432],[96.874657,17.650932],[96.903091,17.678019],[96.872425,17.663813],[96.865173,17.666319],[96.859788,17.722533],[96.864167,17.732591],[96.885766,17.753906],[96.862379,17.719468],[96.905005,17.678731],[96.887727,17.326165],[97.031725,17.267997],[96.932307,17.17816],[97.009535,17.097687],[96.99585,17.145926],[97.008719,17.148746],[97.035301,16.984215],[97.079852,16.932921],[97.069792,17.031716],[97.136893,16.981444],[97.146884,17.132706],[97.210108,17.141313],[97.215194,17.094822],[97.236498,17.11356],[97.254725,17.097639],[97.259219,17.111211],[97.276428,17.118484],[97.258013,17.134894],[97.26151,17.144941],[97.27344,17.152993],[97.256566,17.149898],[97.251595,17.152729],[97.235677,17.20532],[97.240865,17.29007],[97.236805,17.204928],[97.274825,17.153586],[97.260615,17.134594],[97.280836,17.121022],[97.253959,17.092665],[97.145976,17.097955],[97.267456,16.848829],[97.211255,16.865932],[97.23288,16.727241],[97.30644,16.645338],[97.318923,16.710873],[97.347499,16.71673],[97.334925,16.724205],[97.340387,16.739126],[97.349381,16.716941],[97.323181,16.694925],[97.346768,16.653755],[97.323613,16.589921],[97.372266,16.500002],[97.614682,16.519781],[97.572204,16.708932],[97.59361,16.828777],[97.644817,16.938789],[97.597801,16.992047],[97.588074,17.04343],[97.627492,17.284524],[97.671236,17.387038],[97.760241,17.407898],[97.663091,17.345495],[97.602242,17.000036],[97.646016,16.961811],[97.657632,16.916598],[97.600533,16.675929],[97.66313,16.559034],[97.700936,16.573865],[97.739326,16.565026],[97.793013,16.514259],[97.825567,16.574668],[97.90806,16.628007],[98.007132,16.602069],[97.911255,16.625936],[97.81507,16.513422],[97.7902,16.511933],[97.765321,16.523707],[97.740353,16.560398],[97.69357,16.56186],[97.620321,16.502261],[97.577082,16.099704],[97.597504,16.099316],[97.642849,16.049896],[97.555681,16.080632],[97.718049,15.856858],[97.728899,15.498726],[97.797034,15.408272],[97.728848,15.264727],[97.767669,15.193895],[97.802133,15.232832],[97.83812,15.235743],[97.769627,15.018508],[97.82167,14.754041],[97.887021,14.720447],[97.880432,14.852638],[97.925599,14.875],[98.029766,14.638472],[97.93557,14.724959],[97.873149,14.676784],[98.095347,14.200806],[98.121936,13.552274],[98.175433,13.545838],[98.215123,13.884931],[98.173295,14.037115],[98.173427,14.097753],[98.192308,14.114686],[98.186131,14.162774],[98.189788,14.18767],[98.234364,13.716189],[98.275,13.768657],[98.262086,13.709532],[98.378258,13.682099],[98.279523,13.689401],[98.479223,13.41198],[98.486238,13.252332],[98.557521,13.198187],[98.573921,13.253242],[98.584606,13.258021],[98.589531,13.255879],[98.644635,12.770766],[98.718048,12.811452],[98.713347,12.674019],[98.646117,12.660923],[98.656299,12.640375],[98.666098,12.642229],[98.676296,12.639015],[98.69358,12.651108],[98.697781,12.651719],[98.705285,12.648869],[98.690323,12.59177],[98.652659,12.637767],[98.629066,12.579506],[98.673974,12.582673],[98.676704,12.58039],[98.680256,12.570515],[98.679176,12.559065],[98.617885,12.548666],[98.675005,12.52905],[98.684288,12.541244],[98.716954,12.554498],[98.727936,12.580308],[98.768885,12.619566],[98.785063,12.625671],[98.79998,12.587365],[98.678802,12.521307],[98.801446,12.513438],[98.763706,12.391019],[98.906382,12.123949],[99.058088,12.118776],[99.035908,12.288988],[99.055952,12.29569],[99.083402,12.296927],[99.109221,12.276812],[99.106167,12.291845],[99.109747,12.297049],[99.136841,12.284135],[99.121806,12.329432],[99.119521,12.34258],[99.119746,12.367317],[99.099647,12.388757],[99.098739,12.395387],[99.10119,12.396651],[99.119362,12.370193],[99.139739,12.298331],[99.138419,12.28305],[99.132765,12.280198],[99.109333,12.295368],[99.109462,12.275073],[99.083431,12.295312],[99.037092,12.288276],[99.086091,12.197706],[99.06374,12.189312],[99.065506,12.129447],[99.05638,12.111925],[99.033064,12.104707],[99.03565,12.089081],[98.889049,12.127063],[98.861425,12.20082],[98.772623,12.135352],[98.710008,12.203613],[98.642043,12.17762],[98.696959,12.171359],[98.734124,12.104653],[98.691151,12.154541],[98.616335,12.133293],[98.660536,12.048967],[98.734404,12.074748],[98.802764,12.018033],[98.683767,12.027918],[98.798728,11.976804],[98.735497,11.954493],[98.816939,11.852848],[98.788493,11.729492],[98.888065,11.713971],[98.9157,11.668926],[98.92935,11.610591],[99.001341,11.595301],[99.02522,11.571515],[99.030107,11.547241],[99.022204,11.519392],[98.999939,11.504046],[98.991029,11.503782],[98.99889,11.466576],[98.996264,11.434618],[98.990214,11.426365],[98.988689,11.503302],[99.023612,11.570262],[98.912144,11.565451],[98.88231,11.697796],[98.813291,11.680063],[98.806715,11.659395],[98.824528,11.631013],[98.827135,11.607572],[98.822965,11.601562],[98.793298,11.682363],[98.725682,11.658418],[98.711334,11.520098],[98.75026,11.540154],[98.756369,11.536903],[98.767788,11.542351],[98.778577,11.541045],[98.791172,11.547413],[98.794443,11.545285],[98.74848,11.476067],[98.784497,11.452121],[98.778279,11.426805],[98.793257,11.422854],[98.807269,11.409126],[98.822116,11.386855],[98.828833,11.365754],[98.718381,11.45788],[98.780004,11.269255],[98.649416,11.130726],[98.744608,11.031817],[98.678813,10.99768],[98.786758,10.999387],[98.664122,10.916855],[98.726356,10.886493],[98.691524,10.843861],[98.6421,10.922693],[98.667701,10.871711],[98.628587,10.899804],[98.572986,10.876836],[98.622952,10.872757],[98.651696,10.823797],[98.59313,10.847509],[98.562002,10.703077],[98.52068,10.757845],[98.561799,10.686121],[98.546501,10.650967],[98.488507,10.746524],[98.448105,10.688165],[98.547806,9.975875],[98.623641,10.241045],[98.696443,10.219939],[98.670337,10.23562],[98.648347,10.320838],[98.697803,10.232113],[98.716974,10.278433],[98.714856,10.283693],[98.703268,10.278798],[98.699784,10.280486],[98.696715,10.28864],[98.69861,10.296809],[98.77339,10.423426],[98.690259,10.181483],[98.703618,10.184222],[98.735337,10.162446],[98.751763,10.163322],[98.757373,10.156991],[98.748997,10.147397],[98.698164,10.180393],[98.593787,9.877841],[98.515783,9.853826],[98.57765,9.813117],[98.506871,9.78274],[98.565269,9.757066],[98.548585,9.662752],[98.485073,9.685507],[98.542665,9.652289],[98.524963,9.59744],[98.463297,9.627982],[98.576437,9.558555],[98.466939,9.452857],[98.455824,9.563313],[98.344322,9.242937],[98.380289,9.249402],[98.387351,9.180565],[98.316292,9.199051],[98.400845,9.084573],[98.318366,9.033696],[98.406115,9.040025],[98.391167,8.911137],[98.322528,8.971175],[98.216118,8.73593],[98.310933,7.757945],[95.359414,5.572449],[95.224173,5.575541],[95.211998,5.27569],[95.411922,4.8206],[96.024026,4.193918],[96.242486,4.067619],[96.474723,3.766644],[96.805291,3.727741],[97.001956,3.547235],[97.371965,2.985865],[97.597196,2.873399],[97.662822,2.399623],[97.776721,2.240655],[97.778684,2.273356],[97.757757,2.290191],[97.747249,2.303154],[97.745016,2.308184],[97.746154,2.315585],[97.758572,2.317018],[97.769678,2.299138],[97.772386,2.326276],[97.7983,2.34595],[97.80323,2.346909],[97.810347,2.342959],[97.8085,2.333163],[97.83021,2.328712],[97.857242,2.347796],[97.841014,2.343811],[97.83637,2.34834],[97.812044,2.571764],[97.814031,2.574308],[97.823704,2.575366],[97.826833,2.589446],[97.836552,2.59475],[97.83303,2.601812],[97.834607,2.614867],[97.830381,2.618965],[97.829771,2.622555],[97.844674,2.647461],[97.856094,2.649046],[97.864671,2.676295],[97.855984,2.674944],[97.840747,2.67818],[97.840691,2.681531],[97.846869,2.6923],[97.819403,2.707868],[97.817118,2.711073],[97.817468,2.720423],[97.808733,2.710514],[97.802304,2.710497],[97.790576,2.741209],[97.811774,2.767244],[97.838871,2.773093],[97.791952,2.740899],[97.803372,2.711432],[97.817479,2.722084],[97.866107,2.676126],[97.837965,2.594743],[97.825303,2.574878],[97.813517,2.571442],[97.859442,2.348022],[97.829952,2.3262],[97.808604,2.331513],[97.802091,2.344587],[97.772095,2.297869],[97.763191,2.300064],[97.75825,2.314145],[97.747491,2.312979],[97.783242,2.271903],[97.782228,2.234186],[97.96967,2.262761],[98.263229,2.027372],[98.464335,1.987481],[98.685099,1.734337],[98.767523,1.761868],[98.839659,1.628554],[98.766795,1.528605],[98.712714,1.559361],[99.058831,0.742234],[99.137581,0.253168],[99.352775,0.232078],[99.692331,0.041545],[99.817395,-0.299462],[100.301039,-0.805305],[100.412249,-1.042815],[100.348912,-1.170926],[100.565261,-1.330682],[100.643877,-1.621554],[100.870037,-1.938715],[100.820041,-2.159977],[100.889727,-2.325761],[101.321591,-2.737505],[101.610575,-3.235391],[102.216336,-3.653184],[102.280078,-3.96362],[102.898378,-4.488324],[103.912607,-5.130207],[103.906321,-5.232385],[104.559812,-5.860371],[105.238068,-6.838809],[105.982667,-6.81311],[106.309471,-6.995634],[106.540447,-6.982481],[106.373337,-7.237172],[106.405313,-7.382812],[107.399499,-7.494163],[107.846695,-7.737322],[108.343874,-7.819268],[108.498161,-7.793726],[108.539624,-7.690928],[108.777041,-7.700161],[108.821553,-7.621006],[108.985363,-7.729766],[108.993133,-7.665091],[109.027522,-7.654959],[108.991825,-7.69937],[109.019986,-7.752258],[109.117461,-7.674826],[109.114881,-7.63796],[109.128048,-7.620469],[109.12,-7.612328],[109.117979,-7.605251],[109.16775,-7.542275],[109.217265,-7.492824],[109.225191,-7.490196],[109.242028,-7.49282],[109.259786,-7.503058],[109.264431,-7.512869],[109.277016,-7.506728],[109.296383,-7.5084],[109.318079,-7.512588],[109.31961,-7.514006],[109.319582,-7.517897],[109.314926,-7.525531],[109.321171,-7.520656],[109.314422,-7.526507],[109.297806,-7.509501],[109.265538,-7.513921],[109.22348,-7.492082],[109.111888,-7.686601],[109.912566,-7.84748],[110.204302,-7.979843],[110.251103,-7.924323],[110.20922,-7.983934],[110.709304,-8.201378],[111.424873,-8.257254],[111.678845,-8.38501],[111.712987,-8.291325],[111.761115,-8.344534],[111.839421,-8.259035],[112.652089,-8.447739],[113.236132,-8.28407],[114.048625,-8.646703],[114.256844,-8.586838],[114.368541,-8.750667],[115.145297,-8.848463],[115.844604,-8.813312],[116.004349,-8.903799],[116.054797,-8.851254],[116.376647,-8.902902],[116.376655,-8.956145],[116.468961,-8.823194],[116.43585,-8.920291],[116.594077,-8.861645],[116.716667,-9.016667],[117.012894,-9.109927],[117.201895,-9.011118],[117.411573,-9.050252],[117.690948,-8.91821],[118.129268,-8.878217],[118.403665,-8.676507],[118.380424,-8.625809],[118.398581,-8.586734],[118.43276,-8.677091],[118.381757,-8.836032],[118.497089,-8.878767],[119.058947,-9.699482],[119.389164,-9.797551],[119.461179,-9.74037],[119.67181,-9.781556],[120.16474,-10.240199],[120.382118,-10.263898],[121.283333,-10.816667],[122.847354,-10.942752],[123.223416,-10.829909],[123.252673,-10.735513],[123.405247,-10.68457],[123.420876,-10.613746],[123.343492,-10.586481],[123.439666,-10.510263],[123.369359,-10.543772],[123.458568,-10.357911],[123.798785,-10.355665],[124.017563,-10.276076],[124.105417,-10.172755],[124.135981,-10.153509],[124.17556,-10.136133],[124.10906,-10.174414],[124.408058,-10.165312],[124.976329,-9.647417],[124.993024,-9.565775],[124.973919,-9.551538],[124.975537,-9.538405],[125.366414,-9.277212],[125.943595,-9.133026],[126.187072,-8.977032],[126.479874,-8.946506],[126.588621,-8.801118],[127.013756,-8.685833],[127.296174,-8.391936],[127.600616,-8.216304],[130.75,-8.35],[131.142289,-8.159561],[131.030404,-8.076257],[131.286474,-7.924253],[131.292699,-8.030879],[131.363393,-7.870932],[131.62058,-7.646851],[131.706663,-7.423069],[131.634186,-7.253359],[131.742046,-7.222679],[131.719722,-7.1625],[131.973611,-7.245],[131.916667,-7.1],[132.894818,-5.952986],[133.119572,-5.566359],[133.155014,-5.273328],[133.639167,-4.305963],[133.395237,-3.748676],[133.402878,-3.595564],[133.368416,-3.594836],[133.327888,-3.554203],[133.305249,-3.57891],[133.278937,-3.585938],[133.269059,-3.606838],[133.231879,-3.594454],[133.330339,-3.544414],[133.432914,-3.59675],[133.423351,-3.572198],[133.443047,-3.55254],[133.437654,-3.544086],[133.433253,-3.55044],[133.425614,-3.544554],[133.460938,-3.542974],[133.424317,-3.515723],[133.467713,-3.515625],[133.471747,-3.538158],[133.427264,-3.575501],[133.439178,-3.593848],[133.414925,-3.617928],[133.413497,-3.691406],[133.582546,-3.571798],[133.550685,-3.455172],[133.487556,-3.454661],[133.438865,-3.415794],[133.432218,-3.415676],[133.430897,-3.426562],[133.427375,-3.428196],[133.431012,-3.418415],[133.4102,-3.415426],[133.405756,-3.394475],[133.415479,-3.370729],[133.428838,-3.362866],[133.395433,-3.344],[133.389971,-3.337223],[133.442069,-3.358258],[133.417439,-3.414202],[133.441885,-3.407954],[133.481589,-3.44054],[133.488816,-3.307731],[133.538435,-3.4281],[133.634455,-3.414828],[133.64826,-3.122245],[133.793063,-3.028992],[133.797227,-2.902677],[133.854843,-2.924757],[133.922644,-3.121634],[133.835139,-3.019046],[133.778686,-3.213191],[133.700718,-3.170375],[133.668288,-3.227259],[133.664391,-3.32056],[133.698622,-3.404361],[133.70068,-3.43906],[133.621213,-3.47609],[133.690112,-3.6703],[133.815662,-3.727654],[133.819799,-3.714119],[133.794155,-3.659999],[133.774048,-3.574594],[133.832788,-3.556418],[133.960202,-3.862403],[134.136197,-3.741908],[134.190951,-3.833127],[134.105476,-3.898016],[134.290121,-4.047576],[134.33249,-3.879714],[134.506308,-4.044403],[134.673633,-3.920521],[134.932982,-3.936067],[134.868022,-3.999452],[134.680931,-3.937294],[134.721305,-4.057997],[134.629007,-4.118422],[134.740247,-4.122816],[134.732508,-4.206698],[135.198968,-4.463356],[135.355948,-4.414868],[135.908137,-4.483629],[136.049616,-4.520104],[135.986707,-4.542593],[136.039149,-4.578865],[136.0466,-4.557682],[136.068081,-4.552709],[136.065163,-4.54505],[136.059918,-4.54986],[136.056512,-4.550032],[136.055024,-4.54765],[136.059701,-4.533971],[136.068954,-4.528003],[136.044934,-4.509049],[136.047004,-4.495553],[136.053687,-4.496846],[136.05248,-4.48728],[136.072117,-4.480885],[136.06877,-4.472765],[136.071202,-4.461356],[136.066738,-4.457861],[136.066524,-4.45571],[136.068267,-4.453154],[136.072626,-4.451942],[136.072846,-4.481999],[136.05416,-4.487184],[136.054688,-4.498047],[136.047879,-4.497383],[136.047267,-4.510083],[136.057627,-4.513701],[136.065904,-4.521975],[136.07031,-4.530158],[136.067894,-4.557655],[136.045692,-4.56759],[136.053129,-4.587377],[136.113899,-4.62262],[136.133311,-4.603956],[136.131965,-4.58986],[136.140697,-4.583728],[136.135053,-4.569898],[136.139919,-4.56504],[136.159926,-4.583592],[136.157466,-4.557616],[136.163466,-4.552421],[136.161843,-4.586622],[136.133341,-4.625489],[136.187313,-4.617026],[136.140755,-4.632045],[136.209208,-4.659287],[136.200303,-4.634181],[136.232007,-4.583058],[136.232032,-4.662938],[136.350472,-4.633965],[136.742758,-4.872554],[136.743402,-4.734906],[136.823733,-4.784689],[136.787431,-4.832],[136.845064,-4.828701],[136.845494,-4.823648],[136.83419,-4.823795],[136.830619,-4.815717],[136.843958,-4.771032],[136.861193,-4.749354],[136.849023,-4.734244],[136.853369,-4.729204],[136.851358,-4.726029],[136.853798,-4.723674],[136.863158,-4.749645],[136.834689,-4.819636],[136.847261,-4.82162],[136.86591,-4.791171],[136.885833,-4.783778],[136.882977,-4.860481],[137.009287,-4.831529],[136.924566,-4.89081],[136.976309,-4.939585],[137.061707,-4.919111],[137.031699,-4.882856],[137.100518,-4.843264],[137.091626,-4.841194],[137.08249,-4.827067],[137.09166,-4.806209],[137.070728,-4.806608],[137.067635,-4.803242],[137.092418,-4.786521],[137.13074,-4.823739],[137.057894,-4.938593],[137.108084,-4.974424],[137.151739,-4.774959],[137.158358,-4.875139],[137.177769,-4.885024],[137.18202,-4.860276],[137.197153,-4.844616],[137.211865,-4.84356],[137.164888,-4.906917],[137.132661,-4.904225],[137.180081,-5.008578],[137.223355,-4.961765],[137.196934,-4.931759],[137.199069,-4.886299],[137.216733,-4.842394],[137.222826,-4.84831],[137.241546,-4.836739],[137.23738,-4.837719],[137.234949,-4.834729],[137.23898,-4.824485],[137.236152,-4.823967],[137.233455,-4.821247],[137.234939,-4.815484],[137.240034,-4.824323],[137.23571,-4.835264],[137.243574,-4.835591],[137.201602,-4.887277],[137.209839,-4.940814],[137.262658,-4.862638],[137.321025,-4.889059],[137.235632,-4.989537],[137.285176,-5.025889],[137.295467,-4.951552],[137.368964,-4.925362],[137.366918,-4.902949],[137.368526,-4.891019],[137.354491,-4.883533],[137.349983,-4.86198],[137.336843,-4.861299],[137.331437,-4.857951],[137.328895,-4.852185],[137.331729,-4.845707],[137.331414,-4.856233],[137.350747,-4.861089],[137.36937,-4.889362],[137.370679,-4.909735],[137.437348,-4.838288],[137.423537,-4.912913],[137.2907,-5.008001],[137.336282,-5.043273],[137.46924,-4.923988],[137.455276,-4.903957],[137.452749,-4.895568],[137.452511,-4.893564],[137.45429,-4.891721],[137.459149,-4.889699],[137.459958,-4.885882],[137.486515,-4.934276],[137.417444,-5.007156],[137.431686,-5.118531],[137.456483,-5.044284],[137.514588,-5.005399],[137.490384,-4.935109],[137.502541,-4.937601],[137.496584,-4.927362],[137.502573,-4.916716],[137.493823,-4.901105],[137.494894,-4.865422],[137.498057,-4.863322],[137.520129,-5.00332],[137.533803,-4.973676],[137.554032,-4.953914],[137.567906,-4.953007],[137.550939,-5.007648],[137.453726,-5.06884],[137.496826,-5.146093],[137.595341,-5.008527],[137.583965,-4.900738],[137.614729,-4.928821],[137.632888,-4.92268],[137.614635,-4.918154],[137.596192,-4.879126],[137.677466,-4.862238],[137.613681,-4.98288],[137.634056,-5.007472],[137.644697,-5.004258],[137.656724,-5.008649],[137.668123,-4.987474],[137.672553,-4.986915],[137.679628,-4.991248],[137.546659,-5.141761],[137.628823,-5.128868],[137.601888,-5.086297],[137.666317,-5.021114],[137.682677,-5.010773],[137.690886,-5.015053],[137.691175,-5.004758],[137.699351,-4.997445],[137.670063,-5.068077],[137.681837,-5.052645],[137.71039,-5.054641],[137.710156,-5.049552],[137.713225,-5.044098],[137.719266,-5.043079],[137.716765,-5.038063],[137.719865,-5.030215],[137.726109,-5.02747],[137.722359,-5.023579],[137.724931,-5.018238],[137.749532,-5.010532],[137.734485,-5.086604],[137.80424,-5.044588],[137.827557,-5.046181],[137.735731,-5.090042],[137.748327,-5.137953],[137.758473,-5.103122],[137.810959,-5.070312],[137.815733,-5.075793],[137.819687,-5.068969],[137.824718,-5.076744],[137.837921,-5.075744],[137.836596,-5.069168],[137.828555,-5.072236],[137.825019,-5.07189],[137.823798,-5.069845],[137.83116,-5.061695],[137.834716,-5.06128],[137.839893,-5.064564],[137.846973,-5.04824],[137.856182,-5.053771],[137.838035,-5.07673],[137.778605,-5.09198],[137.745473,-5.184059],[137.687931,-5.199806],[137.71859,-5.275938],[137.83586,-5.129245],[137.890516,-5.097098],[137.893317,-5.097098],[137.895508,-5.10041],[137.893641,-5.113818],[137.910079,-5.117156],[137.912248,-5.113813],[137.900918,-5.113358],[137.897737,-5.10902],[137.915503,-5.093988],[137.961529,-5.092494],[137.967117,-5.080605],[137.959149,-5.075863],[137.9313,-5.048362],[137.929556,-5.045831],[137.930472,-5.041125],[137.968746,-5.082099],[137.964538,-5.090866],[137.948202,-5.105438],[137.914477,-5.095734],[137.899194,-5.109347],[137.9131,-5.112062],[137.913688,-5.116511],[137.90912,-5.118891],[137.892813,-5.114933],[137.890138,-5.098617],[137.806164,-5.178676],[137.825328,-5.230545],[137.727849,-5.326003],[137.74067,-5.374412],[137.832293,-5.29822],[137.836311,-5.273438],[137.862156,-5.222474],[137.880229,-5.213199],[137.902262,-5.213947],[137.916176,-5.167272],[137.951867,-5.139158],[138.021145,-5.138455],[137.95981,-5.142015],[137.909889,-5.213654],[137.864662,-5.224441],[137.88235,-5.321957],[137.941763,-5.201643],[137.987336,-5.284513],[138.060624,-5.232872],[138.043356,-5.190193],[138.094552,-5.176438],[138.092529,-5.154395],[138.06861,-5.147828],[138.065486,-5.139945],[138.097672,-5.097656],[138.070076,-5.147006],[138.24796,-5.140974],[138.237027,-5.129789],[138.215712,-5.124414],[138.213926,-5.121512],[138.231669,-5.08571],[138.260498,-5.080342],[138.254167,-5.070932],[138.256062,-5.065878],[138.26318,-5.065716],[138.27124,-5.074805],[138.279461,-5.070158],[138.269529,-5.050908],[138.273218,-5.020783],[138.300515,-4.994211],[138.280566,-5.070928],[138.216437,-5.121559],[138.240099,-5.12951],[138.250062,-5.140838],[138.219205,-5.146024],[138.26191,-5.155825],[138.308432,-5.101581],[138.339143,-5.097796],[138.263603,-5.159951],[138.187013,-5.145723],[138.15078,-5.268332],[137.991223,-5.368565],[138.024194,-5.436631],[138.054646,-5.374384],[138.127069,-5.373548],[138.127824,-5.348677],[138.113573,-5.351659],[138.11077,-5.350327],[138.109229,-5.34446],[138.113755,-5.31884],[138.130349,-5.312472],[138.126835,-5.301169],[138.129344,-5.295015],[138.140056,-5.369952],[138.178211,-5.33329],[138.235935,-5.323074],[138.273855,-5.18744],[138.419235,-5.145422],[138.429315,-5.148905],[138.434837,-5.166221],[138.464831,-5.151436],[138.479859,-5.155644],[138.483442,-5.134958],[138.508569,-5.122885],[138.498895,-5.105427],[138.515485,-5.102121],[138.50111,-5.106154],[138.511027,-5.122091],[138.481586,-5.157056],[138.436361,-5.167898],[138.429683,-5.162811],[138.427117,-5.15034],[138.420614,-5.147637],[138.377145,-5.174406],[138.369224,-5.241316],[138.373839,-5.175663],[138.272953,-5.193039],[138.24127,-5.324952],[138.160651,-5.384544],[138.058637,-5.387027],[138.052787,-5.504307],[138.089131,-5.520732],[138.076937,-5.463742],[138.083884,-5.452222],[138.091476,-5.446034],[138.12749,-5.531769],[138.163642,-5.438616],[138.201252,-5.480696],[138.21978,-5.452312],[138.276366,-5.410572],[138.285923,-5.37695],[138.305379,-5.362136],[138.313893,-5.365923],[138.337121,-5.418418],[138.342731,-5.453415],[138.370955,-5.416045],[138.401192,-5.421347],[138.416365,-5.441557],[138.452264,-5.350577],[138.478058,-5.326869],[138.48972,-5.286921],[138.501732,-5.270654],[138.482303,-5.322921],[138.453494,-5.352349],[138.432489,-5.425579],[138.441442,-5.420005],[138.470124,-5.421008],[138.472978,-5.433576],[138.484997,-5.42051],[138.50851,-5.417161],[138.527698,-5.420052],[138.543922,-5.389587],[138.538808,-5.416721],[138.523538,-5.422403],[138.484962,-5.421906],[138.472841,-5.435206],[138.440426,-5.421669],[138.416396,-5.444123],[138.369995,-5.419335],[138.343115,-5.456189],[138.298748,-5.368446],[138.244255,-5.596547],[138.352859,-5.55185],[138.30748,-5.58978],[138.402259,-5.660223],[138.462507,-5.544456],[138.465559,-5.542063],[138.472673,-5.540986],[138.49127,-5.547983],[138.505983,-5.541603],[138.52555,-5.542426],[138.52342,-5.525974],[138.528269,-5.538911],[138.527572,-5.542337],[138.523566,-5.544056],[138.48834,-5.549314],[138.464562,-5.544042],[138.463443,-5.578758],[138.705914,-5.630579],[138.385847,-5.716146],[138.383438,-5.727928],[138.42446,-5.727708],[138.463814,-5.765968],[138.476879,-5.713578],[138.489942,-5.697047],[138.504315,-5.695944],[138.466088,-5.769934],[138.404333,-5.733463],[138.40636,-5.832388],[138.44488,-5.846614],[138.465161,-5.865095],[138.465884,-5.883452],[138.468497,-5.883954],[138.484239,-5.863759],[138.48754,-5.862493],[138.515625,-5.887835],[138.526272,-5.878319],[138.539114,-5.887934],[138.515625,-5.88923],[138.486606,-5.863991],[138.472079,-5.882122],[138.46646,-5.885152],[138.40062,-5.833221],[138.250675,-5.913626],[138.42672,-6.358445],[138.693619,-6.626644],[138.672662,-6.723742],[138.922073,-6.834864],[138.561713,-6.935076],[138.856149,-7.157861],[139.18001,-7.213397],[139.205058,-7.151918],[139.243896,-7.140833],[139.169968,-7.236173],[138.666937,-7.207031],[138.86627,-7.319025],[138.966215,-7.520797],[139.109996,-7.568886],[139.146262,-7.512962],[139.160218,-7.510447],[139.017443,-7.854816],[138.914014,-7.917819],[138.855113,-8.184303],[138.977047,-8.329718],[138.996427,-8.233969],[138.950971,-8.192367],[138.947609,-8.184568],[138.956613,-8.158517],[138.988055,-8.203011],[139.223116,-8.095135],[139.241528,-8.068025],[139.226385,-8.050333],[139.241138,-7.995549],[139.236031,-7.993233],[139.227056,-8.00583],[139.219454,-8.006975],[139.214896,-7.999248],[139.218609,-7.988839],[139.220909,-8.005036],[139.235503,-7.990173],[139.244636,-7.996529],[139.24572,-8.067518],[139.231969,-8.121049],[139.340533,-8.205841],[139.964829,-8.099821],[140.060948,-8.062687],[140.046417,-8.016929],[140.068983,-7.903494],[140.105234,-7.908769],[140.131453,-7.925916],[140.138544,-7.880038],[140.212554,-7.867955],[140.173955,-7.835176],[140.192402,-7.699163],[140.223149,-7.694547],[140.254741,-7.701566],[140.273438,-7.715123],[140.269519,-7.703078],[140.275353,-7.712932],[140.271891,-7.717003],[140.19395,-7.699611],[140.214838,-7.869551],[140.13195,-7.929352],[140.071038,-7.907309],[140.073769,-8.069701],[139.966738,-8.162246],[140.275544,-8.348441],[140.227121,-8.368822],[140.333451,-8.468439],[140.385932,-8.438754],[140.452997,-8.476533],[140.458499,-8.471034],[140.452396,-8.455236],[140.456414,-8.447016],[140.494081,-8.4375],[140.452698,-8.479985],[140.354035,-8.474518],[140.834065,-9.030862],[141.016667,-9.126251],[142.124715,-11.22484],[142.06667,-11.538048],[142.08872,-11.52542],[142.12132,-11.526817],[142.129726,-11.529771],[142.062973,-11.547683],[142.057284,-11.538849],[142.00113,-11.743975],[142.091197,-11.736415],[142.138558,-11.771216],[141.984982,-11.769023],[141.940938,-11.968646],[141.971286,-11.895358],[142.015743,-12.044059],[142.040473,-11.985864],[142.063202,-11.977754],[142.136159,-11.975873],[142.199293,-12.037576],[142.059492,-11.982504],[142.021562,-12.075619],[141.956873,-12.043427],[141.947776,-12.150385],[141.92751,-12.16721],[141.902489,-12.175908],[141.9205,-12.200725],[141.896972,-12.233874],[141.944773,-12.255003],[141.95547,-12.273093],[141.981799,-12.258317],[141.986182,-12.261114],[141.990682,-12.27376],[141.993799,-12.264233],[142.006612,-12.260679],[142.035116,-12.262781],[142.045898,-12.280223],[142.058749,-12.272526],[142.046387,-12.281915],[142.004802,-12.262526],[141.990921,-12.275043],[141.98237,-12.259194],[141.954678,-12.274222],[141.894022,-12.235623],[141.896876,-12.177655],[141.945853,-12.146024],[141.874098,-11.958958],[141.726049,-12.229012],[141.813714,-12.241966],[141.715964,-12.234748],[141.592586,-12.557888],[141.694557,-12.558586],[141.657787,-12.465686],[141.682882,-12.417527],[141.720399,-12.386675],[141.664862,-12.461957],[141.745103,-12.482185],[141.763023,-12.464515],[141.772714,-12.468547],[141.691917,-12.514352],[141.820103,-12.601808],[142.061222,-12.524747],[141.82502,-12.651952],[141.926157,-12.728765],[141.969602,-12.711544],[141.965055,-12.723938],[142.027266,-12.704536],[142.067429,-12.704486],[141.904722,-12.746936],[141.956269,-12.885999],[141.942027,-12.912948],[141.807938,-12.677529],[141.744566,-12.847877],[141.600353,-12.95266],[141.695934,-13.262855],[141.654568,-13.340612],[141.734193,-13.258989],[141.683608,-13.346467],[141.838177,-13.371518],[141.723054,-13.382417],[141.690871,-13.433454],[141.711514,-13.479026],[141.695317,-13.567739],[141.683733,-13.444772],[141.704279,-13.380492],[141.630807,-13.365931],[141.524004,-13.569746],[141.466078,-13.874022],[141.46884,-13.920612],[141.472303,-13.934624],[141.469013,-13.905814],[141.468923,-13.883214],[141.47637,-13.864297],[141.492516,-13.863056],[141.480743,-13.861735],[141.479843,-13.854328],[141.481533,-13.848214],[141.517577,-13.779835],[141.499598,-13.767202],[141.50606,-13.754743],[141.601211,-13.888937],[141.551599,-13.950014],[141.469555,-13.886719],[141.615162,-14.185475],[141.525837,-14.487125],[141.676571,-15.243744],[141.693733,-15.249971],[141.724007,-15.220055],[141.741053,-15.221787],[141.769512,-15.233094],[141.786294,-15.248698],[141.800648,-15.269395],[141.713639,-15.23247],[141.710172,-15.34114],[141.580222,-15.21021],[141.540218,-15.348457],[141.551178,-15.361813],[141.555186,-15.359151],[141.55107,-15.349381],[141.554639,-15.342336],[141.579099,-15.337964],[141.594295,-15.344166],[141.595364,-15.360205],[141.601662,-15.349662],[141.630287,-15.340566],[141.633187,-15.342397],[141.631965,-15.346416],[141.637077,-15.351078],[141.598376,-15.363822],[141.556021,-15.343531],[141.555448,-15.361798],[141.537357,-15.370396],[141.395006,-15.905062],[141.408833,-15.908757],[141.414595,-15.87877],[141.422488,-15.869504],[141.433399,-15.870052],[141.427358,-15.863443],[141.423632,-15.853036],[141.423299,-15.836098],[141.429204,-15.83182],[141.438313,-15.833197],[141.436499,-15.847311],[141.469015,-15.825863],[141.491668,-15.831362],[141.492282,-15.836326],[141.484238,-15.842587],[141.486191,-15.85097],[141.492507,-15.853482],[141.490308,-15.843008],[141.492772,-15.839056],[141.496722,-15.837127],[141.520914,-15.845618],[141.528462,-15.87393],[141.486292,-15.853092],[141.482472,-15.84365],[141.490048,-15.832829],[141.43634,-15.848953],[141.428352,-15.833456],[141.435084,-15.870103],[141.420231,-15.895921],[141.409547,-15.911445],[141.377339,-15.919097],[141.431733,-16.079343],[141.296489,-16.397988],[141.329471,-16.381783],[141.340509,-16.391865],[141.352963,-16.383399],[141.362975,-16.393078],[141.376517,-16.386225],[141.384759,-16.39498],[141.391637,-16.37956],[141.404993,-16.383806],[141.412931,-16.368337],[141.428576,-16.36685],[141.591883,-16.455024],[141.290057,-16.397771],[141.30437,-16.477771],[141.258626,-16.593167],[141.244971,-16.596988],[141.256043,-16.610448],[141.269881,-16.600214],[141.274644,-16.599934],[141.27949,-16.603073],[141.28241,-16.625204],[141.276666,-16.629964],[141.271228,-16.626022],[141.267898,-16.633423],[141.278922,-16.635106],[141.285795,-16.639891],[141.294558,-16.640375],[141.297444,-16.653939],[141.302132,-16.647625],[141.307154,-16.648489],[141.312673,-16.684373],[141.266655,-16.633508],[141.277868,-16.602968],[141.255193,-16.611924],[141.243591,-16.5988],[141.256382,-16.553514],[140.958432,-17.000129],[140.954252,-17.178223],[140.836825,-17.485089],[140.789451,-17.524621],[140.900634,-17.517887],[140.915365,-17.543683],[140.89409,-17.58128],[140.914544,-17.578314],[140.892304,-17.581802],[140.897154,-17.518724],[140.800021,-17.548388],[140.787657,-17.531675],[140.788537,-17.517987],[140.835848,-17.480329],[140.813562,-17.464732],[140.764614,-17.478868],[140.736381,-17.535876],[140.710143,-17.551788],[140.712171,-17.556256],[140.728053,-17.553043],[140.737004,-17.559332],[140.723163,-17.591224],[140.745256,-17.580622],[140.763135,-17.588588],[140.744739,-17.629684],[140.753825,-17.625917],[140.7564,-17.627348],[140.75525,-17.638995],[140.767152,-17.639835],[140.769005,-17.656513],[140.784735,-17.646671],[140.788694,-17.646815],[140.791799,-17.649523],[140.806782,-17.688197],[140.795564,-17.728076],[140.808462,-17.734205],[140.807279,-17.739328],[140.80346,-17.741557],[140.790248,-17.739706],[140.783414,-17.749207],[140.786291,-17.753906],[140.797143,-17.756198],[140.802499,-17.76131],[140.833054,-17.839703],[140.827366,-17.854334],[140.781691,-17.750191],[140.790356,-17.649754],[140.769621,-17.657975],[140.743586,-17.630277],[140.761734,-17.589184],[140.722178,-17.592155],[140.708142,-17.553869],[140.72684,-17.511763],[140.595743,-17.594712],[140.625,-17.604074],[140.637579,-17.623208],[140.636585,-17.627977],[140.63076,-17.630519],[140.61401,-17.623356],[140.620286,-17.637694],[140.606029,-17.652537],[140.61195,-17.658415],[140.619595,-17.650728],[140.624292,-17.649072],[140.626757,-17.650852],[140.650115,-17.691695],[140.636873,-17.705382],[140.604859,-17.653852],[140.610965,-17.624636],[140.614331,-17.622142],[140.619699,-17.621995],[140.632757,-17.628876],[140.635816,-17.62289],[140.583661,-17.596069],[140.221393,-17.731839],[140.0,-17.713087],[139.820747,-17.56888],[139.818769,-17.698286],[139.806418,-17.703653],[139.787434,-17.690087],[139.779964,-17.695995],[139.77784,-17.712158],[139.79527,-17.712362],[139.798412,-17.71584],[139.799777,-17.722875],[139.775249,-17.743183],[139.787419,-17.764587],[139.775095,-17.788399],[139.753168,-17.802441],[139.762347,-17.813203],[139.764169,-17.823202],[139.761265,-17.829411],[139.745584,-17.842416],[139.750889,-17.851773],[139.767956,-17.8578],[139.773895,-17.8668],[139.770882,-17.880394],[139.7529,-17.904364],[139.753407,-17.916288],[139.784304,-17.908232],[139.800523,-17.91618],[139.81762,-17.933592],[139.817634,-18.006612],[139.816285,-17.933157],[139.751105,-17.915899],[139.743781,-17.844696],[139.79607,-17.572605],[139.722315,-17.669641],[139.660501,-17.687618],[139.648602,-17.707795],[139.660688,-17.72362],[139.655567,-17.74141],[139.644231,-17.704931],[139.754853,-17.566464],[139.607605,-17.50517],[139.601577,-17.534738],[139.579129,-17.546256],[139.591632,-17.55402],[139.591341,-17.559849],[139.58479,-17.566098],[139.576253,-17.567719],[139.558707,-17.562681],[139.553693,-17.55024],[139.549761,-17.57473],[139.546728,-17.577353],[139.53931,-17.578125],[139.549234,-17.573837],[139.542704,-17.557575],[139.55449,-17.54908],[139.591048,-17.557617],[139.577973,-17.545493],[139.603655,-17.514648],[139.589968,-17.480473],[139.497316,-17.524405],[139.532455,-17.43699],[139.238017,-17.319236],[139.156705,-17.030415],[139.038105,-16.912418],[138.628766,-16.768216],[138.138958,-16.712277],[137.74667,-16.264844],[137.747096,-16.284138],[137.731069,-16.320751],[137.674637,-16.370833],[137.654613,-16.367929],[137.650607,-16.393183],[137.656571,-16.398595],[137.655064,-16.405784],[137.623661,-16.439397],[137.593164,-16.456391],[137.731895,-16.236984],[137.414295,-16.178273],[137.265594,-16.03409],[137.242139,-16.079772],[137.219217,-16.102283],[137.197867,-16.104283],[137.176436,-16.15918],[137.112752,-16.203879],[137.174283,-16.159289],[137.197123,-16.103311],[137.266085,-16.026427],[137.000156,-15.870327],[137.020696,-15.901422],[137.030735,-15.941319],[137.030116,-15.947553],[137.027381,-15.951397],[136.957842,-15.874245],[136.837937,-15.961213],[136.856903,-15.905485],[136.769692,-15.890227],[136.716126,-15.933545],[136.696463,-15.913504],[136.734185,-15.974953],[136.730156,-15.932514],[136.793018,-15.909446],[136.737234,-15.978696],[136.824072,-15.988168],[136.746526,-16.006001],[136.656631,-15.974939],[136.715989,-15.875711],[136.676451,-15.813476],[136.637982,-15.862348],[136.62786,-15.861307],[136.618619,-15.850707],[136.598596,-15.89509],[136.578261,-15.910446],[136.477443,-15.938802],[136.448399,-15.903264],[136.417532,-15.958007],[136.413802,-15.960866],[136.40625,-15.958984],[136.447629,-15.901524],[136.526348,-15.911043],[136.536411,-15.887035],[136.53043,-15.874145],[136.534491,-15.860631],[136.598336,-15.80066],[136.599457,-15.754161],[136.604172,-15.791147],[136.592692,-15.818217],[136.531634,-15.871492],[136.577856,-15.908183],[136.724177,-15.697103],[136.525684,-15.759446],[136.319831,-15.611576],[136.211429,-15.392732],[135.745696,-15.114605],[135.632946,-15.222685],[135.410348,-15.340175],[135.705463,-15.092961],[135.673983,-15.074531],[135.655027,-15.132426],[135.61696,-15.147606],[135.668046,-15.061713],[135.413266,-14.953649],[135.367185,-14.801478],[135.538792,-14.653625],[135.703125,-14.271763],[135.901651,-14.192487],[135.909742,-13.991519],[136.080995,-13.65997],[135.880947,-13.714676],[135.8569,-13.448547],[135.970407,-13.408716],[135.888277,-13.319904],[135.998433,-13.214038],[136.046566,-13.31049],[136.142467,-13.125172],[136.134795,-13.208281],[136.155207,-13.265232],[136.182167,-13.280634],[136.334007,-13.045442],[136.388731,-13.226743],[136.331109,-13.325251],[136.46895,-13.246767],[136.567222,-13.059006],[136.453846,-12.97916],[136.666781,-13.004457],[136.481071,-12.843155],[136.465524,-12.776507],[136.483628,-12.769284],[136.513065,-12.804207],[136.542868,-12.806792],[136.549397,-12.739976],[136.585626,-12.818728],[136.621303,-12.839309],[136.621801,-12.690274],[136.694744,-12.71075],[136.76235,-12.578022],[136.669281,-12.591951],[136.728904,-12.4728],[136.793306,-12.452294],[136.760458,-12.527707],[136.771787,-12.555951],[136.979614,-12.347051],[136.873813,-12.375175],[136.928191,-12.281836],[136.782172,-12.158635],[136.683336,-12.182892],[136.66797,-12.203893],[136.747964,-12.266642],[136.648362,-12.270006],[136.531279,-11.992448],[136.48403,-12.0385],[136.460784,-11.99564],[136.582272,-11.915998],[136.565894,-11.877983],[136.167193,-12.163102],[136.364445,-12.250837],[136.393928,-12.235898],[136.394732,-12.22498],[136.382454,-12.226812],[136.378966,-12.225107],[136.377466,-12.21359],[136.396137,-12.194677],[136.40105,-12.195103],[136.403467,-12.204433],[136.41213,-12.204707],[136.410312,-12.190304],[136.420159,-12.170276],[136.424821,-12.167492],[136.411837,-12.207019],[136.379932,-12.212213],[136.397371,-12.226141],[136.392759,-12.241258],[136.343886,-12.262782],[136.351879,-12.271536],[136.361941,-12.263041],[136.370704,-12.264848],[136.380267,-12.28161],[136.38024,-12.284597],[136.218464,-12.480469],[136.221719,-12.541903],[136.211969,-12.530573],[136.218118,-12.519281],[136.213112,-12.5054],[136.217195,-12.478978],[136.225428,-12.46696],[136.222705,-12.462134],[136.064639,-12.429317],[136.012151,-12.577295],[136.018101,-12.460776],[135.94995,-12.458562],[136.015751,-12.396307],[135.978292,-12.394003],[135.948657,-12.444256],[135.949998,-12.421945],[135.924818,-12.445297],[135.919391,-12.447016],[135.915339,-12.444122],[136.063185,-12.240038],[135.959269,-12.277943],[135.928066,-12.223238],[135.973277,-12.185982],[136.046028,-12.06261],[135.880928,-12.248731],[135.885328,-12.14991],[135.724714,-12.344834],[135.665327,-12.321892],[135.723582,-12.283986],[135.655216,-12.157278],[135.913264,-11.953125],[135.218783,-12.294239],[135.251237,-12.313146],[135.284854,-12.369089],[135.308017,-12.378291],[135.319626,-12.385862],[135.283119,-12.369584],[135.203513,-12.290444],[135.164791,-12.330432],[135.148389,-12.23677],[135.051371,-12.277012],[135.046254,-12.275206],[135.040949,-12.267299],[135.031741,-12.28401],[135.053102,-12.281792],[135.054066,-12.285224],[135.048481,-12.296178],[135.038698,-12.304966],[135.031104,-12.304688],[135.01744,-12.297293],[135.018333,-12.28708],[134.998074,-12.317711],[135.018376,-12.285627],[135.047505,-12.295892],[135.052408,-12.282529],[135.042895,-12.289827],[135.033502,-12.287329],[135.030433,-12.282887],[135.04098,-12.265536],[135.052245,-12.275224],[135.056475,-12.261401],[134.948216,-12.146706],[134.799984,-12.154317],[134.848248,-12.142736],[134.843719,-12.062647],[134.803135,-12.049198],[134.829178,-12.08582],[134.829438,-12.094069],[134.82097,-12.10709],[134.829105,-12.119702],[134.829175,-12.122677],[134.827195,-12.124668],[134.759577,-11.950141],[134.598194,-12.051892],[134.608475,-12.091788],[134.591879,-12.119874],[134.57754,-12.123753],[134.597439,-12.137985],[134.593084,-12.163744],[134.575517,-12.123151],[134.602846,-12.088518],[134.58246,-12.056579],[134.245924,-11.982996],[134.252999,-12.034768],[134.194832,-12.073799],[134.190272,-12.13993],[134.160901,-12.167132],[134.154399,-12.171459],[134.146634,-12.170687],[134.124853,-12.14776],[134.13904,-12.178988],[134.135901,-12.183531],[134.125785,-12.182933],[134.124454,-12.186754],[134.138492,-12.187352],[134.141847,-12.193177],[134.139209,-12.197809],[134.120559,-12.199259],[134.123707,-12.146516],[134.182519,-12.138335],[134.176744,-11.955681],[134.037324,-11.855099],[133.903839,-11.930669],[133.815925,-11.863093],[133.922071,-11.743915],[133.795682,-11.728314],[133.629745,-11.837334],[133.565507,-11.805604],[133.525476,-11.872959],[133.466995,-11.903406],[133.447593,-11.899642],[133.536394,-11.762356],[133.159413,-11.711406],[132.917267,-11.332245],[132.863649,-11.340595],[132.894902,-11.427536],[132.840886,-11.395073],[132.673444,-11.51753],[132.450993,-11.218101],[132.374262,-11.296304],[132.342361,-11.121633],[132.265329,-11.177439],[132.282794,-11.275247],[132.136778,-11.122663],[132.172853,-11.324177],[132.236734,-11.341241],[132.170482,-11.420604],[132.114854,-11.212465],[131.974931,-11.129715],[131.963035,-11.252046],[131.881707,-11.184242],[131.763303,-11.317935],[131.943344,-11.321396],[132.115116,-11.540896],[132.527818,-11.428013],[132.570756,-11.46894],[132.498955,-11.508509],[132.564724,-11.485543],[132.528988,-11.530137],[132.606247,-11.5312],[132.618102,-11.564813],[132.548491,-11.610349],[132.688911,-11.572014],[132.667603,-11.634173],[132.741893,-11.639286],[132.580722,-11.785852],[132.652683,-11.8848],[132.680838,-11.87396],[132.687104,-11.875843],[132.693709,-11.884293],[132.703732,-11.877916],[132.711984,-11.876536],[132.718003,-11.8784],[132.720897,-11.883455],[132.640795,-11.904442],[132.62483,-12.079393],[132.686941,-12.067743],[132.78619,-12.170756],[132.779522,-12.216492],[132.784493,-12.198014],[132.793934,-12.195353],[132.855279,-12.234336],[132.875013,-12.257287],[132.873359,-12.277401],[132.882881,-12.26761],[132.892225,-12.265573],[132.895761,-12.267997],[132.900111,-12.286801],[132.918276,-12.269103],[132.925488,-12.270325],[132.931339,-12.279325],[132.906674,-12.290375],[132.899397,-12.286993],[132.893333,-12.267043],[132.872513,-12.278842],[132.792001,-12.198074],[132.786019,-12.216745],[132.777442,-12.217566],[132.753521,-12.143194],[132.559105,-12.085282],[132.439767,-12.148361],[132.445027,-12.310029],[132.379423,-12.384268],[132.435324,-12.448347],[132.439538,-12.514567],[132.41119,-12.521638],[132.456819,-12.538014],[132.454119,-12.574078],[132.439896,-12.605861],[132.512358,-12.644914],[132.506523,-12.667208],[132.52016,-12.679584],[132.518576,-12.684817],[132.438937,-12.609838],[132.40583,-12.521603],[132.433325,-12.456839],[132.37088,-12.382665],[132.428591,-12.312255],[132.34977,-12.198751],[132.255863,-12.323066],[132.253222,-12.17101],[132.090599,-12.326421],[131.886612,-12.214367],[131.468668,-12.283732],[131.333448,-12.212058],[131.296969,-12.042445],[131.228265,-12.208783],[131.301527,-12.239161],[131.280228,-12.24466],[131.295949,-12.300477],[131.27263,-12.333379],[131.326787,-12.382119],[131.328171,-12.388467],[131.324323,-12.39448],[131.307232,-12.397388],[131.316947,-12.409705],[131.315846,-12.413641],[131.311635,-12.415654],[131.305861,-12.396103],[131.325928,-12.383539],[131.270537,-12.334992],[131.265121,-12.239192],[131.029386,-12.146671],[131.048281,-12.387618],[130.896147,-12.329881],[130.812817,-12.406557],[130.82043,-12.462344],[130.941339,-12.472905],[131.020154,-12.576284],[130.858048,-12.507375],[130.968714,-12.627229],[130.953631,-12.635522],[130.972335,-12.65625],[130.959978,-12.699942],[130.95525,-12.703913],[130.808323,-12.539374],[130.791082,-12.623817],[130.777661,-12.55945],[130.731255,-12.59691],[130.765936,-12.436469],[130.613956,-12.378018],[130.565497,-12.582928],[130.604857,-12.578793],[130.591787,-12.596614],[130.630482,-12.609407],[130.634853,-12.619881],[130.641363,-12.623076],[130.643329,-12.627401],[130.54424,-12.635036],[130.743488,-12.721086],[130.693038,-12.768074],[130.617935,-12.706778],[130.639986,-12.741461],[130.626996,-12.775876],[130.460602,-12.639453],[130.392806,-12.662535],[130.42462,-12.727186],[130.417772,-12.742165],[130.350721,-12.668136],[130.33296,-12.894953],[130.127769,-12.963518],[130.116774,-13.166155],[130.308855,-13.32004],[130.324107,-13.367388],[130.286948,-13.420437],[130.324263,-13.456961],[130.376515,-13.46071],[130.370246,-13.496079],[130.440418,-13.471851],[130.463614,-13.483566],[130.472078,-13.493462],[130.473906,-13.501012],[130.371346,-13.50035],[130.279714,-13.433095],[130.267604,-13.332898],[129.994358,-13.536486],[129.894214,-13.433455],[129.81275,-13.500905],[129.828498,-13.76681],[129.716331,-13.847204],[129.74658,-13.976646],[129.596799,-14.010621],[129.623579,-14.137569],[129.568043,-14.082584],[129.562533,-14.197076],[129.525154,-14.219598],[129.495377,-14.129516],[129.364753,-14.339428],[129.356421,-14.424082],[129.456075,-14.504399],[129.501642,-14.461807],[129.524747,-14.548204],[129.803683,-14.515238],[129.62213,-14.686245],[129.702461,-14.689764],[129.664032,-14.752919],[129.731654,-14.793497],[129.796277,-14.730027],[129.755758,-14.82405],[129.945081,-14.766508],[129.908741,-14.756124],[129.893823,-14.740044],[129.898652,-14.715419],[129.913256,-14.716143],[129.910059,-14.70866],[129.91109,-14.703695],[129.916623,-14.717345],[129.899332,-14.739413],[129.938993,-14.750888],[129.948197,-14.763055],[129.946609,-14.77408],[129.998511,-14.713823],[129.961804,-14.800587],[130.084054,-14.778397],[130.160738,-14.788609],[130.162928,-14.791806],[130.162757,-14.796248],[130.152352,-14.801347],[130.156349,-14.812974],[130.175873,-14.796627],[130.162615,-14.815495],[129.965557,-14.807408],[129.893837,-14.784073],[129.941775,-14.865204],[129.846079,-14.828899],[129.862719,-14.853131],[129.838151,-14.968922],[129.851396,-14.8435],[129.644461,-14.832816],[129.642124,-14.89009],[129.677001,-14.89319],[129.691292,-14.90776],[129.706598,-14.96347],[129.638366,-14.89921],[129.64208,-15.08131],[129.880811,-15.247847],[129.871194,-15.40723],[130.07288,-15.392325],[130.119127,-15.432352],[130.189145,-15.396514],[130.21254,-15.40061],[130.233941,-15.41766],[130.249749,-15.37011],[130.260097,-15.36287],[130.274566,-15.363436],[130.274462,-15.359848],[130.281759,-15.371004],[130.286777,-15.395228],[130.337818,-15.422991],[130.380396,-15.484228],[130.384595,-15.590871],[130.493397,-15.599749],[130.477341,-15.6301],[130.3808,-15.590005],[130.272577,-15.366139],[130.235925,-15.420194],[130.154155,-15.424935],[130.160936,-15.47044],[130.077691,-15.531808],[130.154487,-15.465919],[130.082031,-15.40625],[129.946425,-15.461429],[129.777671,-15.438021],[129.868303,-15.43423],[129.786118,-15.190902],[129.638889,-15.137222],[129.570828,-15.189285],[129.604038,-15.112038],[129.504717,-15.062799],[129.48563,-14.944153],[129.388887,-14.911874],[129.443674,-14.976203],[129.461606,-15.03034],[129.454762,-15.036971],[129.433746,-15.042493],[129.30959,-14.857921],[129.246341,-14.929208],[129.264619,-14.94766],[129.267661,-14.960886],[129.288385,-14.961198],[129.302323,-14.981289],[129.264951,-14.961025],[129.23504,-14.915606],[129.245646,-15.082743],[129.324212,-15.109007],[129.380473,-15.161469],[129.341979,-15.202709],[129.357332,-15.198455],[129.362477,-15.201017],[129.366353,-15.194505],[129.376948,-15.193793],[129.385102,-15.198923],[129.383174,-15.199854],[129.388255,-15.210311],[129.387692,-15.216551],[129.34013,-15.280107],[129.382029,-15.197349],[129.370485,-15.194894],[129.3607,-15.203274],[129.338875,-15.202933],[129.336512,-15.122702],[129.241689,-15.107345],[129.219487,-15.263011],[129.205832,-15.161623],[129.130374,-15.293422],[129.199587,-15.123121],[129.178284,-14.976425],[129.110489,-14.980187],[129.148333,-15.027778],[129.147222,-15.0425],[129.165067,-15.052857],[129.166133,-15.057235],[129.105278,-15.027222],[129.111554,-14.931071],[129.073333,-14.894167],[129.090001,-14.923163],[129.029598,-14.975435],[129.023438,-14.882533],[128.751085,-14.837122],[128.737322,-14.856606],[128.756359,-14.86499],[128.7438,-14.877672],[128.757302,-14.88553],[128.758102,-14.890852],[128.755437,-14.896259],[128.549188,-14.770174],[128.378507,-14.817137],[128.470783,-14.853353],[128.519023,-15.018868],[128.422532,-14.884188],[128.402206,-14.879651],[128.437289,-14.974794],[128.501313,-15.004215],[128.510698,-15.041877],[128.525072,-15.050342],[128.529815,-15.065706],[128.358588,-14.991908],[128.366533,-15.047572],[128.386243,-15.074369],[128.391118,-15.104173],[128.354869,-15.102997],[128.287355,-14.974083],[128.193815,-15.094532],[128.268544,-15.160915],[128.220461,-15.13877],[128.278203,-15.210792],[128.223752,-15.172297],[128.301474,-15.323264],[128.299124,-15.463027],[128.32925,-15.487907],[128.3303,-15.5066],[128.353182,-15.479603],[128.376754,-15.496168],[128.377815,-15.502615],[128.353508,-15.481388],[128.336964,-15.508062],[128.326759,-15.506881],[128.291889,-15.460692],[128.275432,-15.317104],[128.127329,-15.18471],[128.099508,-15.510926],[127.858993,-15.617194],[127.880927,-15.629511],[127.849993,-15.690367],[127.875525,-15.718096],[127.875076,-15.735167],[127.86369,-15.75784],[127.880849,-15.782742],[127.880522,-15.795963],[127.862473,-15.760534],[127.87192,-15.714487],[127.846472,-15.695104],[127.869697,-15.647896],[127.826715,-15.594587],[127.815686,-15.605563],[127.804995,-15.605979],[127.763539,-15.567111],[127.808724,-15.605122],[127.822495,-15.590195],[127.841649,-15.60531],[127.990623,-15.525862],[128.090826,-15.382487],[128.047646,-15.296426],[127.99159,-15.292969],[127.952504,-15.275082],[127.845598,-15.184836],[128.093107,-15.282841],[128.138144,-14.873438],[128.083097,-14.889499],[128.054972,-14.886809],[128.048859,-14.87965],[128.192418,-14.84001],[128.145585,-14.735763],[128.214186,-14.710737],[127.992241,-14.556005],[128.012249,-14.61297],[127.95275,-14.608493],[127.783912,-14.351673],[127.757016,-14.38454],[127.740515,-14.390615],[127.733779,-14.386851],[127.72247,-14.415634],[127.691914,-14.43844],[127.692946,-14.467772],[127.688758,-14.477098],[127.661573,-14.488143],[127.68747,-14.47559],[127.691586,-14.435643],[127.731569,-14.386548],[127.757604,-14.381972],[127.780944,-14.342449],[127.670319,-14.1911],[127.453627,-14.065766],[127.354892,-13.906159],[127.379141,-13.985696],[127.329714,-14.038325],[127.265625,-13.902344],[127.11708,-13.970444],[126.961232,-13.739713],[126.742766,-13.78855],[126.805025,-13.929313],[126.932161,-13.974803],[126.939241,-14.02399],[126.706148,-13.973464],[126.757659,-14.049762],[126.696475,-14.14482],[126.644049,-14.078601],[126.650718,-14.1738],[126.610803,-14.263785],[126.52414,-14.082108],[126.45412,-14.091572],[126.571695,-13.941047],[126.335123,-14.049843],[126.297324,-14.139868],[126.318977,-14.141658],[126.363342,-14.197288],[126.227546,-14.258858],[126.214043,-14.076829],[126.14914,-14.068679],[126.22531,-14.027283],[126.144268,-14.014957],[126.224386,-13.984918],[126.186954,-13.968144],[126.110162,-14.028381],[126.162411,-13.923923],[126.09162,-13.89482],[126.009454,-13.927074],[126.107571,-13.977283],[126.101953,-14.045582],[126.055936,-13.982347],[125.97615,-14.038862],[126.166556,-14.149542],[126.052811,-14.254057],[126.088498,-14.35216],[125.977179,-14.393538],[126.050498,-14.528658],[125.918235,-14.537461],[125.931016,-14.691852],[125.861478,-14.689899],[125.852939,-14.457662],[125.74136,-14.485011],[125.736478,-14.409005],[125.723854,-14.416584],[125.720114,-14.480701],[125.643907,-14.673824],[125.652248,-14.387168],[125.73175,-14.282612],[125.614116,-14.234627],[125.600815,-14.564312],[125.494377,-14.513447],[125.444917,-14.651642],[125.409458,-14.545015],[125.34794,-14.612411],[125.365907,-14.504949],[125.247587,-14.603706],[125.323573,-14.651326],[125.141541,-14.74857],[125.20951,-14.865232],[125.33226,-14.882349],[125.186958,-14.962615],[125.386747,-15.033131],[125.411875,-15.021904],[125.40812,-14.982025],[125.398838,-14.968682],[125.398618,-14.96693],[125.401135,-14.965125],[125.48639,-14.988734],[125.357434,-15.109237],[125.480844,-15.136815],[125.541608,-15.177316],[125.546185,-15.188259],[125.53974,-15.196025],[125.547191,-15.20688],[125.547198,-15.211243],[125.459835,-15.149905],[125.339599,-15.142844],[125.331506,-15.146748],[125.348725,-15.183683],[125.349799,-15.192496],[125.343567,-15.193282],[125.280219,-15.098006],[125.18147,-15.187234],[125.073684,-14.976079],[125.011842,-14.984616],[125.028794,-15.114294],[124.833688,-15.156891],[124.876211,-15.262481],[124.971111,-15.164609],[125.05064,-15.15243],[124.877938,-15.310009],[124.920052,-15.356559],[125.085312,-15.312674],[125.077343,-15.248954],[125.113113,-15.261536],[125.08893,-15.338589],[125.15727,-15.318485],[125.070226,-15.440521],[125.196213,-15.46875],[125.158471,-15.506363],[125.347203,-15.646044],[125.074507,-15.45929],[125.014356,-15.538179],[125.018078,-15.471267],[125.004515,-15.476206],[125.001452,-15.499951],[124.987862,-15.506348],[124.950915,-15.476854],[125.01444,-15.429602],[124.829671,-15.361764],[124.846261,-15.299288],[124.737063,-15.345651],[124.703662,-15.253686],[124.660887,-15.355031],[124.74439,-15.362042],[124.678138,-15.488321],[124.645226,-15.424739],[124.628378,-15.5256],[124.516256,-15.46875],[124.419055,-15.549225],[124.454587,-15.654168],[124.368796,-15.675069],[124.498876,-15.999581],[124.632673,-15.786777],[124.695011,-15.740319],[124.75186,-15.809285],[124.725517,-15.625205],[124.763343,-15.696257],[124.7828,-15.668003],[124.81775,-15.655485],[124.826013,-15.656447],[124.828777,-15.647971],[124.837039,-15.646333],[124.748766,-15.729961],[124.761139,-15.813887],[124.695477,-15.886719],[124.604982,-15.896686],[124.691793,-16.009243],[124.588037,-15.973379],[124.588148,-16.112428],[124.647732,-16.087434],[124.526584,-16.163614],[124.579289,-16.198095],[124.515193,-16.224255],[124.444528,-16.065033],[124.394704,-16.338605],[124.949427,-16.386305],[124.452474,-16.410353],[124.387883,-16.346163],[124.336408,-16.418925],[124.394847,-16.419392],[124.403199,-16.470048],[124.475433,-16.497392],[124.489479,-16.531275],[124.428738,-16.498204],[124.408801,-16.57257],[124.391083,-16.445184],[124.308586,-16.468959],[124.235677,-16.460772],[124.335185,-16.428623],[124.219047,-16.413255],[124.124917,-16.279883],[123.90864,-16.211574],[124.030162,-16.288914],[123.933875,-16.297278],[124.012966,-16.365856],[123.992694,-16.384688],[123.883667,-16.304415],[123.913106,-16.350014],[123.871186,-16.443043],[123.865432,-16.327828],[123.817929,-16.331088],[123.729431,-16.254069],[123.810503,-16.190287],[123.705712,-16.129133],[123.703241,-16.184962],[123.584542,-16.164499],[123.630519,-16.228739],[123.556066,-16.178153],[123.611915,-16.259528],[123.504431,-16.255984],[123.513785,-16.298967],[123.715992,-16.376894],[123.629799,-16.356702],[123.676156,-16.434194],[123.504546,-16.378971],[123.582016,-16.427216],[123.494386,-16.403865],[123.470977,-16.40712],[123.662696,-16.490448],[123.428844,-16.497872],[123.511374,-16.597821],[123.529126,-16.5447],[123.633535,-16.564361],[123.501752,-16.659416],[123.71423,-16.725093],[123.795923,-16.912081],[123.970124,-16.76931],[123.825582,-16.95716],[123.917585,-17.038043],[123.913406,-17.074244],[123.92564,-17.068988],[123.930179,-17.071574],[123.933925,-17.111796],[123.910849,-17.072201],[123.910692,-17.036053],[123.873792,-17.035666],[123.853338,-17.009341],[123.82631,-16.999061],[123.794053,-17.000002],[123.870202,-17.083008],[123.82868,-17.13544],[123.921382,-17.205107],[123.919531,-17.254501],[123.961499,-17.285831],[123.960521,-17.293327],[123.665976,-17.038361],[123.682992,-17.077402],[123.676826,-17.090791],[123.688409,-17.103351],[123.69336,-17.113678],[123.689515,-17.110485],[123.672459,-17.08891],[123.681147,-17.076953],[123.660243,-17.057932],[123.65203,-17.001866],[123.582606,-17.031819],[123.703479,-17.271003],[123.641557,-17.192648],[123.654274,-17.214146],[123.650295,-17.287804],[123.663645,-17.291381],[123.66769,-17.303546],[123.649787,-17.288863],[123.624443,-17.193959],[123.563043,-17.369221],[123.612288,-17.549856],[123.564996,-17.664303],[123.52028,-17.391334],[123.374776,-17.331452],[123.28194,-17.031271],[123.141716,-16.931241],[123.139441,-16.688644],[122.958457,-16.587149],[122.986678,-16.462326],[123.077445,-16.438157],[123.039192,-16.358849],[122.924698,-16.388207],[122.741667,-16.682333],[122.870407,-16.809367],[122.578392,-16.762576],[122.535715,-16.851624],[122.610879,-16.964978],[122.479493,-16.89546],[122.471914,-16.986673],[122.366296,-16.99621],[122.255094,-17.11273],[122.315307,-17.156507],[122.172237,-17.264367],[122.145592,-17.560992],[122.236694,-17.760586],[122.176425,-17.973897],[122.362191,-17.982478],[122.371138,-18.116857],[121.946055,-18.440941],[121.816576,-18.44921],[121.725924,-18.57436],[121.780387,-18.662835],[121.618407,-18.706319],[121.652259,-18.767038],[121.654313,-18.834815],[121.502278,-19.109757],[121.110748,-19.540705],[120.62714,-19.772448],[119.76405,-19.956508],[119.572587,-20.07778],[119.181973,-19.952626],[119.168109,-19.997995],[119.220161,-20.019897],[119.226557,-20.058589],[119.097769,-19.960776],[118.854668,-20.291557],[118.197672,-20.391133],[118.180815,-20.334969],[117.939612,-20.480277],[117.968052,-20.549695],[117.797948,-20.676787],[117.635936,-20.662841],[117.383427,-20.783638],[117.18448,-20.699101],[117.183008,-20.592415],[116.832111,-20.709892],[116.867965,-20.525164],[116.808995,-20.52958],[116.642401,-20.704335],[116.713643,-20.742531],[116.686209,-20.786905],[116.630749,-20.711017],[116.295988,-20.881109],[116.205244,-20.833327],[116.181058,-20.976979],[115.915502,-21.080068],[115.82774,-21.25449],[115.61768,-21.343936],[115.513634,-21.517033],[114.647562,-21.846454],[114.607278,-21.997214],[114.499482,-22.011333],[114.526275,-22.128498],[114.455368,-22.161144],[114.495772,-22.217411],[114.368559,-22.498575],[114.281711,-22.434222],[114.133587,-22.507593],[114.178802,-22.30663],[114.115627,-22.329397],[114.080443,-22.155511],[114.19046,-21.814123],[114.024207,-21.851293],[113.653527,-22.578565],[113.825065,-22.952749],[113.760223,-23.121743],[113.780374,-23.471782],[113.470446,-23.898857],[113.399343,-24.408472],[113.627422,-24.753484],[113.673065,-25.043573],[113.815323,-25.174198],[114.043114,-25.645534],[113.997812,-25.602411],[113.997123,-25.612309],[114.264936,-25.89449],[114.259591,-25.985883],[114.194665,-25.982899],[114.237318,-26.316155],[114.095336,-26.454731],[113.979015,-26.35185],[113.877239,-25.943947],[113.828866,-26.156047],[113.779548,-26.214089],[113.715381,-26.198081],[113.762254,-25.879201],[113.509846,-25.504388],[113.414379,-25.724545],[113.470218,-25.784747],[113.445096,-25.720994],[113.461455,-25.705774],[113.472382,-25.710367],[113.579493,-26.095945],[113.881323,-26.335526],[113.879556,-26.513816],[113.664885,-26.672853],[113.630192,-26.462726],[113.559127,-26.573897],[113.538302,-26.280781],[113.493208,-26.31022],[113.528198,-26.359818],[113.506421,-26.475307],[113.476436,-26.474091],[113.507522,-26.364087],[113.363014,-26.016197],[113.3926,-26.401264],[113.299574,-26.016652],[113.274302,-26.236203],[113.155465,-26.152499],[113.779444,-26.925562],[114.159429,-27.708021],[114.171797,-27.689625],[114.165727,-27.668933],[114.177893,-27.64454],[114.177085,-27.691818],[114.103968,-27.84945],[114.175606,-28.111743],[114.557012,-28.535597],[114.578086,-28.784459],[114.871475,-29.115944],[114.957996,-29.362446],[114.954556,-30.049057],[115.057982,-30.509343],[115.685653,-31.653321],[115.728741,-32.053568],[115.773587,-31.989436],[115.807758,-32.001758],[115.842291,-31.963241],[115.879903,-31.964781],[115.881715,-31.942118],[115.886232,-31.937478],[115.926757,-31.931346],[115.881883,-31.970358],[115.845064,-31.96526],[115.858991,-32.032496],[115.894926,-32.017363],[115.902602,-32.023408],[115.904444,-32.030521],[115.734574,-32.056158],[115.72692,-32.275799],[115.660506,-32.157118],[115.777244,-32.592507],[115.666523,-32.615949],[115.722397,-32.780113],[115.636779,-32.604661],[115.606793,-32.679548],[115.711704,-33.287819],[115.377916,-33.635853],[115.2054,-33.651179],[115.003606,-33.530172],[115.023488,-34.253441],[115.135425,-34.376763],[115.145285,-34.290164],[115.198735,-34.261452],[115.168771,-34.321463],[115.58674,-34.426827],[116.001881,-34.842547],[116.372014,-34.935797],[116.41502,-34.867491],[116.525965,-34.951946],[116.406173,-34.930732],[116.382939,-34.948769],[116.630545,-35.061316],[116.747148,-35.036663],[116.699227,-35.012869],[116.725496,-34.975173],[116.920662,-35.06504],[116.972213,-34.973464],[117.151401,-35.06123],[117.454814,-34.967046],[117.465151,-35.020178],[117.392748,-34.999163],[117.332322,-35.022984],[117.611227,-35.133518],[117.685609,-35.043256],[118.018551,-35.109998],[117.851466,-35.032656],[117.975466,-34.930173],[117.962038,-35.013766],[118.189448,-35.025358],[118.176874,-34.939193],[118.403637,-34.916595],[118.439872,-34.761199],[118.724847,-34.660689],[118.755368,-34.545001],[118.9117,-34.463456],[119.256326,-34.534565],[119.289359,-34.451984],[119.419538,-34.458487],[119.40872,-34.395821],[119.365443,-34.38738],[119.373349,-34.370434],[119.57575,-34.387666],[119.457326,-34.28916],[119.623124,-34.104681],[120.047925,-33.921283],[120.437322,-33.971786],[121.194989,-33.798853],[121.176126,-33.877802],[121.33922,-33.79992],[121.790594,-33.90961],[122.002658,-33.82953],[122.113471,-34.018204],[122.363024,-33.912244],[122.577297,-33.961164],[122.622282,-33.891537],[123.018864,-33.856027],[123.139735,-33.908875],[123.162647,-34.017279],[123.373597,-33.894714],[123.53354,-33.940992],[123.973816,-33.560573],[124.108033,-33.163061],[124.240574,-33.016837],[124.808797,-32.876356],[125.960791,-32.287719],[126.203745,-32.231556],[126.682994,-32.308565],[127.221674,-32.275482],[128.318543,-31.978622],[129.041386,-31.677119],[130.155768,-31.57736],[130.792478,-31.607909],[131.143671,-31.463669],[131.757597,-31.719126],[132.202199,-32.028252],[132.747981,-31.94929],[133.125358,-32.208965],[133.487486,-32.205622],[133.401383,-32.139709],[133.472218,-32.101205],[133.554042,-32.169786],[133.611442,-32.085592],[133.951657,-32.391618],[133.86696,-32.398485],[133.848136,-32.543926],[134.183894,-32.482819],[134.290585,-32.694057],[134.202848,-32.797125],[134.215621,-32.730752],[134.065218,-32.71526],[134.138939,-32.833476],[134.05913,-32.907488],[134.182567,-32.935686],[134.139194,-33.020284],[134.326572,-33.199765],[134.276771,-33.025112],[134.369133,-33.176085],[134.63057,-33.245621],[134.559223,-33.160906],[134.70846,-33.182342],[134.657888,-33.233937],[134.847188,-33.441174],[134.829147,-33.625994],[135.182791,-33.878517],[135.270566,-34.018535],[135.240189,-34.150245],[135.349218,-34.276736],[135.388398,-34.594467],[135.404838,-34.507308],[135.43221,-34.603684],[135.515827,-34.612872],[135.452231,-34.614126],[135.447039,-34.62748],[135.387322,-34.64408],[135.365985,-34.641711],[135.298216,-34.551577],[135.353696,-34.522056],[135.222781,-34.499249],[135.206554,-34.42864],[135.108837,-34.588425],[135.251299,-34.551165],[135.619119,-34.944692],[135.79158,-34.860704],[135.957058,-35.006532],[136.007411,-34.736463],[135.786526,-34.809601],[135.891619,-34.752092],[135.854364,-34.666268],[135.938257,-34.648886],[135.93265,-34.52836],[136.057593,-34.479282],[136.093143,-34.543147],[136.113409,-34.358637],[136.591221,-33.900892],[136.958203,-33.750803],[136.874066,-33.76244],[136.933261,-33.673354],[136.990346,-33.726562],[137.21023,-33.6651],[137.452734,-33.136235],[137.640765,-32.955536],[137.785816,-33.000507],[137.810089,-32.752647],[137.751456,-32.708092],[137.769761,-32.539184],[137.757609,-32.531977],[137.754157,-32.495835],[137.753376,-32.428739],[137.762295,-32.434885],[137.838902,-32.697635],[137.934169,-32.758051],[137.948679,-33.006082],[138.041474,-33.082762],[138.024016,-33.181323],[137.939497,-33.148618],[137.810203,-33.270852],[137.971652,-33.556201],[137.600856,-33.875738],[137.522015,-34.12906],[137.449683,-34.136009],[137.500077,-34.311215],[137.413543,-34.454381],[137.481142,-34.439114],[137.509219,-34.619757],[137.44979,-34.908346],[137.009884,-34.895172],[136.848179,-35.282299],[137.173178,-35.238282],[137.425034,-35.097624],[137.637226,-35.168553],[137.759096,-35.11487],[137.710239,-35.060595],[137.865084,-34.778549],[137.887795,-34.507743],[138.102843,-34.142236],[138.265062,-34.47987],[138.561739,-34.803957],[138.497577,-34.851994],[138.513555,-34.766836],[138.47647,-34.783812],[138.517545,-35.030226],[138.441378,-35.350043],[138.094782,-35.625007],[138.522544,-35.642985],[138.710629,-35.51369],[138.876606,-35.555052],[138.784725,-35.512361],[138.888382,-35.485586],[138.863844,-35.464146],[138.847318,-35.428909],[139.033896,-35.513762],[138.975454,-35.408327],[139.176929,-35.312672],[139.305497,-35.41984],[139.380833,-35.345319],[139.372051,-35.470405],[139.187774,-35.513179],[139.22977,-35.519011],[139.280187,-35.541898],[139.366341,-35.59494],[139.338649,-35.685361],[139.261454,-35.69987],[139.275061,-35.725748],[139.259637,-35.734207],[139.206252,-35.654745],[139.263752,-35.546942],[139.182466,-35.523418],[139.177038,-35.502404],[139.023415,-35.596159],[139.381946,-35.843082],[139.39811,-35.881623],[139.395864,-35.90205],[139.412226,-35.873546],[139.516993,-35.961386],[139.709196,-36.265412],[139.546623,-36.043278],[139.395159,-35.902749],[139.366704,-35.856964],[139.01198,-35.593759],[138.880991,-35.557756],[139.308133,-35.831049],[139.655532,-36.222745],[139.862704,-36.702387],[139.836826,-36.849458],[139.671208,-36.952706],[139.795482,-37.125307],[139.740185,-37.181538],[139.994048,-37.485239],[140.120445,-37.530693],[140.39648,-37.919514],[140.661432,-38.062184],[140.838954,-38.041103],[141.007046,-38.053005],[141.331501,-38.250649],[141.401896,-38.395725],[141.626456,-38.407077],[141.602486,-38.31362],[141.746163,-38.252778],[142.145412,-38.392522],[142.367766,-38.348143],[143.532508,-38.855345],[143.86954,-39.705081],[143.87503,-40.117908],[143.928702,-40.162445],[144.096992,-40.047671],[144.694419,-40.68471],[144.712888,-40.85559],[144.607224,-41.009225],[144.744884,-41.422355],[144.917459,-41.667026],[144.966455,-41.636303],[144.921516,-41.716055],[145.206467,-41.963847],[145.22283,-42.219],[145.334056,-42.152976],[145.480975,-42.364879],[145.556928,-42.357589],[145.513282,-42.435649],[145.533178,-42.447748],[145.544298,-42.439086],[145.558015,-42.436413],[145.615157,-42.448777],[145.530127,-42.449006],[145.491435,-42.42171],[145.457485,-42.435382],[145.474542,-42.525785],[145.447624,-42.438512],[145.45237,-42.404173],[145.253952,-42.288222],[145.213802,-42.211417],[145.166037,-42.196622],[145.302903,-42.571847],[145.261618,-42.621289],[145.366546,-42.657562],[145.495204,-42.991979],[145.685018,-43.053799],[145.839719,-43.315328],[145.926727,-43.304111],[145.864811,-43.275357],[145.927383,-43.247898],[145.91451,-43.211033],[145.920779,-43.204628],[145.910763,-43.191462],[145.92917,-43.187185],[146.004085,-43.335322],[146.231156,-43.325225],[146.221566,-43.385579],[146.156671,-43.391625],[146.124105,-43.351938],[146.079561,-43.370098],[145.98704,-43.328353],[145.974505,-43.350638],[145.998433,-43.368118],[145.992517,-43.394419],[145.977324,-43.355628],[145.91898,-43.381546],[145.997004,-43.407534],[146.030293,-43.573269],[146.23415,-43.490595],[146.586391,-43.538995],[146.552014,-43.511471],[146.561803,-43.465675],[146.705161,-43.634173],[146.916714,-43.603521],[146.88974,-60.0],[20.0,-60.0],[20.0,-34.833461],[20.479804,-34.489248],[20.86981,-34.466704],[20.663907,-34.348653],[21.303688,-34.441107],[21.416159,-34.358732],[21.812884,-34.381671],[21.955719,-34.228977],[22.161444,-34.187981],[22.135605,-34.08789],[22.552846,-33.994728],[23.405887,-34.110969],[23.371372,-34.086592],[23.400073,-33.997494],[23.64932,-33.980796],[24.832629,-34.217309],[24.7918,-34.121159],[24.885838,-34.110516],[25.010259,-33.94744],[25.702561,-34.035797],[25.594145,-33.849402],[25.840394,-33.704787],[26.545582,-33.751469],[27.112191,-33.524245],[27.905242,-33.041726],[28.119421,-32.801824],[28.374191,-32.704428],[28.38481,-32.680547],[28.36092,-32.667361],[28.353668,-32.642078],[28.353162,-32.631006],[28.514168,-32.602285],[28.885037,-32.281421],[29.409774,-31.693226],[29.998603,-31.306523],[30.389012,-30.850393],[31.059834,-29.879663],[30.995885,-29.885667],[31.121591,-29.647639],[31.49603,-29.227494],[31.446639,-29.22022],[31.428976,-29.210913],[31.422908,-29.201231],[31.424428,-29.197981],[31.444625,-29.185447],[31.438526,-29.17429],[31.376625,-29.17094],[31.374258,-29.163259],[31.391408,-29.147534],[31.383963,-29.139538],[31.350681,-29.139892],[31.350281,-29.16697],[31.345405,-29.17321],[31.338921,-29.17545],[31.335358,-29.172826],[31.336809,-29.155962],[31.329954,-29.150675],[31.30642,-29.17505],[31.299886,-29.172735],[31.295282,-29.166294],[31.284091,-29.163877],[31.289062,-29.114397],[31.267604,-29.141946],[31.257958,-29.1476],[31.248248,-29.146572],[31.131843,-29.031011],[31.115616,-29.00149],[31.123952,-28.95922],[31.107407,-28.961116],[31.083735,-28.957405],[31.09987,-28.985855],[31.096728,-28.992266],[31.0904,-28.995483],[31.077642,-28.992276],[31.030876,-28.935811],[31.025792,-28.896537],[31.027982,-28.88964],[31.036369,-28.880125],[31.029811,-28.864949],[30.986363,-28.858431],[30.968688,-28.839166],[30.966478,-28.828125],[31.032659,-28.865055],[31.077741,-28.990138],[31.083221,-28.956498],[31.122677,-28.956782],[31.128971,-28.960681],[31.249108,-29.146202],[31.289565,-29.113593],[31.284915,-29.163086],[31.330299,-29.149582],[31.338292,-29.156395],[31.34116,-29.174077],[31.35056,-29.13869],[31.388392,-29.138027],[31.392893,-29.149353],[31.376431,-29.168956],[31.439125,-29.173603],[31.501282,-29.226829],[32.398516,-28.527277],[32.427353,-28.415207],[32.410982,-28.432156],[32.423695,-28.386804],[32.405506,-28.391111],[32.399392,-28.386594],[32.409972,-28.369538],[32.403696,-28.336128],[32.404474,-28.312106],[32.411845,-28.301217],[32.401636,-28.29535],[32.404665,-28.274023],[32.412208,-28.266307],[32.417037,-28.265104],[32.409676,-28.388888],[32.554738,-28.148187],[32.896471,-26.845866],[32.961264,-26.083838],[32.868837,-26.200047],[32.866047,-26.259855],[32.89027,-26.287812],[32.886752,-26.307886],[32.689007,-26.196422],[32.711444,-26.321463],[32.672776,-26.35482],[32.690887,-26.410854],[32.669948,-26.443481],[32.664215,-26.119571],[32.556266,-25.973903],[32.497068,-25.971024],[32.495699,-26.03222],[32.45145,-26.088224],[32.438506,-26.067065],[32.492789,-26.025178],[32.444986,-26.003275],[32.457084,-25.993725],[32.434672,-25.974578],[32.430623,-25.960006],[32.442312,-25.948827],[32.463644,-25.99351],[32.518405,-25.933557],[32.593466,-25.984171],[32.699111,-25.877129],[32.717996,-25.758708],[32.67997,-25.746017],[32.674964,-25.703585],[32.684904,-25.68215],[32.718265,-25.680545],[32.717864,-25.670056],[32.70288,-25.672639],[32.693248,-25.669253],[32.691986,-25.666975],[32.697539,-25.661132],[32.719627,-25.652493],[32.72322,-25.647177],[32.707029,-25.595042],[32.705917,-25.582223],[32.712763,-25.571366],[32.728273,-25.630999],[32.72186,-25.652156],[32.693501,-25.667935],[32.718895,-25.669485],[32.721894,-25.68261],[32.679616,-25.740744],[32.733966,-25.764426],[32.728196,-25.795199],[32.735964,-25.826993],[32.833943,-25.582103],[33.223144,-25.295905],[35.043463,-24.64756],[35.468262,-24.169652],[35.538763,-23.792965],[35.469447,-23.882758],[35.384955,-23.840601],[35.329384,-24.005385],[35.377421,-23.697059],[35.345456,-23.69271],[35.343891,-23.703889],[35.334333,-23.715264],[35.321868,-23.71247],[35.355264,-23.665478],[35.392128,-23.662704],[35.409255,-23.728042],[35.485285,-23.176719],[35.600983,-22.944936],[35.512133,-22.806385],[35.543638,-22.160783],[35.522541,-22.312166],[35.483608,-22.100406],[35.336437,-22.207835],[35.272336,-21.637417],[34.991789,-21.072742],[35.086347,-21.08691],[35.114099,-20.964337],[34.756473,-21.132114],[34.52027,-21.144471],[34.33701,-21.316646],[34.308038,-21.31275],[34.278541,-21.294982],[34.244888,-21.265202],[34.333255,-21.309362],[34.458321,-21.164931],[34.640784,-21.091033],[34.762755,-21.115323],[35.068724,-20.918633],[35.026322,-20.816778],[35.030043,-20.841214],[35.01212,-20.849272],[34.949529,-20.829162],[35.02429,-20.789575],[34.946245,-20.761769],[35.006525,-20.753319],[34.99711,-20.714819],[34.904568,-20.691175],[34.890179,-20.760002],[34.859303,-20.758164],[34.904259,-20.653333],[34.78715,-20.701751],[34.850487,-20.635546],[34.744902,-20.516454],[34.68512,-20.609973],[34.67411,-20.516764],[34.59944,-20.539186],[34.740366,-20.231448],[34.724598,-20.250899],[34.742063,-20.215799],[34.716963,-20.226955],[34.72767,-20.212446],[34.663901,-20.172019],[34.663303,-20.141837],[34.780308,-20.138004],[34.755044,-19.888782],[34.736788,-19.906866],[34.633654,-19.91487],[34.587565,-19.883646],[34.776792,-19.843434],[34.611039,-19.611696],[34.557988,-19.595218],[34.560493,-19.623532],[34.549786,-19.63083],[34.534714,-19.622462],[34.521516,-19.59163],[34.532388,-19.570667],[34.521928,-19.568777],[34.516791,-19.56487],[34.517192,-19.554733],[34.551652,-19.517508],[34.517053,-19.559096],[34.534505,-19.569894],[34.523919,-19.591705],[34.536292,-19.621182],[34.541201,-19.5895],[34.615751,-19.601373],[34.890504,-19.849394],[35.386122,-19.473523],[35.684499,-19.089305],[35.952295,-18.954397],[36.005393,-18.847377],[35.987864,-18.935403],[36.117785,-18.911156],[36.121279,-18.825954],[36.154254,-18.77425],[36.191517,-18.764142],[36.153123,-18.735485],[36.149701,-18.729094],[36.151306,-18.719442],[36.148093,-18.715705],[36.112364,-18.727894],[36.109017,-18.726316],[36.097786,-18.71467],[36.148794,-18.714776],[36.1945,-18.76233],[36.153219,-18.889402],[36.224139,-18.861151],[36.147127,-18.900393],[36.287317,-18.88054],[36.206539,-18.682371],[36.242643,-18.581593],[36.132721,-18.514856],[36.051963,-18.352557],[35.882587,-18.250645],[35.823242,-18.11316],[35.711252,-18.047416],[35.689976,-18.054808],[35.582998,-18.022013],[35.530465,-17.999654],[35.532554,-17.994897],[35.565862,-17.987416],[35.592178,-18.020745],[35.654638,-18.018677],[35.837816,-18.101981],[35.892251,-18.242981],[36.079509,-18.361356],[36.151715,-18.524663],[36.362018,-18.620625],[36.425895,-18.53461],[36.399327,-18.540246],[36.38218,-18.527233],[36.360336,-18.53354],[36.362766,-18.503967],[36.361771,-18.531633],[36.385193,-18.525338],[36.402258,-18.537777],[36.429164,-18.52474],[36.495655,-18.570569],[36.486758,-18.490121],[36.524372,-18.528774],[36.833,-18.210366],[36.75082,-18.248688],[36.716205,-18.206318],[36.709594,-18.166746],[36.640796,-18.211915],[36.669037,-18.16133],[36.714677,-18.166537],[36.757179,-18.245227],[36.781552,-18.09436],[36.818516,-18.178015],[36.931852,-18.052785],[36.883573,-17.890041],[36.810995,-17.9102],[36.813111,-17.950979],[36.81013,-17.958458],[36.756322,-17.976334],[36.752396,-17.976127],[36.749931,-17.972407],[36.753341,-17.962047],[36.749005,-17.93788],[36.75071,-17.922665],[36.721813,-17.929149],[36.751626,-17.921352],[36.755644,-17.957968],[36.752929,-17.975012],[36.806201,-17.958621],[36.808772,-17.907844],[36.874272,-17.877146],[36.980788,-18.020583],[37.197595,-17.763588],[37.130571,-17.693853],[37.119544,-17.753488],[37.014699,-17.750515],[37.053951,-17.701192],[37.08907,-17.712681],[37.048412,-17.67606],[37.093858,-17.666957],[37.098208,-17.728592],[37.122962,-17.691584],[37.135794,-17.690848],[37.154536,-17.708567],[37.164614,-17.700458],[37.142454,-17.693983],[37.139218,-17.69004],[37.141107,-17.681538],[37.177648,-17.655862],[37.203613,-17.655135],[37.141624,-17.688114],[37.183295,-17.706019],[37.214473,-17.762751],[37.357408,-17.649936],[37.352338,-17.597467],[37.352891,-17.594944],[37.354972,-17.594508],[37.360849,-17.598608],[37.364677,-17.582873],[37.350335,-17.587678],[37.343017,-17.585134],[37.342039,-17.564337],[37.336031,-17.573485],[37.328976,-17.572572],[37.33607,-17.544086],[37.304337,-17.53059],[37.290437,-17.515855],[37.292579,-17.477675],[37.282745,-17.473564],[37.271031,-17.451047],[37.252521,-17.450179],[37.232578,-17.433821],[37.213537,-17.382579],[37.204676,-17.381888],[37.186266,-17.368896],[37.17858,-17.353514],[37.162994,-17.350548],[37.161713,-17.343715],[37.125175,-17.336819],[37.102024,-17.313667],[37.062009,-17.226885],[37.051466,-17.138951],[37.104239,-17.31051],[37.125999,-17.335714],[37.16118,-17.341047],[37.164171,-17.35017],[37.178997,-17.352019],[37.217865,-17.384163],[37.293631,-17.475777],[37.299644,-17.525424],[37.336375,-17.54231],[37.336609,-17.559116],[37.331011,-17.571486],[37.342645,-17.562701],[37.365691,-17.581467],[37.368886,-17.653324],[37.348624,-17.670881],[37.767794,-17.4],[37.701051,-17.47588],[38.047189,-17.327938],[37.984532,-17.282029],[37.961329,-17.253143],[38.08556,-17.322788],[38.051168,-17.136727],[38.149987,-17.201602],[38.14294,-17.29583],[38.512719,-17.08626],[38.526983,-17.134318],[38.681078,-17.084719],[38.645025,-17.092378],[38.636547,-16.973659],[38.709857,-17.081815],[39.072746,-17.013224],[39.121871,-16.936074],[39.093302,-16.931021],[39.091158,-16.956282],[39.077084,-16.962722],[39.082544,-16.958738],[39.022109,-16.958566],[39.018726,-16.952829],[39.136327,-16.836997],[39.118225,-16.821503],[39.111949,-16.794725],[39.086747,-16.783583],[39.078795,-16.774699],[39.04633,-16.718473],[39.039026,-16.665521],[39.002558,-16.655746],[38.985815,-16.634325],[38.983868,-16.615356],[38.998422,-16.54097],[39.015969,-16.529502],[39.038995,-16.528862],[39.041158,-16.523019],[39.022476,-16.495852],[39.021189,-16.487988],[39.041726,-16.516865],[39.042419,-16.526136],[38.988185,-16.632433],[39.002998,-16.653669],[39.038179,-16.662139],[39.046682,-16.674441],[39.13756,-16.836323],[39.142391,-16.894265],[39.268782,-16.789723],[39.174703,-16.774431],[39.243141,-16.766716],[39.225986,-16.696915],[39.236252,-16.675277],[39.298995,-16.665343],[39.23732,-16.703215],[39.29708,-16.770059],[39.858616,-16.442214],[39.746639,-16.2492],[40.02738,-16.187152],[40.138627,-15.976021],[40.113632,-16.005551],[40.080072,-16.006434],[40.04655,-16.083008],[40.026595,-16.10516],[40.02078,-16.106749],[40.052636,-16.011021],[40.563109,-15.497502],[40.678873,-15.253552],[40.613678,-15.152374],[40.567183,-15.202766],[40.513067,-15.178049],[40.504367,-15.199954],[40.498666,-15.201144],[40.494067,-15.199803],[40.528389,-15.127215],[40.708339,-15.08241],[40.622141,-14.991823],[40.63349,-14.951489],[40.775316,-14.997056],[40.650327,-14.918395],[40.635651,-14.849649],[40.653498,-14.907022],[40.832269,-14.836336],[40.832101,-14.552871],[40.760288,-14.555406],[40.8255,-14.519432],[40.808213,-14.411644],[40.676334,-14.457812],[40.672569,-14.555531],[40.625741,-14.602265],[40.61781,-14.597755],[40.621176,-14.329519],[40.673545,-14.383795],[40.733895,-14.332871],[40.718188,-14.206529],[40.609797,-14.279273],[40.506567,-14.171854],[40.610329,-14.142954],[40.638195,-14.027374],[40.575314,-13.995157],[40.537958,-13.67615],[40.599668,-13.553983],[40.2766,-13.480156],[40.525092,-13.507604],[40.584218,-13.365628],[40.587813,-12.966896],[40.483962,-12.960633],[40.514001,-12.993238],[40.49001,-13.052688],[40.403687,-12.954341],[40.461287,-12.88312],[40.510492,-12.929742],[40.539334,-12.767091],[40.580459,-12.816619],[40.630429,-12.753266],[40.563932,-12.721327],[40.619271,-12.659658],[40.569263,-12.531275],[40.455163,-12.505035],[40.570398,-12.39872],[40.540454,-12.376446],[40.538331,-12.398113],[40.501552,-12.383122],[40.48656,-12.398311],[40.47667,-12.396593],[40.457742,-12.252984],[40.553684,-11.998753],[40.416167,-11.705566],[40.475127,-11.408698],[40.428061,-11.414354],[40.407151,-11.36627],[40.37058,-11.355989],[40.327547,-11.306708],[40.506387,-11.197886],[40.564861,-11.030471],[40.494967,-10.944958],[40.617587,-10.831078],[40.483668,-10.755505],[40.640211,-10.69055],[40.482638,-10.581624],[40.53291,-10.492275],[40.447205,-10.473983],[40.36299,-10.572892],[40.232303,-10.608094],[40.2291,-10.617242],[40.200675,-10.649293],[40.176995,-10.654661],[40.176838,-10.668633],[40.128817,-10.715874],[40.110309,-10.718671],[40.078125,-10.751953],[40.058053,-10.758026],[40.028713,-10.804269],[40.006464,-10.819328],[39.975752,-10.828962],[39.957331,-10.81955],[39.945109,-10.826375],[39.905947,-10.83234],[39.872241,-10.866996],[39.840356,-10.877002],[39.832978,-10.892043],[39.783614,-10.909702],[40.258736,-10.586887],[40.355658,-10.573642],[40.430048,-10.466378],[40.354453,-10.41158],[40.445207,-10.350757],[40.401817,-10.296389],[40.40488,-10.358229],[40.3283,-10.354563],[40.238842,-10.204079],[40.22972,-10.3041],[40.114044,-10.279452],[40.136693,-10.18687],[39.986975,-10.121247],[39.987897,-10.211326],[39.967625,-10.204197],[39.959435,-10.092724],[39.818757,-9.982673],[39.66179,-10.073188],[39.806396,-9.831538],[39.716233,-9.736746],[39.682158,-9.492188],[39.562409,-9.428163],[39.538798,-9.375726],[39.658293,-9.361205],[39.629424,-9.06543],[39.547915,-9.029212],[39.603178,-9.150943],[39.54713,-9.091993],[39.499905,-9.190136],[39.494373,-8.932102],[39.428788,-8.962],[39.429607,-8.900516],[39.372603,-8.95674],[39.357953,-8.946765],[39.398076,-8.864893],[39.474077,-8.883198],[39.511444,-8.947805],[39.559324,-8.928956],[39.361511,-8.722041],[39.235888,-8.209299],[39.342634,-8.297139],[39.308816,-8.198803],[39.358938,-8.213703],[39.412142,-8.096501],[39.357497,-8.06887],[39.418523,-8.086216],[39.447086,-8.01155],[39.382946,-7.918917],[39.447447,-7.815325],[39.26401,-7.919862],[39.26736,-7.931762],[39.256664,-7.953539],[39.250561,-7.956724],[39.239392,-7.951482],[39.235546,-7.958411],[39.252704,-7.987629],[39.239391,-8.019384],[39.257492,-8.029641],[39.257219,-8.041499],[39.251768,-8.048617],[39.243869,-8.049636],[39.218585,-8.037594],[39.21338,-8.045411],[39.190597,-8.056354],[39.153452,-8.031327],[39.125808,-8.044567],[39.08422,-8.029863],[39.070792,-8.046635],[39.063429,-8.050753],[38.70632,-7.985559],[38.642632,-7.964613],[38.537634,-7.871289],[38.702984,-7.981956],[39.065428,-8.047912],[39.077643,-8.030465],[39.092701,-8.025463],[39.157071,-8.030917],[39.189518,-8.053542],[39.221332,-8.035156],[39.252557,-8.046302],[39.238404,-8.018744],[39.233512,-7.954232],[39.238331,-7.950143],[39.255835,-7.953118],[39.261007,-7.919791],[39.275295,-7.909049],[39.214636,-7.855826],[39.3094,-7.753826],[39.351125,-7.322315],[39.556479,-7.12822],[39.47695,-6.865697],[39.313365,-6.814691],[39.295304,-6.826082],[39.306303,-6.852204],[39.286495,-6.869758],[39.285878,-6.741248],[39.152181,-6.580696],[38.852916,-6.406544],[38.864321,-6.175383],[38.781237,-6.053948],[38.996028,-5.488475],[39.00055,-5.44768],[38.951772,-5.427845],[38.945611,-5.408035],[38.957032,-5.395324],[38.94423,-5.387733],[39.021727,-5.409223],[39.140711,-5.121997],[39.084334,-5.027691],[39.153756,-5.003802],[39.107954,-4.917796],[39.166361,-4.841452],[39.175656,-4.942397],[39.213823,-4.862033],[39.187262,-4.687395],[39.293188,-4.579734],[39.404942,-4.646119],[39.540566,-4.435658],[39.676985,-4.083307],[39.575877,-4.08676],[39.566342,-4.025921],[39.729836,-4.024489],[39.763675,-3.961959],[39.71685,-3.95488],[39.703664,-3.947397],[39.697561,-3.936852],[39.699743,-3.92341],[39.774899,-3.944122],[39.870527,-3.69775],[39.795361,-3.608762],[39.871661,-3.631306],[39.96949,-3.326047],[39.976353,-3.390301],[40.122462,-3.288756],[40.241504,-2.989263],[40.168659,-2.993135],[40.1855,-2.727448],[40.351105,-2.573485],[40.494362,-2.515376],[40.610047,-2.560885],[40.771883,-2.453223],[40.826412,-2.374954],[40.724192,-2.297604],[40.797658,-2.329184],[40.760631,-2.294736],[40.778069,-2.266376],[40.761033,-2.267031],[40.760481,-2.26349],[40.750888,-2.258834],[40.746745,-2.251579],[40.781629,-2.263592],[40.808285,-2.310364],[40.79349,-2.280126],[40.80906,-2.248601],[40.909029,-2.219784],[40.925279,-2.323313],[40.990295,-2.261789],[40.905953,-2.010574],[40.898431,-2.004855],[40.890502,-2.016561],[40.882938,-2.01522],[40.891189,-2.008206],[40.823632,-1.973024],[40.808756,-1.963419],[40.807893,-1.957414],[40.921112,-1.999087],[40.947273,-2.084745],[40.98069,-2.066515],[40.960117,-2.017931],[40.973844,-1.939062],[41.003492,-1.908259],[41.012621,-2.056075],[41.191871,-1.996337],[41.219516,-1.914899],[41.315575,-1.963449],[41.830175,-1.26464],[41.782726,-1.156405],[41.692927,-1.214406],[41.758636,-1.154397],[41.795034,-1.154747],[41.782236,-1.126264],[41.778234,-1.127088],[41.768674,-1.123087],[41.758607,-1.107114],[41.788208,-1.127787],[41.800309,-1.14999],[41.79652,-1.160812],[41.835938,-1.176618],[41.844674,-1.213319],[41.873016,-1.227497],[41.976981,-1.034661],[41.963199,-1.011733],[41.972309,-0.99943],[41.960731,-0.966628],[41.969674,-0.912283],[41.921317,-0.889648],[41.971628,-0.910193],[41.981502,-1.022019],[42.083011,-0.900439],[42.102703,-0.857836],[42.055585,-0.863654],[42.044878,-0.844203],[42.043702,-0.809108],[41.999572,-0.820789],[41.986558,-0.800414],[41.992199,-0.770505],[42.055602,-0.811115],[42.058016,-0.862574],[42.178361,-0.809531],[43.495396,0.653739],[44.59936,1.598714],[46.005458,2.424496],[47.937898,4.447963],[48.9124,5.920812],[49.216289,6.751554],[49.823856,7.737813],[49.818388,7.919863],[50.13047,8.197141],[50.420136,8.854541],[50.828858,9.418646],[50.899093,10.312374],[51.183038,10.421566],[51.375024,10.363012],[51.415649,10.442338],[51.194594,10.534248],[51.234756,10.432336],[51.022307,10.433528],[51.170616,10.571334],[51.119696,10.931211],[51.183426,11.144022],[51.140163,11.138143],[51.104066,11.160104],[51.118934,11.154065],[51.159695,11.151566],[51.081668,11.317617],[51.288176,11.833757],[50.795079,11.987973],[50.59233,11.920707],[50.467737,11.702986],[50.26373,11.584666],[49.571543,11.453779],[49.417713,11.3351],[48.955291,11.240314],[48.526392,11.310186],[48.138914,11.125714],[47.698308,11.089873],[47.411085,11.17755],[46.438865,10.681949],[45.805208,10.868601],[44.94588,10.408512],[44.590902,10.378687],[44.296875,10.426897],[43.894407,10.730488],[43.49729,11.212197],[43.505233,11.368211],[43.249686,11.464917],[43.150746,11.623299],[42.803023,11.587444],[42.624149,11.465218],[42.527134,11.521931],[42.526591,11.591495],[42.682163,11.555513],[42.783385,11.748878],[43.372535,11.983669],[43.417541,12.126534],[43.326267,12.475345],[43.005167,12.941046],[42.994424,12.827981],[42.908825,12.784133],[42.775198,12.850557],[42.74287,13.037806],[42.551227,13.228995],[42.384084,13.211637],[42.23511,13.636537],[42.224876,13.603889],[42.224484,13.631011],[42.191665,13.673756],[42.162139,13.660463],[42.208228,13.64394],[42.233075,13.54412],[41.970082,13.852781],[41.691445,13.93174],[41.188552,14.626137],[40.78125,14.705636],[40.718607,14.899899],[40.618763,14.893117],[40.637238,14.959219],[40.522586,15.024268],[40.513003,14.956492],[40.383081,14.995552],[40.309733,14.904915],[40.21203,14.947383],[40.012234,15.237466],[40.087688,15.33088],[39.875876,15.506209],[39.776067,15.396728],[39.852335,15.164441],[39.813481,15.070537],[39.711748,15.093441],[39.620998,15.480808],[39.463356,15.529715],[39.439851,15.799761],[39.274709,15.971734],[38.922299,17.41728],[38.580714,18.024421],[38.383831,18.20563],[38.263638,18.207017],[38.283886,18.274412],[38.2122,18.226567],[38.079816,18.286564],[38.119055,18.414309],[37.739539,18.710465],[37.538394,18.720372],[37.411967,18.875152],[37.200657,19.635445],[37.267038,19.755658],[37.176949,20.032923],[37.241862,20.545382],[37.102433,21.20329],[37.236599,21.136295],[37.25428,20.995561],[37.319763,21.065716],[36.978347,21.397939],[36.8535,21.837176],[36.892614,22.066064],[36.440809,22.358075],[36.231932,22.633698],[35.940677,22.686956],[35.661302,22.95499],[35.481716,23.502008],[35.473443,23.931771],[35.792837,23.90773],[35.492741,24.11051],[35.137401,24.51448],[34.636122,25.578523],[33.935946,26.667847],[34.004027,26.857023],[33.828967,27.11024],[33.849755,27.24318],[33.695829,27.333223],[33.493934,27.642761],[33.595358,27.65053],[33.472252,27.820446],[33.592217,27.78949],[33.584874,27.847312],[32.86813,28.57195],[32.803706,28.781947],[32.622114,28.983202],[32.667457,29.099123],[32.594743,29.341651],[32.373021,29.535241],[32.351444,29.655642],[32.507572,29.856272],[32.477058,29.935985],[32.581442,29.95412],[32.573193,30.068087],[32.588009,29.96861],[32.581954,29.949356],[32.559024,29.917336],[32.696025,29.730465],[32.724404,29.463494],[33.181549,29.000435],[33.173498,28.852744],[33.233063,28.76772],[33.19828,28.671678],[33.241737,28.554586],[33.567267,28.293429],[33.762365,28.01939],[34.247767,27.72329],[34.206135,27.790417],[34.434584,27.993185],[34.410092,28.319892],[34.627033,28.730117],[34.742067,29.311126],[35.0,29.527208],[34.776219,28.671583],[34.805203,28.523756],[34.573144,28.088462],[34.623852,28.025141],[34.683233,28.13379],[34.741464,28.060971],[35.013613,28.121123],[35.222865,28.045401],[35.166828,27.998659],[35.429134,27.774236],[35.591282,27.433571],[35.807318,27.224707],[35.79963,27.113076],[36.246943,26.612435],[36.495736,26.11864],[36.708446,26.027483],[36.644956,25.851138],[36.935442,25.649573],[37.250373,25.170387],[37.268051,24.86589],[37.155383,24.823964],[37.461273,24.436033],[37.426155,24.369469],[37.575459,24.245285],[37.691692,24.302705],[37.86313,24.151537],[37.948254,24.212697],[37.933993,24.145122],[38.463159,23.78169],[38.783697,23.193599],[38.790679,23.027344],[38.970477,22.865416],[38.849429,22.937607],[39.011807,22.754357],[39.094637,22.361463],[39.144328,22.406401],[39.033453,22.185972],[39.053327,22.061636],[38.975671,21.970706],[38.99062,22.038646],[38.933869,22.014822],[39.082915,21.709674],[39.137413,21.766868],[39.085916,21.702547],[39.189718,21.413678],[39.10315,21.310384],[39.190301,21.101131],[39.7211,20.401689],[39.947687,20.260688],[39.895628,20.301577],[40.111977,20.273103],[40.536202,19.969398],[40.649521,19.762009],[40.757385,19.77788],[40.779136,19.606551],[40.961226,19.496445],[40.952166,19.352973],[41.160491,19.087794],[41.12934,18.958568],[41.242112,18.845517],[41.24853,18.616263],[41.418036,18.51482],[41.637075,17.999297],[42.316152,17.438764],[42.371184,17.016053],[42.37103,17.178601],[42.734457,16.676729],[42.837413,16.056819],[42.810822,15.870119],[42.674487,15.692994],[42.809993,15.286143],[42.775847,15.224895],[42.698049,15.365332],[42.678952,15.245445],[42.596627,15.230762],[42.839493,15.158502],[42.944883,14.915899],[42.928298,14.875701],[42.941955,14.862921],[42.932509,14.829312],[42.937606,14.820471],[42.934468,14.813132],[42.869403,14.892685],[43.017527,14.436952],[42.952595,14.575326],[42.943658,14.540555],[43.286589,13.68752],[43.226912,13.282814],[43.493982,12.824347],[43.462329,12.67582],[43.601312,12.748017],[43.945312,12.593471],[44.419149,12.669796],[44.580215,12.814641],[44.874534,12.724015],[44.922375,12.765187],[44.841854,12.773893],[44.851428,12.797854],[44.995584,12.851758],[44.969853,12.778464],[45.036196,12.752309],[45.11245,12.961123],[45.38378,13.058589],[45.666398,13.352237],[46.696462,13.426929],[47.392026,13.654083],[47.967859,14.047962],[48.184286,13.968122],[48.685995,14.046484],[48.993844,14.322171],[49.084084,14.514192],[49.560076,14.733761],[50.179023,14.845035],[50.47537,15.023373],[51.660417,15.336794],[51.679688,15.412946],[52.225467,15.633799],[52.146763,15.965788],[52.204885,16.133758],[52.553733,16.463382],[53.585912,16.748498],[54.046613,16.990513],[54.629802,17.027872],[54.79105,16.943096],[55.01997,16.999358],[55.26439,17.23871],[55.306606,17.396117],[55.22713,17.532063],[55.426294,17.81744],[55.986935,17.93084],[56.353679,17.919415],[56.551355,18.12575],[56.635395,18.571568],[56.783042,18.735661],[57.061158,18.864368],[57.84205,18.999259],[57.677624,19.699453],[57.823657,20.200464],[58.192383,20.612444],[58.269294,20.58791],[58.212468,20.395398],[58.44437,20.348011],[58.519007,20.414589],[58.853553,21.064245],[59.346349,21.432084],[59.810278,22.226028],[59.79749,22.536743],[59.750493,22.474946],[59.730183,22.536801],[59.509245,22.553427],[58.754257,23.522528],[58.565089,23.636747],[58.321903,23.608326],[57.180333,23.935691],[56.626823,24.485389],[56.359931,25.011751],[56.370247,25.52661],[56.268022,25.640705],[56.458748,25.945379],[56.385414,26.037308],[56.47636,26.08344],[56.332868,26.096299],[56.326771,26.158198],[56.384884,26.200847],[56.378773,26.149644],[56.487849,26.130817],[56.434376,26.192574],[56.493286,26.233844],[56.394961,26.260633],[56.519768,26.31426],[56.504902,26.322189],[56.506929,26.356659],[56.497624,26.360532],[56.378618,26.388367],[56.325455,26.30796],[56.375337,26.255995],[56.321073,26.287331],[56.303993,26.20522],[56.389422,26.241543],[56.407159,26.196185],[56.358441,26.209506],[56.299455,26.183113],[56.285584,26.220655],[56.222876,26.19569],[56.204862,26.250906],[55.965773,25.775331],[55.740082,25.681658],[55.633669,25.535528],[55.564226,25.525349],[55.579471,25.605424],[55.355328,25.298424],[55.294676,25.353248],[55.327117,25.318648],[55.291728,25.267103],[55.30731,25.265679],[55.347617,25.227834],[55.34731,25.201263],[55.26096,25.282631],[55.055216,24.972085],[54.97286,25.035401],[54.986577,24.970937],[54.70836,24.813419],[54.6545,24.638538],[54.609763,24.598089],[54.608175,24.6821],[54.556379,24.64242],[54.589064,24.58902],[54.641699,24.596883],[54.605229,24.521394],[54.471447,24.569221],[54.473994,24.492501],[54.612574,24.456899],[54.486865,24.422157],[54.451243,24.318742],[54.458466,24.313345],[54.517417,24.316864],[54.525327,24.312229],[54.285915,24.24559],[54.316406,24.294036],[54.24322,24.413434],[54.190898,24.367695],[54.257919,24.352932],[54.294147,24.280002],[54.292943,24.26691],[54.215743,24.358787],[54.201934,24.265653],[54.146294,24.329309],[54.080392,24.265474],[54.135275,24.220703],[54.013178,24.186651],[54.165133,24.18682],[53.856941,24.062578],[53.582631,24.045853],[53.456994,24.13963],[53.246321,24.094112],[53.142532,24.170727],[52.671911,24.13448],[52.601592,24.198588],[52.317379,23.998669],[52.083535,23.959057],[51.801318,24.006498],[51.776296,24.273372],[51.694213,24.213758],[51.654096,24.326247],[51.67229,24.241189],[51.665136,24.224356],[51.634134,24.204651],[51.594185,24.376115],[51.582311,24.253099],[51.441863,24.324995],[51.303232,24.290231],[51.321807,24.43025],[51.505038,24.574634],[51.40039,24.625548],[51.345251,24.529481],[51.302544,24.506385],[51.316793,24.607083],[51.216305,24.632242],[51.346808,24.656139],[51.373057,24.581412],[51.62912,25.019988],[51.631309,25.252408],[51.521191,25.297783],[51.544766,25.450227],[51.476008,25.515332],[51.623391,25.928919],[51.403243,25.964568],[51.26564,26.15703],[50.98868,25.98328],[50.983401,25.777765],[50.929598,25.807943],[50.8929,25.712564],[50.978647,25.627934],[50.910911,25.51286],[50.84748,25.653523],[50.792946,25.600617],[50.847819,25.466701],[50.799403,25.530081],[50.756804,25.503937],[50.869578,24.801467],[50.772543,24.697907],[50.728886,24.870982],[50.562039,25.043561],[50.492244,25.405449],[50.381153,25.51364],[50.360991,25.502699],[50.395428,25.454305],[50.408247,25.409418],[50.400048,25.410979],[50.156186,25.694507],[50.136113,25.740818],[50.264621,25.610519],[50.10628,25.984537],[49.9999,25.990897],[50.033623,26.201451],[50.155179,26.038608],[50.238425,26.370707],[50.169986,26.426446],[50.214078,26.472692],[50.198068,26.524351],[50.157191,26.423541],[50.041688,26.499593],[49.989879,26.668666],[50.001562,26.745117],[50.039242,26.671795],[50.120331,26.683273],[50.154019,26.633353],[50.171145,26.635498],[50.016166,26.793108],[50.050222,26.870064],[50.015194,26.794838],[49.669294,26.983076],[49.66822,27.013147],[49.681899,27.010203],[49.698327,27.02438],[49.700243,27.031484],[49.618867,27.055388],[49.717975,27.088326],[49.617459,27.062077],[49.567564,27.143099],[49.626606,27.284841],[49.554193,27.163453],[49.542286,27.235129],[49.472096,27.283041],[49.514745,27.113152],[49.377067,27.125354],[49.414861,27.192365],[49.331212,27.181402],[49.322318,27.322386],[49.222423,27.3118],[49.271621,27.388254],[49.130605,27.412884],[49.312258,27.424898],[49.254083,27.524505],[48.842919,27.60973],[48.877859,27.666186],[48.7835,27.711327],[48.822093,27.826781],[48.802363,27.755854],[48.851131,27.816533],[48.84008,27.724465],[48.877187,27.745437],[48.884048,27.834232],[48.744209,27.959245],[48.792782,27.999115],[48.681978,28.029138],[48.682556,28.025205],[48.677546,28.022413],[48.663461,28.02238],[48.645092,28.027202],[48.544323,28.406928],[48.529137,28.417248],[48.506212,28.385904],[48.469334,28.381472],[48.501024,28.494377],[48.388755,28.606401],[48.396768,28.744057],[48.169488,28.987916],[48.101749,29.350619],[47.704538,29.365655],[47.951906,29.55689],[48.191717,29.54671],[48.013295,29.988351],[47.954403,30.00886],[47.953396,30.073202],[47.907234,30.123726],[47.861387,30.220256],[47.871475,30.237473],[47.848917,30.255703],[47.835918,30.287475],[47.874043,30.239127],[47.91141,30.129647],[47.945228,30.102026],[47.979297,30.005094],[48.182818,30.034569],[48.609146,29.916519],[48.600726,29.935223],[48.515625,29.957868],[48.451591,29.997886],[48.379996,30.121843],[48.405352,30.200502],[48.202641,30.317243],[48.087896,30.448351],[48.283452,30.481851],[48.290232,30.497072],[48.330364,30.539397],[48.339296,30.576163],[48.342041,30.580873],[48.36355,30.591376],[48.323992,30.60625],[48.324379,30.612243],[48.3276,30.617728],[48.345428,30.62459],[48.329399,30.637424],[48.326242,30.642485],[48.321895,30.655091],[48.323871,30.664805],[48.338202,30.681815],[48.371557,30.710571],[48.4263,30.751079],[48.425141,30.772115],[48.428048,30.781714],[48.432613,30.78704],[48.437879,30.789591],[48.448314,30.788094],[48.433302,30.795968],[48.432881,30.807801],[48.436467,30.816231],[48.454586,30.830064],[48.474113,30.836193],[48.410611,30.83489],[48.40902,30.836483],[48.40886,30.841229],[48.410373,30.846662],[48.427688,30.872054],[48.453796,30.885296],[48.394982,30.889335],[48.383415,30.925837],[48.376723,30.923352],[48.36789,30.909739],[48.363085,30.906573],[48.355635,30.908389],[48.348701,30.917495],[48.345942,30.928292],[48.346545,30.937897],[48.358964,30.979533],[48.382325,30.994295],[48.363833,31.01354],[48.362267,31.022883],[48.36589,31.026751],[48.37539,31.029826],[48.401064,31.02449],[48.40854,31.034596],[48.371261,31.072163],[48.36968,31.096025],[48.373449,31.10505],[48.390971,31.121226],[48.416246,31.13236],[48.42618,31.143656],[48.456944,31.143881],[48.463202,31.168947],[48.472714,31.184612],[48.481832,31.184414],[48.497149,31.162739],[48.515625,31.175223],[48.495656,31.161301],[48.47379,31.183564],[48.458728,31.143152],[48.37974,31.110458],[48.410489,31.034846],[48.346857,30.932264],[48.358297,30.908014],[48.375623,30.926616],[48.381318,30.927147],[48.387149,30.925442],[48.394245,30.920807],[48.397215,30.889849],[48.454433,30.886073],[48.455851,30.870976],[48.412142,30.835177],[48.475957,30.837663],[48.42755,30.750589],[48.325519,30.663697],[48.365944,30.596078],[48.363497,30.589873],[48.3412,30.576989],[48.334442,30.539752],[48.283068,30.479843],[48.20797,30.429253],[48.165337,30.426268],[48.203633,30.320362],[48.416316,30.194123],[48.463943,29.992505],[48.682832,29.922477],[48.6962,30.009692],[48.686973,30.019147],[48.681714,30.042892],[48.650282,30.054504],[48.634771,30.083329],[48.594892,30.09629],[48.57004,30.124113],[48.564367,30.140586],[48.584338,30.195178],[48.508432,30.186254],[48.578299,30.203097],[48.586434,30.193805],[48.590929,30.177476],[48.576809,30.117859],[48.634614,30.085913],[48.6513,30.056691],[48.681617,30.046222],[48.695003,30.017549],[48.711931,30.019545],[48.742558,30.089944],[48.638511,30.232513],[48.769198,30.193046],[48.786605,30.112673],[48.895733,30.020956],[48.928709,30.033534],[48.913222,30.261085],[48.833403,30.331745],[48.786686,30.301136],[48.734432,30.298509],[48.761969,30.19554],[48.651156,30.388677],[48.776479,30.301927],[48.925452,30.409375],[49.055363,30.425499],[48.905829,30.480789],[48.889019,30.508371],[49.058919,30.513212],[49.0711,30.42112],[49.108571,30.513319],[49.283448,30.460634],[49.216566,30.397779],[49.242873,30.135793],[49.465104,30.155547],[49.563029,29.99841],[49.907838,30.194802],[50.059477,30.198918],[50.143834,29.929805],[50.660285,29.433446],[50.672961,29.11462],[50.808528,29.161552],[50.921087,29.066063],[50.900326,28.934851],[50.830361,28.998535],[50.809299,28.922571],[50.889624,28.819402],[51.02536,28.815419],[51.086243,28.511253],[51.405496,27.924188],[51.70246,27.823474],[52.046292,27.839761],[52.197384,27.703699],[52.433054,27.647295],[52.675163,27.458812],[52.577125,27.382573],[52.694346,27.292663],[53.460094,26.98047],[53.495001,26.84648],[53.72625,26.700152],[54.289651,26.729282],[54.411824,26.592313],[54.793918,26.495317],[55.242904,26.779486],[55.494868,26.765375],[55.64006,26.980148]]]]}}