{"type":"Feature","properties":{"name":"North Atlantic Ocean (GOaS)","source":"Flanders Marine Institute (VLIZ), Marine Regions, Global Oceans and Seas v1","source_url":"https://www.marineregions.org/sources.php#goas","license":"CC-BY 4.0","components":["North Atlantic Ocean"],"retrieved":"2026-10-02","note":"Equator to the Arctic Ocean's boundary; includes the Gulf of Mexico, the Caribbean and the North Sea, excludes the Mediterranean and the Baltic. Interior rings dropped (land inside the region is excluded by sst_daily holding ocean cells only). Longitudes are continuous across the region, on the 0-360 frame where the region allows and as negative degrees east where it crosses the prime meridian.","simplify_tolerance_deg":0.05,"outer_area_km2":42518178,"cells":1703875,"cells_moved_by_simplification":4275},"geometry":{"type":"MultiPolygon","coordinates":[[[[-29.97355,68.432861],[-23.016726,66.38419],[-23.194144,66.357465],[-23.152421,66.328298],[-22.605628,66.367807],[-22.708711,66.300173],[-22.506192,66.333443],[-22.455836,66.309099],[-22.569318,66.268724],[-22.362056,66.270948],[-22.976958,66.226401],[-22.396126,66.083851],[-22.483429,66.031633],[-22.337908,65.909384],[-22.514693,65.796561],[-22.579795,65.784674],[-22.425696,65.878347],[-22.413964,65.907154],[-22.420437,65.930649],[-22.521642,65.982842],[-22.611006,65.84571],[-22.661963,65.825156],[-22.568546,65.978941],[-22.679468,66.055169],[-22.771568,66.049225],[-22.842556,65.89011],[-22.832771,66.005001],[-22.986241,65.907987],[-22.89312,65.969198],[-22.86295,66.038384],[-23.088714,65.962615],[-22.99843,66.086969],[-23.160586,66.046028],[-23.148677,66.14144],[-23.475256,66.197912],[-23.609112,66.148338],[-23.476599,66.134486],[-23.368481,66.084437],[-23.667998,66.115706],[-23.422506,66.030179],[-23.359621,65.983457],[-23.757542,66.071949],[-23.812919,66.007906],[-23.180349,65.838317],[-23.867548,65.886602],[-23.70564,65.779861],[-23.171381,65.776072],[-23.531414,65.720361],[-23.2585,65.677943],[-23.546914,65.604974],[-23.601021,65.697758],[-24.094977,65.810251],[-24.060807,65.698403],[-23.816344,65.625554],[-23.775474,65.596063],[-24.077326,65.640682],[-23.768565,65.534372],[-24.315623,65.644416],[-24.533915,65.504308],[-23.727804,65.414411],[-23.406239,65.520144],[-23.209706,65.489487],[-23.13805,65.588164],[-22.903546,65.563477],[-22.850129,65.630002],[-22.770643,65.601505],[-22.871594,65.53185],[-22.722615,65.496416],[-22.769239,65.633731],[-22.660003,65.640455],[-22.711034,65.58856],[-22.642998,65.520726],[-22.61899,65.624135],[-22.534253,65.548595],[-22.543631,65.644798],[-22.470784,65.504845],[-22.086431,65.601373],[-22.391418,65.489105],[-22.276178,65.439334],[-22.105449,65.532027],[-21.915598,65.467469],[-21.960322,65.438909],[-21.680638,65.452904],[-22.604894,65.185518],[-22.064893,65.108582],[-21.744145,65.204339],[-21.709522,65.159225],[-21.832416,65.070561],[-21.780533,65.02463],[-22.530167,65.051703],[-22.620543,65.009254],[-22.583705,64.971065],[-22.745087,65.018808],[-22.665936,65.047897],[-22.72901,65.078837],[-23.021862,65.003657],[-23.061279,64.968134],[-22.988607,64.950843],[-23.012995,64.91918],[-23.124838,64.920731],[-23.082204,65.00361],[-23.185189,65.013609],[-23.222678,64.923963],[-23.357325,64.972906],[-23.628595,64.884621],[-24.04378,64.885989],[-23.800623,64.72787],[-23.375422,64.832444],[-22.641721,64.770438],[-22.519903,64.809881],[-22.381015,64.822232],[-22.44389,64.763278],[-22.308561,64.748571],[-22.41391,64.66857],[-22.38121,64.684286],[-22.311922,64.704868],[-22.323152,64.651626],[-22.449666,64.660782],[-22.33925,64.620588],[-22.351679,64.561557],[-22.231463,64.586635],[-22.24275,64.483454],[-22.158826,64.459036],[-22.006521,64.576015],[-22.023381,64.519689],[-21.617334,64.693908],[-21.696825,64.626276],[-21.584138,64.665084],[-21.480454,64.667483],[-21.961679,64.498394],[-22.039094,64.404513],[-21.858649,64.375995],[-21.982148,64.373465],[-22.095751,64.310808],[-21.640749,64.403044],[-21.353917,64.381891],[-21.731503,64.342965],[-21.907838,64.233428],[-21.704594,64.177646],[-21.794591,64.127586],[-21.866704,64.156562],[-21.915549,64.146101],[-21.938105,64.161776],[-21.97402,64.149758],[-22.011592,64.163296],[-22.034925,64.155543],[-21.900905,64.118533],[-22.025837,64.112199],[-21.957934,64.068661],[-22.012794,64.049682],[-22.533445,63.974112],[-22.555531,64.029538],[-22.703705,64.086715],[-22.75655,63.963974],[-22.634583,63.939498],[-22.740319,63.892987],[-22.706044,63.798938],[-21.381763,63.843611],[-21.211746,63.877044],[-21.311826,63.913861],[-21.238117,63.93921],[-21.257763,63.92783],[-21.197827,63.941362],[-21.138955,63.935653],[-21.022765,63.943025],[-21.002494,63.939766],[-20.973932,64.004148],[-20.884324,64.01456],[-20.863613,64.003216],[-20.799229,64.003693],[-20.670921,63.970148],[-20.648639,64.041062],[-20.602824,64.06171],[-20.608124,64.094124],[-20.584229,64.108883],[-20.562209,64.106131],[-20.578339,64.122211],[-20.576274,64.126783],[-20.564672,64.131333],[-20.559451,64.108338],[-20.563791,64.104818],[-20.592722,64.102003],[-20.600469,64.07813],[-20.536017,64.113437],[-20.530249,64.109279],[-20.669006,63.969419],[-20.933213,64.001086],[-20.99133,63.93986],[-21.213044,63.929461],[-21.205374,63.879689],[-20.804948,63.774304],[-20.694106,63.913806],[-20.669534,63.929175],[-20.621887,63.941835],[-20.57442,63.946368],[-20.508983,64.008837],[-20.348962,64.033618],[-20.268959,64.014749],[-20.180972,64.037485],[-20.212321,64.00746],[-20.323965,63.988762],[-20.272557,64.0138],[-20.477443,64.012206],[-20.803219,63.772448],[-20.550023,63.684193],[-20.580274,63.703376],[-20.565084,63.73874],[-20.420771,63.827823],[-20.471996,63.778843],[-20.364171,63.757509],[-20.356061,63.74656],[-20.493837,63.773706],[-20.564676,63.697904],[-20.216576,63.543988],[-20.06571,63.531146],[-20.055412,63.580627],[-20.005943,63.633574],[-20.0,63.634577],[-20.054967,63.531492],[-19.131295,63.400936],[-18.728744,63.392143],[-18.157801,63.46239],[-18.264545,63.463216],[-18.48814,63.638906],[-18.494441,63.690375],[-18.157209,63.463216],[-17.670166,63.716733],[-16.640374,63.798487],[-15.92481,64.143333],[-15.186181,64.229384],[-15.507071,64.242581],[-15.366138,64.290377],[-15.389889,64.410438],[-15.212862,64.241213],[-14.960484,64.240038],[-14.908022,64.344606],[-14.496944,64.437743],[-14.467561,64.543846],[-14.588641,64.57566],[-14.405789,64.601468],[-14.494673,64.654246],[-14.254784,64.650335],[-14.509054,64.791183],[-14.083182,64.69986],[-13.984582,64.731172],[-14.070083,64.794102],[-13.751271,64.865341],[-14.043192,64.935379],[-13.681392,64.914436],[-14.238526,65.033505],[-13.986659,65.042254],[-14.040818,65.07861],[-13.660681,64.985332],[-13.5,65.083333],[-6.25,62.35],[-0.88333,61.0],[5.187646,61.008539],[5.113502,60.868737],[5.125669,60.957434],[5.003134,60.967233],[5.062773,60.843936],[5.258789,60.793015],[5.23886,60.831746],[5.520041,60.915413],[5.587442,60.873022],[5.36625,60.864496],[5.266264,60.770798],[5.452388,60.713935],[5.467577,60.659474],[5.379874,60.685234],[5.461252,60.635153],[5.016384,60.822854],[4.943923,60.795354],[5.237947,60.662008],[5.266166,60.619735],[5.110265,60.675728],[5.205257,60.622558],[5.22872,60.574209],[5.03469,60.713409],[4.852682,60.721529],[5.285492,60.540934],[5.569458,60.635799],[5.548674,60.700543],[5.702202,60.76478],[5.677604,60.700437],[5.796989,60.734653],[5.733985,60.688232],[5.736838,60.457335],[5.464725,60.420914],[5.29758,60.526982],[5.254251,60.478745],[5.350998,60.38049],[5.169711,60.373104],[5.267336,60.315367],[5.20541,60.310677],[5.230527,60.240627],[5.33206,60.264062],[5.24463,60.209402],[5.360989,60.231006],[5.320865,60.189755],[5.440813,60.132551],[5.647012,60.373907],[5.756785,60.398824],[5.583527,60.252969],[5.74641,60.238538],[5.576963,60.157108],[5.768733,60.186795],[5.72058,60.105165],[5.836041,60.090473],[5.715023,60.072167],[5.766695,59.978815],[5.912982,60.030396],[5.900499,60.158558],[6.015141,60.269673],[6.195292,60.279493],[6.144499,60.373199],[6.278941,60.382774],[6.231314,60.417872],[6.209478,60.469093],[6.299142,60.392017],[6.71451,60.522347],[6.629722,60.465888],[6.700601,60.430544],[7.026437,60.586216],[6.913484,60.493453],[7.140345,60.493986],[6.836345,60.474494],[6.685553,60.386283],[6.550097,60.071749],[6.669961,60.405424],[6.585179,60.435791],[6.082067,60.19135],[6.134871,60.107272],[6.279817,60.163749],[6.314616,60.127212],[6.037889,60.067325],[5.992669,59.954694],[5.675053,59.848206],[5.880676,59.768766],[5.956542,59.809306],[5.967529,59.85288],[5.991653,59.857876],[5.955636,59.789833],[6.021593,59.752576],[6.079793,59.759506],[6.096008,59.787265],[6.121764,59.78165],[6.228345,59.834548],[6.340143,59.853443],[6.367841,59.875215],[6.379379,59.873923],[6.353734,59.85173],[6.091329,59.735955],[5.928262,59.768849],[5.783295,59.683268],[5.922512,59.642722],[5.802632,59.604461],[5.593089,59.683885],[5.550176,59.524056],[5.460325,59.482984],[5.536935,59.569353],[5.525882,59.733328],[5.412959,59.662277],[5.470986,59.614252],[5.371833,59.645905],[5.224189,59.527299],[5.353118,59.268331],[5.379935,59.420064],[5.399604,59.301205],[5.515411,59.269021],[5.623109,59.427235],[5.647666,59.260219],[5.891695,59.350001],[5.842761,59.436599],[5.670856,59.394287],[5.733616,59.475279],[5.854765,59.463315],[5.852786,59.543137],[5.90011,59.474927],[6.197855,59.479132],[5.9142,59.450024],[5.941614,59.361467],[5.977381,59.351841],[6.217812,59.472729],[6.307242,59.638777],[6.365538,59.639906],[6.269158,59.516996],[6.438514,59.556855],[6.60061,59.55923],[6.270425,59.506181],[6.019831,59.341159],[6.230573,59.32352],[6.217105,59.389748],[6.290359,59.317969],[6.114129,59.302316],[6.156665,59.26036],[6.375332,59.321818],[6.557896,59.321325],[6.190068,59.257367],[6.022841,59.143303],[6.173552,59.139645],[5.889914,59.070951],[6.079029,58.9966],[5.995516,58.971102],[6.073194,58.903614],[6.100381,58.942535],[6.265847,59.012501],[6.646764,59.051529],[6.13316,58.949268],[6.116649,58.875288],[6.279173,58.84592],[6.176782,58.835027],[5.892941,58.967889],[5.743614,58.851723],[5.769728,58.964989],[5.580014,59.036402],[5.685363,58.928174],[5.575951,58.958167],[5.603846,58.882672],[5.48751,58.752022],[5.667798,58.549175],[5.983386,58.464674],[5.898561,58.461127],[5.873742,58.422991],[5.983099,58.458569],[6.051682,58.374193],[6.531825,58.247712],[6.666677,58.238335],[6.678481,58.248828],[6.649569,58.262676],[6.654841,58.294544],[6.719033,58.21974],[6.815522,58.261614],[6.922603,58.285891],[6.551327,58.116811],[6.638562,58.06593],[6.954136,58.106194],[6.961655,58.04761],[7.050964,58.122002],[6.985085,58.008494],[7.102206,58.077713],[7.143761,58.070682],[7.044247,58.028348],[7.046857,57.980873],[7.282673,58.063936],[7.529651,57.97345],[7.693699,58.070638],[7.967562,58.083068],[8.031598,58.235598],[8.062404,58.118958],[8.189631,58.164857],[8.212904,58.108005],[8.301436,58.172127],[8.302409,58.199002],[8.284538,58.191901],[8.247876,58.200409],[8.253291,58.208292],[8.37086,58.193614],[8.435646,58.288504],[8.437235,58.252232],[8.526977,58.249606],[8.513395,58.30179],[8.969558,58.528598],[8.933605,58.620757],[9.018244,58.566557],[9.231902,58.683692],[9.073533,58.684609],[9.246362,58.72588],[9.082576,58.748134],[9.326283,58.741746],[9.467378,58.828333],[9.291419,58.839298],[9.30291,58.88958],[9.571054,58.875749],[9.465206,58.937364],[9.753809,58.988041],[9.512285,59.12818],[9.693038,59.050205],[9.716457,59.108097],[9.734262,59.042787],[9.800167,59.089725],[9.858626,58.95768],[10.041505,58.977426],[10.016162,59.045596],[10.069988,59.06037],[10.208658,59.022773],[10.22323,59.126376],[10.305528,59.053149],[10.279977,59.138505],[10.377739,59.278276],[10.366091,59.170551],[10.436491,59.163442],[10.430105,59.269205],[10.530439,59.316546],[10.48321,59.450451],[10.38315,59.438573],[10.230496,59.56691],[10.379977,59.529881],[10.411718,59.621791],[10.24587,59.73165],[9.998653,59.753138],[9.965898,59.761532],[9.9544,59.767265],[10.260366,59.750867],[10.373201,59.713542],[10.438176,59.665324],[10.415117,59.529079],[10.512073,59.520105],[10.617816,59.594841],[10.472188,59.83666],[10.671892,59.919144],[10.783515,59.861245],[10.72859,59.721862],[10.662945,59.869404],[10.58059,59.762184],[10.688186,59.526919],[10.586974,59.420364],[10.656793,59.427706],[10.691129,59.300313],[10.797685,59.321864],[10.726083,59.274243],[10.729888,59.227802],[11.07337,59.122596],[11.184717,59.195988],[11.19892,59.092212],[11.215467,59.103871],[11.374033,59.116881],[11.476516,58.984265],[11.334044,59.112199],[11.109134,58.994255],[11.229903,59.016917],[11.117077,58.96742],[11.174653,58.920838],[11.197636,58.922043],[11.203561,58.913723],[11.126084,58.925465],[11.095581,58.903358],[11.200656,58.896649],[11.222832,58.856373],[11.153048,58.867453],[11.146209,58.825614],[11.232736,58.850716],[11.181226,58.782387],[11.2453,58.74097],[11.261637,58.721056],[11.187991,58.760488],[11.159253,58.742018],[11.313991,58.582158],[11.242899,58.517782],[11.359645,58.488004],[11.231989,58.441175],[11.211936,58.351471],[11.460352,58.458426],[11.357535,58.349508],[11.373485,58.335169],[11.436929,58.390536],[11.465232,58.396432],[11.397804,58.324081],[11.457582,58.271252],[11.57249,58.357071],[11.573621,58.478066],[11.618933,58.402386],[11.675483,58.438425],[11.702555,58.43485],[11.407501,58.196073],[11.667938,58.262029],[11.698229,58.341327],[11.911287,58.352128],[11.813284,58.314672],[11.916536,58.22556],[11.832362,58.092329],[11.510547,58.056138],[11.522401,58.02288],[11.485287,58.029202],[11.47856,57.998901],[11.575502,58.023383],[11.587029,57.999982],[11.45,57.9],[9.955227,57.599366],[9.396839,57.163067],[8.591736,57.122424],[8.472464,57.041995],[8.267691,56.85449],[8.211497,56.7213],[8.280715,56.769531],[8.555977,56.562494],[8.299021,56.551531],[8.185473,56.633406],[8.212367,56.710457],[8.123446,56.556544],[8.096712,56.053791],[8.175412,55.760623],[8.07298,55.559535],[8.293106,55.477116],[8.236948,55.567499],[8.299898,55.591606],[8.675606,55.333158],[8.530347,55.279233],[8.658876,55.304413],[8.685332,55.155639],[8.518988,55.20916],[8.46435,55.102335],[8.475057,55.102678],[8.521425,55.080077],[8.464281,55.098075],[8.494421,55.067102],[8.50674,55.059255],[8.517238,55.060328],[8.556856,55.149903],[8.685641,55.144357],[8.631183,54.899915],[8.374638,54.894437],[8.395663,55.045791],[8.462845,55.045655],[8.399538,55.053103],[8.299477,54.91225],[8.279757,54.751809],[8.310057,54.874066],[8.590923,54.88465],[8.8133,54.597427],[8.89035,54.592445],[8.807297,54.470088],[8.981652,54.52097],[9.023388,54.473268],[8.608948,54.386037],[8.684768,54.356671],[8.582645,54.300012],[8.851717,54.265757],[8.843405,54.288347],[8.991375,54.331649],[8.994203,54.338609],[8.982362,54.346231],[8.98044,54.357196],[8.988604,54.368415],[9.006939,54.378896],[9.02228,54.378567],[9.065369,54.36359],[9.088943,54.370596],[9.103629,54.365132],[9.134812,54.3497],[9.137627,54.339037],[9.155208,54.335838],[9.147418,54.319947],[9.170768,54.317201],[9.161234,54.3278],[9.168293,54.332878],[9.176791,54.33535],[9.197176,54.331346],[9.191326,54.316406],[9.211772,54.326935],[9.224815,54.322911],[9.217748,54.345022],[9.231228,54.338626],[9.225054,54.321612],[9.190835,54.315199],[9.176373,54.333955],[9.173791,54.317098],[9.161193,54.316406],[9.148089,54.318668],[9.007895,54.378042],[8.993738,54.332003],[8.932656,54.278769],[8.844137,54.263255],[8.82586,54.145],[8.985816,54.060842],[8.819876,54.024131],[8.914691,53.92536],[9.138469,53.890942],[9.282908,53.987001],[9.32909,54.127291],[9.34084,54.140625],[9.381427,54.156584],[9.44492,54.174328],[9.522278,54.191386],[9.344644,54.141047],[9.284866,53.986179],[9.134117,53.886797],[9.407103,53.834672],[9.676764,53.570414],[10.03999,53.529349],[10.176478,53.397351],[10.307281,53.4347],[10.705071,53.370227],[11.07804,53.142173],[11.098598,53.141197],[11.129421,53.167431],[11.14711,53.169561],[11.250878,53.136128],[11.338553,53.056116],[11.399043,53.073449],[11.455602,53.078933],[11.638219,53.040918],[11.845112,52.953125],[11.859173,52.941818],[11.857077,52.934358],[11.832109,52.912148],[11.871109,52.910156],[12.004178,52.872865],[11.829615,52.910156],[11.634338,53.03912],[11.338109,53.054054],[11.149415,53.166825],[11.105848,53.140849],[11.080243,53.138989],[10.701521,53.368528],[10.173215,53.39512],[9.928777,53.539007],[9.685763,53.547633],[9.269934,53.858736],[9.080484,53.860431],[9.045869,53.799177],[8.687108,53.892113],[8.483939,53.694348],[8.576895,53.537851],[8.501153,53.47725],[8.51895,53.319358],[8.483929,53.235359],[8.870389,53.059778],[8.877002,53.053638],[8.86825,53.033671],[8.883829,53.023839],[8.480765,53.227475],[8.480149,53.457794],[8.549599,53.537966],[8.272026,53.609516],[8.231178,53.520781],[8.316089,53.521755],[8.314838,53.459666],[8.210557,53.401998],[8.063923,53.478088],[8.065117,53.505887],[8.155154,53.513665],[8.171942,53.536677],[8.110225,53.642139],[7.911098,53.717634],[7.296554,53.680303],[7.091705,53.579922],[7.132009,53.531831],[7.037516,53.537324],[7.014077,53.343269],[7.339531,53.32103],[7.401126,53.287858],[7.429665,53.225049],[7.424096,53.210297],[7.411844,53.199127],[7.332895,53.318048],[7.111271,53.250752],[6.751423,53.465662],[5.877918,53.396043],[5.581066,53.296307],[5.377662,53.094478],[5.290274,53.065232],[5.047961,52.940598],[5.378173,53.091559],[5.358895,52.880329],[5.711818,52.836683],[5.594712,52.762825],[5.650417,52.615563],[5.431957,52.527389],[5.468836,52.569206],[5.457593,52.592767],[5.416994,52.6363],[5.412992,52.636048],[5.398702,52.650184],[5.361369,52.674577],[5.302041,52.691477],[5.286764,52.691135],[5.280226,52.694858],[5.282428,52.742815],[5.10346,52.775352],[5.038116,52.942863],[4.874377,52.888466],[4.729584,52.960991],[4.567021,52.467424],[4.658697,52.463661],[4.751203,52.430216],[4.868587,52.427934],[5.014707,52.371249],[5.138092,52.460727],[5.063812,52.437217],[5.011676,52.471692],[5.085252,52.503918],[5.019472,52.630479],[5.27999,52.691044],[5.456251,52.592583],[5.417355,52.511558],[5.438735,52.516095],[5.121099,52.385203],[5.136913,52.325796],[4.573206,52.461892],[4.38659,52.197194],[4.099079,51.983674],[4.625233,51.889741],[5.118874,52.002741],[5.465261,51.887277],[5.358428,51.80109],[5.006662,51.819002],[5.254317,51.733307],[4.422271,51.699478],[4.203867,51.621906],[4.279041,51.48228],[4.225788,51.494265],[4.245409,51.366172],[4.402037,51.233377],[4.384255,51.20918],[4.336269,51.190653],[4.330481,51.141609],[4.324119,51.128538],[4.309748,51.121224],[4.382901,51.080216],[4.212392,51.119205],[4.174011,51.095939],[4.190614,51.081588],[4.187265,51.060969],[4.199936,51.057593],[4.190639,51.040254],[4.18749,51.040668],[4.197436,51.055414],[4.185043,51.060691],[4.188166,51.080802],[4.172027,51.088217],[4.174276,51.101506],[4.396624,51.233364],[4.205437,51.374851],[3.974614,51.406297],[3.814681,51.330158],[3.504413,51.40704],[3.181503,51.360464],[2.368865,51.036637],[1.938782,51.000086],[1.581419,50.871078],[1.624483,50.519925],[1.555223,50.398601],[1.617111,50.369527],[1.538188,50.279605],[1.666291,50.189202],[1.523026,50.208525],[1.105623,49.936384],[0.206537,49.714623],[0.065368,49.517109],[0.150866,49.450933],[0.503549,49.487165],[0.527452,49.479229],[0.578278,49.437481],[0.608796,49.430326],[0.678124,49.514763],[0.709816,49.522736],[0.74005,49.523425],[0.765699,49.514589],[0.77424,49.507372],[0.779911,49.482226],[0.811932,49.472246],[0.820055,49.453369],[0.817362,49.444255],[0.803574,49.429528],[0.812499,49.403834],[0.86128,49.394411],[0.812103,49.401902],[0.721897,49.521173],[0.613653,49.427507],[0.58208,49.431127],[0.496318,49.481434],[-0.244979,49.264483],[-0.94828,49.396176],[-1.116901,49.344622],[-1.303737,49.537455],[-1.229154,49.606266],[-1.26532,49.69731],[-1.619113,49.639192],[-1.93479,49.727909],[-1.809593,49.372714],[-1.589281,49.222723],[-1.582053,49.001832],[-1.556409,49.033998],[-1.534214,49.037985],[-1.512948,49.027892],[-1.614895,48.83408],[-1.571153,48.742586],[-1.446661,48.653868],[-1.40539,48.672056],[-1.359329,48.634853],[-1.777109,48.603963],[-1.868034,48.642409],[-1.843665,48.713072],[-1.937965,48.703348],[-2.029255,48.650576],[-1.961617,48.591239],[-1.971312,48.535473],[-2.047409,48.639454],[-2.314199,48.610747],[-2.318431,48.688655],[-2.687488,48.500031],[-3.04315,48.784444],[-3.008483,48.820501],[-3.147377,48.739263],[-3.07145,48.884683],[-3.183507,48.845292],[-3.220311,48.772737],[-3.235685,48.759516],[-3.254139,48.751444],[-3.223259,48.871321],[-3.410035,48.79917],[-3.520517,48.840788],[-3.590585,48.807106],[-3.531329,48.732721],[-3.581128,48.670532],[-3.823644,48.720119],[-3.854326,48.619946],[-3.925729,48.700122],[-3.924075,48.669313],[-3.950926,48.635736],[-3.961543,48.720993],[-4.009901,48.728268],[-4.544412,48.6369],[-4.482723,48.57311],[-4.598052,48.608795],[-4.523616,48.554658],[-4.783702,48.517104],[-4.772285,48.328712],[-4.290599,48.434493],[-4.45933,48.326672],[-4.26294,48.357878],[-4.339486,48.31197],[-4.248745,48.326359],[-4.192391,48.296403],[-4.278984,48.277553],[-4.25203,48.267272],[-4.240581,48.253435],[-4.216547,48.260595],[-4.205567,48.249192],[-4.153187,48.247022],[-4.138077,48.236719],[-4.535784,48.285097],[-4.533402,48.341771],[-4.629079,48.280789],[-4.54529,48.25016],[-4.560478,48.169337],[-4.428908,48.237641],[-4.272843,48.153122],[-4.304062,48.089663],[-4.741322,48.040108],[-4.494933,48.039483],[-4.536943,48.011392],[-4.387669,47.926364],[-4.366893,47.789376],[-4.178054,47.796697],[-4.190017,47.872651],[-4.112225,47.861702],[-4.132332,47.891248],[-4.166571,47.894177],[-4.175019,47.903898],[-4.114581,47.987788],[-4.09968,47.861701],[-3.977208,47.851847],[-3.990983,47.895033],[-3.977582,47.908196],[-3.85709,47.790036],[-3.518851,47.802758],[-3.45289,47.695312],[-3.292812,47.788998],[-3.365607,47.71041],[-3.310181,47.708942],[-3.280466,47.688198],[-3.325259,47.70226],[-3.355565,47.699163],[-3.36172,47.683414],[-3.21439,47.644036],[-3.193014,47.747732],[-3.148031,47.753556],[-3.120351,47.698436],[-3.211293,47.642213],[-3.135045,47.473161],[-3.079065,47.468301],[-3.129676,47.596993],[-2.928275,47.553089],[-2.978186,47.655876],[-2.926093,47.667156],[-2.919577,47.582205],[-2.68656,47.616349],[-2.733884,47.541049],[-2.914373,47.556903],[-2.816022,47.485289],[-2.575788,47.547874],[-2.632933,47.502144],[-2.517119,47.527552],[-2.44224,47.498408],[-2.39015,47.505546],[-2.378889,47.499105],[-2.282392,47.576135],[-2.234372,47.582843],[-2.32827,47.509811],[-2.412765,47.491504],[-2.502018,47.493016],[-2.432823,47.413254],[-2.560476,47.373841],[-2.470525,47.309875],[-2.546687,47.288861],[-2.298121,47.232163],[-2.063702,47.306684],[-1.885242,47.277298],[-1.796859,47.214353],[-1.707216,47.207839],[-1.655396,47.192126],[-1.628451,47.19352],[-1.594942,47.192852],[-1.306191,47.339257],[-1.205253,47.354521],[-1.598424,47.191172],[-1.658014,47.190878],[-1.801105,47.212119],[-1.927142,47.280047],[-2.169908,47.269431],[-2.16706,47.166619],[-2.249893,47.133082],[-1.981483,47.027357],[-2.15414,46.8899],[-2.143105,46.819901],[-1.943275,46.694832],[-1.805731,46.4889],[-1.206395,46.266925],[-1.188535,46.306769],[-1.120941,46.324345],[-1.08728,46.317457],[-1.24157,46.162237],[-1.060184,46.044484],[-1.126362,46.003822],[-1.0799,45.959739],[-1.008097,45.975229],[-0.991143,45.968053],[-1.170079,45.855352],[-1.002365,45.713401],[-1.213859,45.793497],[-1.244353,45.781517],[-1.228582,45.674181],[-0.798918,45.459365],[-0.61657,45.055919],[-0.252746,44.917398],[-0.249228,44.914455],[-0.245882,44.900172],[-0.258765,44.875691],[-0.237295,44.893098],[-0.211728,44.894029],[-0.206245,44.889011],[-0.203031,44.880153],[-0.21797,44.853062],[-0.151235,44.844008],[-0.147914,44.841286],[-0.147577,44.837982],[-0.157649,44.829127],[-0.146245,44.821113],[-0.219825,44.853376],[-0.211334,44.892493],[-0.259886,44.875174],[-0.253001,44.915796],[-0.606519,45.041775],[-0.536301,44.97847],[-0.509023,44.755105],[-0.395669,44.703577],[-0.333121,44.648438],[-0.5102,44.742773],[-0.545732,44.977458],[-0.685827,45.083005],[-0.802564,45.345277],[-1.091936,45.561787],[-1.260343,44.63247],[-1.170478,44.766796],[-1.019567,44.667776],[-1.191607,44.660534],[-1.256891,44.535463],[-1.446337,43.645321],[-1.533751,43.531376],[-1.214282,43.53106],[-1.522192,43.52843],[-1.666352,43.388136],[-2.129434,43.274428],[-2.643378,43.415311],[-2.682892,43.364187],[-2.75198,43.456585],[-3.032643,43.376989],[-3.017779,43.324026],[-2.982556,43.311941],[-2.978971,43.307675],[-2.977975,43.299145],[-3.323807,43.419811],[-3.452006,43.433498],[-3.428394,43.36728],[-3.478287,43.369763],[-3.520001,43.424539],[-3.427307,43.458173],[-3.58571,43.514817],[-3.809074,43.394694],[-3.784157,43.491779],[-4.567328,43.393251],[-5.692047,43.542969],[-5.84024,43.661256],[-5.919548,43.558647],[-6.945586,43.574996],[-7.029366,43.557026],[-7.007428,43.529436],[-7.03125,43.529018],[-7.03396,43.497583],[-7.046502,43.488474],[-7.046291,43.477629],[-7.05241,43.473806],[-7.041173,43.556615],[-7.266952,43.540549],[-7.490832,43.732791],[-7.599391,43.6577],[-7.637758,43.752885],[-7.707981,43.707762],[-7.662171,43.774413],[-7.689445,43.791085],[-7.847366,43.668645],[-7.904166,43.769165],[-8.062337,43.70506],[-8.050013,43.633648],[-8.322933,43.564252],[-8.34112,43.458462],[-8.153841,43.512751],[-8.31665,43.444996],[-8.134349,43.423967],[-8.221438,43.391836],[-8.203053,43.339145],[-8.213888,43.339164],[-8.202367,43.32154],[-8.215536,43.29175],[-8.306216,43.405447],[-8.359854,43.316121],[-8.399752,43.390313],[-8.712886,43.289532],[-8.838655,43.346011],[-8.991699,43.275301],[-8.930941,43.220461],[-9.17433,43.191287],[-9.204795,43.128998],[-9.132288,43.133232],[-9.299975,43.056551],[-9.281844,42.889933],[-9.189465,42.95234],[-9.127723,42.906913],[-9.091069,42.736742],[-9.06293,42.786455],[-8.869707,42.828572],[-9.034092,42.695175],[-9.048297,42.51702],[-8.900329,42.643139],[-8.857001,42.60616],[-8.841766,42.686121],[-8.795135,42.636755],[-8.721199,42.706159],[-8.686406,42.710699],[-8.829726,42.5752],[-8.820875,42.452448],[-8.871295,42.500754],[-8.944837,42.464326],[-8.838875,42.384068],[-8.65163,42.434433],[-8.837034,42.340378],[-8.864099,42.245751],[-8.660899,42.290729],[-8.632062,42.35365],[-8.596442,42.346128],[-8.613495,42.286272],[-8.850107,42.156817],[-8.81471,42.115463],[-8.900146,42.112222],[-8.881671,41.880733],[-8.759696,41.933773],[-8.74551,41.967785],[-8.677658,41.992826],[-8.663466,42.004034],[-8.658819,42.029963],[-8.642412,42.045107],[-8.620782,42.0535],[-8.601933,42.05467],[-8.7558,41.926798],[-8.862267,41.86732],[-8.88017,41.750231],[-8.844247,41.673673],[-8.846777,41.683741],[-8.816734,41.695441],[-8.689494,41.724404],[-8.835524,41.680997],[-8.754484,41.512584],[-8.786736,41.41537],[-8.707866,41.172034],[-8.577144,41.143078],[-8.565768,41.12642],[-8.547407,41.122737],[-8.526562,41.101282],[-8.515156,41.075074],[-8.467156,41.07513],[-8.427413,41.03727],[-8.414015,41.072822],[-8.352078,41.041367],[-8.291746,41.084419],[-8.262141,41.065508],[-8.352294,41.038534],[-8.411813,41.070542],[-8.419507,41.03778],[-8.428987,41.035572],[-8.672282,41.144918],[-8.648469,40.970862],[-8.762989,40.643611],[-8.655822,40.860461],[-8.678429,40.741785],[-8.610458,40.727281],[-8.748621,40.643385],[-8.909341,40.186985],[-8.875101,40.145616],[-8.826441,40.14561],[-8.803015,40.134896],[-8.790899,40.113327],[-8.776381,40.112219],[-8.789686,40.110816],[-8.832644,40.143208],[-8.873949,40.143251],[-9.072152,39.584072],[-9.227607,39.435663],[-9.183809,39.401947],[-9.409167,39.359816],[-9.334515,39.262706],[-9.484185,38.706284],[-9.131664,38.706499],[-9.068253,38.848267],[-8.934981,39.018899],[-8.895438,39.035618],[-8.860833,39.025002],[-8.994042,38.933154],[-8.926108,38.759868],[-9.045796,38.713732],[-8.969606,38.700194],[-8.994837,38.651604],[-9.091382,38.660575],[-9.06594,38.648946],[-9.050957,38.603819],[-9.14679,38.687902],[-9.257853,38.664132],[-9.143985,38.523655],[-9.222359,38.412904],[-8.894497,38.519926],[-8.779796,38.472064],[-8.810707,38.509288],[-8.764049,38.52692],[-8.748632,38.564946],[-8.729193,38.572549],[-8.721666,38.441164],[-8.654197,38.408517],[-8.560633,38.415664],[-8.541304,38.405807],[-8.541778,38.373725],[-8.80319,38.443286],[-8.798173,38.389258],[-8.824644,38.444486],[-8.906989,38.491523],[-8.774832,38.253034],[-8.799769,38.110672],[-8.888472,37.961012],[-8.889056,37.940677],[-8.804593,37.922851],[-8.812614,37.744356],[-8.751523,37.727527],[-8.746793,37.705316],[-8.997701,37.022418],[-8.590328,37.150122],[-7.87351,36.983193],[-7.40028,37.163469],[-7.434814,37.246967],[-7.463337,37.408749],[-7.460863,37.414242],[-7.446605,37.419782],[-7.459863,37.430924],[-7.470613,37.473061],[-7.46941,37.479947],[-7.464613,37.487358],[-7.480231,37.495757],[-7.463297,37.487974],[-7.444608,37.419514],[-7.461818,37.408939],[-7.438634,37.390209],[-7.431367,37.248612],[-7.380646,37.171921],[-7.06448,37.206092],[-7.157332,37.21013],[-7.170145,37.215735],[-7.177255,37.276595],[-6.948504,37.163976],[-7.023269,37.21702],[-6.958003,37.216043],[-6.979157,37.309559],[-6.941932,37.212103],[-6.868246,37.29109],[-6.854705,37.303254],[-6.846132,37.303648],[-6.93091,37.185078],[-6.520304,36.976803],[-6.390248,36.803367],[-6.339809,36.899783],[-6.273702,36.913598],[-6.228212,36.896423],[-6.341118,36.893944],[-6.3377,36.798553],[-6.439254,36.720302],[-6.20543,36.563439],[-6.246151,36.508551],[-6.172867,36.518973],[-6.232039,36.463061],[-6.278872,36.542604],[-6.308693,36.533097],[-6.032549,36.180073],[-5.908087,35.801209],[-5.963711,35.596728],[-6.296499,34.884068],[-6.248219,34.839122],[-6.302856,34.868899],[-6.683878,34.265808],[-6.651207,34.270451],[-6.615028,34.30766],[-6.597791,34.311663],[-6.583303,34.310893],[-6.577039,34.306738],[-6.58894,34.267953],[-6.569247,34.270583],[-6.569894,34.291405],[-6.55294,34.336933],[-6.461591,34.373746],[-6.478636,34.405588],[-6.459097,34.373194],[-6.567927,34.269988],[-6.589891,34.267578],[-6.599398,34.309959],[-6.64671,34.271153],[-6.685908,34.262728],[-6.81424,34.026989],[-7.521356,33.625124],[-8.297659,33.366579],[-8.330394,33.265316],[-8.339818,33.317438],[-8.546257,33.24598],[-8.745754,32.976628],[-9.286037,32.542569],[-9.261877,32.175048],[-9.678505,31.69978],[-9.84138,31.390013],[-9.805738,30.814347],[-9.890664,30.639683],[-9.598358,30.39968],[-9.655073,30.05443],[-10.215476,29.313348],[-10.548069,29.002806],[-11.074818,28.741285],[-11.519182,28.280857],[-12.267598,28.002319],[-12.234634,28.052439],[-12.935282,27.945712],[-13.166549,27.690224],[-13.57375,26.731166],[-13.977785,26.470816],[-14.182933,26.424233],[-14.474772,26.179663],[-14.828728,25.295102],[-14.88315,24.701193],[-15.839978,23.889482],[-16.005573,23.649675],[-15.697148,23.97872],[-15.71454,23.820452],[-16.204902,23.095541],[-16.146784,22.995017],[-16.288891,22.90471],[-16.494794,22.324219],[-16.767304,22.218967],[-16.958258,21.828022],[-17.105346,20.844684],[-17.046384,20.770669],[-17.025963,21.043213],[-16.914709,21.166254],[-16.676078,20.673364],[-16.530919,20.555265],[-16.487599,20.722906],[-16.203052,20.214844],[-16.264861,20.124383],[-16.223825,19.990381],[-16.310857,19.903213],[-16.254769,19.886851],[-16.272131,19.733791],[-16.467543,19.417068],[-16.288226,19.528607],[-16.402934,19.396144],[-16.544574,19.38437],[-16.185501,18.924048],[-16.020222,17.981461],[-16.099666,17.456592],[-16.441728,16.616339],[-16.520444,16.276834],[-16.511098,16.215827],[-16.513485,16.162678],[-16.509016,16.04811],[-16.513545,15.982983],[-16.511734,15.969618],[-16.459468,16.178441],[-16.50359,16.206239],[-16.473724,16.290524],[-16.455413,16.18954],[-16.448961,16.210783],[-16.416483,16.220352],[-16.387589,16.218281],[-16.366472,16.317787],[-16.282323,16.511879],[-16.272966,16.519343],[-16.257234,16.526141],[-16.170484,16.527088],[-16.282903,16.506861],[-16.335874,16.291999],[-16.38346,16.217738],[-16.431437,16.20286],[-16.459795,15.908769],[-16.505204,15.93684],[-16.593056,15.663654],[-16.913201,15.178145],[-17.128326,14.910185],[-17.530446,14.740171],[-17.432869,14.646242],[-17.373541,14.739887],[-17.188193,14.6538],[-16.801694,14.132587],[-16.761601,13.929563],[-16.709519,14.068895],[-16.66297,14.073045],[-16.658194,14.141688],[-16.604991,14.166857],[-16.61888,14.187153],[-16.600672,14.200976],[-16.611843,14.206378],[-16.612511,14.217121],[-16.605407,14.22244],[-16.596924,14.201044],[-16.613151,14.18593],[-16.602341,14.166702],[-16.625418,14.13802],[-16.621038,14.117393],[-16.641297,14.111727],[-16.616076,14.0893],[-16.614649,14.064206],[-16.718389,14.008506],[-16.571798,14.060417],[-16.564488,14.250308],[-16.564865,14.0625],[-16.500979,14.2387],[-16.448316,14.260667],[-16.492355,14.151132],[-16.466007,14.190421],[-16.424183,14.197684],[-16.423671,14.222979],[-16.415984,14.226004],[-16.38918,14.201662],[-16.444714,14.162728],[-16.42296,14.169018],[-16.390479,14.146218],[-16.327693,14.168489],[-16.29561,14.159888],[-16.279617,14.146478],[-16.27802,14.173851],[-16.263107,14.178542],[-16.227854,14.171603],[-16.19798,14.141547],[-16.18711,14.161353],[-16.171875,14.169922],[-16.157799,14.164088],[-16.161629,14.14484],[-16.143795,14.146984],[-16.136144,14.138831],[-16.13626,14.12882],[-16.142784,14.11796],[-16.075856,14.131095],[-16.062805,14.115026],[-16.04609,14.113637],[-16.028901,14.094981],[-16.143391,14.114768],[-16.139085,14.138231],[-16.162987,14.143186],[-16.171875,14.167411],[-16.198654,14.137607],[-16.263224,14.176808],[-16.277898,14.143448],[-16.387462,14.138686],[-16.432351,14.164869],[-16.581395,14.031713],[-16.49328,13.989537],[-16.477129,14.044582],[-16.455907,14.064948],[-16.370808,14.098269],[-16.335746,14.087187],[-16.47194,14.045856],[-16.504117,13.880348],[-16.474319,13.894664],[-16.438032,13.976423],[-16.428468,13.990315],[-16.414895,13.992576],[-16.462314,13.910473],[-16.400113,13.886193],[-16.499206,13.866845],[-16.461143,13.866525],[-16.463663,13.856095],[-16.438956,13.859043],[-16.424755,13.852294],[-16.411816,13.832782],[-16.407421,13.834878],[-16.41002,13.831779],[-16.413677,13.833042],[-16.434105,13.855047],[-16.466787,13.85384],[-16.477626,13.865205],[-16.486642,13.860021],[-16.506994,13.674696],[-16.585323,13.634237],[-16.556298,13.597377],[-16.547447,13.628891],[-16.530194,13.606794],[-16.518166,13.652232],[-16.50796,13.644787],[-16.507061,13.362318],[-16.305663,13.339588],[-16.233084,13.466859],[-16.207297,13.415654],[-16.189624,13.476939],[-16.138014,13.464124],[-16.129502,13.471396],[-16.137392,13.490705],[-16.135501,13.496416],[-16.122123,13.501674],[-16.104151,13.499007],[-16.095148,13.507001],[-16.087966,13.525717],[-16.102246,13.52531],[-16.106462,13.528089],[-16.106993,13.531123],[-16.100384,13.569337],[-16.097912,13.571229],[-16.093994,13.570769],[-16.089495,13.563656],[-16.085274,13.568349],[-16.091774,13.586356],[-16.090839,13.591417],[-16.082985,13.596029],[-16.086687,13.608184],[-16.082487,13.595396],[-16.0912,13.586633],[-16.083513,13.572187],[-16.085335,13.565669],[-16.088735,13.563216],[-16.099523,13.568746],[-16.106129,13.529659],[-16.089439,13.529351],[-16.085591,13.521106],[-16.0926,13.507167],[-16.102638,13.497244],[-16.136174,13.492049],[-16.088811,13.44162],[-15.558935,13.523438],[-15.448544,13.500911],[-15.364012,13.441995],[-15.303934,13.489256],[-15.354472,13.519278],[-15.373515,13.548254],[-15.375736,13.613524],[-15.36353,13.642187],[-15.299881,13.493012],[-15.315972,13.447762],[-15.350259,13.434797],[-15.386441,13.443705],[-15.557501,13.515346],[-15.923978,13.399299],[-16.146514,13.434799],[-16.224278,13.334145],[-16.200788,13.304427],[-16.204754,13.249806],[-16.138957,13.295149],[-16.118147,13.294029],[-16.110929,13.290171],[-16.0938,13.248079],[-16.089326,13.274588],[-16.08084,13.280105],[-16.072832,13.278723],[-16.09252,13.246402],[-16.143908,13.290122],[-16.171173,13.262946],[-16.137527,13.265165],[-16.135517,13.2597],[-16.139305,13.250594],[-16.149783,13.25207],[-16.135714,13.241175],[-16.139193,13.230302],[-16.209323,13.246378],[-16.230662,13.323853],[-16.429229,13.269758],[-16.409407,13.26495],[-16.403886,13.259686],[-16.410448,13.230868],[-16.383688,13.222782],[-16.379365,13.215624],[-16.408057,13.214973],[-16.586725,13.318003],[-16.637252,13.414364],[-16.571543,13.456473],[-16.714997,13.459257],[-16.813187,13.338421],[-16.735864,13.030553],[-16.787924,12.760032],[-16.772951,12.823213],[-16.760247,12.856911],[-16.753114,12.868694],[-16.769013,12.802855],[-16.720628,12.819265],[-16.736526,12.819948],[-16.735935,12.830008],[-16.72733,12.842641],[-16.716267,12.852911],[-16.710088,12.853702],[-16.69838,12.850153],[-16.701772,12.861851],[-16.675779,12.864646],[-16.667695,12.860999],[-16.666643,12.858089],[-16.736107,12.824708],[-16.702819,12.815206],[-16.702074,12.797621],[-16.687346,12.806584],[-16.680566,12.804284],[-16.679698,12.798201],[-16.681793,12.792696],[-16.766571,12.800568],[-16.785364,12.694829],[-16.608452,12.793622],[-16.631596,12.884747],[-16.659233,12.882005],[-16.666917,12.883119],[-16.677137,12.903658],[-16.661563,12.977898],[-16.577117,12.913633],[-16.600615,12.949056],[-16.602593,12.958984],[-16.602033,12.965034],[-16.593288,12.978895],[-16.582532,12.98834],[-16.596732,12.995642],[-16.600705,13.030553],[-16.600218,13.037237],[-16.594839,13.045379],[-16.582374,13.043904],[-16.58335,13.052241],[-16.581012,13.047219],[-16.581926,13.036836],[-16.600131,13.03141],[-16.58197,12.987191],[-16.601503,12.959716],[-16.574704,12.918701],[-16.567954,12.895712],[-16.557904,12.90514],[-16.539419,12.900343],[-16.524725,12.875279],[-16.506857,12.881589],[-16.52197,12.89255],[-16.522498,12.896674],[-16.516163,12.906148],[-16.512901,12.907905],[-16.491435,12.904994],[-16.516589,12.904726],[-16.505743,12.881711],[-16.526139,12.873418],[-16.570586,12.88458],[-16.582944,12.751546],[-16.503189,12.732529],[-16.570103,12.682646],[-16.490126,12.619727],[-16.502138,12.718734],[-16.478848,12.728333],[-16.488162,12.634026],[-16.366983,12.560634],[-16.355939,12.622539],[-16.351396,12.626631],[-16.348015,12.627046],[-16.340414,12.61831],[-16.328537,12.628247],[-16.339604,12.632331],[-16.34697,12.646387],[-16.053653,12.627026],[-15.983739,12.900369],[-15.928777,12.884431],[-15.916235,12.89994],[-15.934663,12.924221],[-15.925967,12.946262],[-15.850584,12.962362],[-15.787758,12.933182],[-15.766119,12.978329],[-15.687046,13.013142],[-15.667,13.003867],[-15.653215,12.9776],[-15.646809,12.995837],[-15.6185,12.993025],[-15.598582,13.025112],[-15.579203,13.025999],[-15.578646,13.035182],[-15.571926,13.041252],[-15.564415,13.042428],[-15.556896,13.051435],[-15.5472,13.054156],[-15.542111,13.050366],[-15.541911,13.041862],[-15.55543,13.050092],[-15.609051,12.993346],[-15.651046,12.973101],[-15.766423,12.969662],[-15.789,12.924871],[-15.924586,12.941133],[-15.912679,12.885256],[-15.975792,12.878867],[-16.016242,12.69208],[-15.900122,12.588352],[-15.668758,12.612019],[-15.645235,12.543885],[-15.533723,12.647283],[-15.558228,12.748077],[-15.520259,12.818624],[-15.284122,12.869728],[-15.210765,12.817749],[-15.532809,12.78616],[-15.499365,12.650175],[-15.548985,12.522618],[-15.901096,12.570385],[-16.006818,12.636368],[-16.36462,12.546966],[-16.524792,12.594535],[-16.525046,12.554523],[-16.499376,12.558841],[-16.488396,12.554294],[-16.447622,12.496487],[-16.446198,12.487508],[-16.448387,12.484208],[-16.46781,12.477472],[-16.456006,12.443823],[-16.44136,12.436552],[-16.437383,12.430121],[-16.437526,12.426575],[-16.439834,12.421979],[-16.450692,12.404453],[-16.450389,12.390653],[-16.57951,12.638106],[-16.67931,12.552873],[-16.63558,12.497079],[-16.677582,12.398937],[-16.732987,12.443636],[-16.67353,12.499858],[-16.709568,12.479986],[-16.725945,12.48464],[-16.72709,12.462542],[-16.742619,12.459577],[-16.727903,12.484261],[-16.685087,12.504986],[-16.771194,12.530852],[-16.771309,12.404383],[-16.439529,12.183939],[-16.397054,12.192882],[-16.432188,12.221601],[-16.431506,12.228433],[-16.416044,12.236776],[-16.426865,12.247374],[-16.419268,12.260749],[-16.435735,12.24924],[-16.447888,12.259943],[-16.41702,12.269161],[-16.327928,12.200987],[-16.338234,12.235546],[-16.307328,12.263852],[-16.322642,12.282576],[-16.306905,12.296221],[-16.313622,12.303842],[-16.335024,12.294125],[-16.347895,12.302701],[-16.312244,12.339315],[-16.264779,12.269609],[-16.32253,12.217368],[-16.211269,12.282818],[-16.213141,12.29545],[-16.234664,12.301818],[-16.246593,12.316705],[-16.201611,12.352659],[-16.196293,12.352399],[-16.192305,12.348349],[-16.191606,12.34946],[-16.192071,12.353119],[-16.191383,12.354339],[-16.182636,12.354737],[-16.189404,12.35643],[-16.194928,12.363421],[-16.196851,12.377423],[-16.191663,12.382613],[-16.198076,12.395615],[-16.189502,12.4003],[-16.181733,12.354221],[-16.235231,12.30541],[-16.029663,12.354866],[-15.924712,12.320619],[-15.801359,12.219714],[-15.725222,12.309097],[-15.710644,12.308252],[-15.700063,12.290511],[-15.686034,12.300522],[-15.696573,12.31147],[-15.694378,12.317579],[-15.686898,12.322899],[-15.671218,12.326656],[-15.650854,12.316478],[-15.637076,12.327536],[-15.624916,12.323789],[-15.62062,12.329421],[-15.62174,12.345016],[-15.616936,12.352513],[-15.575191,12.38297],[-15.523399,12.412742],[-15.515425,12.412912],[-15.50514,12.400141],[-15.491274,12.407205],[-15.625767,12.321957],[-15.64883,12.315092],[-15.685922,12.321665],[-15.683635,12.300107],[-15.698322,12.289271],[-15.723687,12.307266],[-15.799589,12.216855],[-16.085743,12.335172],[-16.241372,12.155716],[-16.322357,12.16088],[-16.339795,12.023307],[-16.281479,11.997089],[-16.26754,12.015704],[-16.250244,12.011986],[-16.243237,12.027053],[-16.227509,12.032496],[-16.220815,12.03092],[-16.218252,12.027444],[-16.219183,12.023178],[-16.232563,12.010877],[-16.216319,11.996761],[-16.276155,11.995545],[-16.232027,11.932377],[-16.101164,11.875352],[-15.927659,11.951869],[-16.011829,11.993322],[-15.999318,12.083852],[-15.917449,11.967974],[-15.866071,12.051262],[-15.766214,12.017608],[-15.782666,12.042869],[-15.77276,12.05979],[-15.781505,12.067994],[-15.776468,12.08626],[-15.747788,11.977464],[-15.66831,12.031891],[-15.639399,12.020926],[-15.625393,11.990823],[-15.605673,11.996256],[-15.606991,12.021819],[-15.58639,12.035906],[-15.550235,12.02944],[-15.528415,12.002118],[-15.522896,12.020384],[-15.51422,12.025252],[-15.460972,12.0321],[-15.459878,12.056424],[-15.45242,12.064997],[-15.432995,12.076758],[-15.423119,12.068107],[-15.466538,12.025195],[-15.519959,12.019709],[-15.528551,11.998916],[-15.625124,11.986929],[-15.675199,12.02535],[-15.719565,11.925281],[-15.770265,12.008986],[-15.838711,11.982943],[-15.937016,11.852944],[-15.950836,11.734082],[-15.883424,11.759403],[-15.887738,11.810221],[-15.864869,11.816929],[-15.879836,11.836119],[-15.880611,11.867385],[-15.846744,11.883962],[-15.859198,11.762131],[-15.794457,11.877504],[-15.7695,11.877761],[-15.734723,11.856077],[-15.699134,11.87342],[-15.6745,11.857868],[-15.686754,11.84162],[-15.794065,11.870234],[-15.805524,11.743438],[-15.405641,11.962656],[-15.174146,11.907675],[-15.058478,11.99548],[-14.956921,11.962477],[-14.941579,11.9805],[-14.957715,12.000926],[-14.958626,12.010169],[-14.956141,12.018752],[-14.953982,12.022781],[-14.943972,12.029855],[-14.928474,12.028834],[-14.955737,12.016364],[-14.940123,11.988142],[-14.940623,11.976902],[-14.94501,11.969219],[-14.961962,11.958868],[-14.992155,11.963827],[-15.00683,11.950458],[-15.039997,11.832596],[-14.954891,11.752829],[-14.920319,11.761293],[-14.93091,11.77916],[-14.93029,11.787814],[-14.904599,11.793719],[-14.890494,11.790503],[-14.883413,11.78476],[-14.881386,11.746329],[-14.865868,11.758781],[-14.857176,11.75962],[-14.825569,11.74488],[-14.823187,11.737044],[-14.839051,11.717447],[-14.861298,11.706915],[-14.86078,11.691115],[-14.865023,11.70183],[-14.855326,11.720256],[-14.824654,11.740513],[-14.884881,11.746192],[-14.887647,11.78626],[-14.927137,11.786521],[-14.917343,11.756742],[-14.950901,11.746681],[-15.048162,11.797636],[-15.045758,11.956838],[-15.165823,11.876146],[-15.378504,11.887545],[-15.512803,11.779185],[-15.536997,11.680663],[-15.462553,11.716605],[-15.457011,11.643378],[-15.425393,11.683733],[-15.410999,11.691499],[-15.402938,11.681078],[-15.45755,11.60671],[-15.425361,11.541801],[-15.345361,11.587174],[-15.378191,11.632947],[-15.372849,11.651344],[-15.320742,11.607402],[-15.329399,11.686176],[-15.272171,11.644053],[-15.303748,11.715576],[-15.225744,11.664228],[-15.204124,11.7726],[-15.172304,11.697096],[-15.203566,11.693617],[-15.205869,11.654709],[-15.250903,11.651732],[-15.2583,11.63282],[-15.162359,11.651026],[-15.133709,11.671215],[-15.13894,11.699189],[-15.131834,11.701614],[-15.103673,11.68689],[-15.153303,11.647781],[-14.973514,11.587474],[-15.105738,11.533502],[-15.122461,11.631685],[-15.19767,11.627242],[-15.150441,11.605334],[-15.17434,11.561144],[-15.208534,11.623016],[-15.277978,11.621441],[-15.242317,11.60105],[-15.262439,11.591122],[-15.219734,11.567392],[-15.223644,11.556655],[-15.286465,11.609696],[-15.276699,11.534294],[-15.465938,11.481449],[-15.413528,11.429775],[-15.502099,11.328775],[-15.283284,11.508662],[-15.326398,11.375781],[-15.217735,11.475996],[-15.301976,11.373371],[-15.377304,11.365792],[-15.418986,11.293026],[-15.298479,11.290439],[-15.405871,11.202498],[-15.226158,11.114891],[-15.286452,11.23691],[-15.147502,11.225177],[-15.160676,11.292768],[-15.144555,11.361187],[-15.117188,11.375],[-15.144781,11.221895],[-15.212434,11.215169],[-15.206538,11.070459],[-15.05094,11.132831],[-15.048643,11.203089],[-15.014663,11.163323],[-14.970882,11.229136],[-15.013001,11.255674],[-15.000904,11.272853],[-14.947325,11.231384],[-14.961468,11.328162],[-14.938344,11.237624],[-14.921664,11.242948],[-14.913215,11.259868],[-14.903603,11.26868],[-14.902282,11.27639],[-14.899919,11.278759],[-14.89773,11.280098],[-14.896523,11.228283],[-14.980724,11.193079],[-14.907158,11.186478],[-14.912078,11.162465],[-15.000415,11.158707],[-14.939996,11.117515],[-15.009911,11.146563],[-15.096925,11.051352],[-15.065753,10.921068],[-14.897955,10.964139],[-14.974192,11.082731],[-14.900131,11.030228],[-14.847801,11.109394],[-14.869194,10.96041],[-14.67812,11.042024],[-14.706942,11.083225],[-14.704775,11.148547],[-14.659105,11.18316],[-14.674492,11.189136],[-14.705108,11.174437],[-14.728944,11.175465],[-14.73472,11.180114],[-14.74172,11.207178],[-14.738593,11.221068],[-14.729731,11.237029],[-14.726352,11.23959],[-14.71134,11.239938],[-14.721195,11.268249],[-14.700158,11.300604],[-14.693559,11.301845],[-14.709586,11.240486],[-14.740122,11.206711],[-14.656251,11.18514],[-14.699091,11.079981],[-14.639189,11.017717],[-14.815553,10.929445],[-14.80397,10.819955],[-14.767097,10.827406],[-14.738431,10.878254],[-14.744398,10.904979],[-14.731733,10.904976],[-14.730178,10.927059],[-14.722981,10.935892],[-14.722111,10.947396],[-14.716008,10.955407],[-14.703067,10.952383],[-14.745165,10.858733],[-14.714909,10.854283],[-14.699544,10.845477],[-14.690336,10.867505],[-14.705666,10.877474],[-14.703874,10.884959],[-14.661106,10.898206],[-14.658446,10.894367],[-14.69759,10.843648],[-14.745425,10.851611],[-14.772072,10.716984],[-14.614875,10.811016],[-14.632607,10.871613],[-14.542491,10.82854],[-14.515413,10.882225],[-14.384948,10.903708],[-14.370635,10.870047],[-14.365179,10.887318],[-14.359593,10.891884],[-14.370406,10.868949],[-14.515622,10.874052],[-14.627411,10.642175],[-14.616567,10.596195],[-14.588537,10.635271],[-14.586315,10.597948],[-14.57086,10.604512],[-14.539464,10.604282],[-14.517488,10.592461],[-14.521023,10.576722],[-14.667711,10.515456],[-14.653425,10.45779],[-14.603501,10.505641],[-14.563421,10.521579],[-14.561495,10.521565],[-14.558267,10.518802],[-14.637455,10.469169],[-14.458832,10.337415],[-14.454277,10.206705],[-14.224509,10.193119],[-14.199094,10.272143],[-14.196743,10.198415],[-14.05777,10.147412],[-14.010476,10.199747],[-13.996361,10.200452],[-14.012266,10.26379],[-13.995242,10.284399],[-13.980599,10.279397],[-13.992972,10.196932],[-14.04559,10.123783],[-13.973674,10.058937],[-13.954052,10.062311],[-13.953105,10.08574],[-13.946161,10.089814],[-13.932057,10.087667],[-13.915793,10.073759],[-13.949847,9.964852],[-13.802439,9.838296],[-13.713815,9.877501],[-13.671098,10.08111],[-13.652895,9.828356],[-13.589142,9.846279],[-13.597069,9.765213],[-13.520695,9.828216],[-13.51317,9.806753],[-13.72217,9.51134],[-13.59487,9.568672],[-13.576415,9.599856],[-13.563881,9.597756],[-13.566186,9.603758],[-13.52392,9.495678],[-13.4886,9.555706],[-13.502077,9.560306],[-13.50585,9.565728],[-13.507104,9.580761],[-13.497428,9.591853],[-13.519488,9.614748],[-13.520843,9.620614],[-13.518293,9.630237],[-13.473366,9.572307],[-13.507353,9.448245],[-13.412349,9.40923],[-13.415172,9.500641],[-13.408376,9.525412],[-13.389229,9.538439],[-13.394081,9.557325],[-13.392891,9.561105],[-13.387722,9.561223],[-13.390322,9.397263],[-13.430269,9.266308],[-13.260201,9.449105],[-13.289261,9.299308],[-13.213686,9.384921],[-13.174963,9.372927],[-13.181443,9.389718],[-13.183096,9.405644],[-13.180134,9.410053],[-13.170583,9.412946],[-13.144224,9.387469],[-13.139406,9.3966],[-13.146779,9.404861],[-13.147511,9.417001],[-13.13272,9.429739],[-13.127617,9.430238],[-13.124086,9.426713],[-13.121033,9.41453],[-13.114828,9.427307],[-13.106097,9.433007],[-13.097711,9.430975],[-13.095422,9.440122],[-13.095696,9.430551],[-13.120222,9.413599],[-13.145228,9.417218],[-13.139119,9.396703],[-13.144869,9.385912],[-13.178501,9.409849],[-13.173111,9.374832],[-13.177138,9.369239],[-13.213593,9.383006],[-13.270908,9.291656],[-13.297666,9.300057],[-13.314656,9.32642],[-13.324799,9.320134],[-13.31745,9.156653],[-13.225598,9.278721],[-13.141345,9.300963],[-13.257603,9.167277],[-13.124019,9.20474],[-13.106717,9.139177],[-13.262501,9.140162],[-13.2932,8.964126],[-13.030826,8.932513],[-12.991901,8.975953],[-12.958158,8.992932],[-12.977109,9.01256],[-12.976735,9.048821],[-12.969187,9.057416],[-12.957662,9.06104],[-12.965612,9.076659],[-12.943223,9.093823],[-12.944714,9.111958],[-12.923054,9.131226],[-12.957631,8.990906],[-13.028638,8.927874],[-13.159689,8.884955],[-13.128529,8.851985],[-13.000271,8.857617],[-12.946623,8.840288],[-12.847842,8.905126],[-12.95148,8.834016],[-13.205666,8.858274],[-13.24319,8.662199],[-13.147626,8.516047],[-13.108615,8.603548],[-13.164142,8.646776],[-13.142491,8.675431],[-13.100811,8.615301],[-13.069428,8.680014],[-13.015443,8.655455],[-13.095252,8.604113],[-13.061195,8.569517],[-12.937337,8.593091],[-12.884749,8.70705],[-12.872068,8.721635],[-12.857612,8.721186],[-12.895545,8.638114],[-12.932566,8.591629],[-12.954717,8.577467],[-12.760741,8.593978],[-12.952083,8.496797],[-13.021567,8.564932],[-13.019265,8.466594],[-13.049875,8.527566],[-13.138669,8.450953],[-13.050386,8.423277],[-13.039144,8.370102],[-13.209116,8.494094],[-13.297017,8.498584],[-13.29379,8.422591],[-13.161111,8.28557],[-13.161604,8.169954],[-13.075401,8.233184],[-13.00486,8.232216],[-12.97449,8.265645],[-12.964935,8.265336],[-12.953501,8.249768],[-12.949261,8.259716],[-12.944768,8.263537],[-12.939997,8.265932],[-12.934149,8.263077],[-12.992813,8.208817],[-12.831186,8.085938],[-12.899695,8.087088],[-12.887474,7.959214],[-12.778142,7.937823],[-12.96017,7.914079],[-12.810447,7.78946],[-12.800583,7.85236],[-12.706668,7.814959],[-12.794108,7.799844],[-12.710525,7.701466],[-12.445049,7.769856],[-12.459566,7.783628],[-12.451648,7.802339],[-12.489586,7.822945],[-12.493031,7.875867],[-12.488305,7.823524],[-12.451597,7.807538],[-12.436333,7.762526],[-12.390999,7.804618],[-12.447792,7.750393],[-12.392178,7.720087],[-12.490035,7.744962],[-12.547437,7.669092],[-12.457009,7.685943],[-12.46229,7.552706],[-12.359141,7.62562],[-12.417928,7.560018],[-12.381891,7.541993],[-12.365342,7.564777],[-12.364344,7.55694],[-12.327932,7.575759],[-12.301732,7.578132],[-12.293517,7.573521],[-12.490002,7.448521],[-12.322117,7.382668],[-12.524368,7.383944],[-11.923949,7.177426],[-11.597399,6.977472],[-11.541491,7.023637],[-11.545889,7.141204],[-11.513813,7.207031],[-11.542328,7.141467],[-11.528018,7.095519],[-11.539665,7.065842],[-11.532683,7.052638],[-11.545009,7.007962],[-11.580543,6.968118],[-11.614142,6.982029],[-11.492084,6.927817],[-11.445436,6.939397],[-11.459554,6.923347],[-11.504782,6.928382],[-11.363646,6.766565],[-11.237689,6.798426],[-11.179292,6.714188],[-11.232292,6.681025],[-11.367975,6.769142],[-11.360366,6.706223],[-11.058529,6.576525],[-11.077569,6.591225],[-11.090936,6.634684],[-11.06687,6.657324],[-11.042899,6.65962],[-11.067664,6.585296],[-10.800569,6.382597],[-10.658202,6.493395],[-10.813272,6.348302],[-10.754367,6.300107],[-10.81753,6.311458],[-10.372824,6.128937],[-10.485943,6.207428],[-10.367859,6.151971],[-10.357236,6.15561],[-10.357434,6.179413],[-10.339893,6.205339],[-10.359415,6.102814],[-10.072272,5.916058],[-10.078478,5.938583],[-10.073787,5.926214],[-10.043544,5.971756],[-10.031306,5.976562],[-10.060474,5.856497],[-9.582294,5.449618],[-9.560879,5.48174],[-9.531435,5.484934],[-9.530741,5.507726],[-9.529224,5.483425],[-9.593901,5.433217],[-9.37581,5.227228],[-9.311794,5.2457],[-9.297752,5.151783],[-7.729504,4.365101],[-7.53308,4.364088],[-7.554803,4.374939],[-7.56973,4.399764],[-7.561391,4.419616],[-7.540465,4.436216],[-7.559853,4.447295],[-7.568027,4.458023],[-7.574076,4.585806],[-7.548479,4.611121],[-7.576584,4.654079],[-7.571329,4.664033],[-7.559661,4.667268],[-7.566844,4.676658],[-7.571121,4.686672],[-7.568328,4.690451],[-7.557829,4.693629],[-7.563387,4.718141],[-7.559463,4.739259],[-7.565048,4.749645],[-7.563742,4.762891],[-7.567913,4.767646],[-7.561158,4.782563],[-7.581549,4.789383],[-7.593752,4.799566],[-7.594628,4.802244],[-7.594218,4.821084],[-7.582997,4.829018],[-7.59323,4.85082],[-7.585459,4.863453],[-7.560349,4.783094],[-7.556162,4.695672],[-7.558817,4.690232],[-7.570154,4.685933],[-7.558091,4.667763],[-7.574971,4.653589],[-7.547137,4.61203],[-7.565787,4.458853],[-7.537958,4.436678],[-7.564162,4.397501],[-7.481684,4.361957],[-6.913709,4.663677],[-6.079761,4.947636],[-6.210348,5.054764],[-6.270351,5.224578],[-6.264967,5.237903],[-6.240291,5.266687],[-6.281461,5.288382],[-6.289556,5.31979],[-6.30563,5.321175],[-6.342227,5.34427],[-6.345742,5.349493],[-6.346305,5.3659],[-6.33363,5.379997],[-6.373697,5.389642],[-6.383101,5.407421],[-6.379517,5.435704],[-6.395043,5.446609],[-6.398183,5.451873],[-6.407051,5.449404],[-6.415121,5.456485],[-6.430029,5.484507],[-6.429052,5.501534],[-6.451868,5.504493],[-6.476108,5.523905],[-6.486213,5.544783],[-6.430904,5.507095],[-6.409956,5.452705],[-6.397818,5.453575],[-6.375698,5.436033],[-6.374509,5.395526],[-6.331781,5.382625],[-6.341235,5.346055],[-6.287977,5.32057],[-6.239256,5.267736],[-6.207242,5.057772],[-6.076146,4.960984],[-5.609686,5.114715],[-5.54316,5.084548],[-4.759041,5.153811],[-4.001698,5.246243],[-4.196751,5.297802],[-4.223077,5.274891],[-4.285835,5.255851],[-4.563109,5.22958],[-4.569932,5.1959],[-4.657447,5.219909],[-4.797645,5.165828],[-4.751961,5.280223],[-4.666155,5.322028],[-4.713724,5.244692],[-4.567335,5.312558],[-4.520634,5.261447],[-4.460101,5.315548],[-4.040714,5.303606],[-4.042676,5.357672],[-3.723587,5.284714],[-3.8083,5.383341],[-3.716954,5.300647],[-3.729568,5.251188],[-3.715521,5.230908],[-3.720782,5.217917],[-3.703972,5.23319],[-3.676582,5.230807],[-3.665021,5.256286],[-3.658851,5.260259],[-3.644417,5.258582],[-3.633016,5.250053],[-3.625856,5.251674],[-3.619222,5.297583],[-3.609875,5.264572],[-3.629241,5.248611],[-3.66159,5.258063],[-3.677616,5.227508],[-3.727008,5.213604],[-3.724361,5.19602],[-3.87158,5.302538],[-4.020157,5.266415],[-3.714718,5.18952],[-3.286814,5.127106],[-3.352232,5.190132],[-3.172117,5.373018],[-3.130293,5.336182],[-3.217577,5.211545],[-3.143955,5.148615],[-2.969579,5.114904],[-2.961633,5.200874],[-2.865998,5.183709],[-2.850312,5.14384],[-2.950694,5.085441],[-3.276254,5.123884],[-2.351692,4.932413],[-2.054561,4.739725],[-1.735033,4.881388],[-1.617593,5.087765],[-1.616511,5.025397],[-0.807068,5.216115],[-0.365729,5.494274],[0.007213,5.622707],[0.07198,5.7248],[0.520261,5.785373],[0.435756,5.794886],[0.416904,5.848737],[0.558581,5.844557],[0.494695,5.79241],[0.661899,5.77194],[0.514388,6.049372],[0.368065,6.038852],[0.296702,6.056958],[0.26566,6.096905],[0.179147,6.092713],[0.138735,6.106392],[0.128065,6.122304],[0.509115,6.058204],[0.687045,5.774009],[0.910174,5.783512],[0.96948,5.825031],[0.993821,5.882294],[0.915056,5.808547],[0.899006,5.825874],[0.878489,5.82099],[0.883258,5.82785],[0.865494,5.830275],[0.860882,5.833163],[0.85827,5.838887],[0.922307,5.864639],[0.856678,5.95642],[0.937002,6.038964],[1.023742,5.969781],[1.43906,6.192465],[2.428116,6.341257],[2.352596,6.420451],[2.430267,6.512101],[2.537708,6.437337],[2.834286,6.443021],[2.887594,6.561933],[2.881802,6.41149],[3.22455,6.408559],[3.220871,6.434961],[3.187474,6.433387],[3.170781,6.440776],[3.162001,6.428139],[3.149466,6.419956],[3.114167,6.426739],[3.204311,6.453564],[3.393125,6.433826],[3.466148,6.610795],[3.52682,6.528816],[3.717895,6.622694],[3.907539,6.613789],[4.09592,6.546625],[4.205524,6.585344],[4.153676,6.49677],[4.215515,6.425059],[4.254843,6.420826],[4.276277,6.405765],[4.304883,6.441051],[4.376101,6.43775],[4.395133,6.425582],[4.421383,6.435376],[4.460647,6.426982],[4.329718,6.416162],[4.433777,6.405918],[4.578595,6.375625],[4.614509,6.360184],[4.631034,6.338802],[4.642867,6.340651],[4.655255,6.336187],[4.673949,6.293297],[4.692536,6.29818],[4.711008,6.289927],[4.718584,6.277937],[4.730312,6.283477],[4.735834,6.277011],[4.717268,6.277063],[4.690659,6.297],[4.672732,6.292109],[4.533961,6.383038],[4.270289,6.401567],[4.142787,6.433733],[4.103815,6.423881],[3.898922,6.513818],[4.088713,6.491552],[4.082241,6.544177],[3.874048,6.612349],[3.404351,6.441072],[3.407169,6.419629],[3.401974,6.403209],[3.403509,6.39561],[3.890126,6.438001],[4.41312,6.357949],[4.779503,6.099812],[5.060494,5.769748],[5.266605,5.904759],[5.263026,5.936894],[5.248834,5.951577],[5.241171,5.981166],[5.241762,5.991452],[5.262235,6.054239],[5.273039,5.912566],[5.382721,5.990303],[5.453465,5.999702],[5.474066,5.991954],[5.525894,5.935297],[5.568767,5.960072],[5.59095,5.918274],[5.637194,5.947295],[5.646938,5.943503],[5.65152,5.937076],[5.65282,5.922435],[5.693926,5.903972],[5.652026,5.920888],[5.640111,5.944981],[5.610283,5.910187],[5.504685,5.935305],[5.462216,5.992126],[5.296758,5.908733],[5.37488,5.851442],[5.329929,5.80971],[5.415959,5.832563],[5.454686,5.825893],[5.466998,5.806649],[5.493833,5.846276],[5.467013,5.805276],[5.334896,5.789234],[5.355978,5.69676],[5.453846,5.754815],[5.510625,5.707622],[5.515075,5.720209],[5.497945,5.74147],[5.496364,5.75169],[5.507012,5.768056],[5.536723,5.758023],[5.506857,5.781896],[5.518494,5.813474],[5.529612,5.816456],[5.555434,5.683132],[5.436176,5.655965],[5.538716,5.623644],[5.537368,5.64215],[5.58013,5.649881],[5.59072,5.701331],[5.603374,5.713181],[5.643785,5.670755],[5.593002,5.671762],[5.577705,5.638784],[5.537936,5.637783],[5.540516,5.606833],[5.56453,5.602869],[5.577516,5.582062],[5.577682,5.599181],[5.580004,5.605367],[5.595242,5.604998],[5.59991,5.59183],[5.610422,5.625],[5.643929,5.616274],[5.661165,5.648838],[5.671959,5.656808],[5.683847,5.655859],[5.660606,5.647184],[5.663508,5.636029],[5.649259,5.617203],[5.638901,5.614683],[5.635741,5.618303],[5.634693,5.609451],[5.611414,5.623799],[5.602098,5.590698],[5.595222,5.591814],[5.593257,5.604149],[5.580323,5.602936],[5.577429,5.580024],[5.515695,5.595238],[5.432088,5.461901],[5.470557,5.403244],[5.520334,5.522635],[5.56956,5.520777],[5.546075,5.542657],[5.65978,5.544039],[5.635983,5.574706],[5.630398,5.600742],[5.635133,5.60901],[5.680514,5.539565],[5.550144,5.503387],[5.556801,5.488562],[5.552898,5.475837],[5.593401,5.491849],[5.603611,5.477751],[5.607319,5.480744],[5.612113,5.482528],[5.616889,5.491144],[5.622574,5.494626],[5.645443,5.48725],[5.650723,5.470121],[5.650951,5.462104],[5.622456,5.494067],[5.612182,5.481867],[5.604375,5.477319],[5.563707,5.47076],[5.549641,5.474664],[5.5413,5.504965],[5.517665,5.5],[5.558046,5.357564],[5.458084,5.305045],[5.556203,5.302764],[5.576219,5.274376],[5.458551,5.236643],[5.471017,5.223855],[5.505188,5.243276],[5.511979,5.233882],[5.514305,5.239612],[5.519722,5.236147],[5.521549,5.230778],[5.461431,5.222503],[5.511249,5.138396],[5.465779,5.096152],[5.431884,5.137831],[5.376684,5.123357],[5.515417,4.82736],[5.54936,4.903685],[5.546198,4.831588],[5.64135,4.84069],[5.643556,4.844272],[5.637157,4.851992],[5.637648,4.859257],[5.658627,4.877344],[5.64762,4.900117],[5.66294,4.91484],[5.690331,4.869448],[5.610633,4.801896],[5.803346,4.812595],[5.683459,4.675649],[5.542765,4.731905],[5.686446,4.546473],[5.682524,4.595555],[5.719813,4.626721],[5.707882,4.644755],[5.709092,4.652238],[5.774153,4.693488],[5.793599,4.688582],[5.685764,4.534502],[5.795588,4.533253],[5.815306,4.551201],[5.811698,4.570312],[5.814754,4.589655],[5.831278,4.61101],[5.815955,4.584702],[5.818666,4.553732],[5.809899,4.541105],[5.794844,4.529476],[5.726009,4.505925],[5.795418,4.45792],[5.843624,4.519614],[5.872014,4.530098],[5.791016,4.448647],[5.90389,4.466516],[5.847275,4.401394],[5.96522,4.335144],[5.960375,4.376554],[5.987883,4.404269],[5.983459,4.308747],[6.066594,4.287472],[6.043157,4.361385],[6.097654,4.41281],[6.086035,4.436525],[6.113967,4.481663],[6.111639,4.486782],[6.099839,4.490822],[6.088892,4.501976],[6.111354,4.499948],[6.1096,4.511893],[6.119803,4.526006],[6.114854,4.559848],[6.123669,4.576227],[6.118702,4.471399],[6.090388,4.433521],[6.138856,4.445407],[6.122084,4.4827],[6.145284,4.542552],[6.153084,4.551311],[6.149581,4.554957],[6.15311,4.565351],[6.149057,4.570791],[6.144273,4.5899],[6.14964,4.601655],[6.15451,4.603511],[6.146268,4.618253],[6.142856,4.667902],[6.145919,4.679798],[6.156776,4.603467],[6.145183,4.589764],[6.154129,4.565849],[6.154513,4.551898],[6.125502,4.478407],[6.154529,4.440446],[6.15788,4.444917],[6.148212,4.455912],[6.142904,4.489032],[6.145561,4.508901],[6.158873,4.520912],[6.15634,4.530005],[6.156548,4.532761],[6.159607,4.535851],[6.15751,4.393813],[6.112332,4.331107],[6.213982,4.323915],[6.196231,4.437572],[6.246067,4.399969],[6.232749,4.496166],[6.234945,4.5124],[6.26264,4.558666],[6.260196,4.567215],[6.251568,4.567836],[6.246586,4.574595],[6.245901,4.577545],[6.246845,4.588],[6.25269,4.56867],[6.260484,4.587945],[6.284761,4.572003],[6.277613,4.602485],[6.279286,4.610688],[6.287322,4.614106],[6.292114,4.577163],[6.238583,4.499249],[6.263442,4.384827],[6.280339,4.51007],[6.353681,4.489467],[6.330092,4.534481],[6.323847,4.557079],[6.328268,4.603089],[6.351384,4.565163],[6.357053,4.491169],[6.352337,4.486925],[6.33841,4.486049],[6.354387,4.375281],[6.436453,4.343276],[6.424057,4.379325],[6.435503,4.513551],[6.454135,4.410209],[6.467314,4.492056],[6.482561,4.471093],[6.457576,4.411874],[6.427911,4.38311],[6.440249,4.351958],[6.429754,4.327116],[6.590864,4.329008],[6.518582,4.329271],[6.501391,4.336146],[6.493206,4.34417],[6.584454,4.343768],[6.497218,4.482561],[6.4696,4.583831],[6.502355,4.479682],[6.57926,4.472185],[6.513717,4.528587],[6.563117,4.54907],[6.549998,4.55389],[6.538571,4.56652],[6.531641,4.598913],[6.535747,4.615961],[6.550047,4.625168],[6.549961,4.628105],[6.547028,4.631719],[6.546796,4.633975],[6.554363,4.637614],[6.547929,4.643443],[6.552786,4.656954],[6.564853,4.548259],[6.544245,4.514093],[6.603924,4.463556],[6.594558,4.353595],[6.703396,4.341033],[6.662116,4.489821],[6.597665,4.563536],[6.591001,4.556139],[6.587443,4.555993],[6.578115,4.559091],[6.576661,4.560433],[6.576711,4.562807],[6.579761,4.570312],[6.57137,4.575353],[6.569856,4.577827],[6.603241,4.653035],[6.595296,4.655692],[6.577757,4.670175],[6.559551,4.690646],[6.562145,4.697701],[6.571054,4.698529],[6.575104,4.711109],[6.588333,4.716622],[6.593727,4.727352],[6.569462,4.737913],[6.562717,4.744537],[6.561317,4.749342],[6.562438,4.762139],[6.56429,4.765324],[6.57124,4.77099],[6.58025,4.774158],[6.580941,4.776173],[6.578962,4.778932],[6.57924,4.781152],[6.586323,4.783096],[6.573662,4.795571],[6.575326,4.80536],[6.577651,4.808104],[6.5824,4.809439],[6.586485,4.814305],[6.594802,4.810713],[6.588305,4.817639],[6.574233,4.84998],[6.574379,4.856769],[6.578846,4.869094],[6.605531,4.809223],[6.60576,4.774231],[6.586628,4.813944],[6.593974,4.725034],[6.588298,4.715681],[6.575304,4.708792],[6.571071,4.696376],[6.560934,4.693526],[6.649695,4.627523],[6.694234,4.422107],[6.696819,4.658646],[6.763515,4.650805],[6.696678,4.496347],[6.772887,4.457238],[6.709149,4.44424],[6.781832,4.414733],[6.735168,4.349691],[6.871997,4.36203],[6.698581,4.86635],[6.920174,4.788802],[6.895955,4.882369],[7.027196,4.714867],[7.009252,4.789752],[7.05522,4.766837],[7.068277,4.775444],[7.059889,4.78709],[7.069856,4.801934],[7.048051,4.811958],[7.046157,4.814787],[7.047234,4.820761],[7.082796,4.817604],[7.06351,4.788495],[7.105346,4.674971],[7.122311,4.697648],[7.093382,4.729215],[7.094739,4.733956],[7.097695,4.737568],[7.150851,4.66204],[7.155949,4.698924],[7.199276,4.710974],[7.190479,4.71721],[7.195974,4.725108],[7.185068,4.724357],[7.178028,4.732041],[7.191256,4.730429],[7.20079,4.721727],[7.191785,4.718046],[7.200564,4.711694],[7.192768,4.698744],[7.161603,4.690799],[7.16096,4.650399],[7.169871,4.669054],[7.226505,4.690358],[7.243871,4.682098],[7.168971,4.657315],[7.201607,4.614045],[7.226781,4.674327],[7.271541,4.498535],[7.265859,4.605067],[7.29203,4.610568],[7.524912,4.541657],[7.498434,4.812141],[7.528178,4.548783],[7.626297,4.563447],[7.545367,4.531477],[7.609365,4.473025],[7.662853,4.494265],[7.650323,4.514159],[7.640723,4.510631],[7.635745,4.510342],[7.633654,4.513731],[7.648119,4.514259],[7.643759,4.527765],[7.645194,4.532277],[7.669698,4.545247],[7.984426,4.540494],[7.943772,4.552081],[7.932416,4.586273],[7.902294,4.57877],[7.896081,4.57938],[7.891432,4.583061],[7.888114,4.595823],[7.889995,4.602658],[7.925179,4.602133],[7.923748,4.608162],[7.9109,4.612762],[7.905581,4.619229],[7.913157,4.641386],[7.893812,4.640633],[7.88245,4.647792],[7.87772,4.655532],[7.879499,4.668403],[7.893678,4.685389],[7.887076,4.698724],[7.894474,4.685047],[7.879015,4.65611],[7.913314,4.642821],[7.926583,4.60287],[7.892946,4.584205],[7.901874,4.579769],[7.926563,4.589631],[7.938576,4.586568],[7.947503,4.553323],[8.280052,4.535576],[8.242571,4.605144],[8.327482,4.644398],[8.29685,4.680494],[8.225177,4.643963],[8.203521,4.672299],[8.286886,4.688529],[8.320038,4.662138],[8.317792,4.749891],[8.117498,4.941498],[8.114827,4.948926],[8.12413,4.9591],[8.103863,4.970079],[8.09908,4.990734],[8.143708,4.944689],[8.061316,5.150236],[8.061725,5.205711],[7.989202,5.201201],[7.968313,5.216975],[7.972552,5.253707],[7.99923,5.300972],[8.050806,5.33113],[8.092255,5.332238],[8.089701,5.379374],[8.102098,5.342234],[8.085938,5.299944],[7.977846,5.215863],[8.03653,5.243478],[8.06882,5.201258],[8.070594,5.145148],[8.257964,4.910188],[8.321178,4.978936],[8.303019,4.980234],[8.293263,4.991528],[8.302237,5.056861],[8.259642,5.067249],[8.247882,5.082555],[8.252149,5.146662],[8.273836,5.130084],[8.276613,5.145903],[8.287742,5.143831],[8.323675,4.977413],[8.267325,4.894994],[8.394922,4.781937],[8.34488,4.901798],[8.359102,4.95132],[8.398658,4.97709],[8.346795,4.902974],[8.409722,4.84013],[8.396374,4.735497],[8.469848,4.780655],[8.456392,4.698617],[8.531653,4.710421],[8.536714,4.799395],[8.624854,4.822275],[8.600478,4.873041],[8.619304,4.906223],[8.649948,4.914274],[8.650573,4.932517],[8.654355,4.92017],[8.648734,4.910487],[8.605473,4.881557],[8.631945,4.822666],[8.557925,4.762921],[8.675456,4.765343],[8.69564,4.667138],[8.698702,4.711006],[8.720376,4.731392],[8.715946,4.762784],[8.725443,4.764773],[8.735411,4.775832],[8.743568,4.777692],[8.739693,4.787256],[8.754209,4.820816],[8.774593,4.840387],[8.711585,4.67872],[8.677842,4.653721],[8.703349,4.581295],[8.79699,4.545072],[8.760208,4.639652],[8.739541,4.645285],[8.729785,4.676898],[8.758737,4.778219],[8.743892,4.646524],[8.829696,4.704938],[8.832691,4.731746],[8.7813,4.784207],[8.782104,4.790045],[8.788409,4.796099],[8.842094,4.728716],[8.819196,4.631485],[8.831113,4.622529],[8.840434,4.633899],[8.865854,4.635075],[8.878795,4.649524],[8.907264,4.646957],[8.880309,4.64727],[8.864203,4.631628],[8.83784,4.628096],[8.893284,4.504494],[8.959336,4.602249],[8.878928,4.422163],[8.977107,4.096672],[9.21221,3.950841],[9.485409,4.121137],[9.529129,4.02521],[9.624958,4.019157],[9.695618,4.115631],[9.653163,4.119449],[9.629004,4.134927],[9.752472,4.150246],[9.748944,4.171992],[9.765689,4.203686],[9.759977,4.223754],[9.782151,4.235871],[9.782682,4.25776],[9.789006,4.265273],[9.798579,4.269546],[9.809489,4.263921],[9.812567,4.261065],[9.818212,4.277357],[9.828405,4.28044],[9.825923,4.293807],[9.836507,4.327214],[9.86287,4.358708],[9.87395,4.364568],[9.867036,4.378893],[9.871998,4.394531],[9.882641,4.407054],[9.888956,4.405383],[9.87532,4.365594],[9.836538,4.324131],[9.8309,4.283131],[9.81672,4.262128],[9.812845,4.260118],[9.797449,4.268555],[9.791648,4.266047],[9.788471,4.24166],[9.774316,4.222406],[9.761818,4.222885],[9.768992,4.20785],[9.750807,4.109824],[9.66674,4.033636],[9.678746,4.003529],[9.697032,4.008445],[9.727861,3.991233],[9.72846,3.987672],[9.621961,3.961635],[9.634876,3.939538],[9.777613,3.964488],[9.838872,3.941839],[9.819603,4.048167],[9.84375,4.068359],[9.878405,4.083387],[9.913654,4.091209],[9.822002,4.04762],[9.852691,3.947464],[9.836314,3.939883],[9.774786,3.961033],[9.676278,3.912251],[9.836184,3.811094],[9.799255,3.814317],[9.802866,3.760437],[9.79286,3.748822],[9.795449,3.81162],[9.693473,3.850148],[9.70786,3.772499],[9.763488,3.778107],[9.766794,3.775767],[9.768983,3.771162],[9.694516,3.694151],[9.690355,3.825253],[9.612946,3.86433],[9.680409,3.671384],[9.549598,3.815921],[9.638675,3.585943],[9.796169,3.639711],[9.978853,3.643996],[10.044386,3.765227],[10.103099,3.792705],[10.115538,3.821615],[10.127436,3.826967],[10.125365,3.804298],[10.051928,3.759635],[9.975432,3.631796],[9.644248,3.544747],[9.782548,3.432338],[9.905974,3.261822],[10.03458,3.335549],[10.050609,3.398603],[10.072806,3.420746],[10.065719,3.445259],[10.064585,3.486779],[10.066785,3.49281],[10.073925,3.495267],[10.074656,3.419987],[10.032348,3.328679],[9.926875,3.248296],[9.909091,3.250515],[9.894839,3.272734],[9.975344,3.08786],[9.817501,2.510881],[9.881858,2.231154],[9.821808,2.347297],[9.775423,2.317036],[9.809897,1.914342],[9.608614,1.666482],[9.646367,1.576293],[9.679068,1.568563],[9.718097,1.593185],[9.75821,1.595417],[9.795863,1.578923],[9.801021,1.573174],[9.803733,1.561916],[9.657576,1.55278],[9.608627,1.585857],[9.340696,1.174036],[9.409682,1.10032],[9.533695,1.129319],[9.587677,1.029671],[9.751289,1.241972],[9.73591,1.175873],[9.762497,1.168542],[9.790493,1.207387],[9.800599,1.208397],[9.808764,1.203282],[9.693546,1.082937],[9.87719,1.115625],[9.820772,1.062005],[9.832085,1.049402],[9.850653,1.05974],[9.855985,1.057295],[9.857525,1.048346],[9.873135,1.053986],[9.89284,1.049447],[9.895765,1.046394],[9.828258,1.043725],[9.788884,1.060071],[9.796053,1.002402],[9.839967,1.008225],[9.875682,0.994011],[9.920083,0.943797],[9.781369,0.980762],[9.744331,1.059925],[9.553037,0.955118],[9.607741,0.519049],[9.690022,0.479211],[9.591843,0.512136],[9.590698,0.482876],[9.635678,0.444545],[9.641949,0.429584],[9.635502,0.417833],[9.646716,0.413383],[9.648685,0.40974],[9.647575,0.400759],[9.537437,0.481835],[9.567194,0.507124],[9.556828,0.596911],[9.550193,0.549807],[9.524647,0.554936],[9.514817,0.515186],[9.510083,0.513448],[9.527892,0.575441],[9.454363,0.582842],[9.441243,0.498484],[9.453876,0.589811],[9.533217,0.590562],[9.499028,0.668623],[9.323215,0.619023],[9.307792,0.516465],[9.492615,0.284388],[9.57188,0.364214],[9.596093,0.264344],[9.679456,0.211431],[9.729373,0.26711],[9.799512,0.168715],[9.789253,0.203323],[9.812924,0.218496],[9.816214,0.168219],[9.924046,0.198383],[9.987443,0.177812],[10.034186,0.200927],[10.087515,0.166099],[10.181059,0.262477],[10.095219,0.168002],[10.153685,0.184471],[10.181203,0.167268],[10.090047,0.153811],[9.922287,0.185555],[9.838327,0.084883],[9.761597,0.131936],[9.793554,0.051061],[9.857002,0.021178],[9.849674,0.003438],[9.623946,0.153252],[9.591563,0.12612],[9.604843,0.044389],[9.601048,0.017203],[9.585786,-0.008793],[9.576694,0.152663],[9.50944,0.169651],[9.50162,0.054134],[9.474701,0.03997],[9.463965,0.164986],[9.361207,0.179983],[9.378204,0.307395],[9.316648,0.330676],[9.300194,-0.352427],[9.104957,-0.639974],[9.16487,-0.799071],[9.16181,-0.819212],[9.142878,-0.830868],[9.147525,-0.854005],[9.143515,-0.865757],[9.112853,-0.700127],[8.974167,-0.936033],[8.916102,-0.771212],[8.852594,-0.845685],[8.71269,-0.620127],[6.528805,0.003873],[-49.357143,0.0],[-49.586449,0.089218],[-49.874163,0.0],[-49.544812,0.296618],[-49.573595,0.388075],[-50.393203,0.212796],[-50.344191,0.036603],[-50.10047,0.034569],[-50.051212,0.018842],[-50.032217,0.0],[-50.43492,0.0],[-50.552127,0.068888],[-50.591316,0.022452],[-50.514031,0.0],[-50.515846,-0.002563],[-51.059152,0.0],[-50.946562,0.163922],[-50.782188,0.190399],[-50.826341,0.290117],[-50.741869,0.23886],[-50.311979,0.756877],[-50.301546,0.941013],[-50.342169,0.924744],[-50.355532,0.931929],[-50.362291,0.94081],[-50.367831,0.930069],[-50.3863,0.922741],[-50.407655,0.937744],[-50.416779,0.957302],[-50.415229,0.972439],[-50.301479,0.944754],[-50.274117,0.868278],[-49.866711,1.196618],[-50.134042,1.187154],[-50.162046,1.208659],[-50.140282,1.325866],[-50.224174,1.324704],[-50.29233,1.178295],[-50.357309,1.153803],[-50.433557,1.181773],[-50.465068,1.084934],[-50.489553,1.05912],[-50.513141,1.055111],[-50.458578,1.165354],[-50.43511,1.186905],[-50.403722,1.193385],[-50.310694,1.179492],[-50.227478,1.347127],[-50.129062,1.338158],[-50.133685,1.217942],[-49.987521,1.2348],[-49.869978,1.40625],[-49.957319,1.722641],[-50.163923,1.814145],[-50.460228,1.815883],[-50.674891,2.133201],[-50.757893,2.103575],[-50.748471,2.02737],[-50.756618,2.012685],[-50.803899,1.984066],[-50.753238,2.116336],[-50.831079,2.166155],[-50.680656,2.173446],[-50.793396,2.497225],[-50.859564,2.473465],[-50.86606,2.47583],[-50.871977,2.495505],[-50.877149,2.492639],[-50.87918,2.475035],[-50.885268,2.468625],[-50.892297,2.470172],[-50.898734,2.480888],[-50.867793,2.498267],[-50.859404,2.475562],[-50.831222,2.509341],[-50.845469,2.637918],[-50.977316,2.804911],[-51.100837,3.441597],[-51.075813,3.892094],[-51.130745,3.900944],[-51.184607,3.723633],[-51.178641,3.525081],[-51.19059,3.403643],[-51.1803,3.398223],[-51.172824,3.337651],[-51.175143,3.290273],[-51.192512,3.403227],[-51.184282,3.584115],[-51.202059,3.6672],[-51.179495,4.04921],[-51.39413,4.364457],[-51.520516,4.442234],[-51.571953,4.349656],[-51.533042,4.145176],[-51.454474,3.979794],[-51.452786,3.949871],[-51.585574,4.241583],[-51.647552,4.046179],[-51.76189,3.981225],[-51.798123,3.881854],[-51.829154,3.850476],[-51.838009,3.850193],[-51.759547,3.999049],[-51.660424,4.055422],[-51.63413,4.197429],[-51.80719,4.620195],[-51.907694,4.674334],[-51.951109,4.379272],[-52.044299,4.32583],[-52.08338,4.322295],[-52.108861,4.337583],[-52.139822,4.279645],[-52.204484,4.267549],[-52.217334,4.238399],[-52.22398,4.235286],[-52.245942,4.235367],[-52.203593,4.270592],[-52.140165,4.282417],[-52.113956,4.33771],[-51.950431,4.407753],[-52.029704,4.72673],[-52.227219,4.856488],[-52.333094,4.711606],[-52.257949,4.91238],[-52.309154,4.951356],[-52.386921,4.869883],[-52.491706,4.8928],[-52.355739,4.916807],[-52.631394,5.149338],[-52.677305,5.102704],[-52.626255,5.160065],[-52.859005,5.382707],[-52.994693,5.446198],[-52.957672,5.407735],[-52.946769,5.349666],[-52.947883,5.347653],[-52.951038,5.347419],[-52.960047,5.354321],[-52.961226,5.336531],[-53.018429,5.457839],[-53.816772,5.729956],[-53.839801,5.734208],[-53.777887,5.695962],[-53.762187,5.645488],[-53.765521,5.626802],[-53.773472,5.621781],[-53.756814,5.619709],[-53.754541,5.634605],[-53.748219,5.637864],[-53.719371,5.619389],[-53.7163,5.615478],[-53.715929,5.610971],[-53.723712,5.603933],[-53.716526,5.595396],[-53.719979,5.582967],[-53.703504,5.578356],[-53.698832,5.574205],[-53.696627,5.566216],[-53.701331,5.554697],[-53.774077,5.61994],[-53.786619,5.698571],[-53.948675,5.744971],[-53.914804,5.646264],[-53.985764,5.67819],[-54.055236,5.428469],[-54.187044,5.309498],[-54.272713,5.262282],[-54.368571,5.109758],[-54.396663,5.097656],[-54.282043,5.266341],[-54.029265,5.528402],[-53.986359,5.753451],[-54.035193,5.84025],[-54.681422,5.978155],[-55.153135,5.964183],[-55.164441,5.946055],[-55.042226,5.893666],[-55.015433,5.863197],[-54.976059,5.880272],[-54.93489,5.859429],[-54.921765,5.876305],[-54.889306,5.886967],[-54.855643,5.859383],[-54.843329,5.87221],[-54.823217,5.862991],[-54.820522,5.874472],[-54.811069,5.877149],[-54.733439,5.839036],[-54.813093,5.876086],[-54.820451,5.872319],[-54.821385,5.863111],[-54.825977,5.860479],[-54.841736,5.870765],[-54.852928,5.857987],[-54.865601,5.862873],[-54.869645,5.850454],[-54.89155,5.885007],[-54.937888,5.856655],[-55.014012,5.859876],[-55.093839,5.890855],[-55.099456,5.828317],[-55.157717,5.804868],[-55.090367,5.714682],[-55.03229,5.696748],[-55.025094,5.68646],[-55.026659,5.675189],[-55.096514,5.712367],[-55.156486,5.779145],[-55.162918,5.818677],[-55.097993,5.867246],[-55.140806,5.905213],[-55.884709,5.971758],[-55.936404,5.847569],[-55.682926,5.866271],[-55.637188,5.862017],[-55.599136,5.851702],[-55.567294,5.867761],[-55.546875,5.861886],[-55.603285,5.850153],[-55.684108,5.862723],[-55.917997,5.832053],[-55.874357,5.732424],[-55.898438,5.663225],[-55.936077,5.805295],[-56.964256,6.014477],[-56.97179,5.944782],[-57.081216,5.924473],[-57.16494,5.557217],[-57.245433,5.483984],[-57.263436,5.387425],[-57.335042,5.323331],[-57.283072,5.3216],[-57.274304,5.225584],[-57.267667,5.274087],[-57.253564,5.281529],[-57.228772,5.273438],[-57.275111,5.221826],[-57.340743,5.325755],[-57.163451,5.63277],[-57.177261,6.11025],[-57.479992,6.34243],[-57.531534,6.186384],[-57.627241,6.448901],[-58.021745,6.799071],[-58.164712,6.828121],[-58.189239,6.66241],[-58.214231,6.591429],[-58.243003,6.537059],[-58.311606,6.475608],[-58.312261,6.456551],[-58.293136,6.435152],[-58.290646,6.408888],[-58.311572,6.333194],[-58.269896,6.297815],[-58.266815,6.291367],[-58.271864,6.259069],[-58.299301,6.211848],[-58.280017,6.197972],[-58.258209,6.140463],[-58.259259,6.131811],[-58.266262,6.113741],[-58.273908,6.105052],[-58.301795,6.210567],[-58.26798,6.289986],[-58.313117,6.333237],[-58.315433,6.470278],[-58.176562,6.813526],[-58.310204,6.882176],[-58.424129,6.863222],[-58.558314,6.682592],[-58.586262,6.328125],[-58.61992,6.409657],[-58.675722,6.379115],[-58.710938,6.386998],[-58.61577,6.470289],[-58.479815,7.328908],[-59.122482,8.028221],[-59.813802,8.394669],[-59.53515,8.232113],[-59.450597,8.156763],[-59.437493,8.135562],[-59.404183,8.141153],[-59.385087,8.133785],[-59.370844,8.120528],[-59.346617,8.080688],[-59.32578,8.079491],[-59.302309,8.068792],[-59.245508,8.018665],[-59.213289,7.834142],[-59.239377,7.650411],[-59.245635,8.014648],[-59.440521,8.134656],[-59.542397,8.232574],[-59.776153,8.353207],[-59.739761,8.315845],[-59.742734,8.212034],[-60.223069,8.548517],[-60.881158,8.59488],[-60.814835,8.73304],[-60.683787,8.78643],[-60.876914,8.828505],[-60.807858,8.977578],[-60.882477,8.91768],[-60.844204,8.990073],[-60.95375,9.018007],[-60.86812,9.044299],[-60.852267,9.194477],[-60.991472,9.17304],[-61.121222,9.038604],[-61.039483,9.140864],[-61.21298,9.077062],[-61.249811,9.093615],[-61.25916,9.041712],[-61.262426,9.038547],[-61.265534,9.03773],[-61.299928,9.0425],[-61.283729,9.019974],[-61.283967,9.012982],[-61.298772,9.006225],[-61.349203,9.007675],[-61.36252,8.967329],[-61.391029,8.946164],[-61.47727,8.929793],[-61.239205,9.106379],[-61.292903,9.083004],[-61.305488,9.083166],[-60.823257,9.270677],[-60.785308,9.343742],[-60.891842,9.476704],[-60.960315,9.492188],[-60.941235,9.464145],[-60.93012,9.428993],[-60.94011,9.30569],[-60.943334,9.302104],[-60.951979,9.302195],[-60.954898,9.297841],[-60.959141,9.256683],[-60.962515,9.248443],[-60.96804,9.242484],[-60.995899,9.225732],[-61.058916,9.205483],[-60.967576,9.24501],[-60.955342,9.300549],[-60.9513,9.303822],[-60.941603,9.304871],[-60.982235,9.520647],[-61.206192,9.601576],[-61.199058,9.575729],[-61.201825,9.54009],[-61.185505,9.499151],[-61.185516,9.484293],[-61.240924,9.379038],[-61.29714,9.316803],[-61.186329,9.493933],[-61.335328,9.64389],[-61.202589,9.586577],[-61.435738,9.816454],[-61.509116,9.846769],[-61.452037,9.807248],[-61.417554,9.747492],[-61.582479,9.873999],[-61.640868,9.899761],[-61.671794,9.898679],[-61.62353,9.865357],[-61.637304,9.856304],[-61.568047,9.793343],[-61.529617,9.736726],[-61.529008,9.726165],[-61.617368,9.823756],[-61.8284,9.826695],[-61.808698,9.769055],[-61.783945,9.769886],[-61.764179,9.756444],[-61.739138,9.704306],[-61.736765,9.626116],[-61.737895,9.615961],[-61.744372,9.594335],[-61.764907,9.755102],[-61.84923,9.646763],[-61.832129,9.798316],[-62.19615,10.020844],[-62.212922,9.930161],[-62.17113,9.938309],[-62.149083,9.937836],[-62.108766,9.918152],[-62.081187,9.885551],[-62.049304,9.87936],[-62.034282,9.861057],[-62.208749,9.924478],[-62.170227,9.863142],[-62.162904,9.717917],[-62.188599,9.643407],[-62.223668,9.630169],[-62.221076,9.593865],[-62.224636,9.631863],[-62.166022,9.71198],[-62.176736,9.850223],[-62.262789,9.964103],[-62.290827,9.73201],[-62.251749,9.765639],[-62.442455,9.495736],[-62.432607,9.485491],[-62.413737,9.489468],[-62.399026,9.479506],[-62.407816,9.411457],[-62.357364,9.396629],[-62.324364,9.367332],[-62.324609,9.296532],[-62.239959,9.303228],[-62.0984,9.125098],[-62.050712,9.050191],[-62.055873,8.874979],[-62.007435,8.900872],[-61.995613,8.896325],[-61.991652,8.889068],[-61.994625,8.877048],[-62.055843,8.873709],[-62.08986,8.963308],[-62.058704,9.053849],[-62.328969,9.126784],[-62.325301,9.361747],[-62.409243,9.404994],[-62.446142,9.494196],[-62.43787,9.565988],[-62.479155,9.585865],[-62.512412,9.555832],[-62.520038,9.556585],[-62.537784,9.570518],[-62.551656,9.556113],[-62.561945,9.554438],[-62.593672,9.563561],[-62.548501,9.579736],[-62.51443,9.55755],[-62.486282,9.587197],[-62.4578,9.588419],[-62.445718,9.578384],[-62.309562,9.76229],[-62.403654,9.919187],[-62.454824,9.886848],[-62.491085,10.159727],[-62.616761,10.235127],[-62.613,10.100643],[-62.675718,10.060268],[-62.728395,10.056152],[-62.775954,10.074461],[-62.777567,10.022485],[-62.797717,9.993218],[-62.832788,9.981943],[-62.83153,9.971849],[-62.815119,9.973275],[-62.810169,9.967472],[-62.810495,9.961871],[-62.835346,9.931037],[-62.841443,9.925781],[-62.847939,9.926745],[-62.893946,9.976589],[-62.842263,9.927786],[-62.835593,9.981988],[-62.780589,10.029479],[-62.825541,10.035298],[-62.847391,10.076099],[-62.864103,10.05065],[-62.895908,10.053604],[-62.903027,10.059594],[-62.901853,10.093457],[-62.934436,10.074007],[-62.960065,10.09458],[-62.973154,10.069298],[-62.979547,10.066758],[-62.985636,10.069504],[-63.046255,10.121687],[-63.066213,10.179448],[-63.063087,10.192986],[-62.982421,10.069797],[-62.964393,10.095211],[-62.902489,10.095764],[-62.893056,10.082983],[-62.896381,10.056965],[-62.846496,10.07832],[-62.793544,10.034999],[-62.786507,10.071352],[-62.76502,10.086905],[-62.669962,10.070547],[-62.615874,10.119501],[-62.685164,10.325765],[-62.827639,10.366122],[-62.724735,10.359305],[-62.795837,10.42152],[-62.945585,10.400891],[-62.920125,10.294739],[-62.980435,10.266487],[-62.942279,10.352005],[-63.037573,10.454396],[-62.728322,10.581828],[-62.345466,10.532292],[-62.24903,10.635091],[-61.918728,10.657155],[-61.861387,10.748595],[-62.170414,10.683321],[-62.711611,10.76584],[-63.532542,10.626915],[-63.810522,10.708356],[-63.916434,10.625136],[-64.26256,10.66499],[-64.232613,10.506497],[-64.050074,10.595704],[-63.643901,10.490262],[-64.185052,10.47872],[-64.46191,10.32985],[-64.364263,10.310221],[-64.455694,10.254839],[-64.709115,10.224323],[-64.751417,10.104367],[-65.146917,10.039428],[-65.208125,10.044363],[-65.058718,10.059843],[-65.873225,10.303957],[-65.71928,10.222692],[-65.8544,10.246769],[-66.107506,10.495313],[-66.047529,10.577706],[-66.236887,10.649209],[-67.01592,10.615082],[-67.838504,10.438956],[-68.127466,10.484113],[-68.29714,10.685009],[-68.289951,10.808544],[-68.321364,10.799961],[-68.308319,10.827671],[-68.32931,10.821816],[-68.3312,10.860174],[-68.215978,10.877481],[-68.363412,10.918139],[-68.261743,10.906931],[-68.404463,11.190518],[-68.829536,11.443902],[-69.26569,11.534272],[-69.620564,11.466268],[-69.885009,12.120691],[-70.022543,12.195465],[-70.214019,12.09477],[-70.290864,11.901582],[-70.204554,11.758437],[-70.238473,11.625873],[-69.787008,11.686384],[-69.802204,11.705012],[-69.821065,11.852646],[-69.669311,11.466465],[-69.844077,11.42193],[-69.920079,11.523196],[-70.048701,11.5117],[-70.047454,11.436896],[-70.098499,11.424271],[-70.133766,11.462734],[-70.148056,11.46784],[-70.158353,11.466518],[-70.216905,11.348252],[-71.480451,10.950539],[-71.408463,10.913405],[-71.433257,10.794467],[-71.59121,10.791437],[-71.479725,10.391702],[-71.030976,9.727759],[-71.062444,9.313602],[-71.260493,9.134429],[-71.545586,9.036302],[-71.767546,9.109496],[-71.749147,9.236047],[-71.767834,9.210441],[-71.828431,9.214725],[-71.735237,9.272792],[-71.740505,9.349043],[-71.756365,9.328681],[-71.781386,9.316912],[-71.846268,9.325444],[-71.84767,9.313113],[-71.857339,9.307379],[-71.852693,9.304297],[-71.852903,9.300477],[-71.866406,9.292684],[-71.876121,9.296257],[-71.878973,9.281563],[-71.863819,9.267741],[-71.865979,9.251848],[-71.872772,9.251395],[-71.877814,9.265511],[-71.884867,9.256106],[-71.892166,9.251613],[-71.902919,9.257939],[-71.902241,9.24909],[-71.905192,9.244272],[-71.92767,9.234807],[-71.939145,9.238692],[-71.940146,9.23528],[-71.927971,9.228903],[-71.928476,9.22487],[-71.933953,9.220733],[-71.938929,9.220852],[-71.941444,9.223075],[-71.942863,9.232171],[-71.947762,9.221688],[-71.928044,9.215371],[-71.926459,9.210793],[-71.94475,9.185013],[-72.04731,9.115163],[-72.115036,9.10482],[-72.141472,9.124023],[-72.142724,9.140372],[-72.164431,9.113599],[-72.196822,9.105301],[-72.207044,9.108675],[-72.204175,9.131842],[-72.223546,9.088478],[-72.27518,9.055832],[-72.48854,9.043826],[-72.464514,9.060164],[-72.46951,9.067013],[-72.466285,9.093847],[-72.455781,9.106955],[-72.529848,9.112504],[-72.536068,9.13498],[-72.547349,9.12507],[-72.564885,9.128621],[-72.574537,9.151715],[-72.571567,9.132116],[-72.576557,9.127187],[-72.762895,9.074279],[-72.574986,9.153496],[-72.454671,9.108097],[-72.459,9.061414],[-72.278541,9.056084],[-72.204305,9.132969],[-72.200654,9.10722],[-72.142603,9.141783],[-72.046151,9.117329],[-71.938846,9.240041],[-71.926175,9.236058],[-71.903414,9.258844],[-71.879305,9.26633],[-71.876886,9.265874],[-71.874775,9.263093],[-71.872172,9.252419],[-71.866459,9.253121],[-71.864673,9.266223],[-71.87512,9.267079],[-71.880376,9.285687],[-71.876284,9.29832],[-71.853828,9.301092],[-71.858731,9.307107],[-71.844998,9.327568],[-71.781276,9.317864],[-71.742737,9.349333],[-71.739517,9.349146],[-71.722804,9.34093],[-71.715485,9.345361],[-71.829409,9.423224],[-71.905602,9.384708],[-71.888945,9.43024],[-71.820182,9.423697],[-71.9378,9.500093],[-71.961885,9.464599],[-72.002376,9.462159],[-71.997338,9.442266],[-72.001839,9.444616],[-72.020201,9.493749],[-72.013795,9.512305],[-71.977788,9.478319],[-71.959437,9.477583],[-71.941868,9.502329],[-71.967712,9.593849],[-72.126873,9.812923],[-71.790031,10.327517],[-71.63108,10.437107],[-71.581557,10.700753],[-71.727085,10.96291],[-71.853698,11.009423],[-71.87097,11.062537],[-71.813881,10.997804],[-71.639185,10.97352],[-71.602795,10.9987],[-71.865822,11.203736],[-71.965202,11.556666],[-71.438913,11.719064],[-71.338246,11.79391],[-71.327399,11.920465],[-71.113192,12.049999],[-71.274132,12.338239],[-71.668398,12.458352],[-71.72492,12.432161],[-71.735206,12.40878],[-71.648592,12.434257],[-71.701944,12.392665],[-71.670344,12.388938],[-71.665107,12.384257],[-71.649541,12.383181],[-71.642337,12.378963],[-71.800122,12.317451],[-71.751613,12.302024],[-71.865012,12.294111],[-71.806355,12.304688],[-71.822636,12.372088],[-71.955913,12.272944],[-71.823955,12.267172],[-71.929431,12.151341],[-71.999561,12.186725],[-71.960245,12.25886],[-72.178735,12.216346],[-72.13867,12.102614],[-72.22982,11.887111],[-72.770512,11.677054],[-73.278474,11.284829],[-73.786368,11.25561],[-74.14506,11.336311],[-74.385997,10.738897],[-74.45681,10.726261],[-74.514258,10.924554],[-74.491295,10.967067],[-74.36146,10.967361],[-74.296529,10.978551],[-74.291076,10.989504],[-74.850011,11.107629],[-74.83911,11.064546],[-74.784185,11.029639],[-74.712173,10.89547],[-74.715076,10.577397],[-74.882812,10.309989],[-74.726214,10.604027],[-74.777674,11.008286],[-74.838985,11.05617],[-74.854797,11.107114],[-75.049807,10.895133],[-75.261116,10.800789],[-75.274269,10.715215],[-75.51388,10.569666],[-75.564321,10.397342],[-75.503494,10.300836],[-75.703842,10.141269],[-75.669628,10.136747],[-75.637547,10.186427],[-75.543267,10.243873],[-75.523032,10.23632],[-75.703519,9.699832],[-75.580972,9.64261],[-75.612563,9.459673],[-75.783522,9.393331],[-75.947928,9.443539],[-76.170457,9.22952],[-76.332935,8.924227],[-76.649766,8.671723],[-76.885999,8.622891],[-76.936106,8.538948],[-76.761076,8.401035],[-76.727207,7.981908],[-76.764169,7.91134],[-76.903452,7.910156],[-76.92469,8.023405],[-76.843223,8.022824],[-76.926723,8.034539],[-77.04272,7.709799],[-77.036229,7.872313],[-77.059696,7.849],[-77.077588,7.845953],[-77.096184,7.822126],[-77.124905,7.83036],[-77.112189,7.77959],[-77.138842,7.719983],[-77.12913,7.825989],[-77.122944,7.833902],[-77.093722,7.82646],[-77.0816,7.845909],[-77.033303,7.879652],[-76.925455,8.20501],[-77.268273,8.492444],[-77.35833,8.675342],[-77.544597,8.710262],[-78.043352,9.244579],[-78.561413,9.442706],[-79.060522,9.44076],[-79.074491,9.512795],[-78.978579,9.546742],[-78.971985,9.566921],[-79.621471,9.616738],[-79.796949,9.360876],[-79.882385,9.396666],[-79.922302,9.267734],[-79.810394,9.333911],[-79.775152,9.252298],[-79.858917,9.185666],[-79.676205,9.140625],[-79.661498,9.061248],[-79.799479,9.116458],[-79.792349,9.083291],[-79.848964,9.036888],[-79.808976,9.119835],[-79.92005,9.177423],[-79.959391,9.001218],[-79.986979,9.091616],[-80.015031,9.015999],[-80.086758,9.019705],[-79.962321,9.127893],[-79.929811,9.261304],[-80.001944,9.31801],[-81.075593,8.803368],[-81.54703,8.810928],[-81.893208,9.186342],[-81.947628,9.137187],[-81.791049,8.940529],[-81.920445,8.99072],[-82.078941,8.923159],[-82.243195,8.997577],[-82.270289,9.149876],[-82.175562,9.148873],[-82.172009,9.19606],[-82.397267,9.265053],[-82.342625,9.431542],[-82.451921,9.475031],[-82.444708,9.462045],[-82.447814,9.450238],[-82.458933,9.436843],[-82.482903,9.433242],[-82.488055,9.416886],[-82.510231,9.41584],[-82.524624,9.372686],[-82.513418,9.416992],[-82.490965,9.421077],[-82.485915,9.43123],[-82.482134,9.434399],[-82.450071,9.450225],[-82.45721,9.481463],[-82.622033,9.634852],[-82.781841,9.665155],[-83.399414,10.338079],[-83.586362,10.795445],[-83.587994,10.773287],[-83.594663,10.759068],[-83.675177,10.67609],[-83.767194,10.769457],[-83.639073,10.721331],[-83.588174,10.803499],[-83.641226,10.911108],[-83.71849,10.936732],[-83.753191,10.965925],[-83.762766,10.977515],[-83.777949,11.001252],[-83.750183,10.96488],[-83.730148,10.947591],[-83.715076,10.943495],[-83.874516,11.292365],[-83.795043,11.506011],[-83.64287,11.605306],[-83.703984,11.856024],[-83.783124,11.800004],[-83.84007,11.87771],[-83.752884,12.122572],[-83.830892,12.154253],[-83.956396,12.070004],[-84.05011,12.088372],[-84.061307,12.100337],[-84.072675,12.118832],[-84.091949,12.11481],[-84.094646,12.118635],[-84.093463,12.126145],[-84.127388,12.111996],[-84.165592,12.165045],[-84.17271,12.155508],[-84.178759,12.152959],[-84.220051,12.157434],[-84.165139,12.16641],[-83.955394,12.071499],[-83.931692,12.115131],[-83.852624,12.153003],[-83.826682,12.15904],[-83.791553,12.155918],[-83.75571,12.135257],[-83.748995,12.123207],[-83.748259,12.087488],[-83.734241,12.056114],[-83.739569,12.084152],[-83.710113,12.128906],[-83.742056,12.166215],[-83.735348,12.172488],[-83.69671,12.112686],[-83.733682,12.076033],[-83.68422,12.002286],[-83.618215,12.352238],[-83.678549,12.271212],[-83.777577,12.52847],[-83.596074,12.623927],[-83.698184,12.880906],[-83.659553,12.789842],[-83.544075,12.781772],[-83.641171,12.373345],[-83.491133,12.393532],[-83.506845,12.905504],[-83.524704,12.875355],[-83.593868,12.911621],[-83.584122,12.897961],[-83.592825,12.890097],[-83.647425,12.89519],[-83.652622,12.896526],[-83.661301,12.903143],[-83.68456,12.903489],[-83.696287,12.910198],[-83.698165,12.915589],[-83.690498,12.920534],[-83.693926,12.927507],[-83.719452,12.924436],[-83.732823,12.940492],[-83.73697,12.929425],[-83.742897,12.929546],[-83.848899,13.006601],[-83.977239,13.234379],[-83.742897,12.931648],[-83.733995,12.941892],[-83.692872,12.928633],[-83.650009,12.897182],[-83.594249,12.913475],[-83.539519,12.894177],[-83.531495,12.901794],[-83.541927,12.903293],[-83.53505,12.951739],[-83.515138,12.911445],[-83.572373,13.298166],[-83.525146,13.54301],[-83.595459,13.605992],[-83.566955,13.65598],[-83.617604,13.671992],[-83.524491,13.721859],[-83.526299,13.560776],[-83.455338,13.873476],[-83.534994,13.961748],[-83.471992,13.944065],[-83.508525,14.081868],[-83.441959,13.986363],[-83.46269,13.884031],[-83.412663,14.000435],[-83.353869,14.049194],[-83.29704,14.126843],[-83.290533,14.173226],[-83.268061,14.193641],[-83.33669,14.265465],[-83.343902,14.351796],[-83.260629,14.305189],[-83.280254,14.308197],[-83.249935,14.254563],[-83.277151,14.20991],[-83.267164,14.193956],[-83.280523,14.159207],[-83.199188,14.327969],[-83.299008,14.767825],[-83.360981,14.73052],[-83.426753,14.818818],[-83.32943,14.910408],[-83.304251,14.78202],[-83.131935,14.993618],[-83.234066,14.981337],[-83.278296,14.987929],[-83.279817,14.99277],[-83.274471,15.001373],[-83.277867,15.00523],[-83.295388,14.998119],[-83.320312,15.001953],[-83.276327,15.006968],[-83.236289,14.98273],[-83.135174,15.004815],[-83.291569,15.074219],[-83.383108,15.24879],[-83.387709,15.234283],[-83.397143,15.227783],[-83.433522,15.225395],[-83.442341,15.201141],[-83.432853,15.227391],[-83.389853,15.234993],[-83.390163,15.255552],[-83.71861,15.397378],[-83.549785,15.285836],[-83.768896,15.193575],[-83.832189,15.317556],[-84.048659,15.388791],[-83.834964,15.264545],[-83.931968,15.230952],[-84.039581,15.367972],[-84.115616,15.357248],[-84.136988,15.505941],[-84.207883,15.456955],[-84.238205,15.530376],[-83.962594,15.50606],[-83.922881,15.442567],[-83.756055,15.369902],[-83.727552,15.392801],[-84.29266,15.805394],[-84.281938,15.792769],[-84.28089,15.765991],[-84.30575,15.723368],[-84.308769,15.720366],[-84.314571,15.719587],[-84.321216,15.723762],[-84.320817,15.71339],[-84.32591,15.708038],[-84.330534,15.709036],[-84.336609,15.714659],[-84.339378,15.713871],[-84.336772,15.707728],[-84.337358,15.703263],[-84.346881,15.697776],[-84.349581,15.699357],[-84.3495,15.704895],[-84.353285,15.705189],[-84.353521,15.699958],[-84.344012,15.690997],[-84.34903,15.681459],[-84.351799,15.681862],[-84.353291,15.688854],[-84.357687,15.681178],[-84.36036,15.679187],[-84.367933,15.678354],[-84.37048,15.679993],[-84.308459,15.81762],[-84.646068,15.864706],[-84.502095,15.823657],[-84.646243,15.774408],[-84.657848,15.867329],[-85.030094,15.986465],[-85.507241,15.854903],[-85.725431,15.968993],[-85.738821,15.94207],[-85.749486,15.952826],[-85.750284,15.943183],[-85.761888,15.92679],[-85.758627,15.924242],[-85.758621,15.921577],[-85.763701,15.917614],[-85.7721,15.914773],[-85.766526,15.910878],[-85.768374,15.890471],[-85.781101,15.876602],[-85.773107,15.914287],[-85.749803,15.955538],[-85.736699,15.956905],[-85.749675,15.975672],[-85.73797,15.963913],[-85.735157,15.972624],[-85.995802,16.02811],[-85.922243,15.943489],[-85.877206,15.998693],[-85.815864,15.973148],[-86.358336,15.780919],[-86.999039,15.750874],[-87.373963,15.848637],[-87.51104,15.777688],[-87.601499,15.927339],[-87.641173,15.875064],[-87.727334,15.920686],[-87.952595,15.863596],[-87.893589,15.856326],[-88.122069,15.686597],[-88.268895,15.739658],[-88.275844,15.731047],[-88.287677,15.72991],[-88.286027,15.715846],[-88.291129,15.693285],[-88.318897,15.669088],[-88.444124,15.608019],[-88.318214,15.670823],[-88.288365,15.730336],[-88.269178,15.742607],[-88.619805,15.965623],[-88.54352,15.865418],[-88.510927,15.869672],[-88.502063,15.834159],[-88.471756,15.833682],[-88.468882,15.829626],[-88.551981,15.837367],[-88.561844,15.860003],[-88.599731,15.702532],[-88.753151,15.812729],[-88.776516,15.774639],[-88.848057,15.755995],[-88.889766,15.685051],[-88.992782,15.665628],[-88.984049,15.510384],[-89.090272,15.419282],[-89.30761,15.356367],[-89.41293,15.467092],[-89.066218,15.589405],[-88.928402,15.734553],[-88.874249,15.747733],[-88.858795,15.784874],[-88.777589,15.776514],[-88.747621,15.829968],[-88.945312,15.888951],[-88.930767,15.987292],[-88.654119,16.256219],[-88.652358,16.284504],[-88.678736,16.300792],[-88.68167,16.307658],[-88.680473,16.313836],[-88.544765,16.272177],[-88.435767,16.409344],[-88.452631,16.443223],[-88.421216,16.443648],[-88.372055,16.614804],[-88.318981,16.66935],[-88.317581,16.64808],[-88.351009,16.629832],[-88.366875,16.596313],[-88.380534,16.514841],[-88.363848,16.513611],[-88.308633,16.667535],[-88.319173,16.772707],[-88.250698,16.80519],[-88.289089,16.887942],[-88.218546,16.957192],[-88.296782,17.286916],[-88.180828,17.49251],[-88.28836,17.56414],[-88.289242,17.662056],[-88.088122,18.28125],[-88.097474,18.373714],[-88.398431,18.377383],[-88.051565,18.866413],[-87.997538,18.66844],[-88.073908,18.47988],[-87.932426,18.434129],[-87.853005,18.209061],[-88.040291,17.879431],[-87.985256,17.884307],[-87.828681,18.120172],[-87.71362,18.704048],[-87.445546,19.312105],[-87.65085,19.180559],[-87.706535,19.227012],[-87.634238,19.374567],[-87.439876,19.469336],[-87.409829,19.598371],[-87.454021,19.648047],[-87.427326,19.58262],[-87.682659,19.491255],[-87.739832,19.671183],[-87.649474,19.68827],[-87.666723,19.615614],[-87.459053,19.857846],[-87.468236,19.944801],[-87.430843,19.888005],[-87.476306,19.830489],[-87.486076,19.787103],[-87.469339,19.780797],[-87.429915,19.888195],[-87.478161,20.077907],[-87.424809,20.223366],[-86.877461,20.839931],[-86.740274,21.134068],[-86.807193,21.180613],[-86.816741,21.28635],[-86.79075,21.344566],[-86.795672,21.406308],[-86.825855,21.244873],[-86.887985,21.405851],[-86.952621,21.4884],[-86.952306,21.514183],[-86.99082,21.562787],[-86.975102,21.51334],[-87.102862,21.583335],[-87.112344,21.471636],[-87.221948,21.416662],[-88.139259,21.624133],[-88.608868,21.524226],[-88.693542,21.454483],[-88.633709,21.496818],[-88.640483,21.468643],[-88.726886,21.423002],[-89.845397,21.250802],[-90.323066,21.019754],[-90.502634,20.495709],[-90.453666,19.950803],[-90.706812,19.675364],[-90.760766,19.304827],[-91.394686,18.891267],[-91.498343,18.790621],[-91.356686,18.908356],[-91.099899,19.031418],[-91.36276,18.877697],[-91.391198,18.804016],[-91.222358,18.751271],[-91.309354,18.557617],[-91.586748,18.441733],[-91.962407,18.581425],[-91.962407,18.513982],[-92.076426,18.589247],[-92.298367,18.496457],[-92.197135,18.60788],[-92.061019,18.61923],[-92.009928,18.552747],[-91.934822,18.615786],[-91.882725,18.562207],[-91.963563,18.698315],[-92.46598,18.650854],[-92.434531,18.571048],[-92.470099,18.650063],[-92.69209,18.613313],[-92.6516,18.521973],[-92.645555,18.39819],[-92.578887,18.39453],[-92.498762,18.350154],[-92.486736,18.335524],[-92.49548,18.313825],[-92.417361,18.305439],[-92.395066,18.292738],[-92.369377,18.29459],[-92.334493,18.282817],[-92.317637,18.267312],[-92.306526,18.243243],[-92.281482,18.262788],[-92.224792,18.249862],[-92.20427,18.238616],[-92.193468,18.219592],[-92.213215,18.177857],[-92.185485,18.186855],[-92.177474,18.182716],[-92.169902,18.17084],[-92.180979,18.105469],[-92.216127,18.175567],[-92.205163,18.23538],[-92.30467,18.239479],[-92.497358,18.311644],[-92.580134,18.393694],[-92.647414,18.395526],[-92.613586,18.297548],[-92.648589,18.39229],[-92.668959,18.369027],[-92.651606,18.345883],[-92.668693,18.315486],[-92.653504,18.297272],[-92.652089,18.287076],[-92.654356,18.28125],[-92.656707,18.28125],[-92.670198,18.31869],[-92.653257,18.344784],[-92.671715,18.363212],[-92.648507,18.440672],[-92.68615,18.572497],[-92.867393,18.451239],[-93.088179,18.440823],[-92.844006,18.37525],[-92.852166,18.354978],[-93.0706,18.423316],[-93.093604,18.442855],[-93.148006,18.42468],[-93.063913,18.397169],[-93.123062,18.340756],[-93.189492,18.448381],[-93.515625,18.410714],[-93.786891,18.255104],[-93.874377,18.245844],[-93.85135,18.300149],[-94.125851,18.216743],[-94.127978,18.170321],[-94.121504,18.166089],[-94.107383,18.175223],[-94.100398,18.173796],[-94.091479,18.145946],[-94.12931,18.168642],[-94.132583,18.213047],[-94.413103,18.166924],[-94.389026,18.128139],[-94.485906,17.899396],[-94.432022,17.891269],[-94.411401,17.881085],[-94.403381,17.866959],[-94.411925,17.853993],[-94.405562,17.848727],[-94.403401,17.844502],[-94.413383,17.827853],[-94.40166,17.825401],[-94.402015,17.81297],[-94.390875,17.828951],[-94.378519,17.827373],[-94.3814,17.836939],[-94.360941,17.85946],[-94.209008,17.859403],[-94.200735,17.855109],[-94.198273,17.845361],[-94.21847,17.807385],[-94.208055,17.857393],[-94.402044,17.811547],[-94.488071,17.900368],[-94.473735,17.968468],[-94.51169,17.961525],[-94.545084,17.976583],[-94.549819,17.94325],[-94.561158,17.922154],[-94.553961,17.910054],[-94.562807,17.889586],[-94.65578,17.865434],[-94.625589,17.818771],[-94.677742,17.700474],[-94.704698,17.724751],[-94.698662,17.703851],[-94.724502,17.668615],[-94.713146,17.65915],[-94.749116,17.638265],[-94.728508,17.615981],[-94.726092,17.605495],[-94.757687,17.578184],[-94.719332,17.551618],[-94.708686,17.5358],[-94.709276,17.528613],[-94.724679,17.501785],[-94.754565,17.482768],[-94.76457,17.497585],[-94.778752,17.481065],[-94.793412,17.477928],[-94.810531,17.483282],[-94.826516,17.501831],[-94.839624,17.499325],[-94.851003,17.468655],[-94.832383,17.448706],[-94.840299,17.430161],[-94.921875,17.406808],[-94.838054,17.502471],[-94.723893,17.506974],[-94.761946,17.586553],[-94.728282,17.606444],[-94.752708,17.633507],[-94.701234,17.708986],[-94.774461,17.816595],[-94.717529,17.874134],[-94.563671,17.892109],[-94.563024,17.922667],[-94.551932,17.944331],[-94.556191,17.961648],[-94.546844,17.978321],[-94.476241,17.973294],[-94.418333,18.061256],[-94.415839,18.166567],[-94.645731,18.169224],[-94.623452,18.288405],[-94.79703,18.52223],[-95.029561,18.509097],[-94.98889,18.555969],[-95.187582,18.709261],[-95.752034,18.768492],[-95.584332,18.690682],[-95.634508,18.696908],[-95.632861,18.621392],[-95.645986,18.60958],[-95.668321,18.601838],[-95.653013,18.564493],[-95.654684,18.562836],[-95.666867,18.56582],[-95.654788,18.557801],[-95.649529,18.563384],[-95.638967,18.560401],[-95.632766,18.556339],[-95.630032,18.546621],[-95.625,18.546317],[-95.620709,18.542698],[-95.612592,18.547529],[-95.609893,18.547426],[-95.605739,18.540886],[-95.608391,18.535286],[-95.598109,18.531225],[-95.596494,18.527187],[-95.600835,18.521341],[-95.597087,18.518595],[-95.598263,18.515173],[-95.595023,18.51612],[-95.588028,18.512895],[-95.578583,18.491616],[-95.57741,18.474905],[-95.584159,18.465813],[-95.572089,18.457031],[-95.570253,18.449927],[-95.587565,18.425812],[-95.594636,18.422029],[-95.586602,18.424814],[-95.576465,18.419133],[-95.57185,18.423824],[-95.568237,18.423804],[-95.526984,18.369006],[-95.532496,18.360516],[-95.53751,18.358639],[-95.522262,18.358722],[-95.523786,18.3372],[-95.533624,18.333506],[-95.540571,18.335777],[-95.541689,18.333002],[-95.504062,18.317498],[-95.4935,18.272694],[-95.513107,18.250967],[-95.505347,18.246558],[-95.501233,18.238854],[-95.497225,18.24439],[-95.480241,18.249381],[-95.472627,18.250025],[-95.472037,18.260684],[-95.464499,18.268321],[-95.451458,18.263914],[-95.432556,18.247046],[-95.444309,18.222221],[-95.430768,18.220544],[-95.424605,18.206229],[-95.418519,18.211423],[-95.407279,18.205779],[-95.411963,18.196478],[-95.402226,18.194932],[-95.40359,18.183283],[-95.399454,18.184204],[-95.393348,18.190788],[-95.388091,18.192706],[-95.386329,18.189036],[-95.389794,18.180412],[-95.383809,18.173756],[-95.380749,18.166353],[-95.378508,18.175315],[-95.375009,18.177664],[-95.3581,18.171566],[-95.343966,18.154004],[-95.336237,18.159529],[-95.333129,18.159169],[-95.331723,18.156617],[-95.338386,18.149435],[-95.336846,18.147173],[-95.330151,18.148645],[-95.323789,18.145039],[-95.322529,18.131171],[-95.31218,18.138796],[-95.308713,18.134017],[-95.308278,18.124777],[-95.280006,18.128276],[-95.273438,18.126953],[-95.272683,18.124995],[-95.273438,18.124442],[-95.308266,18.123675],[-95.311801,18.137285],[-95.322486,18.130123],[-95.339854,18.147431],[-95.333499,18.158755],[-95.34537,18.153259],[-95.374874,18.176013],[-95.380982,18.165805],[-95.391013,18.180182],[-95.388617,18.191757],[-95.398724,18.182582],[-95.404126,18.182789],[-95.445184,18.22166],[-95.453442,18.263827],[-95.464527,18.267039],[-95.471816,18.24937],[-95.502216,18.236733],[-95.513587,18.250029],[-95.595523,18.422002],[-95.588799,18.512525],[-95.599299,18.514753],[-95.601976,18.521067],[-95.597967,18.529433],[-95.609446,18.535017],[-95.609743,18.546407],[-95.620122,18.541602],[-95.630326,18.546033],[-95.638662,18.559621],[-95.653875,18.556697],[-95.667545,18.564281],[-95.674047,18.612694],[-95.713485,18.360685],[-95.861629,18.28125],[-95.715548,18.362468],[-95.728217,18.55242],[-95.64041,18.711113],[-95.856622,18.715034],[-95.858147,18.751814],[-95.852204,18.566229],[-95.883621,18.626373],[-95.895705,18.574119],[-95.983853,18.476506],[-96.029264,18.496086],[-95.898929,18.57794],[-95.867303,18.752312],[-95.852416,18.755242],[-95.821448,18.734458],[-95.877991,18.81772],[-95.758018,18.765035],[-95.750479,18.795311],[-95.932258,18.891587],[-95.972572,19.056562],[-96.115443,19.094138],[-96.125927,19.216504],[-96.313588,19.314579],[-96.447269,19.84575],[-97.249215,20.736093],[-97.19341,20.739202],[-97.305855,20.966684],[-97.437587,20.911583],[-97.47216,20.910169],[-97.479076,20.937449],[-97.491848,20.932353],[-97.491775,20.917837],[-97.495983,20.908628],[-97.500847,20.906337],[-97.507494,20.909425],[-97.508668,20.915369],[-97.499913,20.931218],[-97.520978,20.933964],[-97.522836,20.951168],[-97.5637,20.950404],[-97.521925,20.95254],[-97.498495,20.932617],[-97.502052,20.907449],[-97.493997,20.931235],[-97.480863,20.93869],[-97.359355,20.945233],[-97.387461,21.041049],[-97.307053,20.971437],[-97.490479,21.451878],[-97.57459,21.468086],[-97.680283,21.662504],[-97.774534,22.264009],[-97.845439,22.205387],[-97.896732,22.220953],[-97.946836,22.204249],[-97.988464,22.21005],[-98.013874,22.185138],[-97.998001,22.156388],[-97.999496,22.150579],[-98.005503,22.148438],[-98.016617,22.179986],[-98.008382,22.197724],[-97.986657,22.213419],[-97.896241,22.223611],[-97.842898,22.208691],[-97.773064,22.266925],[-97.887292,22.476032],[-97.847846,22.492548],[-97.841668,22.66936],[-97.86507,22.552285],[-97.900247,22.737909],[-97.802708,22.778755],[-97.789057,22.845827],[-97.76941,22.890064],[-97.776646,22.910156],[-97.775132,22.934641],[-97.767281,22.945021],[-97.767459,22.89325],[-97.786598,22.801754],[-97.846075,22.684555],[-97.837927,22.674425],[-97.789121,22.789201],[-97.768019,22.879164],[-97.760517,23.000869],[-97.762008,23.05371],[-97.799881,23.051836],[-97.803934,23.071585],[-97.813534,23.057731],[-97.816909,23.057173],[-97.822853,23.067838],[-97.809986,23.081072],[-97.830081,23.087974],[-97.808959,23.082471],[-97.816956,23.059175],[-97.804223,23.073308],[-97.761884,23.058129],[-97.732249,23.767362],[-98.053922,23.730469],[-97.802586,23.791375],[-97.868085,23.793297],[-97.803472,23.872823],[-97.793202,23.779191],[-97.73133,23.770895],[-97.825795,24.103277],[-97.772325,24.085589],[-97.745796,24.449425],[-97.83381,24.418051],[-97.868351,24.522931],[-97.86172,24.558623],[-97.844627,24.531276],[-97.833867,24.539376],[-97.852484,24.589452],[-97.845892,24.586866],[-97.845601,24.593685],[-97.833828,24.605996],[-97.825237,24.606101],[-97.742126,24.487648],[-97.751398,24.85124],[-97.650539,24.919222],[-97.771501,24.957621],[-97.704687,25.240095],[-97.832793,25.254601],[-97.721573,25.254876],[-97.692693,25.377757],[-97.534378,25.286209],[-97.522072,25.316027],[-97.525537,25.319465],[-97.527668,25.307932],[-97.53668,25.304754],[-97.555931,25.315464],[-97.552437,25.369938],[-97.547394,25.353676],[-97.482304,25.359987],[-97.57611,25.444327],[-97.473678,25.425342],[-97.498608,25.52846],[-97.392091,25.402361],[-97.451111,25.362069],[-97.395987,25.374087],[-97.427655,25.351952],[-97.446431,25.300235],[-97.401212,25.368548],[-97.374473,25.361534],[-97.456422,25.24307],[-97.42141,25.236167],[-97.144097,25.885184],[-97.153133,26.063219],[-97.151449,25.956197],[-97.223336,25.972989],[-97.185748,26.047797],[-97.296958,25.965617],[-97.402565,25.951054],[-97.197191,26.051855],[-97.299566,26.114879],[-97.34361,26.401646],[-97.380762,26.480257],[-97.356221,26.418669],[-97.361236,26.397898],[-97.449888,26.457355],[-97.478177,26.804959],[-97.513594,26.810576],[-97.559075,26.842189],[-97.549467,26.89685],[-97.470312,26.814592],[-97.456498,26.942216],[-97.541511,26.909493],[-97.552167,26.973117],[-97.451509,26.983924],[-97.494247,27.090333],[-97.422095,27.261413],[-97.728065,27.258422],[-97.654692,27.304202],[-97.765702,27.432094],[-97.611089,27.284488],[-97.576823,27.31305],[-97.597556,27.299448],[-97.616966,27.313824],[-97.632607,27.335197],[-97.626851,27.355215],[-97.567993,27.317833],[-97.473574,27.39855],[-97.554374,27.409434],[-97.539933,27.542684],[-97.52959,27.429852],[-97.5182,27.463149],[-97.472177,27.44873],[-97.457029,27.324237],[-97.497186,27.311242],[-97.411471,27.322292],[-97.243484,27.689531],[-97.30712,27.709373],[-97.298042,27.68205],[-97.3421,27.630269],[-97.379405,27.635922],[-97.313989,27.681146],[-97.392598,27.810444],[-97.477177,27.817813],[-97.522573,27.844305],[-97.46556,27.817414],[-97.392469,27.812451],[-97.378204,27.836012],[-97.47869,27.825434],[-97.515443,27.871038],[-97.263425,27.880011],[-97.20899,27.818064],[-97.112232,27.887546],[-97.02062,28.105142],[-97.181446,27.97129],[-97.157482,28.04727],[-97.241373,28.060846],[-97.257292,28.070972],[-97.262107,28.079043],[-97.025711,28.2063],[-97.02727,28.150167],[-96.979605,28.124721],[-96.985143,28.216171],[-96.917282,28.269145],[-96.959697,28.122518],[-96.785798,28.235009],[-96.859114,28.413365],[-96.765309,28.411734],[-96.808949,28.478114],[-96.674666,28.321501],[-96.401477,28.44198],[-96.643706,28.57885],[-96.66423,28.722829],[-96.576944,28.69687],[-96.589659,28.736254],[-96.576479,28.76491],[-96.590968,28.78948],[-96.57733,28.832404],[-96.562963,28.635263],[-96.484236,28.608076],[-96.470009,28.674191],[-96.435503,28.608067],[-96.488731,28.569566],[-96.380773,28.62002],[-96.417077,28.630891],[-96.404801,28.726717],[-96.43458,28.710289],[-96.450726,28.740043],[-96.453287,28.756468],[-96.447948,28.7629],[-96.388922,28.728492],[-96.361031,28.626721],[-96.20728,28.696993],[-96.204742,28.729092],[-96.1787,28.761178],[-96.157568,28.763379],[-96.237961,28.643707],[-96.100819,28.626587],[-95.626463,28.766497],[-95.386846,28.896344],[-95.388468,28.97953],[-95.3842,28.896721],[-95.322473,28.930903],[-95.154073,29.153006],[-95.218693,29.216041],[-95.103244,29.17529],[-94.945042,29.321485],[-94.879733,29.279297],[-94.83242,29.28609],[-94.925738,29.25251],[-95.117028,29.085703],[-94.688565,29.327176],[-94.898181,29.303566],[-94.885893,29.388967],[-94.811912,29.363459],[-94.80972,29.365334],[-95.014377,29.464796],[-94.909196,29.496361],[-95.013896,29.538126],[-94.982426,29.680879],[-95.053742,29.706889],[-95.080417,29.761889],[-95.106494,29.738868],[-95.124114,29.732308],[-95.15341,29.734344],[-95.175504,29.745723],[-95.195171,29.742255],[-95.212,29.724893],[-95.238539,29.71811],[-95.248818,29.720174],[-95.255302,29.725114],[-95.269516,29.723572],[-95.276072,29.727005],[-95.172732,29.74826],[-95.128979,29.735538],[-95.096096,29.753736],[-95.114659,29.892115],[-94.909838,29.655216],[-94.736182,29.777313],[-94.800697,29.825756],[-94.791295,29.869647],[-94.754942,29.859896],[-94.689397,29.696844],[-94.764153,29.524583],[-94.499341,29.544379],[-94.475018,29.557623],[-94.466186,29.554889],[-94.461349,29.559951],[-94.454533,29.563282],[-94.420891,29.56783],[-94.416006,29.590975],[-94.412013,29.594836],[-94.21875,29.672712],[-94.496833,29.511946],[-94.681456,29.453933],[-94.781392,29.365337],[-94.749764,29.369706],[-94.740112,29.362474],[-94.729534,29.358609],[-94.69837,29.348286],[-94.678002,29.34519],[-94.749657,29.370402],[-94.06941,29.667939],[-93.342407,29.743901],[-93.351312,29.84394],[-93.442965,29.864536],[-93.346638,29.889647],[-93.349949,30.1272],[-93.333486,30.128329],[-93.333511,30.153589],[-93.316125,30.180336],[-93.289451,30.198401],[-93.306043,30.200453],[-93.315146,30.212628],[-93.258868,30.232637],[-93.243119,30.220126],[-93.247964,30.23878],[-93.246001,30.251323],[-93.240655,30.254392],[-93.212677,30.254529],[-93.208456,30.268155],[-93.197032,30.266993],[-93.197796,30.279527],[-93.18456,30.288151],[-93.19127,30.295045],[-93.190476,30.296887],[-93.165839,30.304204],[-93.226106,30.219692],[-93.331304,30.152483],[-93.232721,29.894908],[-93.345966,29.819032],[-93.323208,29.791454],[-93.342381,29.773282],[-93.343539,29.765455],[-93.339598,29.744713],[-93.011373,29.722412],[-93.11066,29.758625],[-93.010482,29.77506],[-92.736289,29.618172],[-92.278435,29.531693],[-92.008115,29.613513],[-92.107267,29.612499],[-92.103603,29.699032],[-92.166483,29.699221],[-92.205978,29.752296],[-91.830805,29.829562],[-91.880014,29.711213],[-91.615166,29.756697],[-91.647554,29.634922],[-91.552061,29.633358],[-91.542687,29.524854],[-91.433509,29.540205],[-91.428175,29.601146],[-91.399977,29.627778],[-91.431187,29.526331],[-91.414677,29.492774],[-91.2899,29.477607],[-91.270148,29.552482],[-91.23561,29.557647],[-91.258662,29.619612],[-91.256985,29.629357],[-91.249504,29.633642],[-91.208572,29.59271],[-91.257899,29.444698],[-91.119589,29.292449],[-91.084529,29.353406],[-91.020503,29.340816],[-91.129023,29.219446],[-91.05844,29.184993],[-91.066609,29.243763],[-91.027133,29.267626],[-91.054688,29.195033],[-90.950714,29.213404],[-90.856933,29.090438],[-90.647385,29.130678],[-90.563685,29.425502],[-90.538977,29.322549],[-90.474932,29.377756],[-90.502186,29.302575],[-90.428241,29.358255],[-90.378251,29.259637],[-90.350427,29.321784],[-90.373835,29.352568],[-90.362812,29.356722],[-90.294277,29.239863],[-90.251852,29.257638],[-90.285367,29.2903],[-90.288092,29.306321],[-90.322639,29.335882],[-90.321541,29.368461],[-90.330992,29.372421],[-90.346537,29.389629],[-90.351562,29.408761],[-90.265649,29.373471],[-90.320784,29.337098],[-90.206935,29.24891],[-90.240438,29.171471],[-90.225693,29.078831],[-90.083242,29.167514],[-90.048131,29.215227],[-90.162187,29.18178],[-90.121951,29.261972],[-90.208735,29.232868],[-90.179938,29.269063],[-90.107793,29.265685],[-90.135333,29.393736],[-90.104112,29.340273],[-90.033289,29.29369],[-90.030926,29.381965],[-90.090292,29.355469],[-90.128671,29.38678],[-90.052376,29.382002],[-90.06513,29.449118],[-90.244631,29.479584],[-90.210686,29.561824],[-90.158951,29.571003],[-89.979958,29.458034],[-89.764325,29.480398],[-89.835695,29.452593],[-89.815029,29.3959],[-89.691673,29.46681],[-89.488285,29.320372],[-89.406792,29.086382],[-89.302361,29.114785],[-89.371661,28.972271],[-89.258167,29.122211],[-89.211401,29.040182],[-89.152308,28.994926],[-89.212877,29.086647],[-89.156996,29.05489],[-89.140095,29.130249],[-89.061218,29.068193],[-89.026314,29.140064],[-89.114356,29.158082],[-89.050531,29.170558],[-89.027684,29.215677],[-89.132098,29.179765],[-89.199837,29.34437],[-89.264968,29.204954],[-89.304708,29.384349],[-89.35235,29.325394],[-89.383082,29.38852],[-89.531666,29.373628],[-89.521653,29.456092],[-89.695267,29.523278],[-89.76367,29.634428],[-89.62226,29.603311],[-89.674938,29.693431],[-89.490146,29.628719],[-89.683982,29.723473],[-89.677156,29.81674],[-89.40588,29.687871],[-89.62071,29.83732],[-89.695926,29.856166],[-89.813057,29.917435],[-89.866896,29.960664],[-89.790277,30.090956],[-89.855918,30.155667],[-90.03597,30.032578],[-90.407884,30.080722],[-90.424033,30.190903],[-90.258141,30.352893],[-90.095396,30.364955],[-89.652156,30.161324],[-89.581502,30.184852],[-89.616824,30.22171],[-89.627572,30.253604],[-89.44385,30.188446],[-89.321851,30.31822],[-89.339844,30.343271],[-89.375312,30.331292],[-89.395266,30.336179],[-89.40223,30.340436],[-89.406315,30.373465],[-89.402279,30.383649],[-89.273421,30.363219],[-89.283538,30.302743],[-88.856616,30.390457],[-89.024194,30.405385],[-89.021516,30.444101],[-88.966169,30.452871],[-88.637181,30.360521],[-88.607716,30.392497],[-88.628535,30.451094],[-88.61801,30.516214],[-88.610095,30.518656],[-88.604251,30.516135],[-88.591825,30.522469],[-88.59375,30.546038],[-88.587057,30.546625],[-88.584499,30.552391],[-88.577931,30.554323],[-88.586257,30.560997],[-88.586735,30.578024],[-88.571406,30.583421],[-88.574605,30.585418],[-88.583038,30.59736],[-88.585174,30.590044],[-88.620839,30.58487],[-88.640853,30.598513],[-88.653442,30.634499],[-88.645508,30.651901],[-88.633493,30.655148],[-88.628396,30.650953],[-88.638384,30.663034],[-88.636369,30.666659],[-88.62885,30.667522],[-88.637679,30.66982],[-88.632078,30.680897],[-88.637402,30.693206],[-88.634034,30.698072],[-88.640527,30.699612],[-88.647813,30.706621],[-88.64303,30.714634],[-88.654458,30.717397],[-88.654078,30.728367],[-88.660827,30.72715],[-88.665805,30.729788],[-88.659787,30.75099],[-88.741691,30.80351],[-88.769111,30.85554],[-88.775132,30.890704],[-88.737556,30.9375],[-88.76774,30.855275],[-88.658408,30.752002],[-88.66387,30.72971],[-88.652933,30.729313],[-88.641039,30.713823],[-88.632074,30.698242],[-88.631047,30.679994],[-88.635844,30.670883],[-88.627198,30.667965],[-88.627809,30.649423],[-88.650689,30.632287],[-88.639007,30.598467],[-88.58272,30.598167],[-88.570306,30.584178],[-88.575829,30.554562],[-88.586201,30.545869],[-88.592713,30.544148],[-88.590688,30.521832],[-88.60271,30.514253],[-88.617102,30.515664],[-88.616967,30.423733],[-88.604216,30.400155],[-88.558244,30.437004],[-88.518258,30.420756],[-88.582775,30.412137],[-88.565622,30.344814],[-88.337271,30.404493],[-88.138297,30.309272],[-88.125108,30.59423],[-88.032256,30.661169],[-88.067141,30.778681],[-87.94487,30.828588],[-88.021927,31.019684],[-87.940366,31.143621],[-87.968196,31.147639],[-87.97578,31.157836],[-87.971843,31.163873],[-87.942675,31.163412],[-87.947608,31.171757],[-87.951786,31.203851],[-87.939937,31.220941],[-87.932075,31.225201],[-87.988364,31.257717],[-87.965667,31.312363],[-87.890625,31.359933],[-87.98571,31.257402],[-87.929494,31.225854],[-87.940281,31.162113],[-87.971502,31.15371],[-87.928116,31.163989],[-87.919658,31.160855],[-87.916757,31.153577],[-87.908987,31.153192],[-87.899514,31.14652],[-87.901016,31.165619],[-87.872766,31.192487],[-87.876616,31.215757],[-87.869334,31.216804],[-87.852584,31.204004],[-87.849449,31.209164],[-87.858521,31.215335],[-87.864822,31.225224],[-87.864642,31.231144],[-87.858578,31.23696],[-87.851956,31.237365],[-87.836377,31.228617],[-87.846241,31.237824],[-87.839217,31.243428],[-87.843309,31.253797],[-87.827949,31.278631],[-87.818128,31.280223],[-87.794704,31.271706],[-87.795746,31.296257],[-87.784003,31.299583],[-87.766431,31.295336],[-87.780813,31.305629],[-87.786984,31.324627],[-87.765216,31.363444],[-87.75986,31.365942],[-87.75338,31.362629],[-87.749146,31.335491],[-87.729516,31.337284],[-87.727145,31.372587],[-87.706359,31.40231],[-87.667487,31.422864],[-87.648664,31.427147],[-87.602903,31.410473],[-87.562892,31.464844],[-87.602341,31.408887],[-87.704336,31.401477],[-87.728557,31.335407],[-87.750652,31.333151],[-87.763429,31.362712],[-87.764408,31.294226],[-87.797641,31.267327],[-87.827029,31.276133],[-87.835034,31.227728],[-87.862893,31.229727],[-87.858986,31.218663],[-87.848598,31.21111],[-87.847654,31.205149],[-87.898566,31.145592],[-87.934149,31.160615],[-87.945745,31.118275],[-87.974857,31.087751],[-87.964299,30.966763],[-87.876025,30.948522],[-87.890625,30.967355],[-87.871588,30.985163],[-87.877969,30.989605],[-87.887262,30.990084],[-87.892926,30.985743],[-87.89562,30.986989],[-87.902658,31.009068],[-87.895144,31.023561],[-87.912866,31.040066],[-87.90978,31.053553],[-87.870142,30.984403],[-87.937297,30.482469],[-87.722199,30.271038],[-88.029,30.224398],[-87.558769,30.270955],[-87.515253,30.30895],[-87.630711,30.295934],[-87.613241,30.357616],[-87.517221,30.320154],[-87.498398,30.371708],[-87.399808,30.423329],[-87.389737,30.446317],[-87.415701,30.452925],[-87.433849,30.474984],[-87.43628,30.483354],[-87.341193,30.429581],[-87.499019,30.313142],[-87.264278,30.344446],[-87.335587,30.365286],[-87.149917,30.49095],[-87.179393,30.543573],[-87.209851,30.55407],[-87.220846,30.56796],[-87.107873,30.548361],[-87.090806,30.439057],[-87.034072,30.629919],[-87.017344,30.502092],[-86.876459,30.439022],[-86.936067,30.454408],[-87.202747,30.360455],[-87.184497,30.344451],[-86.591264,30.403547],[-86.637651,30.43221],[-86.49171,30.462144],[-86.498111,30.521771],[-86.420848,30.451605],[-86.200712,30.496879],[-86.112203,30.372994],[-86.515443,30.396297],[-85.962932,30.280767],[-85.73382,30.12224],[-85.864079,30.301001],[-85.763158,30.313277],[-85.719656,30.234131],[-85.589334,30.342458],[-85.552792,30.271325],[-85.733518,30.176524],[-85.392928,30.052371],[-85.472724,30.005678],[-85.687002,30.122571],[-85.316873,29.837792],[-85.362931,29.679306],[-85.41694,29.842345],[-85.395368,29.734918],[-85.375814,29.693163],[-85.351213,29.66357],[-84.979611,29.722507],[-84.986352,29.733767],[-85.042255,29.767323],[-85.060847,29.785233],[-85.066479,29.785646],[-85.071115,29.771321],[-85.079439,29.767934],[-85.141423,29.776518],[-85.181568,29.814013],[-85.020481,29.809051],[-85.034065,29.830226],[-85.043198,29.878818],[-85.014629,29.943841],[-85.024648,29.963898],[-85.031294,29.987062],[-85.050191,29.98914],[-85.115475,30.022611],[-85.136065,30.042289],[-85.154122,30.092397],[-85.140877,30.169901],[-84.966498,30.579858],[-84.859483,30.696795],[-84.947713,30.753731],[-84.931297,30.750054],[-84.940276,30.822179],[-84.939135,30.840592],[-84.926561,30.843549],[-84.937045,30.857054],[-84.940073,30.874514],[-84.935284,30.883231],[-84.943107,30.888055],[-84.967373,30.916929],[-84.971601,30.927557],[-84.982862,30.933232],[-84.987551,30.969278],[-84.933607,30.882961],[-84.925229,30.838867],[-84.934418,30.835652],[-84.937159,30.821729],[-84.926413,30.79601],[-84.8854,30.74416],[-84.7671,30.858596],[-84.813809,30.769156],[-84.724893,30.793168],[-84.661942,30.793267],[-84.667708,30.82665],[-84.66124,30.842789],[-84.605292,30.896822],[-84.660334,30.841549],[-84.653607,30.805671],[-84.663805,30.790432],[-84.861363,30.741391],[-84.857477,30.696054],[-84.990222,30.522796],[-85.058073,30.260813],[-85.135285,30.179075],[-85.133784,30.041203],[-85.029559,29.987561],[-85.012805,29.942321],[-85.018883,29.80795],[-85.046534,29.776544],[-85.013052,29.756668],[-84.974159,29.72491],[-84.954762,29.727518],[-84.855628,29.81319],[-84.889136,29.722137],[-84.694385,29.872117],[-84.345306,29.898424],[-84.338822,29.947251],[-84.522567,29.980402],[-84.527527,29.985066],[-84.519968,29.996242],[-84.5258,30.006001],[-84.34232,29.970387],[-84.390424,29.994153],[-84.38494,30.036855],[-84.212059,30.09222],[-84.213011,30.154269],[-84.179085,30.072694],[-83.980303,30.115088],[-83.68065,29.922264],[-83.584306,29.758929],[-83.389796,29.671003],[-83.400962,29.518106],[-83.218974,29.419922],[-83.166354,29.293888],[-83.142573,29.323472],[-83.061793,29.349509],[-83.062716,29.352924],[-83.067954,29.35132],[-83.072925,29.354513],[-83.066801,29.372641],[-83.033875,29.398405],[-83.024938,29.398101],[-83.027645,29.419716],[-83.017201,29.420219],[-83.022979,29.427863],[-83.021977,29.432098],[-82.999895,29.464378],[-82.98631,29.466447],[-83.0231,29.39854],[-83.065091,29.373201],[-83.060832,29.348716],[-83.140816,29.322752],[-83.162329,29.291163],[-83.081344,29.287229],[-83.065543,29.142936],[-82.796318,29.174701],[-82.817005,29.074859],[-82.723638,28.962445],[-82.783353,28.941883],[-82.717711,28.952374],[-82.597561,28.898265],[-82.592962,28.881559],[-82.732899,28.853676],[-82.640477,28.761837],[-82.689196,28.710052],[-82.609942,28.71485],[-82.798448,28.186882],[-82.779713,28.05651],[-82.837137,28.088654],[-82.786285,28.047924],[-82.840365,27.848828],[-82.637754,27.704338],[-82.582293,27.879066],[-82.728368,27.936755],[-82.695365,28.036551],[-82.528065,27.936011],[-82.53441,27.832796],[-82.473016,27.822002],[-82.442244,27.954025],[-82.435667,27.904149],[-82.42986,27.945962],[-82.415284,27.950288],[-82.410616,27.943442],[-82.386864,27.949594],[-82.376484,27.947206],[-82.403253,27.854147],[-82.382158,27.86333],[-82.347852,27.857526],[-82.34182,27.863238],[-82.326569,27.869405],[-82.312359,27.866056],[-82.34832,27.856071],[-82.398192,27.852933],[-82.646636,27.53266],[-82.563064,27.50646],[-82.473965,27.533846],[-82.473931,27.518627],[-82.69135,27.470783],[-82.580238,27.416185],[-82.444814,27.057925],[-82.282279,26.816126],[-82.147684,26.789915],[-82.183388,26.936223],[-82.236188,26.965866],[-82.270652,27.005266],[-82.258541,27.002664],[-82.267724,27.009113],[-82.27415,27.020167],[-82.275409,27.025653],[-82.270978,27.028655],[-82.278896,27.03213],[-82.293164,27.044263],[-82.294778,27.050657],[-82.141815,26.923621],[-82.004816,26.975411],[-81.991387,27.056269],[-81.973998,26.978882],[-82.097201,26.913921],[-82.040465,26.524704],[-81.947898,26.540005],[-81.893582,26.655954],[-81.838727,26.692876],[-81.754172,26.723797],[-81.7375,26.71875],[-81.872445,26.646662],[-81.925085,26.538208],[-82.013489,26.487129],[-81.854421,26.444172],[-81.739287,25.974898],[-81.632157,25.896003],[-81.614785,25.932136],[-81.587198,25.941064],[-81.508489,25.833461],[-81.478612,25.905743],[-81.336738,25.833823],[-81.376498,25.767013],[-81.303085,25.693222],[-81.286806,25.767736],[-81.231011,25.759681],[-81.179635,25.694587],[-81.223273,25.720967],[-81.286108,25.665037],[-81.22228,25.553999],[-81.121642,25.615569],[-81.02719,25.564659],[-81.135024,25.584108],[-81.209664,25.506281],[-81.115454,25.35167],[-80.986738,25.346644],[-80.903789,25.240298],[-80.99908,25.212167],[-81.145091,25.326499],[-81.172044,25.224698],[-81.082343,25.143175],[-81.139868,25.183289],[-81.141281,25.157233],[-81.087926,25.11608],[-80.806211,25.183512],[-80.672514,25.138862],[-80.465497,25.211504],[-80.433107,25.107474],[-80.613677,24.943807],[-80.565796,24.955946],[-80.371409,25.136572],[-80.259336,25.325246],[-80.41637,25.19792],[-80.349322,25.433908],[-80.337964,25.349921],[-80.305533,25.385331],[-80.265766,25.688054],[-80.178476,25.74548],[-80.153303,25.671117],[-80.140895,25.745984],[-80.20044,25.748403],[-80.121293,25.900234],[-80.119886,26.098689],[-80.079894,26.257934],[-80.038419,26.569096],[-80.032483,26.701445],[-80.035174,26.771917],[-80.038102,26.608895],[-80.053695,26.528831],[-80.120792,27.059005],[-80.078608,26.94674],[-80.071219,26.946149],[-80.157617,27.163136],[-80.140434,27.105587],[-80.32279,27.239827],[-80.186708,27.1759],[-80.315755,27.426774],[-80.388911,27.684516],[-80.744694,28.397204],[-80.850386,28.797582],[-80.728929,28.705189],[-80.774116,28.612429],[-80.681209,28.586863],[-80.658623,28.623875],[-80.620154,28.602394],[-80.759252,28.527385],[-80.72899,28.525231],[-80.715992,28.355695],[-80.604777,28.142484],[-80.684615,28.36321],[-80.65668,28.299755],[-80.621022,28.593586],[-80.587605,28.574766],[-80.647311,28.357136],[-80.627052,28.210648],[-80.290139,27.473028],[-80.593053,28.19025],[-80.631516,28.409448],[-80.524692,28.455554],[-80.575111,28.58524],[-80.911181,29.072481],[-80.63624,28.656728],[-80.989045,29.073097],[-80.949629,29.09766],[-81.099702,29.352236],[-81.150259,29.517063],[-81.021667,29.231905],[-80.94776,29.09524],[-80.921185,29.079097],[-81.306999,29.829248],[-81.37701,30.397053],[-81.449307,30.372358],[-81.43889,30.355269],[-81.435796,30.321921],[-81.423448,30.31064],[-81.418604,30.26316],[-81.428878,30.253919],[-81.47866,30.391697],[-81.531466,30.356657],[-81.620144,30.389505],[-81.600186,30.320899],[-81.630506,30.310908],[-81.664039,30.317225],[-81.621826,30.218361],[-81.674606,30.146368],[-81.656952,30.13006],[-81.621483,30.136912],[-81.595769,30.127872],[-81.6692,30.037268],[-81.555055,29.968822],[-81.521147,29.768498],[-81.562271,29.705124],[-81.631873,29.694576],[-81.591156,29.636099],[-81.591469,29.610822],[-81.702389,29.541589],[-81.686886,29.53376],[-81.67716,29.518185],[-81.665367,29.456361],[-81.680467,29.435429],[-81.646922,29.42814],[-81.653016,29.393337],[-81.530439,29.300334],[-81.569382,29.203399],[-81.557739,29.19791],[-81.553083,29.188846],[-81.55371,29.185199],[-81.547267,29.185253],[-81.542483,29.180715],[-81.537568,29.181928],[-81.52337,29.168651],[-81.502074,29.121418],[-81.501701,29.109962],[-81.470876,29.116595],[-81.408942,29.114303],[-81.405371,29.08468],[-81.502322,29.087369],[-81.675117,29.310131],[-81.656283,29.419748],[-81.693877,29.438218],[-81.67952,29.520332],[-81.704629,29.538345],[-81.703681,29.559328],[-81.599422,29.609236],[-81.652499,29.698746],[-81.556512,29.77308],[-81.718125,30.047308],[-81.699063,30.14681],[-81.738087,30.092402],[-81.766491,30.115602],[-81.660592,30.231534],[-81.698923,30.282274],[-81.708283,30.229808],[-81.731761,30.269708],[-81.618749,30.357417],[-81.719865,30.41895],[-81.457926,30.395548],[-81.462184,30.523581],[-81.518156,30.557617],[-81.496371,30.54017],[-81.481344,30.496388],[-81.488437,30.488206],[-81.655657,30.571211],[-81.533081,30.527526],[-81.487952,30.716812],[-81.519073,30.696112],[-81.552259,30.687809],[-81.499626,30.719792],[-81.537681,30.706549],[-81.596293,30.717411],[-81.601639,30.729004],[-81.606156,30.717286],[-81.610288,30.715172],[-81.623917,30.723432],[-81.625333,30.735839],[-81.630258,30.727627],[-81.649974,30.727221],[-81.65495,30.732155],[-81.653637,30.743367],[-81.6619,30.742385],[-81.664042,30.745653],[-81.652324,30.743407],[-81.649065,30.728391],[-81.624793,30.736987],[-81.610071,30.716964],[-81.601809,30.730777],[-81.537699,30.711292],[-81.478927,30.821523],[-81.479538,30.729558],[-81.452668,30.712921],[-81.405147,30.717171],[-81.460907,30.758789],[-81.402614,30.958956],[-81.824891,30.946785],[-81.654015,30.957468],[-81.678255,31.043299],[-81.460942,30.998705],[-81.569827,31.065926],[-81.533266,31.070171],[-81.537444,31.080429],[-81.55767,31.079917],[-81.57363,31.094138],[-81.566056,31.131447],[-81.426934,31.042354],[-81.573069,31.156039],[-81.558716,31.215891],[-81.58532,31.20708],[-81.623232,31.204829],[-81.630784,31.207129],[-81.550543,31.235333],[-81.436463,31.130707],[-81.386916,31.279706],[-81.437379,31.330947],[-81.473956,31.332405],[-81.48388,31.354726],[-81.520797,31.35615],[-81.552741,31.376866],[-81.547735,31.385252],[-81.559063,31.386768],[-81.5625,31.390904],[-81.467456,31.372644],[-81.436336,31.341268],[-81.332126,31.332582],[-81.337594,31.371842],[-81.353654,31.360141],[-81.359248,31.366864],[-81.37375,31.357605],[-81.409222,31.358625],[-81.415792,31.346859],[-81.429174,31.355292],[-81.433604,31.363145],[-81.333689,31.386881],[-81.36082,31.50552],[-81.160312,31.570444],[-81.130161,31.695486],[-81.206021,31.681522],[-81.238474,31.683077],[-81.189414,31.702345],[-81.270846,31.730073],[-81.273813,31.788745],[-81.337319,31.798118],[-81.330024,31.837284],[-81.34476,31.837854],[-81.334806,31.837099],[-81.331701,31.832658],[-81.34176,31.82853],[-81.338703,31.81826],[-81.348461,31.813646],[-81.35467,31.813713],[-81.357184,31.815025],[-81.362721,31.836623],[-81.355211,31.814583],[-81.339996,31.818162],[-81.346756,31.836289],[-81.345171,31.839088],[-81.340002,31.840953],[-81.293166,31.82394],[-81.160367,31.728103],[-81.144696,31.853973],[-81.225032,31.891063],[-81.194024,31.91972],[-81.214953,31.9132],[-81.229516,31.884474],[-81.23855,31.886112],[-81.243914,31.892179],[-81.235701,31.908715],[-81.26483,31.907265],[-81.26769,31.913629],[-81.258518,31.924607],[-81.274257,31.924569],[-81.28928,31.944163],[-81.288301,31.974772],[-81.310968,31.9812],[-81.311455,32.003811],[-81.231674,31.908272],[-81.237995,31.888309],[-81.228373,31.886798],[-81.224443,31.907944],[-81.198468,31.923404],[-81.18934,31.918089],[-81.192918,31.908065],[-81.220917,31.890702],[-81.089893,31.859777],[-81.165475,31.93405],[-81.100246,31.894611],[-81.137025,31.937657],[-81.135194,31.949926],[-81.073925,31.921833],[-81.002317,32.081009],[-81.078642,32.078333],[-81.095053,32.083823],[-81.119832,32.104262],[-81.142811,32.134049],[-81.144318,32.149043],[-81.154162,32.153776],[-81.156109,32.158298],[-81.159458,32.194861],[-81.153272,32.222664],[-81.152114,32.154622],[-81.142566,32.17669],[-81.133618,32.123597],[-81.073238,32.080165],[-81.045459,32.083012],[-81.095322,32.099538],[-81.116886,32.114054],[-81.122495,32.16185],[-80.962388,32.074839],[-80.852531,32.15223],[-80.845425,32.209802],[-80.88728,32.180393],[-80.871563,32.227985],[-80.905691,32.210888],[-80.92125,32.217664],[-80.920212,32.222528],[-80.868571,32.231555],[-80.791082,32.202915],[-80.782317,32.316258],[-80.793913,32.319717],[-80.803811,32.292513],[-80.824006,32.28747],[-80.87702,32.303035],[-80.893867,32.344501],[-80.899129,32.323469],[-80.922365,32.304566],[-80.896298,32.345369],[-80.796523,32.328397],[-80.880785,32.390887],[-80.816526,32.411413],[-80.90365,32.558919],[-80.840447,32.538106],[-80.841171,32.611766],[-80.811672,32.49416],[-80.782379,32.586558],[-80.56472,32.504295],[-80.569861,32.524988],[-80.657658,32.567377],[-80.670317,32.578574],[-80.673169,32.585257],[-80.671181,32.595114],[-80.654255,32.569716],[-80.60285,32.575239],[-80.557784,32.510597],[-80.520241,32.515498],[-80.583233,32.562904],[-80.584689,32.571271],[-80.576057,32.579349],[-80.580189,32.584244],[-80.600254,32.580434],[-80.610202,32.589982],[-80.617957,32.582032],[-80.623888,32.581099],[-80.6521,32.599417],[-80.677236,32.626803],[-80.674597,32.634042],[-80.659559,32.635399],[-80.660125,32.64216],[-80.681661,32.642351],[-80.68476,32.660701],[-80.670411,32.670685],[-80.706664,32.663186],[-80.71709,32.676404],[-80.669736,32.671422],[-80.657477,32.6363],[-80.673957,32.624847],[-80.579099,32.585049],[-80.574716,32.578005],[-80.583029,32.567963],[-80.56672,32.552203],[-80.539528,32.55932],[-80.545066,32.575076],[-80.542078,32.576698],[-80.533162,32.573893],[-80.540166,32.590555],[-80.53333,32.59682],[-80.540387,32.598473],[-80.540254,32.60505],[-80.535833,32.608576],[-80.53976,32.599234],[-80.531874,32.598102],[-80.531724,32.574481],[-80.542792,32.550918],[-80.531536,32.528571],[-80.464777,32.519531],[-80.447046,32.533412],[-80.498373,32.559813],[-80.50579,32.60036],[-80.505129,32.604161],[-80.501343,32.606821],[-80.480657,32.612917],[-80.474212,32.612444],[-80.46848,32.605025],[-80.472909,32.634306],[-80.466804,32.640916],[-80.474323,32.637893],[-80.477531,32.639021],[-80.479366,32.64396],[-80.476388,32.64994],[-80.48352,32.646275],[-80.496561,32.651312],[-80.558851,32.729561],[-80.465334,32.640739],[-80.467036,32.604854],[-80.504613,32.603035],[-80.49691,32.563086],[-80.413373,32.535602],[-80.428922,32.623613],[-80.391039,32.652498],[-80.405027,32.65012],[-80.417405,32.662331],[-80.442188,32.726857],[-80.387394,32.653687],[-80.420873,32.60571],[-80.28794,32.625348],[-80.347849,32.686488],[-80.256061,32.653489],[-80.088363,32.792595],[-80.001575,32.766407],[-80.012839,32.63899],[-79.911598,32.665958],[-79.870758,32.741043],[-79.98604,32.76547],[-79.969108,32.827348],[-80.01747,32.825948],[-80.054052,32.848881],[-80.071516,32.871791],[-79.970317,32.835815],[-79.9244,32.774377],[-79.9678,32.882936],[-79.948663,33.022319],[-79.936554,32.96866],[-79.913072,32.976189],[-79.925143,32.98413],[-79.925569,32.993299],[-79.90145,33.005875],[-79.92075,33.007882],[-79.937962,33.053183],[-79.935334,33.057303],[-79.927173,33.05553],[-79.923603,33.061007],[-79.938149,33.065709],[-79.926816,33.079084],[-79.978313,33.113082],[-79.996466,33.148926],[-79.993084,33.159253],[-79.981845,33.166615],[-79.968549,33.193425],[-79.968716,33.185896],[-79.992746,33.149998],[-79.925188,33.085368],[-79.924975,33.078975],[-79.929778,33.069967],[-79.856978,33.075871],[-79.919728,33.068176],[-79.923934,33.055597],[-79.935804,33.053933],[-79.899143,33.006773],[-79.923436,32.821056],[-79.891202,32.900854],[-79.863393,32.874651],[-79.834723,32.926197],[-79.780977,32.944705],[-79.73779,32.914317],[-79.893944,32.857732],[-79.858114,32.766618],[-79.558627,33.040149],[-79.389679,33.109448],[-79.544323,33.036044],[-79.42291,33.015679],[-79.443468,33.063692],[-79.276471,33.122076],[-79.28268,33.138238],[-79.351021,33.152354],[-79.401224,33.180501],[-79.425899,33.206101],[-79.24593,33.125816],[-79.264977,33.162945],[-79.347701,33.171895],[-79.351253,33.177839],[-79.344464,33.179749],[-79.361569,33.191879],[-79.36147,33.199731],[-79.373006,33.198171],[-79.397463,33.210697],[-79.404932,33.217721],[-79.406287,33.224756],[-79.41618,33.229087],[-79.420913,33.235858],[-79.474627,33.229392],[-79.475122,33.232232],[-79.469966,33.237486],[-79.479206,33.23393],[-79.483595,33.234953],[-79.480021,33.245167],[-79.486814,33.237584],[-79.493036,33.235564],[-79.527642,33.245487],[-79.561096,33.26068],[-79.562765,33.271889],[-79.605963,33.278376],[-79.641868,33.296008],[-79.419011,33.236045],[-79.361045,33.200856],[-79.342894,33.181287],[-79.344058,33.1725],[-79.272701,33.194571],[-79.240269,33.134583],[-79.140611,33.189626],[-79.189541,33.190757],[-79.278676,33.274465],[-79.285469,33.357588],[-79.306688,33.353424],[-79.331518,33.357913],[-79.34386,33.362218],[-79.348316,33.366556],[-79.35856,33.361358],[-79.391449,33.36046],[-79.391628,33.35661],[-79.399202,33.353722],[-79.403496,33.356717],[-79.379997,33.364908],[-79.345888,33.368024],[-79.305326,33.354985],[-79.288527,33.367949],[-79.278138,33.351736],[-79.250899,33.414478],[-79.235562,33.422231],[-79.290694,33.479575],[-79.285021,33.492044],[-79.297182,33.495825],[-79.299359,33.507603],[-79.303014,33.507033],[-79.302839,33.498411],[-79.308949,33.490835],[-79.316931,33.488071],[-79.326526,33.489826],[-79.32761,33.492611],[-79.32386,33.503729],[-79.334005,33.507303],[-79.341185,33.51159],[-79.358217,33.546178],[-79.368163,33.531229],[-79.3767,33.529099],[-79.383435,33.530182],[-79.389357,33.534496],[-79.386871,33.544906],[-79.35858,33.547889],[-79.323056,33.504051],[-79.326452,33.491182],[-79.301582,33.509568],[-79.297764,33.507434],[-79.296976,33.505363],[-79.297046,33.497078],[-79.284153,33.492396],[-79.285698,33.476144],[-79.259737,33.469465],[-79.233988,33.423581],[-79.244928,33.398438],[-79.223172,33.426713],[-79.215135,33.4323],[-79.240957,33.398294],[-79.259198,33.39128],[-79.262462,33.360723],[-79.212482,33.425063],[-79.182069,33.438724],[-79.275256,33.311575],[-79.196436,33.296269],[-79.181762,33.210821],[-79.171244,33.204935],[-79.152724,33.202887],[-79.188202,33.331903],[-79.087895,33.47826],[-78.822512,33.736933],[-78.547531,33.842187],[-78.608395,33.870534],[-78.015041,33.888755],[-78.111863,33.922456],[-77.954235,33.97471],[-78.002763,34.27248],[-77.951303,34.281943],[-77.961071,34.28828],[-77.955282,34.317771],[-77.994815,34.338743],[-77.987968,34.371333],[-77.961982,34.383302],[-77.958093,34.380164],[-77.960175,34.371089],[-77.940294,34.370227],[-77.935935,34.35855],[-77.933292,34.368095],[-77.929598,34.366898],[-77.929827,34.361568],[-77.917784,34.375931],[-77.901725,34.378295],[-77.882962,34.365442],[-77.821773,34.42696],[-77.81023,34.405859],[-77.886624,34.363311],[-77.935491,34.357345],[-77.958887,34.367984],[-77.962428,34.371429],[-77.962058,34.382304],[-77.987348,34.369823],[-77.952973,34.316773],[-77.911817,34.052793],[-77.799284,34.275048],[-77.370747,34.520246],[-77.452652,34.604182],[-77.370574,34.638666],[-77.432648,34.685135],[-77.44426,34.763745],[-77.350772,34.747267],[-77.398273,34.71652],[-77.31879,34.637101],[-77.339433,34.6373],[-77.338092,34.626198],[-77.399744,34.59735],[-77.403554,34.584335],[-77.318239,34.546112],[-77.152351,34.662477],[-77.187959,34.699662],[-77.116671,34.686919],[-77.149968,34.768847],[-77.094978,34.673127],[-76.694699,34.715492],[-76.767805,34.755729],[-76.686959,34.772112],[-76.661237,34.940272],[-76.76182,34.859877],[-76.812446,34.93905],[-76.915283,34.902644],[-77.0374,35.098883],[-77.05845,35.070327],[-77.141993,35.062218],[-77.034953,35.103504],[-77.096527,35.138419],[-77.123755,35.210545],[-76.804009,34.964008],[-76.567256,35.100769],[-76.536904,35.150865],[-76.570048,35.173362],[-76.61254,35.120567],[-76.744444,35.140902],[-76.590192,35.24142],[-76.494552,35.218105],[-76.481851,35.310623],[-76.60121,35.330923],[-76.589638,35.268227],[-76.657579,35.279612],[-76.623573,35.341329],[-76.712876,35.350139],[-76.775102,35.296302],[-76.788882,35.321957],[-76.69348,35.362343],[-76.857572,35.369174],[-76.825072,35.409493],[-76.926326,35.448969],[-76.963999,35.401909],[-77.113303,35.558946],[-76.840721,35.449249],[-76.802929,35.512802],[-76.80562,35.438667],[-76.575997,35.388206],[-76.598882,35.481942],[-76.679019,35.484064],[-76.719976,35.499939],[-76.725359,35.519007],[-76.628406,35.519827],[-76.692487,35.552622],[-76.649981,35.577073],[-76.486312,35.536885],[-76.472129,35.556938],[-76.518891,35.576833],[-76.518721,35.585233],[-76.439294,35.554816],[-76.446632,35.498898],[-76.586828,35.507948],[-76.497687,35.460272],[-76.564691,35.449834],[-76.531877,35.401312],[-76.470351,35.372503],[-76.487318,35.401926],[-76.483108,35.409219],[-76.400193,35.458975],[-76.403344,35.349086],[-76.351651,35.413071],[-76.157563,35.327414],[-75.881719,35.574938],[-75.891207,35.643785],[-75.836625,35.570913],[-75.78169,35.577044],[-75.762082,35.585012],[-75.728181,35.82458],[-75.782806,35.933198],[-75.859588,35.977182],[-75.810117,35.922274],[-75.907792,35.932395],[-75.852443,35.893946],[-75.862056,35.868398],[-75.985513,35.888838],[-76.034331,35.645937],[-76.165548,35.695811],[-76.040217,35.676785],[-76.122732,35.777762],[-76.054724,35.768761],[-76.061939,35.849748],[-76.096025,35.865269],[-76.100865,35.870977],[-76.101089,35.885188],[-76.013819,35.923921],[-76.068091,35.907097],[-76.12755,35.94506],[-76.0168,35.946103],[-76.062556,35.990329],[-76.286738,35.965835],[-76.315179,35.946027],[-76.254568,35.919033],[-76.256742,35.897548],[-76.265153,35.887002],[-76.273803,35.880859],[-76.400137,35.982135],[-76.693533,35.942845],[-76.687759,35.91872],[-76.716548,35.919615],[-76.736698,35.879712],[-76.744962,35.870921],[-76.752953,35.866682],[-76.77378,35.862238],[-76.833223,35.884478],[-76.836859,35.873831],[-76.832454,35.863937],[-76.833016,35.851995],[-76.86437,35.823247],[-76.833276,35.885853],[-76.756908,35.866697],[-76.724913,35.917832],[-76.701147,35.925879],[-76.732872,35.936504],[-76.728128,35.915912],[-76.7378,35.901872],[-76.755175,35.889747],[-76.790387,35.912199],[-76.681617,35.990724],[-76.755477,36.150258],[-76.698457,36.273149],[-76.777832,36.359599],[-76.825672,36.363344],[-76.906939,36.38815],[-76.932629,36.399887],[-76.945235,36.409962],[-76.94881,36.415315],[-76.947977,36.466502],[-76.951438,36.470553],[-76.909082,36.526734],[-76.943955,36.411743],[-76.775523,36.362966],[-76.680622,36.30012],[-76.674599,36.043748],[-76.513967,36.006455],[-76.408576,36.067366],[-76.488472,36.085931],[-76.480198,36.094836],[-76.304929,36.093643],[-76.380359,36.122051],[-76.464444,36.184415],[-76.472095,36.192735],[-76.477583,36.2169],[-76.236949,36.099222],[-76.193237,36.10647],[-76.284049,36.177506],[-76.276715,36.192996],[-76.289525,36.211917],[-76.285365,36.216769],[-76.18787,36.125273],[-76.061584,36.145716],[-76.2183,36.29828],[-76.231091,36.371626],[-76.217072,36.299317],[-75.914353,36.164574],[-76.036108,36.354299],[-75.965199,36.323246],[-75.796219,36.071494],[-75.924233,36.425144],[-75.944746,36.362047],[-76.040337,36.501912],[-76.080861,36.499346],[-76.148104,36.534633],[-76.15448,36.54011],[-76.157877,36.557032],[-76.152874,36.570145],[-76.165523,36.568212],[-76.151104,36.571012],[-76.146533,36.535362],[-76.026311,36.515756],[-76.061963,36.595182],[-76.078012,36.703774],[-75.988456,36.493756],[-75.901813,36.487006],[-75.993307,36.566002],[-75.942884,36.722377],[-75.737174,36.041719],[-75.537215,35.78935],[-75.79625,36.283583],[-75.995139,36.921666],[-76.090534,36.908092],[-76.057318,36.876861],[-76.057103,36.839447],[-76.325021,36.963478],[-76.259198,36.891837],[-76.331085,36.874572],[-76.227974,36.855748],[-76.19654,36.827005],[-76.401767,36.808445],[-76.33753,36.879778],[-76.384541,36.924655],[-76.562489,36.788082],[-76.486432,36.956164],[-76.621145,36.982823],[-76.57605,37.019374],[-76.667922,37.052476],[-76.684963,37.196427],[-76.736925,37.146236],[-77.023987,37.202896],[-77.008873,37.302983],[-77.062639,37.260488],[-77.354593,37.300666],[-77.269496,37.346069],[-77.3052,37.358365],[-77.320396,37.379226],[-77.367787,37.357196],[-77.386675,37.357572],[-77.391354,37.360823],[-77.359629,37.375176],[-77.385046,37.385401],[-77.400952,37.422555],[-77.420121,37.421337],[-77.428133,37.428579],[-77.427615,37.436179],[-77.420461,37.448018],[-77.424484,37.496168],[-77.419912,37.521449],[-77.491705,37.531329],[-77.531686,37.560039],[-77.559785,37.555524],[-77.582237,37.558843],[-77.601764,37.554935],[-77.648378,37.559182],[-77.695312,37.584263],[-77.525678,37.563156],[-77.426028,37.528041],[-77.416602,37.51827],[-77.417967,37.450537],[-77.42552,37.42752],[-77.298754,37.40649],[-77.298144,37.357738],[-77.249591,37.383241],[-77.262145,37.321176],[-77.073339,37.32746],[-77.073311,37.272507],[-77.015785,37.312446],[-76.754084,37.19021],[-76.642558,37.217151],[-76.419533,36.960179],[-76.296354,37.016704],[-76.275506,37.097321],[-76.364266,37.051152],[-76.380302,37.109091],[-76.293623,37.126174],[-76.446762,37.135657],[-76.394307,37.199701],[-76.634609,37.297277],[-76.820072,37.54985],[-76.848224,37.525698],[-76.863228,37.521792],[-76.873953,37.52573],[-76.879457,37.535514],[-76.854819,37.571742],[-76.872159,37.579208],[-76.873938,37.549765],[-76.894365,37.544394],[-76.902502,37.545782],[-76.919171,37.568375],[-76.943687,37.536808],[-76.948267,37.534505],[-76.957883,37.534629],[-76.976457,37.542744],[-76.96977,37.559845],[-77.002173,37.55391],[-77.026138,37.572229],[-77.022294,37.581787],[-77.083051,37.596578],[-77.092457,37.605518],[-77.094281,37.61793],[-76.9655,37.586034],[-76.952195,37.555966],[-76.974462,37.54224],[-76.918025,37.570561],[-76.894073,37.546332],[-76.875672,37.554887],[-76.883668,37.574797],[-76.868343,37.582526],[-76.856038,37.579232],[-76.852654,37.56944],[-76.875969,37.530755],[-76.821478,37.553736],[-76.791783,37.526829],[-76.778871,37.55055],[-76.801027,37.573827],[-76.794961,37.587193],[-76.823639,37.590731],[-76.839562,37.616006],[-76.852522,37.612515],[-76.866143,37.615543],[-76.870614,37.619001],[-76.869936,37.623999],[-76.856882,37.629395],[-76.857943,37.637561],[-76.913186,37.656612],[-76.916635,37.693919],[-76.927853,37.688406],[-76.966154,37.688757],[-77.037004,37.721282],[-77.050737,37.7328],[-77.05978,37.744932],[-77.058958,37.750132],[-76.916247,37.695258],[-76.912204,37.657461],[-76.879013,37.65751],[-76.794062,37.589191],[-76.504793,37.245873],[-76.375535,37.281615],[-76.486263,37.311438],[-76.402915,37.336529],[-76.444914,37.365488],[-76.445346,37.353199],[-76.448642,37.360438],[-76.478318,37.362076],[-76.485988,37.367612],[-76.408715,37.369739],[-76.459137,37.416334],[-76.453342,37.449139],[-76.354721,37.368932],[-76.3668,37.429043],[-76.353733,37.448507],[-76.337394,37.362582],[-76.277798,37.309958],[-76.252015,37.435509],[-76.363094,37.52315],[-76.421379,37.506752],[-76.469252,37.513142],[-76.46444,37.526324],[-76.506268,37.531128],[-76.504377,37.540098],[-76.544807,37.557406],[-76.548267,37.567248],[-76.422682,37.512895],[-76.299375,37.561332],[-76.589958,37.620585],[-76.600088,37.721057],[-76.928607,37.982786],[-76.929071,38.072239],[-77.035851,38.091558],[-77.057344,38.110073],[-77.061705,38.160691],[-77.072802,38.133572],[-77.116081,38.134659],[-77.252895,38.187809],[-77.255497,38.196527],[-77.242742,38.210915],[-77.25076,38.224117],[-77.252181,38.229321],[-77.227819,38.243393],[-77.270521,38.24873],[-77.277132,38.225741],[-77.280072,38.223806],[-77.291419,38.223027],[-77.29385,38.22377],[-77.295423,38.226612],[-77.292671,38.240776],[-77.310575,38.23445],[-77.318895,38.242519],[-77.291569,38.241773],[-77.292872,38.223806],[-77.272683,38.249921],[-77.228141,38.2451],[-77.225311,38.235627],[-77.251424,38.229041],[-77.24059,38.21248],[-77.252955,38.18946],[-77.05859,38.161499],[-76.928012,38.076166],[-76.726007,37.83626],[-76.598261,37.810001],[-76.510872,37.642889],[-76.526772,37.754414],[-76.48317,37.764176],[-76.477074,37.703819],[-76.433377,37.732854],[-76.429128,37.727056],[-76.416538,37.734241],[-76.409684,37.733419],[-76.408474,37.736328],[-76.406392,37.731361],[-76.467275,37.697557],[-76.454097,37.649583],[-76.437454,37.671068],[-76.426572,37.669726],[-76.361417,37.609004],[-76.280311,37.615147],[-76.306923,37.641453],[-76.320176,37.627023],[-76.351797,37.627267],[-76.362031,37.635211],[-76.30687,37.820848],[-76.334056,37.846934],[-76.365862,37.833456],[-76.44092,37.879033],[-76.283325,37.856591],[-76.278169,37.812288],[-76.237888,37.888355],[-76.443166,37.986586],[-76.488558,37.936172],[-76.46393,38.004762],[-76.586598,38.007003],[-76.521048,38.045682],[-76.611985,38.14807],[-76.64798,38.094048],[-76.701296,38.160309],[-76.700516,38.065964],[-76.775815,38.166921],[-77.004461,38.203687],[-76.957795,38.24317],[-77.072612,38.284647],[-77.041621,38.399941],[-77.237045,38.331265],[-77.361704,38.345888],[-77.287378,38.352609],[-77.374884,38.440178],[-77.310946,38.397178],[-77.257369,38.683891],[-77.131226,38.635065],[-77.188768,38.682419],[-77.047079,38.713524],[-77.038863,38.868474],[-77.244887,38.982546],[-77.255807,39.001881],[-77.24804,39.026262],[-77.42874,39.068179],[-77.460279,39.081752],[-77.485442,39.109626],[-77.520694,39.120865],[-77.527781,39.144394],[-77.516421,39.170892],[-77.457674,39.225022],[-77.537429,39.263909],[-77.56085,39.286154],[-77.565355,39.305483],[-77.615934,39.302724],[-77.727226,39.322228],[-77.781558,39.259014],[-77.815121,39.255163],[-77.728335,39.322673],[-77.756386,39.33434],[-77.761139,39.340475],[-77.747919,39.41659],[-77.757966,39.42658],[-77.790426,39.429614],[-77.799528,39.432941],[-77.803161,39.437027],[-77.797645,39.4794],[-77.789632,39.484625],[-77.768736,39.490166],[-77.765965,39.495391],[-77.802238,39.488869],[-77.845433,39.498291],[-77.848011,39.500745],[-77.846454,39.504457],[-77.825426,39.516947],[-77.830253,39.531781],[-77.842423,39.517927],[-77.859368,39.514023],[-77.86578,39.517077],[-77.888721,39.556672],[-77.837575,39.606228],[-77.944341,39.584287],[-77.996693,39.60174],[-77.93591,39.620192],[-77.887273,39.598839],[-77.886608,39.616446],[-77.83691,39.607928],[-77.828706,39.6009],[-77.887149,39.554863],[-77.823876,39.529408],[-77.824099,39.516309],[-77.844064,39.499203],[-77.765015,39.496512],[-77.768474,39.488868],[-77.797043,39.478392],[-77.801692,39.436795],[-77.756424,39.427395],[-77.746578,39.417251],[-77.736003,39.399369],[-77.756742,39.337869],[-77.565395,39.308139],[-77.456084,39.227877],[-77.512147,39.121567],[-77.251196,39.036054],[-77.022514,38.85713],[-76.961665,38.896448],[-77.027201,38.824916],[-77.000872,38.694087],[-77.100956,38.685256],[-77.098802,38.633266],[-77.209622,38.566957],[-77.16046,38.590273],[-77.132467,38.596742],[-77.124509,38.589912],[-77.263439,38.51088],[-77.249505,38.382167],[-77.023397,38.499266],[-76.924729,38.290686],[-76.834287,38.273077],[-76.856459,38.358474],[-76.926566,38.386709],[-76.936496,38.412737],[-76.932575,38.416572],[-76.804546,38.357801],[-76.777515,38.22807],[-76.725261,38.312127],[-76.719368,38.233076],[-76.627236,38.284313],[-76.686864,38.233565],[-76.473274,38.102602],[-76.526151,38.16834],[-76.464779,38.128754],[-76.451718,38.211056],[-76.322123,38.037467],[-76.373577,38.298635],[-76.452983,38.287236],[-76.702647,38.49885],[-76.67415,38.614837],[-76.694082,38.635839],[-76.693732,38.647402],[-76.684635,38.659733],[-76.70026,38.665468],[-76.701515,38.669288],[-76.688562,38.679209],[-76.70375,38.691582],[-76.696064,38.700507],[-76.702832,38.711877],[-76.697901,38.733077],[-76.685837,38.746057],[-76.697434,38.748223],[-76.715549,38.777741],[-76.712401,38.784695],[-76.702237,38.788002],[-76.706097,38.792748],[-76.69997,38.788133],[-76.713093,38.776248],[-76.696108,38.771141],[-76.698467,38.752487],[-76.686772,38.750749],[-76.68348,38.737929],[-76.701443,38.711519],[-76.695371,38.706951],[-76.695238,38.689503],[-76.68645,38.680364],[-76.699798,38.667829],[-76.682379,38.660509],[-76.691877,38.637998],[-76.672042,38.618963],[-76.673391,38.567113],[-76.649755,38.566377],[-76.645364,38.468554],[-76.506984,38.389425],[-76.487636,38.400504],[-76.492651,38.42338],[-76.482174,38.441726],[-76.478226,38.406227],[-76.499243,38.387131],[-76.456354,38.316487],[-76.386254,38.36287],[-76.506287,38.505194],[-76.568805,38.768354],[-76.494076,38.903173],[-76.587823,38.935665],[-76.606113,38.976874],[-76.468508,38.907796],[-76.450776,38.941009],[-76.617388,39.079659],[-76.454495,38.974703],[-76.397512,39.023438],[-76.533386,39.08719],[-76.423452,39.087459],[-76.549245,39.146847],[-76.534164,39.210716],[-76.599266,39.153835],[-76.558759,39.23425],[-76.614136,39.241736],[-76.629547,39.272031],[-76.481379,39.272432],[-76.441439,39.195425],[-76.398018,39.237015],[-76.451226,39.244156],[-76.500361,39.305992],[-76.400808,39.248456],[-76.439915,39.320748],[-76.337634,39.304153],[-76.414636,39.382845],[-76.347729,39.396378],[-76.282034,39.29951],[-76.280148,39.448014],[-76.219739,39.47535],[-76.253327,39.36739],[-76.199873,39.365054],[-76.186337,39.38069],[-76.228905,39.380859],[-76.234118,39.400402],[-76.228874,39.408773],[-76.102308,39.434565],[-76.089088,39.558842],[-75.947009,39.595567],[-76.009142,39.44872],[-75.850499,39.585441],[-75.878097,39.524286],[-75.563555,39.562021],[-75.613917,39.619655],[-75.534017,39.732841],[-75.334822,39.853307],[-75.19649,39.884536],[-75.215025,39.897485],[-75.216769,39.909133],[-75.206759,39.941634],[-75.18024,39.95609],[-75.205645,39.983474],[-75.192186,40.004113],[-75.179106,39.956476],[-75.214016,39.902762],[-75.143559,39.889573],[-75.128616,39.965608],[-74.811262,40.137342],[-74.726045,40.148011],[-74.725426,40.162044],[-74.756247,40.185741],[-74.773784,40.215191],[-74.843206,40.249261],[-74.882812,40.308036],[-74.770613,40.216122],[-74.720716,40.163195],[-74.720563,40.147425],[-74.978825,40.043146],[-74.955388,40.045395],[-74.944771,40.043208],[-74.93093,40.028701],[-74.922441,40.029556],[-74.920964,40.025475],[-74.889399,40.008686],[-74.881385,40.000355],[-74.981998,40.039858],[-75.129556,39.95628],[-75.128821,39.879125],[-75.439948,39.779193],[-75.571831,39.626534],[-75.502303,39.570379],[-75.480254,39.642277],[-75.405401,39.616501],[-75.540788,39.465267],[-75.366068,39.346652],[-75.366625,39.357391],[-75.355757,39.361495],[-75.356618,39.368534],[-75.348613,39.371347],[-75.355635,39.378465],[-75.347887,39.383798],[-75.332667,39.379341],[-75.335117,39.386217],[-75.333186,39.388029],[-75.309243,39.390401],[-75.306554,39.382896],[-75.297287,39.382696],[-75.29357,39.375],[-75.285711,39.382514],[-75.277857,39.379129],[-75.276457,39.384576],[-75.273075,39.386773],[-75.228234,39.382437],[-75.233558,39.404766],[-75.232053,39.420813],[-75.227278,39.381342],[-75.293119,39.373662],[-75.333367,39.386417],[-75.330472,39.380626],[-75.333474,39.37746],[-75.353961,39.378228],[-75.346271,39.372214],[-75.362512,39.345897],[-75.288193,39.291192],[-75.286932,39.302877],[-75.276919,39.307707],[-75.282487,39.314323],[-75.280728,39.327044],[-75.27178,39.342557],[-75.137711,39.1812],[-75.105398,39.216033],[-75.116499,39.222081],[-75.110214,39.227038],[-75.114092,39.227806],[-75.115106,39.231387],[-75.111176,39.23498],[-75.028698,39.218844],[-75.035609,39.229411],[-74.995094,39.275732],[-74.980859,39.273612],[-74.992714,39.282777],[-74.991197,39.287297],[-74.980298,39.297045],[-74.992264,39.293358],[-74.985495,39.298772],[-74.991546,39.299631],[-74.99168,39.306494],[-75.000793,39.308221],[-75.031449,39.35421],[-75.038405,39.365536],[-75.037035,39.378968],[-74.9788,39.297955],[-74.990062,39.280962],[-74.977282,39.279569],[-75.028217,39.19428],[-74.930142,39.201217],[-74.885114,39.171216],[-74.963887,38.930278],[-74.865152,38.936087],[-74.748656,39.149164],[-74.552962,39.287023],[-74.675669,39.289302],[-74.64818,39.301471],[-74.702302,39.332785],[-74.722959,39.368436],[-74.722153,39.438781],[-74.65136,39.309164],[-74.408007,39.364277],[-74.491384,39.398813],[-74.391847,39.442948],[-74.418923,39.55432],[-74.439102,39.538028],[-74.492319,39.551651],[-74.540894,39.57485],[-74.55418,39.59589],[-74.576398,39.597865],[-74.586453,39.605381],[-74.590656,39.611578],[-74.629426,39.619443],[-74.632994,39.621737],[-74.633626,39.6275],[-74.554456,39.600868],[-74.481219,39.55828],[-74.475648,39.562126],[-74.47999,39.566758],[-74.485948,39.578561],[-74.487044,39.584278],[-74.484466,39.594225],[-74.490462,39.598623],[-74.500097,39.622797],[-74.504264,39.624299],[-74.504574,39.631873],[-74.5101,39.634797],[-74.50445,39.636963],[-74.480844,39.599763],[-74.485976,39.583032],[-74.473812,39.562934],[-74.475983,39.554727],[-74.418159,39.5616],[-74.309384,39.538105],[-74.306958,39.509802],[-74.298264,39.537809],[-74.336562,39.579535],[-74.160185,39.703648],[-74.105704,39.931011],[-74.134621,39.928091],[-74.195935,39.948319],[-74.116241,39.944452],[-74.133543,40.029998],[-74.057788,40.049366],[-74.103491,40.046874],[-74.13117,40.064509],[-74.049404,40.065698],[-74.121033,39.79593],[-74.096884,39.764596],[-74.033617,40.101461],[-74.077252,40.089704],[-74.096789,40.103947],[-74.10047,40.123504],[-74.034043,40.104448],[-73.972121,40.327179],[-73.974399,40.404608],[-73.983964,40.44958],[-73.999451,40.470953],[-74.019126,40.471537],[-73.980954,40.413621],[-73.974619,40.364049],[-73.976992,40.341636],[-73.99739,40.335502],[-73.983609,40.325475],[-74.046154,40.317009],[-73.97655,40.368587],[-74.084626,40.342118],[-73.981232,40.385742],[-74.049724,40.456043],[-74.208563,40.436401],[-74.292073,40.505175],[-74.364275,40.470767],[-74.432979,40.48767],[-74.463072,40.507713],[-74.364517,40.471718],[-74.305877,40.511129],[-74.266927,40.499191],[-74.161174,40.735172],[-74.104094,40.720874],[-74.112637,40.761374],[-74.063872,40.80573],[-74.035259,40.809623],[-74.036975,40.826387],[-74.030363,40.849751],[-73.993711,40.873797],[-74.032901,40.808978],[-74.088029,40.779029],[-74.073594,40.744708],[-74.145273,40.644897],[-74.070286,40.660314],[-73.926557,40.918393],[-73.906389,41.141897],[-73.976158,41.229353],[-73.986124,41.32158],[-73.950483,41.395265],[-73.964585,41.40205],[-73.986223,41.437959],[-74.015721,41.453625],[-73.939489,42.073976],[-73.904327,42.171593],[-73.828689,42.252232],[-73.920483,42.087949],[-73.988852,41.504228],[-73.944201,41.392164],[-73.981641,41.319447],[-73.927088,41.304816],[-73.965997,41.249886],[-73.866767,41.136737],[-73.927429,40.780681],[-73.790842,40.804357],[-73.813673,40.823908],[-73.811871,40.855205],[-73.823117,40.86998],[-73.820577,40.884178],[-73.587381,41.048506],[-73.189466,41.186392],[-73.102618,41.151255],[-73.125333,41.173717],[-73.115974,41.217527],[-73.087777,41.277588],[-73.066157,41.297499],[-73.115961,41.33153],[-73.125,41.34654],[-73.064997,41.298365],[-73.108923,41.171672],[-72.887144,41.320517],[-72.894196,41.241953],[-72.343663,41.269006],[-72.386468,41.380387],[-72.424005,41.390975],[-72.47667,41.467582],[-72.551866,41.501714],[-72.559199,41.518279],[-72.55524,41.548405],[-72.641152,41.558266],[-72.651618,41.570729],[-72.667599,41.770729],[-72.623902,41.855283],[-72.625924,41.932338],[-72.604779,41.988413],[-72.608578,41.994565],[-72.610762,42.044139],[-72.584598,42.080567],[-72.623293,42.117283],[-72.629958,42.169503],[-72.626513,42.182812],[-72.61869,42.1875],[-72.580767,42.083239],[-72.645757,41.565761],[-72.558455,41.554816],[-72.476047,41.489794],[-72.357209,41.380212],[-72.323778,41.278296],[-72.204896,41.285762],[-72.194132,41.36806],[-72.094609,41.309683],[-72.11195,41.402836],[-72.082884,41.523969],[-72.064512,41.315324],[-71.480195,41.360477],[-71.402169,41.615009],[-71.458195,41.697149],[-71.355667,41.71777],[-71.39402,41.733419],[-71.407642,41.823552],[-71.384219,41.872287],[-71.360203,41.745815],[-71.302088,41.70599],[-71.281536,41.77017],[-71.27449,41.73352],[-71.288925,41.737467],[-71.299397,41.649256],[-71.115275,41.829768],[-71.069024,41.793365],[-71.208465,41.65329],[-71.194973,41.456394],[-71.072557,41.568983],[-71.037432,41.480942],[-71.003217,41.563243],[-70.953959,41.514158],[-70.916879,41.67788],[-70.853293,41.582837],[-70.76394,41.714105],[-70.715827,41.676431],[-70.75592,41.741274],[-70.741573,41.758821],[-70.674894,41.691808],[-70.495809,41.777357],[-70.537117,41.927834],[-70.710601,42.001526],[-70.648404,42.055876],[-70.63934,41.993488],[-70.598631,42.004675],[-70.768096,42.258833],[-70.883456,42.310182],[-70.857248,42.265327],[-70.961808,42.243021],[-71.022415,42.288067],[-70.96608,42.313452],[-70.95374,42.33064],[-71.045823,42.276243],[-71.010152,42.339163],[-71.052341,42.369352],[-71.088071,42.352326],[-71.110723,42.352037],[-71.118107,42.355755],[-71.117927,42.367584],[-71.124843,42.369162],[-71.128612,42.373799],[-71.049105,42.37249],[-71.093886,42.400016],[-71.073521,42.416915],[-70.953301,42.343852],[-71.011165,42.429999],[-70.909111,42.414638],[-70.831021,42.503085],[-70.887872,42.498003],[-70.925683,42.559808],[-70.660503,42.579432],[-70.590261,42.640564],[-70.823334,42.682006],[-70.867017,42.759562],[-70.771153,42.703693],[-70.804524,42.81637],[-71.015625,42.793527],[-70.80325,42.818398],[-70.842679,42.914806],[-70.711097,43.042253],[-70.857767,43.121836],[-70.833821,43.043567],[-70.927194,43.039763],[-70.86452,43.090279],[-70.914887,43.132274],[-70.827163,43.119341],[-70.845783,43.189515],[-70.81604,43.212637],[-70.819744,43.125728],[-70.665229,43.075515],[-70.633602,43.127722],[-70.6913,43.138964],[-70.70916,43.159211],[-70.623366,43.133575],[-70.562144,43.32169],[-70.332995,43.447103],[-70.369941,43.437598],[-70.446639,43.493095],[-70.197397,43.564807],[-70.310324,43.658679],[-70.095972,43.843103],[-69.948296,43.861993],[-70.043041,43.748121],[-70.014586,43.739732],[-69.861013,43.934781],[-69.855075,43.704491],[-69.778651,43.744253],[-69.829904,43.978661],[-69.917317,43.911837],[-69.933337,43.910673],[-69.965106,43.920074],[-69.823224,44.004703],[-69.789732,44.287825],[-69.676052,44.505467],[-69.609962,44.575335],[-69.787176,44.28551],[-69.754759,44.142472],[-69.830572,43.983403],[-69.760119,43.887911],[-69.606265,44.064818],[-69.682188,43.870515],[-69.597164,43.812515],[-69.591448,43.953306],[-69.537549,44.033785],[-69.581083,43.886663],[-69.509711,43.904128],[-69.514544,43.831557],[-69.370495,44.034777],[-69.394027,44.066124],[-69.376541,44.094447],[-69.306904,43.953721],[-69.186479,44.073598],[-69.164909,44.069233],[-69.260793,43.916643],[-69.123098,44.006763],[-69.114295,44.035087],[-69.137105,44.032682],[-69.12621,44.051024],[-69.147542,44.071767],[-69.144372,44.078687],[-69.073304,44.045967],[-69.108388,44.109972],[-68.947652,44.353293],[-69.033463,44.451903],[-68.811043,44.466526],[-68.802459,44.574285],[-68.74176,44.551732],[-68.820596,44.382398],[-68.726873,44.47055],[-68.665179,44.369502],[-68.759473,44.42461],[-68.828046,44.31201],[-68.750005,44.349148],[-68.523972,44.227845],[-68.584491,44.411675],[-68.481585,44.455549],[-68.466603,44.377578],[-68.458271,44.453478],[-68.503845,44.493115],[-68.422658,44.536594],[-68.42779,44.396213],[-68.353827,44.494735],[-68.346009,44.453905],[-68.269515,44.458321],[-68.320887,44.536858],[-68.223506,44.465765],[-68.293661,44.564942],[-68.246291,44.589326],[-68.217656,44.580927],[-68.251529,44.539712],[-68.102668,44.474412],[-68.05934,44.33296],[-67.958824,44.400702],[-68.029144,44.484257],[-67.967707,44.504046],[-67.93242,44.409817],[-67.9353,44.479157],[-67.905409,44.492444],[-67.89821,44.39429],[-67.8939,44.552155],[-67.812695,44.541927],[-67.8009,44.615945],[-67.786902,44.519739],[-67.750237,44.615421],[-67.726909,44.620071],[-67.716621,44.496148],[-67.658652,44.570733],[-67.565071,44.532802],[-67.56584,44.661608],[-67.368195,44.623643],[-67.452327,44.722656],[-67.18926,44.644045],[-66.949198,44.816855],[-67.062337,44.906585],[-67.023996,44.851059],[-67.039875,44.847761],[-67.040827,44.834406],[-67.054132,44.835969],[-67.05277,44.827055],[-67.056644,44.827848],[-67.057324,44.824074],[-67.068365,44.818157],[-67.072283,44.818607],[-67.049394,44.849755],[-67.10468,44.894384],[-67.085734,44.847223],[-67.133795,44.877344],[-67.129106,44.820543],[-67.166777,44.800658],[-67.221772,44.906429],[-67.110772,44.899676],[-67.173556,44.945144],[-66.982584,44.906335],[-67.163562,45.158453],[-67.323163,45.141744],[-67.159622,45.170293],[-67.190169,45.235259],[-67.082347,45.075335],[-66.965331,45.180491],[-66.840035,45.120543],[-66.91602,45.111853],[-66.893064,45.03631],[-66.77381,45.137318],[-66.808254,45.038265],[-66.488123,45.151786],[-66.459926,45.05694],[-66.251328,45.141906],[-66.260931,45.189079],[-66.303075,45.168861],[-66.332315,45.189699],[-66.269984,45.196146],[-66.228299,45.175781],[-66.218345,45.140743],[-66.04143,45.278553],[-65.909499,45.193522],[-64.866509,45.631645],[-64.779617,45.593453],[-64.642868,45.717702],[-64.734886,45.74496],[-64.567766,45.837073],[-64.702844,45.996503],[-64.706899,46.051705],[-64.723673,46.054263],[-64.741922,46.066979],[-64.747373,46.071368],[-64.756039,46.090305],[-64.78715,46.070896],[-64.852872,46.04862],[-64.906187,46.048883],[-64.936005,46.055864],[-64.762545,46.092615],[-64.75075,46.090436],[-64.727167,46.06005],[-64.70357,46.053108],[-64.567475,45.869979],[-64.548192,45.877877],[-64.549465,45.910571],[-64.527323,45.924891],[-64.540906,45.932949],[-64.534348,45.941492],[-64.52912,45.940711],[-64.492442,45.804526],[-64.550256,45.724646],[-64.339957,45.904884],[-64.274993,45.813456],[-64.324391,45.766517],[-64.295836,45.77861],[-64.258213,45.766925],[-64.243006,45.715432],[-64.295297,45.775598],[-64.369409,45.704796],[-64.339113,45.771416],[-64.293855,45.800873],[-64.335938,45.823382],[-64.573249,45.598357],[-64.913308,45.429758],[-64.945031,45.327232],[-64.773952,45.290341],[-64.568922,45.40625],[-63.887507,45.347459],[-63.778792,45.401257],[-63.391594,45.360573],[-63.355963,45.371708],[-63.328024,45.369577],[-63.315717,45.379987],[-63.30483,45.378605],[-63.324528,45.368344],[-63.355555,45.369274],[-63.395569,45.351367],[-63.450514,45.347274],[-63.479482,45.33055],[-63.390927,45.199332],[-63.375869,45.140275],[-63.397352,45.108561],[-63.504969,45.325612],[-63.787046,45.317306],[-64.171236,45.188297],[-64.19243,45.105244],[-64.011302,45.049253],[-64.123336,45.046943],[-64.135599,45.008828],[-64.069047,45.009778],[-64.060786,45.004166],[-64.057491,44.994895],[-64.043829,44.994915],[-64.038857,44.985999],[-64.192471,44.954258],[-64.170201,45.069025],[-64.387183,45.125501],[-64.331749,45.29781],[-64.499086,45.335953],[-64.399189,45.280257],[-64.948714,45.104455],[-65.742435,44.711772],[-65.726168,44.668174],[-65.423167,44.795159],[-65.40935,44.793137],[-65.40943,44.780643],[-65.395987,44.782116],[-65.385865,44.807086],[-65.378291,44.808406],[-65.389098,44.782716],[-65.513091,44.75255],[-65.685445,44.630116],[-65.653983,44.601937],[-65.639206,44.580137],[-65.640619,44.577061],[-65.766206,44.602981],[-65.785361,44.692189],[-66.113811,44.494643],[-66.203097,44.375049],[-65.981789,44.55801],[-65.845541,44.569371],[-66.127464,44.332569],[-66.214558,44.097926],[-66.17019,43.799926],[-66.119071,43.847231],[-66.12568,43.739776],[-66.078538,43.807447],[-66.065085,43.703784],[-65.981594,43.690987],[-66.014834,43.819983],[-65.974834,43.880085],[-65.993152,43.785414],[-65.942515,43.743098],[-65.930204,43.836181],[-65.867209,43.750024],[-65.883144,43.789035],[-65.862925,43.804076],[-65.804121,43.591194],[-65.774789,43.69723],[-65.730524,43.491946],[-65.575123,43.566636],[-65.471268,43.448702],[-65.483222,43.616516],[-65.339703,43.535333],[-65.377043,43.746493],[-65.236092,43.657374],[-65.23979,43.807248],[-65.127107,43.653136],[-65.092435,43.749591],[-65.07048,43.685932],[-65.000335,43.73025],[-65.047755,43.829799],[-64.961096,43.744869],[-64.975974,43.867215],[-64.834447,43.813241],[-64.782262,43.864191],[-64.829608,43.951915],[-64.660859,43.989049],[-64.664191,44.021564],[-64.724321,44.037951],[-64.735961,44.044316],[-64.761661,44.065211],[-64.553224,44.069006],[-64.614476,44.154817],[-64.492575,44.139112],[-64.351312,44.28749],[-64.504205,44.370525],[-64.244898,44.260586],[-64.341763,44.365015],[-64.209097,44.377199],[-64.253865,44.396858],[-64.264772,44.380174],[-64.290243,44.375609],[-64.312316,44.382546],[-64.252103,44.411393],[-64.330808,44.405886],[-64.381043,44.453278],[-64.303832,44.466187],[-64.305237,44.567961],[-64.168465,44.585699],[-64.077405,44.470452],[-64.00222,44.519905],[-64.065254,44.636303],[-63.889995,44.691374],[-63.938031,44.505435],[-63.790249,44.535759],[-63.815272,44.480529],[-63.764648,44.525474],[-63.648144,44.431839],[-63.518142,44.501702],[-63.618269,44.634096],[-63.569408,44.648438],[-63.657795,44.681747],[-63.66168,44.728331],[-63.451952,44.588982],[-63.453251,44.681563],[-63.281724,44.628],[-63.154893,44.779591],[-63.17011,44.681465],[-63.133397,44.691892],[-63.102897,44.68053],[-63.092786,44.685256],[-63.134518,44.791188],[-63.04898,44.672732],[-63.004689,44.721553],[-63.072647,44.774054],[-63.03842,44.775788],[-63.069692,44.784706],[-63.082571,44.791932],[-63.083295,44.796639],[-63.007691,44.778223],[-62.999741,44.697014],[-62.837219,44.704064],[-62.798244,44.766044],[-62.880764,44.815534],[-62.657511,44.772338],[-62.618686,44.846241],[-62.544259,44.786967],[-62.569693,44.868311],[-62.488957,44.890767],[-62.535961,44.913371],[-62.541344,44.924044],[-62.476671,44.893486],[-62.485969,44.84394],[-62.446255,44.822323],[-62.254844,44.971159],[-61.980887,44.976019],[-61.99705,44.995271],[-62.098649,44.999453],[-62.103265,45.010695],[-61.946103,45.010355],[-61.980356,45.070557],[-61.884995,45.026478],[-61.947174,45.073955],[-61.99882,45.14317],[-61.853948,45.036063],[-61.843198,45.107451],[-61.653727,45.093495],[-61.845453,45.262033],[-61.469567,45.148222],[-61.547102,45.231365],[-61.410631,45.161346],[-61.276445,45.265734],[-61.191142,45.209039],[-61.155295,45.265492],[-61.164707,45.271764],[-61.172557,45.290779],[-61.17415,45.304055],[-61.16694,45.314816],[-61.127968,45.207928],[-60.958529,45.320731],[-61.503611,45.349756],[-61.520986,45.44434],[-61.608784,45.459126],[-61.506629,45.442533],[-61.478851,45.388983],[-61.239535,45.511753],[-61.490277,45.693273],[-61.616849,45.613075],[-61.812523,45.602154],[-61.852066,45.637495],[-61.785998,45.643652],[-61.886419,45.691682],[-61.913352,45.612235],[-61.963532,45.621171],[-61.893682,45.672885],[-61.930315,45.887347],[-62.501089,45.592186],[-62.478056,45.652045],[-62.674019,45.68175],[-62.695081,45.663157],[-62.644791,45.641836],[-62.641757,45.601254],[-62.645349,45.590097],[-62.65302,45.578433],[-62.714543,45.656227],[-62.751109,45.584743],[-62.748273,45.658683],[-62.795654,45.631019],[-62.785009,45.66692],[-62.638412,45.713883],[-62.797413,45.752189],[-62.722839,45.745963],[-62.67993,45.764776],[-63.110063,45.8089],[-63.04103,45.75365],[-63.279012,45.705684],[-63.380281,45.760554],[-63.232813,45.802271],[-63.531908,45.796976],[-63.41248,45.852332],[-63.503188,45.87915],[-63.674815,45.874149],[-63.650006,45.847188],[-63.670436,45.818358],[-63.642444,45.813017],[-63.671859,45.792986],[-63.711151,45.797466],[-63.660603,45.847706],[-63.750234,45.850233],[-63.756277,45.840795],[-63.754399,45.821134],[-63.759323,45.804824],[-63.779956,45.776396],[-63.787194,45.775977],[-63.767672,45.850224],[-63.72736,45.8721],[-64.092955,46.023965],[-63.782691,46.132205],[-64.134028,46.139697],[-64.265988,46.235982],[-64.560766,46.211985],[-64.628622,46.267433],[-64.53475,46.355292],[-64.567224,46.326489],[-64.71068,46.315984],[-64.610716,46.348012],[-64.667992,46.467028],[-64.714906,46.471656],[-64.715824,46.458187],[-64.727267,46.46195],[-64.81795,46.405784],[-64.850665,46.39733],[-64.691043,46.528871],[-64.607663,46.461949],[-64.737523,46.580853],[-64.720275,46.690572],[-64.850372,46.684211],[-64.909435,46.542211],[-64.91995,46.598268],[-65.083804,46.5098],[-65.101202,46.51546],[-64.870142,46.648227],[-64.867156,46.714794],[-64.966906,46.680296],[-64.912769,46.74424],[-64.815469,46.723894],[-64.8965,46.779504],[-64.917164,46.756714],[-64.971322,46.744395],[-64.983462,46.729965],[-65.019974,46.71751],[-64.918964,46.832993],[-64.952194,46.822141],[-64.959474,46.82344],[-64.961524,46.81616],[-64.994465,46.808319],[-64.997386,46.801072],[-65.017378,46.79054],[-65.024377,46.790153],[-64.910182,46.881698],[-64.915606,46.873768],[-64.915565,46.845644],[-64.910682,46.842419],[-64.797503,47.074061],[-65.100978,47.074374],[-65.117745,47.003109],[-65.267128,47.008543],[-65.205532,47.082213],[-65.384981,47.073848],[-65.498014,47.015345],[-65.549546,47.010211],[-65.556916,46.965258],[-65.614447,46.902746],[-65.686804,46.855049],[-65.741448,46.84112],[-65.581769,46.965596],[-65.799327,46.931014],[-65.815525,46.93634],[-65.826669,46.9448],[-65.828016,46.966106],[-65.59142,46.96781],[-65.555608,47.012226],[-65.354952,47.093194],[-65.356299,47.104139],[-65.37684,47.106581],[-65.37942,47.113125],[-64.970369,47.279994],[-64.961941,47.338356],[-65.004296,47.31797],[-65.065586,47.357834],[-65.073835,47.345832],[-65.109979,47.333541],[-65.115593,47.337604],[-65.144381,47.331326],[-65.152911,47.331228],[-65.154538,47.333832],[-65.074496,47.372628],[-64.975365,47.334656],[-64.923131,47.396061],[-64.908518,47.365572],[-64.870804,47.478343],[-64.945045,47.417103],[-65.041211,47.444809],[-64.882515,47.479166],[-64.876367,47.509065],[-64.899674,47.499178],[-64.910926,47.525637],[-64.93938,47.52542],[-64.939669,47.532699],[-64.952494,47.529389],[-64.959613,47.538386],[-64.940045,47.55437],[-64.889614,47.517671],[-64.780365,47.657598],[-65.013991,47.659671],[-64.867464,47.701778],[-64.777336,47.656204],[-64.672422,47.716835],[-64.853799,47.73196],[-64.801549,47.803946],[-65.075289,47.76288],[-64.977234,47.830489],[-65.190627,47.817053],[-65.622574,47.652577],[-65.605356,47.644282],[-65.641843,47.621426],[-65.635773,47.601144],[-65.649891,47.593613],[-65.64545,47.582595],[-65.654652,47.572949],[-65.677362,47.645892],[-65.621163,47.657655],[-65.764402,47.863482],[-66.413485,48.022324],[-66.361305,48.071818],[-66.746224,47.983645],[-66.920511,47.984],[-66.943696,47.900174],[-66.970037,47.914194],[-66.920783,47.9849],[-66.473307,48.120459],[-66.092291,48.092942],[-65.90219,48.233675],[-65.810921,48.120705],[-65.246807,48.013644],[-64.949014,48.150691],[-64.973193,48.198538],[-64.773094,48.205794],[-64.730073,48.339113],[-64.31608,48.419266],[-64.204327,48.525599],[-64.32239,48.611036],[-64.167615,48.625505],[-64.434239,48.770984],[-64.405913,48.818013],[-64.572758,48.818394],[-64.473288,48.837212],[-64.590866,48.896606],[-64.164052,48.748202],[-64.203509,48.861768],[-64.824762,49.17885],[-65.567269,49.257193],[-66.242004,49.19637],[-68.164953,48.642499],[-68.819086,48.365747],[-69.512047,47.941916],[-69.628925,47.747297],[-70.024216,47.485243],[-70.06124,47.370342],[-70.501034,47.009653],[-71.1905,46.8127],[-70.715436,47.108567],[-70.494736,47.441402],[-70.227393,47.490802],[-70.156228,47.660836],[-69.905579,47.769709],[-69.706735,48.097625],[-70.366827,48.341478],[-70.849046,48.321154],[-70.751261,48.389447],[-70.994906,48.448317],[-71.040822,48.429415],[-71.179974,48.452433],[-71.208894,48.4443],[-71.215906,48.447089],[-71.176858,48.457802],[-71.042272,48.433676],[-70.983617,48.461143],[-70.388678,48.372182],[-69.681577,48.13694],[-69.425272,48.298972],[-69.228647,48.573288],[-69.091055,48.598447],[-69.159296,48.654137],[-69.084438,48.636552],[-69.050708,48.776909],[-68.979776,48.767931],[-68.784693,48.892006],[-68.639273,48.899335],[-68.619175,48.919951],[-68.670676,48.913995],[-68.699833,48.94108],[-68.7652,48.94084],[-68.826277,48.954509],[-68.86207,48.963221],[-68.903823,48.9826],[-68.90625,48.98856],[-68.641395,48.932607],[-68.600496,49.04976],[-68.376529,49.136338],[-68.464995,49.044348],[-68.190764,49.099515],[-68.188519,49.159278],[-68.237369,49.158136],[-68.32029,49.181524],[-68.324083,49.190971],[-68.144735,49.202078],[-68.049927,49.294703],[-67.379403,49.316265],[-67.225658,49.484525],[-67.173442,49.776316],[-67.024153,49.839945],[-66.956337,49.981104],[-66.734329,50.041174],[-66.607089,50.1436],[-66.636265,50.171536],[-66.654573,50.209739],[-66.456044,50.12557],[-66.540082,50.211668],[-66.455441,50.269594],[-66.359761,50.186114],[-66.09375,50.1875],[-66.10691,50.230079],[-66.030273,50.261111],[-66.093097,50.251953],[-66.170412,50.26791],[-66.19457,50.277673],[-66.205012,50.308218],[-66.202055,50.315894],[-66.028797,50.267583],[-66.02947,50.252606],[-66.096745,50.224493],[-66.063773,50.199473],[-65.94982,50.290429],[-64.33791,50.282671],[-64.307766,50.315262],[-64.240963,50.312653],[-64.256608,50.332155],[-64.190841,50.454659],[-64.040475,50.641741],[-64.239468,50.312133],[-64.331681,50.282807],[-64.161162,50.255384],[-64.03046,50.305627],[-63.747016,50.327846],[-63.671899,50.303571],[-63.646106,50.311759],[-63.627456,50.31217],[-63.588636,50.303322],[-63.565891,50.311176],[-63.53035,50.316891],[-63.475505,50.310855],[-63.451921,50.321355],[-63.429544,50.313645],[-63.411579,50.321422],[-63.365998,50.330038],[-63.32474,50.31197],[-63.28125,50.344866],[-63.32514,50.310261],[-63.367209,50.328674],[-63.428773,50.312284],[-63.451612,50.320246],[-63.472148,50.308454],[-63.592523,50.30109],[-63.648229,50.308492],[-63.673923,50.301368],[-63.748732,50.324826],[-63.805844,50.294698],[-63.401354,50.201051],[-63.016754,50.315053],[-62.704047,50.311298],[-62.766998,50.275414],[-61.921906,50.237113],[-61.80493,50.193771],[-61.810124,50.126524],[-61.637164,50.145643],[-61.568324,50.242885],[-61.652767,50.265388],[-61.647228,50.29034],[-61.612304,50.313234],[-61.652279,50.317849],[-61.667672,50.329027],[-61.722011,50.429182],[-61.707748,50.579084],[-61.664691,50.71833],[-61.628001,50.736461],[-61.698954,50.789332],[-61.705743,50.810445],[-61.702763,50.838229],[-61.71271,50.853917],[-61.70231,50.877092],[-61.715827,50.89494],[-61.534323,51.084514],[-61.59953,51.112292],[-61.711341,51.209592],[-61.730733,51.244151],[-61.670865,51.329356],[-61.766573,51.341587],[-61.796014,51.371799],[-61.873537,51.551285],[-61.878432,51.573239],[-61.860286,51.573992],[-61.86631,51.586097],[-61.860918,51.598513],[-61.843282,51.607038],[-61.857908,51.614666],[-61.862777,51.62604],[-61.859445,51.651588],[-61.89618,51.674467],[-61.916915,51.739204],[-61.978441,51.754932],[-61.985005,51.769079],[-62.007205,51.767715],[-62.021695,51.779971],[-62.049405,51.823452],[-62.041051,51.859715],[-62.019072,51.782171],[-62.00531,51.76811],[-61.985846,51.771039],[-61.913314,51.741233],[-61.855281,51.652966],[-61.84059,51.606038],[-61.871565,51.550753],[-61.786028,51.480385],[-61.79515,51.37623],[-61.667766,51.332225],[-61.704782,51.212684],[-61.531935,51.086711],[-61.712688,50.894929],[-61.61729,50.736126],[-61.712072,50.426392],[-61.602103,50.318385],[-61.641335,50.278723],[-61.561029,50.239524],[-61.586613,50.154751],[-61.81188,50.109783],[-61.728703,50.085688],[-60.970745,50.200987],[-60.953321,50.232331],[-60.996981,50.227329],[-61.029539,50.253407],[-61.028518,50.260216],[-60.919684,50.241854],[-60.943467,50.183347],[-60.924429,50.217623],[-60.794859,50.260636],[-60.867592,50.201705],[-60.341475,50.208634],[-60.288602,50.344308],[-60.293489,50.221928],[-60.196876,50.28271],[-60.137081,50.268833],[-60.16364,50.193683],[-59.947577,50.252828],[-59.808213,50.335836],[-59.900961,50.370541],[-59.793517,50.451043],[-59.591719,50.494983],[-59.628637,50.542529],[-59.588201,50.574583],[-59.616678,50.65695],[-59.599162,50.700861],[-59.610775,50.720232],[-59.634142,50.721888],[-59.655056,50.743112],[-59.767335,50.992501],[-59.774248,51.022464],[-59.76629,51.036272],[-59.594351,50.705259],[-59.614149,50.657957],[-59.582311,50.576856],[-59.616724,50.543261],[-59.586462,50.497185],[-59.604745,50.465963],[-59.419824,50.547948],[-59.477703,50.565869],[-59.426964,50.66814],[-59.464159,50.660497],[-59.572915,50.673375],[-59.438098,50.673476],[-59.343783,50.648924],[-59.109682,50.816339],[-59.07558,50.752404],[-59.012409,50.73821],[-59.061407,50.775241],[-58.95208,50.815688],[-58.948654,50.988327],[-59.041153,50.966748],[-59.046571,50.995367],[-58.900906,51.058699],[-58.884272,51.031434],[-58.91967,51.001179],[-58.921693,50.944876],[-58.891764,50.94648],[-58.839645,51.087597],[-58.563888,51.17894],[-58.633453,51.197509],[-58.703332,51.274988],[-58.710938,51.452288],[-58.642991,51.221892],[-58.476895,51.309427],[-58.427981,51.313488],[-58.411069,51.284509],[-58.400039,51.297758],[-58.379939,51.277452],[-58.367162,51.291129],[-58.352448,51.275345],[-58.335208,51.280159],[-58.30823,51.261244],[-58.285708,51.264139],[-58.335269,51.368207],[-58.267969,51.392384],[-58.227561,51.263463],[-58.104553,51.379571],[-58.144967,51.278188],[-58.045283,51.363294],[-58.061412,51.300042],[-57.774023,51.395405],[-57.6927,51.481704],[-57.730201,51.51115],[-57.732881,51.550291],[-57.701195,51.595278],[-57.656474,51.63923],[-57.699702,51.420555],[-57.243785,51.504773],[-57.204464,51.410839],[-56.974784,51.420559],[-56.953348,51.492466],[-56.856386,51.459483],[-56.713187,51.575186],[-56.706699,51.660945],[-56.212931,51.784103],[-55.887782,51.962803],[-55.991251,52.027674],[-55.827123,52.003644],[-55.80233,52.091782],[-55.69974,52.08776],[-55.691071,52.169282],[-55.78775,52.202379],[-55.620799,52.217803],[-55.842333,52.232252],[-55.710704,52.287834],[-56.247658,52.448902],[-55.815872,52.33853],[-55.761898,52.342782],[-55.875867,52.364519],[-55.650151,52.353303],[-55.699097,52.408894],[-55.632585,52.434274],[-55.841144,52.526574],[-56.2717,52.534348],[-56.332048,52.568916],[-56.405375,52.564471],[-56.667385,52.638163],[-56.709058,52.657368],[-56.336599,52.580289],[-56.258853,52.542763],[-55.992065,52.558594],[-56.074506,52.581975],[-55.969489,52.622059],[-56.141063,52.658555],[-55.754148,52.617459],[-55.891988,52.639323],[-55.774223,52.692792],[-55.965021,52.681396],[-56.208128,52.843292],[-56.017022,52.777925],[-55.805127,52.837028],[-55.948619,52.991654],[-55.880615,53.008923],[-56.116509,52.963915],[-56.027599,53.015981],[-56.186141,53.035939],[-55.891644,53.020198],[-55.865895,53.094867],[-55.963401,53.110373],[-55.747594,53.135335],[-55.851594,53.204376],[-55.775204,53.194238],[-55.740129,53.251221],[-55.922007,53.300557],[-55.798252,53.335634],[-56.029303,53.370859],[-55.962278,53.400799],[-56.03709,53.472026],[-56.285493,53.561346],[-55.960354,53.543683],[-56.723848,53.681911],[-56.402427,53.715414],[-56.480249,53.788735],[-56.619409,53.758195],[-56.59762,53.70499],[-56.702856,53.76025],[-57.020512,53.713193],[-57.295511,53.463665],[-57.250964,53.428822],[-57.246961,53.419529],[-57.249847,53.412763],[-57.352299,53.377581],[-57.397931,53.379227],[-57.251845,53.419749],[-57.373273,53.42591],[-57.30274,53.569069],[-57.455074,53.562795],[-57.425074,53.621848],[-57.517649,53.580407],[-57.5261,53.579297],[-57.533553,53.582404],[-57.126062,53.734016],[-57.160886,53.787041],[-57.092083,53.807717],[-57.14053,53.822427],[-57.170287,53.807561],[-57.285868,53.821629],[-57.493463,53.859025],[-57.518694,53.870151],[-57.523146,53.879149],[-57.538905,53.882433],[-57.523078,53.883382],[-57.498732,53.862474],[-57.284727,53.822908],[-57.136268,53.827494],[-57.07232,53.810518],[-57.207851,53.87564],[-57.127803,53.9399],[-57.289625,54.001443],[-57.419646,54.187384],[-58.359375,54.20452],[-58.413031,54.130995],[-58.329605,54.088863],[-58.107075,54.13553],[-57.783126,54.074085],[-58.107523,54.105963],[-58.850449,53.949365],[-59.068618,53.789062],[-58.984007,53.75895],[-59.022062,53.712803],[-59.315971,53.696653],[-59.590784,53.529219],[-59.907813,53.530305],[-59.792241,53.491696],[-59.904668,53.486985],[-59.878907,53.464828],[-59.879859,53.420061],[-59.836214,53.414952],[-59.832407,53.41218],[-59.832201,53.406332],[-59.881503,53.418609],[-59.888806,53.467205],[-59.914103,53.475166],[-60.059732,53.341841],[-60.388741,53.336916],[-60.404548,53.395344],[-60.53781,53.346408],[-60.623754,53.339383],[-60.663188,53.354292],[-60.693344,53.380821],[-60.030116,53.4375],[-60.145679,53.521982],[-60.079847,53.568016],[-60.107942,53.685111],[-60.015695,53.711782],[-60.115031,53.76476],[-59.806906,53.792569],[-59.896659,53.820745],[-59.851721,53.849095],[-59.485025,53.831705],[-58.98137,53.964844],[-58.936322,54.018019],[-59.063449,54.025251],[-58.977538,54.044153],[-58.61305,54.039116],[-58.378993,54.225821],[-58.70327,54.138562],[-58.630053,54.121129],[-59.362491,53.9992],[-59.567298,54.034502],[-59.401532,54.027804],[-58.438899,54.238364],[-58.250552,54.245643],[-58.090631,54.321553],[-58.244965,54.331637],[-58.08353,54.384528],[-57.601811,54.383549],[-57.410531,54.462021],[-57.70356,54.482231],[-57.403937,54.49405],[-57.336609,54.581431],[-57.457639,54.658702],[-57.720404,54.638994],[-57.844314,54.741393],[-58.193076,54.745804],[-58.025945,54.753731],[-57.969521,54.785229],[-57.885883,54.785789],[-57.840331,54.811966],[-57.99689,54.786351],[-57.942647,54.931177],[-58.225582,54.878243],[-58.220295,54.787974],[-58.40835,54.786512],[-58.395473,54.734714],[-58.693301,54.841492],[-58.7737,54.783093],[-58.812287,54.852911],[-58.857407,54.812035],[-59.12314,54.825303],[-59.182645,54.766936],[-59.223748,54.754776],[-59.215348,54.741143],[-59.23375,54.732775],[-59.225303,54.755574],[-59.125442,54.826718],[-58.89403,54.860945],[-59.031266,54.893337],[-58.898135,54.942665],[-58.981166,55.027915],[-59.052487,55.000142],[-58.958443,55.072637],[-59.010553,55.150401],[-59.103731,55.068957],[-59.119624,55.125657],[-59.153121,55.066821],[-59.225966,55.087938],[-59.267062,55.026624],[-59.331187,55.019708],[-59.369945,54.981702],[-59.404883,54.970185],[-59.141528,55.149462],[-59.149181,55.23375],[-59.209017,55.163319],[-59.196503,55.234181],[-59.279183,55.195312],[-59.400334,55.024259],[-59.433942,55.078103],[-59.791216,54.885746],[-59.801952,54.785849],[-59.93232,54.743722],[-59.750577,54.966344],[-59.524594,55.043097],[-59.414628,55.158579],[-59.562488,55.068215],[-59.510565,55.218382],[-59.67032,55.112607],[-59.989552,55.109654],[-59.747044,55.195312],[-59.778339,55.332296],[-60.031086,55.227506],[-60.115726,55.118597],[-60.330432,54.974451],[-60.42775,54.934129],[-60.434608,54.872888],[-60.438281,54.866546],[-60.46875,54.851004],[-60.462257,54.909712],[-60.033151,55.264448],[-60.139121,55.234746],[-60.160306,55.193686],[-60.246374,55.156201],[-60.273784,55.119],[-60.292536,55.105441],[-60.322099,55.09953],[-60.136685,55.267156],[-60.25247,55.273727],[-60.694775,54.985392],[-60.362651,55.23959],[-60.489453,55.23036],[-60.554639,55.168082],[-60.62126,55.1525],[-60.626045,55.15592],[-60.390165,55.288138],[-60.356161,55.420295],[-60.195661,55.425097],[-60.277376,55.506909],[-60.281914,55.42453],[-60.318059,55.456343],[-60.369981,55.418994],[-60.336952,55.493992],[-60.404161,55.386311],[-60.48843,55.328375],[-60.519313,55.337384],[-60.308433,55.575299],[-60.457529,55.496105],[-60.398268,55.608443],[-60.531026,55.597951],[-60.375818,55.668109],[-60.32819,55.776903],[-60.526061,55.78212],[-60.6057,55.611915],[-60.649644,55.587713],[-60.658291,55.551456],[-60.694134,55.533397],[-60.59818,55.811223],[-60.765488,55.72212],[-61.033726,55.722656],[-60.795131,55.751006],[-60.726252,55.836261],[-61.541209,55.895805],[-61.072878,55.886995],[-61.14328,55.977255],[-61.420309,55.958277],[-61.476105,55.980686],[-61.403988,56.011564],[-61.523438,56.022879],[-61.509085,56.003312],[-61.526992,55.990388],[-61.702955,55.96093],[-61.878577,55.96792],[-61.904504,55.973534],[-61.924204,55.988765],[-62.09883,55.871398],[-62.125712,55.871561],[-62.144295,55.878268],[-62.193754,55.867401],[-62.212859,55.869775],[-61.950557,55.987481],[-61.92012,55.989367],[-61.8841,55.970454],[-61.707938,55.965989],[-61.523438,55.996931],[-61.537582,56.020793],[-61.489503,56.032333],[-61.291264,56.022533],[-61.350491,56.05152],[-61.258808,56.048775],[-61.24327,56.063728],[-61.310151,56.084513],[-61.422867,56.036908],[-61.49343,56.068502],[-61.325689,56.104704],[-61.435526,56.145762],[-61.336194,56.234187],[-61.693176,56.223183],[-61.724898,56.177767],[-61.75916,56.159155],[-61.765812,56.158432],[-61.774871,56.223748],[-62.046469,56.220595],[-62.105143,56.291418],[-61.577506,56.281107],[-61.922536,56.341627],[-61.773129,56.356135],[-61.917788,56.436051],[-62.077603,56.411899],[-62.22366,56.470659],[-61.646564,56.536288],[-62.225705,56.604166],[-61.903931,56.611814],[-62.52215,56.75602],[-61.67152,56.618211],[-61.831567,56.705609],[-61.701459,56.707641],[-61.743628,56.750486],[-61.915056,56.699533],[-61.933447,56.802541],[-61.655375,56.8104],[-61.4859,56.986179],[-61.355525,56.949524],[-61.361838,57.097483],[-61.731665,57.155789],[-61.637684,57.236164],[-61.797412,57.151837],[-61.985149,57.210002],[-62.040235,57.263826],[-61.862777,57.289493],[-61.932022,57.362702],[-61.807954,57.365785],[-61.892158,57.406798],[-62.185774,57.470397],[-62.383102,57.422701],[-62.579773,57.501936],[-62.363031,57.450201],[-62.28814,57.536779],[-61.892888,57.631512],[-62.021384,57.787071],[-62.152549,57.809132],[-62.079486,57.886978],[-62.13275,57.976919],[-62.186071,57.889933],[-62.284437,57.947419],[-62.305884,57.910354],[-62.357726,57.893749],[-62.348627,57.975168],[-62.427144,57.858207],[-62.456709,57.971231],[-62.678228,57.929025],[-62.320014,58.021721],[-62.409236,58.041711],[-62.379536,58.106835],[-62.542337,58.053711],[-62.445444,58.171021],[-62.54152,58.178429],[-62.538446,58.111836],[-62.570954,58.167608],[-62.949422,58.123296],[-63.125705,58.000462],[-63.367068,57.967688],[-63.15814,58.013871],[-63.13958,58.068566],[-63.191722,58.044976],[-63.2398,58.05769],[-63.008186,58.135692],[-63.070065,58.15879],[-62.588931,58.20185],[-62.656385,58.266858],[-62.920031,58.197906],[-62.609961,58.311092],[-62.705179,58.406236],[-62.557095,58.479483],[-62.805416,58.500682],[-63.176623,58.362769],[-63.094329,58.460897],[-63.282792,58.464025],[-63.608077,58.288698],[-63.335558,58.461944],[-63.562576,58.463855],[-63.443818,58.4985],[-63.465828,58.547959],[-63.165905,58.506546],[-62.90449,58.600679],[-62.850909,58.699218],[-63.090255,58.663936],[-62.899169,58.784889],[-63.065925,58.862407],[-63.025651,58.896818],[-63.111189,58.883378],[-63.176772,58.762887],[-63.148206,58.877139],[-63.192486,58.847657],[-63.360794,58.864409],[-63.138257,58.922887],[-63.234959,58.936459],[-63.175761,58.988552],[-63.317467,58.939543],[-63.219047,59.005682],[-63.35631,59.026429],[-63.139967,59.053569],[-63.390633,59.095374],[-63.538286,59.024296],[-63.846685,59.047245],[-63.8811,58.949826],[-63.91327,59.06223],[-64.050357,59.01796],[-63.95053,59.081962],[-63.447955,59.100351],[-63.358936,59.196917],[-63.464019,59.177037],[-63.459744,59.238281],[-63.379043,59.274651],[-63.443012,59.284348],[-63.572403,59.209386],[-63.641881,59.214406],[-63.513953,59.312282],[-63.643507,59.360732],[-63.756246,59.246233],[-63.839485,59.241252],[-63.702928,59.369622],[-64.063704,59.381825],[-63.819785,59.404576],[-63.723626,59.511875],[-64.004912,59.631068],[-64.123384,59.515644],[-64.040943,59.643308],[-63.947545,59.635264],[-63.913301,59.67044],[-64.174132,59.68893],[-64.274078,59.78047],[-64.173441,59.78218],[-64.128823,59.904881],[-64.305954,59.948439],[-64.159649,60.0],[-44.752152,59.983917],[-44.69162,60.087747],[-44.742763,60.122797],[-44.663673,60.099509],[-44.612524,59.972228],[-44.460819,60.166111],[-44.312593,60.137701],[-44.26046,60.188513],[-44.331352,60.228297],[-44.211002,60.219326],[-44.27361,60.327735],[-44.169814,60.229282],[-44.087433,60.275116],[-44.119041,60.398755],[-44.050213,60.295372],[-43.900475,60.317128],[-44.134561,60.231342],[-44.159958,60.148087],[-43.62312,60.184171],[-43.605212,60.126425],[-43.1187,60.066517],[-43.0801,60.113376],[-43.320415,60.213607],[-43.086225,60.227566],[-43.196414,60.255804],[-43.11116,60.317152],[-43.604357,60.304013],[-43.269272,60.433971],[-43.710243,60.520077],[-43.792595,60.517177],[-43.755005,60.457737],[-43.809278,60.438692],[-43.831216,60.532608],[-44.189798,60.565804],[-44.139074,60.590754],[-44.195033,60.623749],[-43.624694,60.533302],[-43.725012,60.705347],[-43.630915,60.705364],[-43.581058,60.528821],[-43.215295,60.451772],[-43.125626,60.46978],[-43.32509,60.545826],[-43.063575,60.490822],[-43.148347,60.535372],[-42.831413,60.567284],[-43.149196,60.593054],[-42.828167,60.592432],[-42.754593,60.681009],[-42.913106,60.608053],[-43.290022,60.666847],[-42.946483,60.63567],[-42.744521,60.718431],[-42.790939,60.745897],[-43.562779,60.842414],[-42.797091,60.790443],[-43.478539,60.910922],[-42.956222,60.878002],[-42.721109,60.932289],[-42.811644,61.008523],[-42.692799,60.969337],[-42.654357,61.019729],[-42.76681,61.040723],[-42.695938,61.05338],[-43.641492,61.120583],[-42.634203,61.085486],[-43.165703,61.202149],[-42.558706,61.184862],[-42.65064,61.249718],[-42.904056,61.228475],[-42.749936,61.267233],[-43.233376,61.327849],[-42.638421,61.280279],[-42.70793,61.3062],[-42.394497,61.39349],[-42.477764,61.426449],[-42.39605,61.487389],[-42.488549,61.458035],[-42.48424,61.420784],[-42.592849,61.456663],[-42.524115,61.523266],[-42.942549,61.507827],[-43.062174,61.591379],[-42.441808,61.543742],[-42.485344,61.620169],[-42.374722,61.594435],[-42.441523,61.630819],[-42.2254,61.700678],[-42.613495,61.689527],[-42.874058,61.75724],[-42.768677,61.811413],[-42.59473,61.725569],[-42.354261,61.744967],[-42.192548,61.857662],[-42.44035,61.902637],[-42.218575,61.902294],[-42.107518,61.996322],[-42.529187,61.930266],[-42.403556,62.012391],[-42.540729,62.031761],[-42.285533,62.099018],[-42.344242,62.12923],[-42.24209,62.227421],[-42.324953,62.237973],[-42.329285,62.255102],[-42.255695,62.289648],[-42.628202,62.319952],[-43.019387,62.504046],[-42.712166,62.490698],[-42.324379,62.349518],[-42.143427,62.377681],[-42.556507,62.464728],[-42.451046,62.457517],[-42.547187,62.53072],[-42.412017,62.45293],[-42.316855,62.462618],[-42.370807,62.556498],[-43.121556,62.681637],[-43.139289,62.746516],[-42.68447,62.667389],[-42.709083,62.784548],[-42.632742,62.672506],[-42.564982,62.692091],[-42.602123,62.758121],[-42.494009,62.690775],[-42.581697,62.824891],[-42.498551,62.76653],[-42.412478,62.822356],[-42.607367,62.852834],[-42.43388,62.858847],[-42.438229,62.910922],[-42.27438,62.942433],[-42.378877,62.886686],[-42.223472,62.86746],[-42.365909,62.851166],[-42.347151,62.801412],[-42.045875,62.774356],[-41.984093,62.79116],[-42.043256,62.869004],[-41.939582,62.897705],[-41.994936,62.836837],[-41.834388,62.806497],[-41.752978,62.83498],[-41.816857,62.860345],[-41.751109,62.866004],[-41.775249,62.926314],[-41.602296,62.931575],[-41.820113,63.015431],[-42.180328,63.017107],[-42.012723,63.028753],[-42.237692,63.099525],[-42.14264,63.127279],[-42.168855,63.210036],[-41.972038,63.057415],[-41.992268,63.103307],[-41.540025,63.032615],[-42.115352,63.259711],[-41.444249,63.107386],[-41.555192,63.078914],[-41.506565,63.043894],[-41.31512,63.056242],[-41.638438,63.245945],[-41.571454,63.251381],[-41.617026,63.293438],[-41.834491,63.33189],[-41.692852,63.33498],[-41.933215,63.469458],[-41.750515,63.558054],[-41.561808,63.427495],[-41.13312,63.300254],[-41.597516,63.486289],[-41.494585,63.467846],[-41.501318,63.531961],[-41.244967,63.397379],[-41.450765,63.555372],[-41.430321,63.561659],[-41.024595,63.324766],[-41.117164,63.390531],[-41.014861,63.41918],[-41.137087,63.423967],[-41.306694,63.555651],[-41.081624,63.433428],[-40.98844,63.447075],[-41.15776,63.516299],[-40.755725,63.503248],[-40.807867,63.536854],[-40.7419,63.582001],[-40.824475,63.559026],[-40.91067,63.579101],[-40.817966,63.585048],[-40.881322,63.649635],[-41.588787,63.739159],[-41.668311,63.810922],[-41.456874,63.869769],[-41.38959,63.77952],[-41.015183,63.695663],[-40.510455,63.693175],[-40.646742,63.791225],[-40.582717,63.822756],[-40.617219,63.919117],[-40.840163,63.939056],[-40.609684,63.959581],[-40.648587,63.995744],[-40.539595,64.064112],[-40.587823,64.112338],[-40.887783,64.16625],[-41.000016,64.072781],[-41.079731,64.14227],[-41.435534,64.159297],[-41.471591,64.21691],[-41.394205,64.210882],[-41.550904,64.259625],[-41.34482,64.347418],[-41.107889,64.299631],[-40.694129,64.310977],[-40.925606,64.33259],[-40.634675,64.395411],[-40.544263,64.318171],[-40.341987,64.350958],[-40.623858,64.454874],[-40.553146,64.492321],[-40.587375,64.667571],[-40.992502,64.817948],[-40.887203,64.834588],[-40.86859,64.866123],[-41.186919,64.960518],[-40.966743,64.965511],[-41.137977,65.144135],[-40.825519,65.062853],[-40.85783,65.110631],[-40.763185,65.109473],[-40.674028,65.032078],[-40.640846,65.187584],[-40.221046,64.990772],[-40.183678,65.064297],[-39.935162,65.085304],[-40.06002,65.175424],[-39.846114,65.163431],[-39.975669,65.21962],[-39.685218,65.244529],[-39.89285,65.367097],[-39.706951,65.413776],[-40.093069,65.488176],[-39.911434,65.488442],[-39.984603,65.546405],[-39.934092,65.57084],[-39.705332,65.500545],[-39.711612,65.56146],[-39.614906,65.548406],[-39.727149,65.579961],[-39.528211,65.611249],[-39.613746,65.65652],[-39.566751,65.674033],[-39.414629,65.654474],[-39.454842,65.610788],[-39.372383,65.531945],[-39.249162,65.625315],[-39.274998,65.535468],[-39.226461,65.604465],[-39.125927,65.573809],[-39.268445,65.742188],[-38.870312,65.513486],[-38.90558,65.565988],[-38.768209,65.614064],[-38.528299,65.56848],[-38.666937,65.618505],[-38.681927,65.697041],[-38.474282,65.611553],[-38.4562,65.708578],[-38.359041,65.663695],[-38.434215,65.646057],[-38.417809,65.589075],[-38.355775,65.660536],[-38.184096,65.626037],[-38.129276,65.665317],[-38.196792,65.691834],[-38.093985,65.720875],[-38.156805,65.762125],[-38.039213,65.790853],[-38.260984,65.805337],[-38.212186,65.835521],[-38.417012,65.905469],[-38.430938,65.99086],[-38.243275,65.886644],[-38.103964,65.89835],[-38.154422,65.933393],[-38.154458,65.982914],[-37.962247,65.925179],[-37.921675,66.071232],[-38.043108,66.067266],[-38.104378,66.088024],[-37.81927,66.168594],[-37.98509,66.229212],[-37.780466,66.195954],[-37.676731,66.256914],[-38.075366,66.337422],[-37.84541,66.359568],[-37.840123,66.421067],[-37.572875,66.307549],[-36.817501,66.39773],[-37.30905,66.276968],[-37.612856,66.052508],[-37.77947,66.026287],[-37.721422,66.012726],[-37.76778,65.965691],[-37.637012,65.982513],[-37.779437,65.8881],[-37.66205,65.9408],[-37.192657,65.753174],[-37.296259,65.834885],[-37.13173,65.785446],[-37.079078,65.8566],[-37.138298,65.854025],[-37.425278,65.944662],[-37.452715,66.013241],[-37.396006,65.953417],[-37.279206,65.901661],[-37.141369,65.87368],[-37.175201,65.944061],[-37.105391,65.963974],[-37.255308,66.105251],[-37.096648,65.972042],[-37.030005,66.070824],[-37.087614,65.935407],[-36.892219,65.872736],[-37.016182,65.853204],[-37.008337,65.827187],[-36.854512,65.861728],[-36.805544,65.907535],[-36.900873,65.921976],[-36.477075,65.99796],[-36.646992,66.101646],[-36.325732,66.074438],[-36.403463,66.017464],[-36.379095,65.905286],[-36.257521,66.011438],[-36.272447,65.942712],[-36.210309,65.986547],[-36.242674,65.931399],[-36.095712,65.921535],[-35.912778,66.011113],[-35.875695,66.059761],[-35.978009,66.069921],[-35.926756,66.093544],[-35.731267,66.082444],[-36.00656,66.105595],[-35.699137,66.124909],[-35.780144,66.206583],[-35.569909,66.140054],[-35.720216,66.218109],[-35.551619,66.256397],[-35.864804,66.263813],[-35.67365,66.320515],[-35.882045,66.447545],[-35.717113,66.45175],[-35.801748,66.419503],[-35.599578,66.292143],[-35.471563,66.329058],[-35.211152,66.245407],[-35.059409,66.265747],[-35.257367,66.313548],[-35.148981,66.412176],[-35.166281,66.330887],[-35.018841,66.288618],[-34.911342,66.360083],[-34.769483,66.332531],[-34.77585,66.398437],[-34.68613,66.366152],[-34.719618,66.434588],[-34.441116,66.528914],[-34.558409,66.637197],[-34.445476,66.671749],[-34.445336,66.742011],[-34.395154,66.584974],[-34.2774,66.677803],[-34.331085,66.569857],[-34.055933,66.730564],[-34.131257,66.812104],[-33.947654,66.759325],[-34.098746,66.877728],[-33.88535,66.968305],[-34.097346,67.01025],[-33.764693,66.987333],[-33.930223,67.017375],[-33.560304,67.087326],[-33.559556,67.200977],[-33.672998,67.242005],[-33.367621,67.254401],[-33.637241,67.369388],[-33.354507,67.369562],[-33.312554,67.407527],[-33.433723,67.444068],[-33.311082,67.478384],[-33.412785,67.556352],[-33.089517,67.636817],[-33.346325,67.73205],[-32.949383,67.684622],[-32.546991,67.872664],[-32.172979,67.844934],[-32.213222,67.932587],[-32.036661,67.928467],[-32.158477,68.039532],[-32.017657,68.043107],[-32.068929,68.131371],[-31.986946,68.142225],[-32.485606,68.19952],[-32.108533,68.191722],[-32.247767,68.352849],[-32.810779,68.543996],[-32.529899,68.556584],[-32.561996,68.638458],[-32.417625,68.580292],[-32.361858,68.437441],[-32.186226,68.497867],[-32.214049,68.407502],[-32.047503,68.276613],[-31.518783,68.258936],[-31.768873,68.211141],[-31.684978,68.19231],[-31.765063,68.144983],[-31.600577,68.082898],[-31.430158,68.097103],[-31.517574,68.164673],[-31.332647,68.167763],[-31.479229,68.145608],[-30.913321,68.074636],[-31.179934,68.199434],[-30.998981,68.215914],[-30.876609,68.097688],[-30.455095,68.094206],[-30.509511,68.203125],[-30.859254,68.279257],[-30.761625,68.306293],[-30.407237,68.257971],[-30.359348,68.119633],[-30.043868,68.146793],[-30.12553,68.243164],[-30.316192,68.276902],[-29.991422,68.275653],[-30.090143,68.324892],[-29.97355,68.432861]]]]}}