{"type":"Feature","properties":{"name":"Newfoundland-Labrador Shelves Federal Marine Bioregion (Canada)","source":"Fisheries and Oceans Canada (DFO), Marine Planning and Conservation Directorate, Federal Marine Bioregions","source_url":"https://open.canada.ca/data/en/dataset/23eb8b56-dac8-4efc-be7c-b8fa11ba62e9","source_record":"23eb8b56-dac8-4efc-be7c-b8fa11ba62e9","license":"Open Government Licence - Canada","components":["Newfoundland-Labrador Shelves"],"retrieved":"2026-10-07","note":"Reprojected from Canada Albers Equal Area Conic (NAD83) to WGS84, the Albers edges densified at 2 km first. Interior rings that are islands are dropped: land is excluded by sst_daily holding ocean cells only, not by the geometry. The one interior ring kept is Saint-Pierre et Miquelon's French maritime zone, which is water the region does not cover. Parts holding no 0.05-degree cell centre are dropped. This is Canada's own marine-planning framework, not a maritime limit: the dataset describes its boundaries as fuzzy and revisable on ecosystem grounds. Longitudes are 0-360, as everywhere else in this project.","simplify_tolerance_deg":0.005,"dfo_area_km2":1041588,"cells":55110,"cells_moved_by_simplification":122},"geometry":{"type":"MultiPolygon","coordinates":[[[[302.61465,54.14956],[302.59358,54.15482],[302.6142,54.161],[302.59439,54.16782],[302.60077,54.17659],[302.57729,54.18099],[302.58704,54.18464],[302.55733,54.18575],[302.5521,54.19569],[302.54242,54.19018],[302.51073,54.1945],[302.47153,54.17728],[302.47011,54.18599],[302.45421,54.19385],[302.44292,54.18061],[302.42331,54.17827],[302.43029,54.16442],[302.39601,54.16398],[302.36823,54.16841],[302.40509,54.17293],[302.40319,54.1805],[302.41241,54.18511],[302.39057,54.19126],[302.39531,54.19916],[302.38229,54.20308],[302.26252,54.20016],[302.24194,54.18684],[302.22422,54.1906],[302.25846,54.21143],[302.2532,54.21495],[302.2064,54.21423],[302.15677,54.19664],[302.14291,54.2147],[302.12119,54.20915],[302.04737,54.21342],[302.02107,54.22529],[301.99741,54.21952],[301.95474,54.23188],[301.92307,54.22144],[301.87817,54.21965],[301.83112,54.23066],[301.77424,54.21327],[301.80965,54.20337],[301.63834,54.19538],[301.62595,54.18756],[301.59797,54.1288],[301.62428,54.11565],[301.67309,54.11154],[301.69772,54.09612],[301.68401,54.09357],[301.68292,54.08583],[301.74554,54.08788],[301.7719,54.11352],[301.84703,54.1336],[302.01733,54.11665],[302.06408,54.0953],[302.09182,54.106],[302.15171,54.09922],[302.15822,54.10481],[302.21849,54.09068],[302.20998,54.08421],[302.22762,54.07977],[302.23133,54.06942],[302.19297,54.06352],[302.18593,54.07004],[302.11913,54.07765],[302.06497,54.06627],[301.9061,54.09886],[301.84943,54.09155],[301.79108,54.06299],[301.67461,54.05352],[301.61948,54.02324],[301.59487,54.01878],[301.55517,54.02526],[301.49671,54.00685],[301.44206,54.00731],[301.42639,54.04723],[301.41413,54.05172],[301.48938,54.10421],[301.46379,54.11664],[301.50283,54.12139],[301.55967,54.14394],[301.56145,54.16012],[301.62608,54.2202],[301.60024,54.22695],[301.57266,54.21911],[301.53154,54.19294],[301.4526,54.18482],[301.37591,54.15013],[301.31003,54.13377],[301.33947,54.11837],[301.33437,54.11705],[301.2678,54.12603],[301.22399,54.11714],[301.2065,54.10386],[301.0323,54.06812],[301.0138,54.05824],[300.88952,54.0545],[300.63791,53.99757],[300.54223,54.00038],[300.48427,53.984],[300.49081,54.01045],[300.42343,54.01669],[300.42664,54.02626],[300.41663,54.03246],[300.43672,54.02554],[300.45232,54.03368],[300.50702,54.03411],[300.55186,54.02361],[300.61046,54.02626],[300.76737,54.07915],[300.98201,54.10715],[301.10521,54.13684],[301.16602,54.14194],[301.21693,54.12795],[301.32322,54.14481],[301.38649,54.16393],[301.43176,54.20106],[301.51738,54.21002],[301.57483,54.23506],[301.61483,54.23132],[301.7827,54.2467],[301.77128,54.26217],[301.74229,54.26854],[301.74182,54.27563],[301.79903,54.2903],[301.84388,54.28938],[301.91481,54.31222],[301.90456,54.31856],[301.72182,54.30126],[301.7655,54.32733],[301.83254,54.33271],[301.79717,54.3369],[301.78702,54.34618],[301.81078,54.34423],[301.83484,54.35801],[301.92016,54.3683],[301.94175,54.37846],[301.95909,54.37292],[301.9637,54.36303],[302.00767,54.37462],[302.05961,54.37305],[302.07666,54.38531],[302.089,54.3819],[302.1398,54.39584],[302.15686,54.39279],[302.14958,54.37329],[302.17341,54.36532],[302.18905,54.36526],[302.19388,54.37522],[302.21555,54.38532],[302.22997,54.37706],[302.31258,54.3643],[302.41313,54.37853],[302.41988,54.38685],[302.40423,54.38693],[302.42095,54.4051],[302.4459,54.40345],[302.50745,54.42433],[302.46486,54.43914],[302.47261,54.45086],[302.51159,54.4473],[302.52241,54.45758],[302.50568,54.46615],[302.54264,54.46149],[302.54504,54.44957],[302.56966,54.4358],[302.5808,54.45109],[302.60074,54.4566],[302.518,54.47526],[302.48613,54.46702],[302.44042,54.46978],[302.31389,54.45767],[302.31453,54.47593],[302.35807,54.48307],[302.38248,54.47802],[302.60741,54.48774],[302.63534,54.50129],[302.61333,54.51319],[302.63299,54.53217],[302.63057,54.54341],[302.61235,54.55341],[302.6482,54.54897],[302.67889,54.57386],[302.62668,54.59351],[302.60117,54.57556],[302.57909,54.59339],[302.58812,54.59936],[302.57978,54.60434],[302.60394,54.61318],[302.56343,54.61336],[302.55382,54.62338],[302.57544,54.64187],[302.55906,54.65067],[302.48075,54.645],[302.48388,54.65772],[302.47407,54.65838],[302.43641,54.6475],[302.44305,54.64006],[302.43515,54.63291],[302.40272,54.63699],[302.37551,54.62245],[302.33573,54.62186],[302.2927,54.63342],[302.27411,54.6671],[302.29044,54.67752],[302.269,54.68158],[302.26056,54.67147],[302.23051,54.67659],[302.22865,54.69306],[302.21711,54.7056],[302.19177,54.70356],[302.16814,54.73389],[302.13058,54.73227],[302.11919,54.74069],[302.09512,54.7329],[302.06888,54.74453],[302.03885,54.73569],[302.02185,54.71909],[302.03275,54.71616],[302.0293,54.71029],[302.0121,54.71331],[302.00108,54.70574],[301.98789,54.71007],[302.00378,54.72054],[301.99371,54.73234],[301.97118,54.73134],[301.93934,54.71703],[301.94298,54.73545],[301.92888,54.72929],[301.8204,54.73761],[301.81682,54.74588],[301.82907,54.75505],[301.85476,54.7558],[301.84275,54.74343],[301.84866,54.74311],[301.87049,54.75464],[301.88318,54.74736],[301.902,54.75323],[301.93597,54.74561],[301.99603,54.74736],[302.00625,54.76271],[302.02482,54.77108],[302.1183,54.77677],[302.15053,54.78898],[302.15475,54.80169],[302.17349,54.80478],[302.17286,54.82259],[302.15442,54.83273],[302.13668,54.8262],[302.13758,54.79058],[302.1045,54.80782],[302.09692,54.82964],[302.05333,54.7884],[302.03313,54.77938],[302.02759,54.79499],[302.03971,54.79251],[302.0353,54.80696],[302.0485,54.81792],[302.03873,54.82037],[302.0244,54.81034],[302.04204,54.85477],[302.01298,54.86713],[302.07148,54.87344],[302.07502,54.91195],[302.05615,54.92254],[302.01182,54.89955],[301.95385,54.88819],[301.94323,54.87307],[301.87267,54.87053],[301.85162,54.86014],[301.83913,54.83774],[301.79336,54.87585],[301.78606,54.86273],[301.78999,54.81749],[301.80369,54.80565],[301.78624,54.77715],[301.76227,54.78892],[301.74537,54.78164],[301.67135,54.7868],[301.60781,54.77787],[301.59799,54.7691],[301.62816,54.74404],[301.62766,54.7315],[301.61124,54.72533],[301.56331,54.7399],[301.57937,54.75725],[301.5739,54.76896],[301.5522,54.75898],[301.50121,54.76716],[301.48982,54.75795],[301.44608,54.74891],[301.44003,54.75629],[301.44742,54.76419],[301.5091,54.79879],[301.4563,54.78051],[301.46143,54.80235],[301.40949,54.78541],[301.32889,54.79593],[301.31372,54.81527],[301.31979,54.83163],[301.27856,54.82775],[301.23618,54.77367],[301.24437,54.8215],[301.23672,54.82957],[301.20699,54.82691],[301.2059,54.84312],[301.19162,54.84144],[301.17686,54.82357],[301.17894,54.81397],[301.16564,54.80474],[301.14982,54.80422],[301.12673,54.82566],[301.08291,54.82745],[301.0162,54.8155],[300.96002,54.82853],[300.89344,54.8204],[300.9613,54.8324],[301.00802,54.81991],[301.05753,54.82426],[301.11839,54.8522],[301.08528,54.8564],[301.1082,54.86987],[301.11821,54.88826],[301.11232,54.90405],[301.06837,54.90401],[301.05879,54.87148],[301.03965,54.86572],[301.03301,54.88425],[301.02076,54.88482],[301.0312,54.87583],[301.01282,54.86846],[300.99402,54.87593],[301.00246,54.8811],[300.98568,54.8906],[301.03849,54.89721],[301.03775,54.9141],[301.02998,54.91987],[301.07033,54.9179],[301.11481,54.9362],[301.10023,54.9393],[301.09819,54.95141],[301.04507,54.9811],[301.02491,54.98379],[301.02148,55.00458],[301.03452,55.01746],[301.03124,55.02867],[300.99055,54.99002],[300.98571,55.00261],[300.96296,54.99732],[300.99638,55.03239],[301.0557,55.06723],[301.0521,55.09623],[301.06275,55.10776],[301.05935,55.12923],[301.04414,55.12595],[301.02991,55.09939],[301.01682,55.11638],[301.01676,55.14489],[300.99065,55.15173],[300.95972,55.14082],[300.95345,55.14521],[300.93493,55.10361],[300.93766,55.08466],[300.90939,55.06619],[300.89253,55.0759],[300.91399,55.09261],[300.91557,55.10902],[300.90839,55.12549],[300.89565,55.1256],[300.85486,55.09877],[300.86792,55.07791],[300.86287,55.06518],[300.83935,55.09865],[300.82074,55.08396],[300.81134,55.0911],[300.78978,55.08669],[300.77161,55.0729],[300.77253,55.05944],[300.78307,55.05001],[300.75346,55.03927],[300.75933,55.03467],[300.74842,55.02516],[300.702,55.00562],[300.70294,55.01314],[300.68956,55.01984],[300.65107,54.99772],[300.64114,54.97382],[300.61444,54.96599],[300.63415,54.98253],[300.63764,55.0019],[300.68618,55.03058],[300.70086,55.03026],[300.70622,55.04049],[300.74714,55.06167],[300.74877,55.08423],[300.77435,55.11029],[300.84469,55.12461],[300.87309,55.1488],[300.88853,55.1797],[300.88356,55.18909],[300.89025,55.20249],[300.88041,55.22606],[300.86939,55.23275],[300.84846,55.22447],[300.86066,55.21708],[300.82683,55.20206],[300.80686,55.16206],[300.78746,55.1679],[300.79668,55.1708],[300.79055,55.1827],[300.80063,55.18833],[300.79641,55.19634],[300.81004,55.21882],[300.74057,55.19535],[300.73305,55.17716],[300.7047,55.15271],[300.71615,55.14716],[300.62754,55.06308],[300.61617,55.02346],[300.60821,55.02236],[300.59848,55.03474],[300.61273,55.0561],[300.59732,55.06211],[300.59358,55.07673],[300.58047,55.07748],[300.50209,55.01447],[300.4946,55.0177],[300.46378,54.99868],[300.44602,54.97343],[300.44419,54.98622],[300.43591,54.99013],[300.42896,54.97305],[300.39615,54.94604],[300.36998,54.94523],[300.34493,54.93596],[300.32172,54.91141],[300.30155,54.91421],[300.23008,54.88704],[300.19603,54.81869],[300.20311,54.81388],[300.19981,54.79153],[300.21475,54.78237],[300.08591,54.73904],[300.05651,54.75584],[300.10017,54.75613],[300.17025,54.80254],[300.19697,54.84287],[300.14754,54.84092],[300.14205,54.84959],[300.15003,54.86532],[300.17306,54.88079],[300.23096,54.89958],[300.27515,54.9298],[300.29677,54.95688],[300.26941,54.95582],[300.26638,54.96772],[300.31632,54.97096],[300.32962,54.9935],[300.33716,54.99415],[300.34019,54.97886],[300.39121,55.00195],[300.43967,55.03915],[300.45587,55.0644],[300.461,55.06118],[300.45003,55.04185],[300.45747,55.03314],[300.47137,55.03354],[300.49222,55.04805],[300.50934,55.0799],[300.50267,55.08677],[300.52047,55.10812],[300.58273,55.12126],[300.56773,55.12886],[300.58087,55.15502],[300.60126,55.15993],[300.54912,55.16271],[300.51899,55.1453],[300.48789,55.14225],[300.49298,55.13562],[300.47044,55.11611],[300.45038,55.07013],[300.44609,55.07698],[300.46691,55.12023],[300.45587,55.12849],[300.47313,55.13981],[300.48263,55.13544],[300.4848,55.14934],[300.51034,55.1531],[300.50724,55.15927],[300.52055,55.17129],[300.51965,55.19251],[300.50214,55.19464],[300.51312,55.20987],[300.50327,55.21903],[300.47231,55.20025],[300.48963,55.18307],[300.46802,55.17609],[300.47073,55.16993],[300.45008,55.17572],[300.40962,55.15719],[300.3971,55.14127],[300.3909,55.15657],[300.40051,55.16132],[300.40152,55.18093],[300.41426,55.17929],[300.41478,55.18977],[300.40205,55.1921],[300.40652,55.20029],[300.37652,55.19061],[300.37155,55.17284],[300.37901,55.16301],[300.36974,55.15255],[300.38351,55.13608],[300.36036,55.13023],[300.34789,55.11682],[300.32706,55.14494],[300.27691,55.14829],[300.2151,55.135],[300.227,55.1295],[300.21616,55.11538],[300.19586,55.11475],[300.19024,55.10632],[300.16646,55.12257],[300.15249,55.11324],[300.14893,55.1185],[300.12462,55.11124],[300.14418,55.12329],[300.14346,55.13971],[300.10442,55.13226],[300.0925,55.14071],[300.07693,55.1266],[300.02913,55.11023],[300.04788,55.12777],[300.03559,55.14876],[300.04634,55.15012],[300.05277,55.16904],[300.09014,55.14756],[300.19262,55.1704],[300.22513,55.20361],[300.23901,55.19355],[300.26694,55.19689],[300.27755,55.22673],[300.25602,55.22839],[300.2388,55.22046],[300.26047,55.23636],[300.25377,55.24801],[300.28323,55.23834],[300.29615,55.25563],[300.29075,55.27755],[300.26567,55.28924],[300.24197,55.27198],[300.2514,55.30456],[300.22461,55.3028],[300.23276,55.33193],[300.2421,55.33499],[300.23163,55.33467],[300.20029,55.31221],[300.16387,55.3059],[300.1201,55.25879],[300.11213,55.2645],[300.09374,55.2586],[300.08893,55.25382],[300.11006,55.24535],[300.09563,55.23056],[300.04457,55.23586],[300.057,55.25614],[300.04862,55.25615],[300.02742,55.24272],[300.03339,55.23519],[299.9847,55.22565],[299.98429,55.21812],[300.00663,55.2188],[299.98786,55.20125],[299.96474,55.20309],[299.9452,55.18827],[299.91334,55.12716],[299.74936,55.03903],[299.69448,54.98353],[299.71437,55.04583],[299.71036,55.05403],[299.74844,55.06595],[299.76388,55.08307],[299.75868,55.08945],[299.78648,55.09792],[299.80112,55.12233],[299.81389,55.10865],[299.81155,55.09543],[299.82383,55.11368],[299.85841,55.12875],[299.92048,55.18486],[299.94521,55.24824],[299.96197,55.24413],[299.97156,55.25599],[299.99032,55.25233],[299.99273,55.26144],[299.95799,55.26488],[299.87298,55.22818],[299.85188,55.20902],[299.84475,55.18712],[299.76757,55.15171],[299.73627,55.11792],[299.718,55.11106],[299.76713,55.16084],[299.79856,55.17318],[299.82399,55.19646],[299.83192,55.21608],[299.85264,55.22725],[299.84145,55.23341],[299.8458,55.25211],[299.87292,55.26945],[299.85773,55.27765],[299.83177,55.27467],[299.82899,55.26806],[299.83898,55.2651],[299.78916,55.23816],[299.77833,55.25343],[299.75998,55.24999],[299.79143,55.2735],[299.78342,55.2792],[299.77547,55.27007],[299.76348,55.27165],[299.74841,55.24723],[299.68956,55.21044],[299.65236,55.16773],[299.61273,55.14096],[299.60276,55.14253],[299.60616,55.16557],[299.57242,55.16153],[299.53007,55.12477],[299.53108,55.10289],[299.48914,55.08223],[299.43246,55.0672],[299.40267,55.0347],[299.40281,55.02421],[299.37231,55.01884],[299.34448,54.99318],[299.32161,54.98418],[299.32887,55.00246],[299.35833,55.02471],[299.31424,55.0402],[299.37165,55.038],[299.36147,55.05597],[299.37698,55.05467],[299.39782,55.07209],[299.4814,55.0984],[299.51924,55.13318],[299.55534,55.1903],[299.613,55.20846],[299.64864,55.24434],[299.63978,55.25526],[299.60352,55.24606],[299.58248,55.23301],[299.58935,55.22277],[299.57667,55.21293],[299.56428,55.21495],[299.55498,55.22861],[299.52904,55.22944],[299.49023,55.20264],[299.45951,55.16924],[299.39435,55.15509],[299.3978,55.16559],[299.46639,55.19481],[299.47056,55.21443],[299.48434,55.23067],[299.53208,55.24496],[299.53996,55.25524],[299.53512,55.26139],[299.48739,55.2439],[299.48562,55.25963],[299.50072,55.26607],[299.5044,55.25878],[299.52384,55.27047],[299.54025,55.26733],[299.54645,55.28695],[299.5783,55.30095],[299.56241,55.28973],[299.56732,55.27675],[299.5602,55.26921],[299.6085,55.27298],[299.62512,55.29308],[299.61946,55.3015],[299.61232,55.29488],[299.5935,55.29939],[299.61221,55.30833],[299.62208,55.32522],[299.63169,55.32319],[299.63637,55.34053],[299.62908,55.35123],[299.65321,55.39186],[299.6708,55.39782],[299.69409,55.38943],[299.6916,55.4031],[299.66792,55.40853],[299.66666,55.41765],[299.72726,55.40361],[299.78687,55.42648],[299.79653,55.4176],[299.82536,55.42583],[299.80973,55.4265],[299.78359,55.4463],[299.8185,55.44406],[299.79722,55.45157],[299.79799,55.4584],[299.81163,55.45978],[299.79952,55.48188],[299.78547,55.48256],[299.74843,55.50531],[299.72723,55.48842],[299.73289,55.47976],[299.72057,55.45626],[299.72706,55.44237],[299.74193,55.43555],[299.73034,55.42847],[299.72067,55.43734],[299.69743,55.43343],[299.69097,55.44163],[299.70699,55.44507],[299.69933,55.45236],[299.67451,55.44456],[299.67458,55.43385],[299.66014,55.43359],[299.64982,55.41806],[299.64802,55.44634],[299.69369,55.45668],[299.68916,55.47468],[299.71439,55.48498],[299.70551,55.49363],[299.68262,55.49404],[299.65426,55.47256],[299.63838,55.44905],[299.60242,55.43096],[299.59936,55.41408],[299.58899,55.40722],[299.61119,55.38744],[299.59716,55.38854],[299.60201,55.38308],[299.58055,55.36388],[299.55869,55.34718],[299.53471,55.34438],[299.53163,55.33205],[299.50559,55.3354],[299.50752,55.3427],[299.543,55.35626],[299.56162,55.37683],[299.56707,55.39371],[299.54444,55.41485],[299.56713,55.43224],[299.56101,55.44385],[299.61549,55.45242],[299.61097,55.46609],[299.66579,55.48877],[299.65767,55.50289],[299.67642,55.52184],[299.67116,55.52753],[299.69159,55.53873],[299.69352,55.55173],[299.71113,55.56726],[299.69579,55.57589],[299.64442,55.55779],[299.63607,55.54524],[299.55934,55.49468],[299.55405,55.5015],[299.56195,55.51611],[299.5932,55.52713],[299.59866,55.54743],[299.62303,55.56755],[299.59731,55.56475],[299.62334,55.5794],[299.62155,55.60287],[299.56534,55.62963],[299.55896,55.62278],[299.53518,55.62476],[299.48733,55.57948],[299.49234,55.59979],[299.53007,55.65209],[299.52956,55.6628],[299.55224,55.6517],[299.56108,55.65514],[299.55536,55.66311],[299.64605,55.66856],[299.64719,55.67768],[299.6363,55.67743],[299.62614,55.68835],[299.64089,55.71208],[299.65819,55.72123],[299.65768,55.73627],[299.69196,55.74567],[299.69422,55.77279],[299.672,55.7707],[299.66283,55.75223],[299.65213,55.78001],[299.57341,55.76502],[299.57492,55.77687],[299.56513,55.78687],[299.54091,55.78179],[299.54356,55.80003],[299.52014,55.79563],[299.49043,55.7748],[299.48134,55.757],[299.48793,55.7454],[299.46123,55.71318],[299.45671,55.68604],[299.43835,55.66934],[299.41723,55.61798],[299.35189,55.5678],[299.35055,55.54842],[299.33502,55.53809],[299.34518,55.55888],[299.33742,55.5666],[299.3515,55.59515],[299.38926,55.63086],[299.35558,55.64174],[299.36001,55.64851],[299.34894,55.66123],[299.42506,55.70051],[299.40886,55.70455],[299.40897,55.72757],[299.39153,55.7332],[299.40514,55.7426],[299.40125,55.76172],[299.38047,55.77417],[299.38833,55.79107],[299.42494,55.80715],[299.3636,55.82355],[299.28197,55.73932],[299.25076,55.72116],[299.23415,55.72472],[299.22902,55.74065],[299.21967,55.74424],[299.19934,55.72887],[299.15342,55.74387],[299.14763,55.72971],[299.06334,55.72395],[299.06074,55.73213],[299.04405,55.73794],[299.07202,55.7338],[299.09518,55.74649],[299.13332,55.73851],[299.13957,55.74926],[299.18419,55.76183],[299.21092,55.75901],[299.19126,55.75115],[299.19701,55.74595],[299.21676,55.74856],[299.22743,55.76252],[299.27194,55.78439],[299.26296,55.78959],[299.27727,55.80515],[299.28653,55.83345],[299.24454,55.85011],[299.13323,55.84607],[299.10098,55.85818],[298.96664,55.85088],[298.96924,55.84385],[298.95397,55.83849],[298.90535,55.83949],[298.84522,55.86179],[298.80505,55.86374],[298.81326,55.87452],[298.79041,55.88002],[298.81647,55.89072],[298.83245,55.88447],[298.93822,55.88645],[298.92469,55.92508],[298.92975,55.93378],[298.88662,55.95349],[298.89209,55.96196],[298.88696,55.97172],[298.86564,55.97907],[298.82268,55.97484],[298.80218,55.96715],[298.79615,55.95025],[298.76402,55.96568],[298.72198,55.9726],[298.59482,55.95929],[298.57313,55.97639],[298.54675,55.9752],[298.54091,55.99155],[298.54632,55.99999],[298.58607,55.99065],[298.58235,55.98013],[298.60262,55.9694],[298.62111,55.97551],[298.61067,55.98429],[298.62102,55.99077],[298.58941,56.00594],[298.48175,56.01858],[298.50086,56.03079],[298.70064,56.01705],[298.70471,56.02902],[298.6979,56.03426],[298.64788,56.03196],[298.64483,56.04644],[298.73638,56.04741],[298.75012,56.05793],[298.67718,56.05957],[298.68896,56.07108],[298.68332,56.07993],[298.58911,56.05686],[298.57448,56.04498],[298.57472,56.03492],[298.54851,56.04235],[298.55061,56.05142],[298.49806,56.06535],[298.55391,56.06434],[298.54909,56.07361],[298.58072,56.09205],[298.66194,56.10299],[298.60515,56.12417],[298.64524,56.13228],[298.63917,56.14937],[298.60621,56.1472],[298.58405,56.13007],[298.59218,56.12115],[298.57418,56.10869],[298.56678,56.12079],[298.57522,56.12761],[298.55751,56.14733],[298.59554,56.16351],[298.60535,56.17577],[298.6571,56.17301],[298.64041,56.19454],[298.64968,56.2011],[298.62016,56.20111],[298.65526,56.23222],[298.5819,56.22056],[298.57451,56.21211],[298.57922,56.2058],[298.50764,56.20752],[298.49798,56.19663],[298.4613,56.19019],[298.40321,56.19556],[298.4183,56.21658],[298.4116,56.21951],[298.34621,56.21296],[298.31296,56.22145],[298.28008,56.21165],[298.27478,56.18007],[298.22983,56.15828],[298.22291,56.15869],[298.26309,56.17765],[298.26677,56.19582],[298.25874,56.20677],[298.23675,56.20374],[298.22662,56.19123],[298.19128,56.19472],[298.22577,56.21865],[298.11286,56.21191],[298.10661,56.2155],[298.13682,56.2236],[298.11436,56.22945],[298.07847,56.20758],[297.98795,56.22318],[297.94905,56.2187],[297.97217,56.23066],[297.94729,56.23746],[298.01089,56.24268],[297.97584,56.24541],[297.94032,56.26275],[297.93713,56.27401],[297.89551,56.29263],[297.91276,56.29768],[297.92898,56.28996],[297.94543,56.30027],[297.9726,56.29593],[297.99663,56.27865],[298.05229,56.2715],[298.09246,56.29486],[298.14776,56.27877],[298.18672,56.27816],[298.20047,56.2851],[298.25034,56.27321],[298.21325,56.27173],[298.20979,56.25584],[298.19936,56.25385],[298.17068,56.26377],[298.14982,56.25999],[298.17103,56.25371],[298.16205,56.24962],[298.22661,56.24192],[298.29326,56.24849],[298.33456,56.26467],[298.29807,56.26981],[298.3141,56.27438],[298.29894,56.27938],[298.2709,56.27811],[298.25368,56.2875],[298.20682,56.28721],[298.19995,56.28853],[298.20878,56.29537],[298.18779,56.29504],[298.21229,56.30258],[298.23556,56.29166],[298.38276,56.27081],[298.41713,56.27826],[298.39212,56.29634],[298.36968,56.28923],[298.35632,56.29578],[298.32633,56.29138],[298.3333,56.30009],[298.36843,56.30228],[298.34026,56.3177],[298.26142,56.31422],[298.23419,56.32229],[298.23118,56.31621],[298.2044,56.31558],[298.18852,56.32195],[298.25109,56.3273],[298.26288,56.33953],[298.21464,56.33836],[298.19088,56.33011],[298.18654,56.33685],[298.12831,56.33408],[298.06,56.34343],[298.21566,56.34518],[298.22597,56.35471],[298.16114,56.3663],[298.15508,56.37696],[298.13634,56.3793],[298.22046,56.38066],[298.17584,56.40243],[298.07492,56.41244],[298.06719,56.42817],[298.08124,56.43327],[298.03983,56.43619],[298.03145,56.42476],[298.04801,56.42068],[298.02175,56.40743],[297.95183,56.42406],[297.92308,56.41018],[297.90872,56.41601],[297.90734,56.4245],[297.86352,56.43334],[297.83619,56.45272],[297.77129,56.45634],[297.79516,56.46627],[297.77985,56.47097],[297.8481,56.45723],[297.91113,56.46115],[297.95207,56.44711],[298.0607,56.45368],[298.06842,56.45712],[298.05383,56.46025],[298.03227,56.48364],[298.01181,56.47595],[297.98264,56.48263],[297.89027,56.47377],[297.85816,56.48004],[297.88327,56.47919],[297.92201,56.5038],[298.009,56.50159],[298.05623,56.49202],[298.03544,56.51141],[297.97865,56.51424],[297.97295,56.52534],[297.98492,56.53006],[298.05301,56.51392],[298.06069,56.49728],[298.11888,56.48707],[298.1202,56.49754],[298.21327,56.48041],[298.29107,56.49583],[298.29194,56.50083],[298.27109,56.49867],[298.28624,56.50624],[298.3296,56.50136],[298.33502,56.5108],[298.3254,56.51404],[298.35167,56.52106],[298.35159,56.52905],[298.34371,56.53773],[298.30641,56.53239],[298.30374,56.53932],[298.31315,56.54727],[298.28893,56.54932],[298.28122,56.55548],[298.29658,56.56053],[298.26851,56.57045],[298.23425,56.57163],[298.23466,56.55769],[298.21572,56.5541],[298.21238,56.5631],[298.12083,56.59068],[298.05847,56.57337],[297.99882,56.5877],[297.7657,56.60371],[297.74898,56.61255],[297.80631,56.61986],[297.94639,56.61483],[297.95915,56.6088],[297.98503,56.61614],[298.03298,56.60486],[298.09219,56.60925],[298.0775,56.61671],[298.07708,56.62632],[298.03929,56.63529],[297.95283,56.62266],[297.90386,56.6474],[297.87924,56.65074],[297.89085,56.66095],[297.85689,56.67732],[297.73652,56.68818],[297.73798,56.69636],[297.672,56.70245],[297.63082,56.71297],[297.62507,56.72519],[297.56402,56.73134],[297.47363,56.75839],[297.49926,56.76881],[297.49428,56.76229],[297.64358,56.73939],[297.68146,56.72346],[297.77542,56.70256],[297.84915,56.70011],[297.88132,56.68174],[297.91723,56.67926],[297.99421,56.65654],[298.08712,56.6804],[298.09907,56.67461],[298.03203,56.64758],[298.12884,56.62563],[298.18254,56.62807],[298.21218,56.6211],[298.23754,56.63114],[298.31323,56.61099],[298.32044,56.62631],[298.3443,56.64208],[298.32598,56.65471],[298.25818,56.65752],[298.24741,56.67608],[298.23462,56.67233],[298.23208,56.65344],[298.23872,56.64921],[298.23342,56.64518],[298.19759,56.65278],[298.18093,56.65209],[298.1831,56.64381],[298.17283,56.64957],[298.18106,56.65826],[298.22048,56.65353],[298.21752,56.66686],[298.23262,56.68243],[298.19344,56.68076],[298.18726,56.68595],[298.19169,56.69839],[298.16707,56.70659],[298.25528,56.68957],[298.28281,56.69999],[298.2996,56.71985],[298.24681,56.72908],[298.2853,56.7271],[298.28665,56.73278],[298.25807,56.74773],[298.22205,56.7542],[298.13342,56.75887],[298.10849,56.73053],[298.11964,56.71539],[298.09112,56.69787],[298.08389,56.7104],[298.08872,56.73265],[298.10543,56.75276],[298.08764,56.75391],[298.09207,56.76659],[298.06544,56.80062],[298.10945,56.80381],[298.15981,56.78443],[298.2025,56.78214],[298.2771,56.80567],[298.30009,56.79293],[298.34289,56.8052],[298.34656,56.85329],[298.33963,56.86399],[298.34609,56.87501],[298.38056,56.88636],[298.37336,56.89411],[298.38313,56.90022],[298.41916,56.90125],[298.42984,56.90802],[298.42326,56.91781],[298.44746,56.92601],[298.43693,56.94688],[298.46105,56.96263],[298.5171,56.97926],[298.56334,56.96851],[298.62098,56.97546],[298.62272,56.95964],[298.64043,56.94447],[298.6513,56.94437],[298.66067,56.95413],[298.64843,56.95725],[298.63557,56.97478],[298.65522,56.98263],[298.64449,56.99233],[298.63325,56.98491],[298.61697,56.98951],[298.64225,57.01959],[298.63965,57.0311],[298.61563,57.04646],[298.62669,57.06028],[298.62139,57.07005],[298.63869,57.09145],[298.61738,57.1049],[298.60969,57.12844],[298.58652,57.14057],[298.53519,57.14461],[298.52129,57.15713],[298.42343,57.15038],[298.42912,57.15707],[298.41967,57.1594],[298.38094,57.15479],[298.34756,57.13997],[298.2776,57.1474],[298.27676,57.15656],[298.30202,57.17025],[298.33036,57.20305],[298.34595,57.21199],[298.36889,57.20952],[298.35429,57.21998],[298.36471,57.23203],[298.33666,57.22961],[298.25317,57.17914],[298.2435,57.16546],[298.22793,57.16086],[298.2211,57.14597],[298.20796,57.14952],[298.22841,57.18917],[298.2154,57.19432],[298.18824,57.18272],[298.18742,57.1736],[298.16781,57.18029],[298.15543,57.16417],[298.13986,57.16413],[298.13867,57.15548],[298.12945,57.17491],[298.09143,57.21177],[298.05117,57.21394],[298.02495,57.20296],[298.01893,57.20654],[298.02854,57.21041],[298.0166,57.21368],[298.04452,57.22485],[297.98268,57.22619],[297.97564,57.2476],[297.9585,57.25945],[298.05115,57.24296],[298.13952,57.27882],[298.10731,57.31096],[298.1283,57.32846],[298.11272,57.34349],[298.08851,57.34708],[298.06981,57.36059],[298.17033,57.34929],[298.19547,57.3653],[298.16259,57.38079],[298.11408,57.38275],[298.12064,57.39469],[298.11265,57.40015],[298.04421,57.42658],[297.97457,57.43998],[297.94115,57.45611],[297.89545,57.45219],[297.80916,57.46567],[297.77172,57.43753],[297.73946,57.44238],[297.66791,57.42139],[297.63043,57.41879],[297.60955,57.42268],[297.57086,57.44978],[297.55999,57.44613],[297.52939,57.45683],[297.50925,57.44789],[297.5136,57.46127],[297.49518,57.47651],[297.47501,57.47327],[297.47668,57.48488],[297.45183,57.49362],[297.44436,57.50222],[297.45436,57.51161],[297.46569,57.50361],[297.49068,57.50263],[297.517,57.48496],[297.55195,57.47531],[297.56424,57.48098],[297.5847,57.47643],[297.64089,57.44506],[297.65056,57.44964],[297.64715,57.45497],[297.676,57.46072],[297.67227,57.47291],[297.723,57.51974],[297.71816,57.53401],[297.77284,57.54281],[297.82499,57.5199],[297.85946,57.52068],[297.89111,57.5334],[297.9122,57.55185],[297.90766,57.55859],[297.91442,57.56825],[297.90389,57.57467],[297.90627,57.58284],[297.91693,57.57801],[297.99522,57.61242],[298.00225,57.60996],[297.98987,57.59975],[297.99425,57.59622],[298.02027,57.60654],[298.04983,57.60351],[298.04757,57.61179],[298.05906,57.61652],[298.1006,57.6093],[298.10897,57.62667],[298.09627,57.64208],[298.10976,57.64996],[298.08006,57.66626],[298.09869,57.66944],[298.09257,57.67737],[298.07687,57.67845],[298.05549,57.66346],[298.03975,57.67871],[298.00922,57.6909],[298.03475,57.6898],[298.04826,57.71254],[298.02513,57.73643],[297.99065,57.7382],[298.00949,57.7583],[297.97694,57.78789],[297.89868,57.78385],[297.85233,57.80848],[297.86492,57.81573],[297.83999,57.83048],[297.90566,57.86731],[297.91039,57.8624],[297.90082,57.85052],[297.86761,57.82754],[297.87702,57.81178],[297.92272,57.79995],[297.91936,57.81602],[297.90772,57.82545],[297.94184,57.83353],[297.9567,57.8117],[297.97108,57.81454],[298.01167,57.79343],[298.02758,57.79418],[298.03913,57.77926],[298.05296,57.77594],[298.07715,57.79293],[298.10918,57.80148],[298.12025,57.8341],[298.13123,57.84182],[298.11329,57.8713],[298.10252,57.87569],[298.04325,57.86554],[298.07352,57.89722],[298.07041,57.91056],[298.03687,57.92009],[298.02096,57.9102],[297.99899,57.9144],[297.98971,57.89658],[297.96446,57.90268],[297.94589,57.8812],[297.91251,57.86715],[297.92701,57.88645],[297.91317,57.91077],[297.91299,57.92906],[297.87605,57.9553],[297.87717,57.9635],[297.85071,57.96093],[297.86857,57.97399],[297.85634,57.97702],[297.83503,57.96381],[297.82543,57.94643],[297.79556,57.93341],[297.78525,57.91743],[297.79138,57.9029],[297.78494,57.89756],[297.77221,57.92093],[297.73301,57.94147],[297.70896,57.94178],[297.6962,57.92698],[297.69372,57.90625],[297.6443,57.88906],[297.67508,57.90963],[297.6641,57.93432],[297.67353,57.94508],[297.65531,57.95987],[297.66917,57.97213],[297.651,57.97093],[297.60721,57.94378],[297.61174,57.92404],[297.59312,57.8993],[297.60757,57.87455],[297.58489,57.85813],[297.56269,57.85952],[297.58264,57.87965],[297.57003,57.9352],[297.57453,57.95521],[297.54428,57.96499],[297.49327,57.97336],[297.43951,57.96761],[297.38549,57.93921],[297.35636,57.94069],[297.32609,57.91889],[297.3216,57.9288],[297.33166,57.95054],[297.37524,57.95266],[297.4246,57.98206],[297.50074,57.99331],[297.62132,57.98803],[297.64704,58.01466],[297.68322,58.02003],[297.68828,58.04071],[297.66273,58.06161],[297.63462,58.05514],[297.62035,58.03762],[297.59659,58.03699],[297.6006,58.05587],[297.63333,58.07208],[297.58407,58.07701],[297.60309,58.08871],[297.62767,58.08842],[297.63271,58.09219],[297.62613,58.10216],[297.53343,58.09841],[297.50749,58.10398],[297.49547,58.09303],[297.50941,58.07103],[297.50709,58.06286],[297.46816,58.04949],[297.49697,58.07198],[297.47663,58.10118],[297.53893,58.13781],[297.55041,58.15266],[297.55027,58.1682],[297.4642,58.17477],[297.45818,58.16323],[297.46425,58.12724],[297.47665,58.11945],[297.46033,58.10882],[297.41962,58.12563],[297.43738,58.14447],[297.43094,58.15121],[297.43361,58.16441],[297.42254,58.15481],[297.4065,58.15422],[297.4006,58.13788],[297.37994,58.1392],[297.3474,58.11219],[297.30069,58.13707],[297.27203,58.1351],[297.25299,58.1085],[297.24317,58.11028],[297.24089,58.12151],[297.21341,58.13092],[297.17068,58.11137],[297.14444,58.11298],[297.16997,58.12737],[297.16778,58.1338],[297.05203,58.12052],[297.02666,58.10793],[297.00431,58.0802],[296.90807,58.0644],[296.88979,58.03797],[296.88771,58.00808],[296.87459,57.99664],[296.83851,57.98989],[296.75735,57.99339],[296.65374,57.96883],[296.64907,57.97917],[296.65523,57.98183],[296.74856,58.00653],[296.84742,58.01145],[296.85472,58.0191],[296.85039,58.05046],[296.86721,58.06641],[296.81645,58.04458],[296.74346,58.05868],[296.78473,58.05624],[296.854,58.08535],[296.92612,58.09404],[296.96311,58.10669],[296.9714,58.12323],[296.99225,58.13248],[296.93061,58.14285],[296.94396,58.14971],[296.93431,58.15489],[297.06518,58.15228],[297.20135,58.17181],[297.33258,58.16114],[297.37667,58.18565],[297.37403,58.20991],[297.41293,58.20252],[297.41266,58.21098],[297.39865,58.21514],[297.41926,58.22479],[297.39284,58.24358],[297.3855,58.24395],[297.37857,58.21919],[297.37359,58.23482],[297.34461,58.22305],[297.33267,58.22601],[297.37695,58.24572],[297.35088,58.25125],[297.34845,58.26638],[297.29894,58.23991],[297.23501,58.25],[297.19978,58.24173],[297.15782,58.25003],[297.10531,58.18607],[297.08592,58.19463],[297.08676,58.20124],[297.04687,58.19324],[297.10885,58.21548],[297.14058,58.25855],[297.2979,58.2566],[297.30101,58.27071],[297.29343,58.28045],[297.31474,58.28119],[297.32611,58.29513],[297.37432,58.29535],[297.39086,58.30828],[297.37219,58.32098],[297.38072,58.34343],[297.3642,58.34352],[297.38727,58.36249],[297.37964,58.36538],[297.38077,58.37541],[297.33032,58.40129],[297.29194,58.40064],[297.31149,58.40621],[297.34296,58.4015],[297.35095,58.40363],[297.35745,58.42202],[297.41624,58.4275],[297.4017,58.43144],[297.39953,58.44405],[297.43888,58.47572],[297.41943,58.49072],[297.3678,58.49561],[297.36602,58.50136],[297.33555,58.48389],[297.26093,58.48438],[297.26032,58.4949],[297.23448,58.48714],[297.21797,58.455],[297.20363,58.44909],[297.21494,58.48887],[297.19705,58.49582],[297.18373,58.48555],[297.17918,58.46233],[297.16011,58.47797],[297.10247,58.46344],[297.0768,58.47187],[297.06344,58.45314],[296.98953,58.41256],[296.96839,58.44603],[296.9384,58.44765],[296.92986,58.44321],[296.90758,58.38829],[296.90305,58.40069],[296.89119,58.39882],[296.83339,58.36065],[296.82794,58.37261],[296.83474,58.38552],[296.88376,58.41401],[296.91075,58.45219],[296.90849,58.45863],[296.86146,58.4758],[296.73279,58.46011],[296.58644,58.3623],[296.52666,58.34846],[296.46038,58.3036],[296.40018,58.28628],[296.40746,58.30469],[296.44405,58.31773],[296.45526,58.33587],[296.58904,58.3899],[296.6105,58.41999],[296.67712,58.46317],[296.64733,58.47843],[296.59025,58.48947],[296.46679,58.46111],[296.56431,58.49483],[296.5678,58.50415],[296.54668,58.54804],[296.55781,58.5431],[296.5783,58.5047],[296.59067,58.49837],[296.68817,58.48358],[296.69996,58.49232],[296.69605,58.50996],[296.71139,58.49399],[296.77186,58.4897],[296.83043,58.4991],[296.84858,58.51962],[296.88406,58.51337],[296.89638,58.5383],[296.91299,58.54581],[296.94939,58.55529],[297.0089,58.5557],[297.04242,58.58187],[297.09259,58.59314],[297.07461,58.61423],[297.08351,58.62344],[297.12897,58.63546],[297.142,58.64734],[297.14234,58.65967],[297.15317,58.66428],[297.14596,58.69571],[297.12516,58.70726],[297.12224,58.71668],[297.03569,58.69529],[296.94998,58.70171],[296.93825,58.66603],[296.91378,58.66002],[296.93994,58.71055],[296.97389,58.72006],[297.0147,58.71163],[297.05991,58.73236],[297.0788,58.72496],[297.08924,58.74443],[297.0853,58.77305],[297.10617,58.78297],[297.10594,58.79327],[297.08988,58.80428],[297.09717,58.81512],[297.07838,58.8248],[297.02946,58.82516],[297.02328,58.83965],[297.031,58.85049],[297.01496,58.84801],[296.98406,58.86245],[296.93967,58.85812],[296.97769,58.8742],[297.0065,58.87602],[296.97927,58.89336],[296.94645,58.89114],[296.94818,58.8982],[296.93756,58.90545],[296.89215,58.876],[296.88393,58.86333],[296.89487,58.85403],[296.88364,58.84255],[296.866,58.84259],[296.83445,58.81428],[296.83486,58.76539],[296.82273,58.761],[296.81925,58.78595],[296.82945,58.80339],[296.82234,58.81034],[296.83376,58.82571],[296.83074,58.83512],[296.85279,58.85101],[296.85617,58.8722],[296.84096,58.87654],[296.8137,58.84611],[296.78972,58.85948],[296.69572,58.85053],[296.66421,58.85553],[296.67484,58.86521],[296.76985,58.86753],[296.80824,58.9001],[296.86301,58.9235],[296.83007,58.91942],[296.83747,58.93347],[296.82577,58.93776],[296.76579,58.93269],[296.78641,58.94611],[296.84138,58.94827],[296.83993,58.96999],[296.82392,58.98485],[296.77291,58.97508],[296.75149,58.96351],[296.73622,58.94225],[296.68957,58.9381],[296.68954,58.94633],[296.72588,58.97324],[296.78266,59.00007],[296.74266,59.01458],[296.65338,59.01968],[296.65011,59.02544],[296.70946,59.03263],[296.80153,59.02127],[296.85786,59.02957],[296.87396,59.03984],[296.85743,59.05357],[296.77224,59.0539],[296.74403,59.07441],[296.70988,59.05798],[296.70307,59.06378],[296.71019,59.08127],[296.69376,59.08995],[296.66994,59.08457],[296.61084,59.09312],[296.57127,59.06439],[296.54858,59.07267],[296.51766,59.06666],[296.4947,59.0594],[296.46418,59.02163],[296.44778,59.03187],[296.34646,59.03736],[296.25173,59.00708],[296.22348,59.02176],[296.22003,59.03641],[296.13864,59.04222],[296.11842,59.03465],[296.11499,59.01207],[296.12722,58.95554],[296.11999,58.95104],[296.11159,58.95112],[296.10035,58.972],[296.09499,59.02367],[296.10461,59.04596],[296.09429,59.05565],[296.03649,59.06598],[296.00832,59.03059],[295.94462,59.01991],[295.98361,59.03445],[296.01535,59.07095],[296.0467,59.07982],[296.08184,59.08179],[296.11062,59.06623],[296.19433,59.06133],[296.23987,59.04511],[296.36265,59.06436],[296.41475,59.05783],[296.48696,59.09444],[296.54351,59.0974],[296.56604,59.11333],[296.59168,59.11963],[296.59855,59.12365],[296.59524,59.13809],[296.64815,59.19107],[296.63783,59.19852],[296.58234,59.20313],[296.53828,59.17582],[296.53672,59.18999],[296.55817,59.20092],[296.56779,59.21564],[296.54174,59.23082],[296.59247,59.23749],[296.62385,59.26769],[296.60876,59.27862],[296.55781,59.27813],[296.54163,59.26646],[296.52703,59.26938],[296.49791,59.23798],[296.42013,59.2035],[296.33194,59.21568],[296.42121,59.21811],[296.41695,59.22272],[296.43916,59.2412],[296.48123,59.26377],[296.4734,59.26843],[296.47649,59.28758],[296.45801,59.29396],[296.47864,59.29555],[296.48962,59.31094],[296.45735,59.33943],[296.38494,59.34117],[296.35466,59.35567],[296.3371,59.33142],[296.30523,59.32856],[296.30432,59.30596],[296.28449,59.29041],[296.26575,59.25657],[296.20514,59.2348],[296.16524,59.24181],[296.21554,59.25069],[296.24147,59.26345],[296.27309,59.3072],[296.27925,59.32769],[296.27165,59.3392],[296.29812,59.36359],[296.24406,59.35478],[296.23622,59.36057],[296.25077,59.37823],[296.24164,59.38541],[296.22719,59.38235],[296.22563,59.36478],[296.2156,59.36009],[296.19153,59.36284],[296.19542,59.37125],[296.17857,59.37575],[296.14347,59.37129],[296.09711,59.3909],[296.07671,59.384],[295.99634,59.39267],[295.93552,59.38151],[295.93767,59.39405],[295.99646,59.41094],[296.16402,59.40718],[296.17983,59.39835],[296.22504,59.4324],[296.22414,59.44429],[296.23911,59.46013],[296.24147,59.47472],[296.27859,59.49352],[296.27704,59.51113],[296.26678,59.51329],[296.25037,59.49587],[296.26576,59.52175],[296.2083,59.54905],[296.13606,59.56892],[296.12839,59.59434],[296.14221,59.60267],[296.11599,59.61386],[296.04939,59.60486],[295.99194,59.6284],[295.96947,59.61648],[295.95549,59.5563],[295.91232,59.54269],[295.89334,59.52365],[295.86939,59.51971],[295.89217,59.5465],[295.92847,59.57158],[295.93182,59.60924],[295.94929,59.63582],[295.99521,59.64619],[296.05608,59.62992],[296.08876,59.6623],[296.0323,59.6484],[296.01477,59.65105],[296.0518,59.66468],[296.07333,59.6871],[295.95325,59.67759],[295.91498,59.6829],[295.9044,59.67613],[295.8355,59.68553],[295.8176,59.69205],[295.80234,59.71476],[295.78705,59.71828],[295.7395,59.7549],[295.74568,59.76719],[295.72882,59.78282],[295.74642,59.80102],[295.74628,59.79276],[295.78116,59.77267],[295.84911,59.78866],[295.85326,59.77402],[295.81422,59.772],[295.80088,59.7641],[295.82011,59.75415],[295.81021,59.73937],[295.8164,59.73339],[295.86857,59.72092],[295.84407,59.71859],[295.83703,59.70882],[295.84177,59.70033],[295.87144,59.6935],[295.89495,59.69356],[295.91971,59.70548],[295.89654,59.71798],[295.94552,59.70642],[295.94945,59.71712],[295.97871,59.7121],[296.00695,59.71827],[296.06431,59.7557],[295.97862,59.78289],[295.90049,59.79354],[295.92294,59.80137],[295.97142,59.7994],[295.95763,59.80864],[295.97223,59.81104],[295.96309,59.8239],[295.92793,59.81686],[295.97023,59.84966],[295.93862,59.87159],[295.91218,59.8533],[295.90336,59.86227],[295.89098,59.85847],[295.85609,59.81191],[295.86249,59.79725],[295.82465,59.78929],[295.81985,59.79686],[295.83215,59.81596],[295.82315,59.85347],[295.85037,59.86904],[295.87349,59.89971],[295.86998,59.9043],[295.85732,59.90736],[295.85133,59.92156],[295.81768,59.92293],[295.77502,59.94673],[295.71651,59.93796],[295.69981,59.94468],[295.72209,59.96304],[295.74592,59.96815],[295.8409,59.97439],[295.85171,59.98619],[295.83757,60.00319],[295.84788,60.01293],[295.83091,60.02721],[295.83118,60.03748],[295.80329,60.01894],[295.78172,60.03278],[295.80196,60.03814],[295.75279,60.0453],[295.73574,60.05842],[295.69934,60.04585],[295.68088,60.05806],[295.67178,60.03893],[295.68373,60.02173],[295.6817,60.01261],[295.72446,60.00573],[295.76858,60.01871],[295.78355,60.0145],[295.77736,60.00427],[295.76279,60.00596],[295.75281,59.99642],[295.68784,60.00093],[295.67071,59.99006],[295.65847,59.99332],[295.62945,59.95763],[295.62677,59.93732],[295.63294,59.92769],[295.60551,59.92212],[295.58105,59.92796],[295.52451,59.89717],[295.49715,59.89272],[295.47539,59.89761],[295.47098,59.9063],[295.50605,59.90821],[295.56486,59.939],[295.60583,59.93788],[295.61115,59.95384],[295.59799,59.95665],[295.60396,59.98174],[295.55362,59.99751],[295.42048,60.00355],[295.48082,60.01039],[295.5802,60.00378],[295.60867,60.013],[295.63954,60.04869],[295.59312,60.05829],[295.58396,60.0814],[295.59708,60.09778],[295.61526,60.09129],[295.62231,60.07778],[295.63522,60.08251],[295.6292,60.10173],[295.63441,60.13276],[295.5898,60.12339],[295.57674,60.08646],[295.559,60.06736],[295.46721,60.07439],[295.44828,60.06236],[295.41959,60.07069],[295.3777,60.04891],[295.31766,60.03243],[295.31666,60.02421],[295.30022,60.0238],[295.30997,60.03907],[295.35947,60.05217],[295.41518,60.08167],[295.43979,60.07563],[295.47931,60.08758],[295.50615,60.07856],[295.55032,60.09298],[295.55326,60.1037],[295.52979,60.09695],[295.51266,60.11187],[295.52062,60.12234],[295.60822,60.15162],[295.61064,60.15823],[295.59697,60.1624],[295.6021,60.16649],[295.6407,60.17063],[295.618,60.18216],[295.6335,60.19921],[295.58209,60.19993],[295.61584,60.21117],[295.62105,60.21914],[295.61202,60.22741],[295.55509,60.20462],[295.55998,60.19592],[295.54196,60.18893],[295.52093,60.19336],[295.50143,60.18043],[295.48821,60.18551],[295.45908,60.17078],[295.44121,60.17199],[295.4727,60.19128],[295.49567,60.19255],[295.50137,60.20395],[295.52621,60.20704],[295.56246,60.23062],[295.5255,60.2454],[295.51514,60.25755],[295.49527,60.25193],[295.43268,60.27935],[295.39756,60.26852],[295.37971,60.27588],[295.3484,60.27415],[295.31642,60.25302],[295.25832,60.23513],[295.25378,60.24131],[295.2598,60.2454],[295.28606,60.25196],[295.2775,60.26888],[295.38544,60.2923],[295.44428,60.28638],[295.47684,60.27826],[295.48132,60.27048],[295.49338,60.27751],[295.50282,60.26377],[295.60671,60.23748],[295.62003,60.23696],[295.62343,60.24607],[295.59323,60.25331],[295.58392,60.27094],[295.56869,60.2685],[295.57257,60.26303],[295.55695,60.26639],[295.56775,60.26962],[295.56513,60.27514],[295.53439,60.27985],[295.51345,60.29364],[295.49589,60.29006],[295.40398,60.33494],[295.31469,60.351],[295.33553,60.3548],[295.42934,60.33485],[295.48512,60.307],[295.57318,60.2872],[295.59292,60.28436],[295.6051,60.29549],[295.60246,60.30167],[295.59384,60.29327],[295.58179,60.30406],[295.57098,60.31712],[295.57622,60.32623],[295.54096,60.31315],[295.52864,60.3196],[295.54359,60.33141],[295.50591,60.33842],[295.54669,60.34966],[295.51775,60.35619],[295.56107,60.35462],[295.5538,60.36059],[295.56955,60.36371],[295.55676,60.37108],[295.5702,60.37353],[295.5639,60.38269],[295.57382,60.39429],[295.54832,60.3887],[295.53428,60.40429],[295.52,60.40664],[295.50301,60.38525],[295.49673,60.39578],[295.48766,60.37823],[295.45624,60.37608],[295.48702,60.39536],[295.4791,60.42028],[295.4631,60.43108],[295.45883,60.42425],[295.42471,60.4294],[295.44617,60.44325],[295.42324,60.45635],[295.42839,60.46044],[295.40304,60.4542],[295.3932,60.45897],[295.40162,60.46533],[295.39706,60.47059],[295.34136,60.48998],[295.33436,60.55519],[297.10674,60.74522],[298.86233,60.90958],[300.67208,61.05478],[302.45982,61.17459],[302.64991,60.95863],[302.80581,60.7365],[302.9274,60.50943],[303.01528,60.27682],[303.18634,60.15231],[303.61147,59.81903],[303.84852,59.61574],[304.05387,59.40411],[304.43914,58.94325],[304.55044,58.78834],[304.64815,58.62649],[304.75406,58.40273],[304.83037,58.17054],[304.9289,58.03096],[305.01738,57.88454],[305.52186,57.77486],[305.99734,57.64204],[306.44592,57.48614],[306.86992,57.30576],[307.25884,57.10478],[307.60971,56.88507],[307.92005,56.64862],[308.06139,56.5229],[308.19156,56.39369],[308.33345,56.23366],[308.45716,56.0716],[308.56582,55.9039],[308.65587,55.73642],[308.81182,55.60579],[308.95519,55.47142],[309.29941,55.11846],[309.44926,54.94739],[309.62627,54.70239],[309.76708,54.44983],[309.83799,54.2852],[309.89397,54.11863],[309.93503,53.95059],[309.96173,53.77717],[309.97285,53.60752],[309.96912,53.4334],[309.95025,53.25962],[309.91643,53.08647],[309.99396,52.90806],[310.05403,52.72885],[310.09822,52.54356],[310.12489,52.35786],[310.48155,52.1555],[310.80257,51.93535],[311.08759,51.69777],[311.33463,51.44487],[311.44342,51.31337],[311.54493,51.17489],[311.63324,51.03763],[311.71343,50.89385],[311.78268,50.74785],[311.84093,50.59996],[311.88817,50.45051],[311.92439,50.29982],[311.9575,50.07871],[311.96743,49.85229],[311.95406,49.63031],[311.91725,49.40499],[311.96519,49.23861],[312.07373,48.9679],[312.12928,48.7753],[312.16853,48.57218],[312.18893,48.36306],[312.25851,48.07168],[312.29134,47.85278],[312.30213,47.66882],[312.29756,47.48024],[312.27802,47.2966],[312.24278,47.10952],[312.15853,46.82342],[312.03624,46.53435],[311.93926,46.34925],[311.80827,46.13462],[311.71678,45.92793],[311.63965,45.7757],[311.47231,45.49981],[311.30788,45.2669],[311.11964,45.04343],[310.81548,44.73637],[310.59548,44.54012],[310.34364,44.34624],[310.07279,44.16665],[309.77082,43.99361],[309.45843,43.84107],[309.13963,43.70905],[308.80538,43.59375],[308.42515,43.48728],[308.0774,43.40973],[307.71698,43.35062],[307.35171,43.31174],[306.67103,43.28183],[306.38204,43.27807],[306.04417,43.28971],[305.70257,43.31877],[305.43012,43.35455],[305.06794,43.42067],[304.91563,43.43904],[304.84775,43.24422],[304.76461,43.05307],[304.66651,42.86583],[304.55132,42.67924],[304.42153,42.49806],[304.27774,42.32293],[304.12053,42.15446],[303.95273,41.99516],[303.23485,43.21443],[302.50312,44.38958],[301.74715,45.53774],[300.97775,46.64302],[300.78589,47.58935],[300.80316,47.57881],[300.80846,47.58629],[300.79825,47.59512],[300.83431,47.60124],[300.83763,47.58861],[300.82208,47.58883],[300.81247,47.57364],[300.81864,47.57732],[300.82136,47.5662],[300.84119,47.57277],[300.85482,47.56548],[300.86097,47.56745],[300.84991,47.58111],[300.85717,47.58627],[300.8704,47.57692],[300.90449,47.58487],[300.90189,47.57782],[300.95542,47.57037],[300.98488,47.59118],[301.01238,47.59372],[301.01202,47.58343],[301.0181,47.58333],[301.07229,47.61333],[301.05286,47.59054],[301.11211,47.60992],[301.10449,47.59586],[301.13768,47.60583],[301.13357,47.61368],[301.142,47.62177],[301.16515,47.59826],[301.25169,47.60475],[301.28492,47.61489],[301.2984,47.60481],[301.3091,47.61834],[301.30288,47.62371],[301.3056,47.6406],[301.31395,47.6377],[301.31053,47.62861],[301.33399,47.62268],[301.33994,47.62737],[301.33339,47.63276],[301.38335,47.67779],[301.34806,47.61898],[301.40427,47.6353],[301.39925,47.66079],[301.41814,47.64304],[301.44217,47.64257],[301.44666,47.65232],[301.41588,47.70142],[301.45039,47.73117],[301.42974,47.70046],[301.43707,47.68156],[301.45907,47.67312],[301.45313,47.66889],[301.4624,47.65613],[301.48246,47.66556],[301.49654,47.6543],[301.5341,47.66086],[301.53738,47.65096],[301.54694,47.65259],[301.54504,47.64051],[301.56993,47.64411],[301.59054,47.66519],[301.5634,47.66438],[301.60065,47.6787],[301.57858,47.68534],[301.61406,47.69009],[301.616,47.71018],[301.60433,47.70723],[301.61524,47.71569],[301.61207,47.72788],[301.63539,47.73334],[301.66508,47.80889],[301.69596,47.83659],[301.65097,47.75451],[301.73502,47.76573],[301.69708,47.75329],[301.67362,47.73092],[301.62864,47.65364],[301.67867,47.68002],[301.70191,47.6841],[301.69753,47.67732],[301.73389,47.67927],[301.7495,47.66589],[301.77564,47.68041],[301.84929,47.68903],[301.84626,47.69619],[301.82988,47.69405],[301.83133,47.70271],[301.88874,47.69795],[301.90909,47.70457],[301.89763,47.6863],[301.90084,47.67616],[301.90865,47.67644],[301.93973,47.70041],[301.93712,47.71535],[301.95737,47.73935],[301.95491,47.69227],[301.98414,47.68722],[301.9804,47.68068],[301.99005,47.66443],[301.9967,47.66838],[301.99148,47.67858],[302.01411,47.68352],[302.01121,47.67352],[302.03107,47.6648],[302.05239,47.67663],[302.05629,47.6985],[302.06989,47.71143],[302.08221,47.74453],[302.08202,47.69763],[302.10054,47.70152],[302.12127,47.72044],[302.12533,47.71416],[302.09196,47.68113],[302.07755,47.65312],[302.14102,47.66113],[302.14486,47.65096],[302.16144,47.65054],[302.15692,47.64242],[302.16637,47.63577],[302.18129,47.64203],[302.18521,47.63345],[302.20959,47.63923],[302.20122,47.6232],[302.21558,47.62557],[302.22688,47.63946],[302.22012,47.64559],[302.24518,47.66301],[302.2597,47.66217],[302.28426,47.6416],[302.31181,47.64338],[302.28979,47.71858],[302.31297,47.6802],[302.31989,47.64248],[302.30766,47.63617],[302.32988,47.62802],[302.31784,47.61919],[302.3296,47.612],[302.3279,47.60038],[302.34963,47.60712],[302.34394,47.6139],[302.34799,47.62501],[302.40109,47.62378],[302.38077,47.62938],[302.39811,47.63049],[302.41191,47.64568],[302.42086,47.64245],[302.4601,47.66333],[302.43727,47.63376],[302.4663,47.63202],[302.46397,47.64377],[302.48833,47.64308],[302.48571,47.65001],[302.50201,47.63422],[302.57023,47.64141],[302.59489,47.6297],[302.6082,47.64167],[302.64188,47.64891],[302.65217,47.6612],[302.66938,47.69616],[302.66538,47.71276],[302.67814,47.72611],[302.67634,47.75546],[302.68104,47.76493],[302.71127,47.77524],[302.71632,47.79087],[302.72144,47.77997],[302.71647,47.77165],[302.68512,47.75474],[302.69663,47.72853],[302.64387,47.61704],[302.64577,47.60462],[302.65715,47.59741],[302.64384,47.59048],[302.67794,47.58901],[302.71322,47.6003],[302.7135,47.60968],[302.7421,47.60171],[302.73698,47.61125],[302.74776,47.61046],[302.75843,47.59778],[302.79751,47.61488],[302.80706,47.6258],[302.79524,47.67127],[302.80173,47.70174],[302.81435,47.6432],[302.82733,47.64966],[302.8271,47.62151],[302.84411,47.61274],[302.80861,47.59874],[302.83963,47.58197],[302.86459,47.57569],[302.90475,47.57877],[302.97389,47.59897],[303.05141,47.56574],[303.1067,47.55817],[303.10441,47.54542],[303.12043,47.53779],[303.11481,47.54874],[303.12319,47.56608],[303.11141,47.62212],[303.11768,47.63359],[303.13049,47.61896],[303.12451,47.60222],[303.13778,47.56193],[303.12849,47.53247],[303.14086,47.53045],[303.13771,47.53811],[303.15541,47.54415],[303.17994,47.57354],[303.17385,47.59619],[303.1876,47.57625],[303.17219,47.55137],[303.18026,47.53712],[303.20369,47.54273],[303.1897,47.55465],[303.20696,47.55017],[303.21963,47.56119],[303.21973,47.55339],[303.23211,47.55159],[303.25135,47.55985],[303.24672,47.57902],[303.25809,47.56832],[303.27629,47.57157],[303.27297,47.5813],[303.2348,47.60485],[303.23768,47.61597],[303.21474,47.63531],[303.21542,47.65314],[303.22836,47.63164],[303.25159,47.62075],[303.2485,47.60689],[303.26026,47.59663],[303.30608,47.58037],[303.30627,47.58723],[303.32787,47.58188],[303.34183,47.58711],[303.33406,47.59609],[303.33971,47.60344],[303.31163,47.61704],[303.28258,47.61829],[303.27513,47.64489],[303.27948,47.65733],[303.29277,47.62732],[303.31885,47.62274],[303.32494,47.64015],[303.32909,47.62375],[303.34174,47.61643],[303.3605,47.61805],[303.36959,47.63444],[303.35436,47.65651],[303.35814,47.66141],[303.37815,47.63986],[303.37429,47.61664],[303.45082,47.61593],[303.44299,47.624],[303.44888,47.62562],[303.46198,47.61987],[303.46511,47.68846],[303.42948,47.70555],[303.40578,47.72937],[303.46429,47.7036],[303.46246,47.71878],[303.47324,47.72205],[303.4858,47.69251],[303.47175,47.65707],[303.47653,47.61956],[303.55781,47.60235],[303.58529,47.61505],[303.59161,47.61367],[303.58731,47.60673],[303.60375,47.60474],[303.64846,47.62067],[303.59241,47.64387],[303.66426,47.63129],[303.65792,47.65672],[303.66293,47.67188],[303.63909,47.67898],[303.66036,47.67771],[303.66022,47.69626],[303.63857,47.70121],[303.66209,47.71451],[303.65608,47.73994],[303.66647,47.79473],[303.67457,47.79007],[303.67401,47.71085],[303.70056,47.70365],[303.67899,47.69348],[303.68105,47.64943],[303.67382,47.63207],[303.68924,47.62598],[303.73414,47.63569],[303.74308,47.62916],[303.74149,47.64227],[303.76352,47.6263],[303.76204,47.6724],[303.78868,47.63905],[303.81954,47.63898],[303.8231,47.64479],[303.80647,47.64866],[303.8037,47.65976],[303.82856,47.66084],[303.8287,47.66633],[303.81806,47.6766],[303.79687,47.67882],[303.80725,47.68894],[303.83329,47.68401],[303.8279,47.69225],[303.83322,47.70647],[303.82091,47.70947],[303.83099,47.71984],[303.8153,47.72688],[303.79049,47.72281],[303.82639,47.7372],[303.8269,47.75092],[303.84656,47.74648],[303.85463,47.75326],[303.81335,47.86484],[303.81846,47.87654],[303.82521,47.87582],[303.84887,47.82335],[303.84602,47.81407],[303.85958,47.80964],[303.85405,47.80092],[303.85966,47.77574],[303.87831,47.75209],[303.90747,47.77038],[303.91468,47.79804],[303.93245,47.79136],[303.97389,47.80961],[303.90362,47.75771],[303.89821,47.74647],[303.86372,47.73297],[303.87431,47.71811],[303.91097,47.72557],[303.86785,47.70257],[303.8694,47.69701],[303.91595,47.70132],[303.9354,47.70626],[303.94175,47.7241],[303.98107,47.74586],[303.97709,47.76205],[304.02794,47.76798],[304.03559,47.77729],[304.04119,47.76789],[304.06716,47.76567],[304.12059,47.78818],[304.09576,47.80663],[304.09002,47.80343],[304.09351,47.81176],[304.133,47.79727],[304.13158,47.78932],[304.14657,47.79326],[304.13131,47.81567],[304.13898,47.83963],[304.15673,47.85836],[304.14397,47.87493],[304.17281,47.87371],[304.16547,47.89349],[304.14302,47.89398],[304.18898,47.91884],[304.21423,47.92257],[304.20385,47.96792],[304.24567,47.92328],[304.19463,47.89913],[304.18381,47.88561],[304.19299,47.87812],[304.22753,47.87229],[304.29328,47.91481],[304.2959,47.91012],[304.27277,47.88935],[304.2746,47.88355],[304.23902,47.86767],[304.20073,47.86267],[304.16293,47.83724],[304.15784,47.80837],[304.16379,47.80285],[304.19883,47.80639],[304.17101,47.79269],[304.17238,47.78186],[304.22129,47.79925],[304.2045,47.7979],[304.20871,47.80643],[304.2466,47.81488],[304.28152,47.84911],[304.29082,47.84665],[304.25048,47.80922],[304.12844,47.74821],[304.15263,47.75245],[304.1481,47.74394],[304.15838,47.73755],[304.08745,47.70526],[304.05786,47.66388],[304.07042,47.64549],[304.10253,47.6368],[304.12323,47.61853],[304.20543,47.63817],[304.21938,47.64581],[304.22318,47.65733],[304.28467,47.66865],[304.3153,47.68725],[304.32362,47.6784],[304.36814,47.68584],[304.26779,47.65541],[304.2597,47.64522],[304.15744,47.60722],[304.12852,47.60249],[304.06982,47.57586],[304.0661,47.56112],[304.05144,47.56746],[303.89245,47.52747],[303.84177,47.52447],[303.80152,47.50911],[303.79854,47.49801],[303.81346,47.49856],[303.82909,47.47984],[303.86587,47.46737],[303.93176,47.48601],[303.9435,47.5002],[304.00576,47.50039],[304.02986,47.51245],[304.0474,47.53418],[304.0568,47.52966],[304.09561,47.54682],[304.10506,47.53909],[304.12726,47.5448],[304.15881,47.57096],[304.17787,47.57198],[304.16023,47.55348],[304.1702,47.54779],[304.19236,47.57113],[304.20003,47.59142],[304.22974,47.60458],[304.20399,47.58667],[304.22773,47.59046],[304.26246,47.61981],[304.23817,47.58978],[304.13691,47.51368],[304.16069,47.51107],[304.15443,47.50561],[304.09136,47.48193],[304.05181,47.43753],[304.12732,47.47216],[304.17876,47.45805],[304.18997,47.46948],[304.18553,47.48709],[304.21325,47.53746],[304.26066,47.57322],[304.25947,47.58565],[304.2706,47.59402],[304.26796,47.57153],[304.24554,47.55303],[304.20364,47.49273],[304.21537,47.49154],[304.22573,47.50094],[304.20814,47.45404],[304.28383,47.48215],[304.27522,47.49834],[304.26092,47.50446],[304.26999,47.51094],[304.29445,47.51194],[304.29176,47.50495],[304.30424,47.49753],[304.30088,47.48713],[304.30821,47.48589],[304.33676,47.50137],[304.33861,47.5171],[304.3312,47.52453],[304.34338,47.54554],[304.406,47.57988],[304.40075,47.5643],[304.36355,47.54052],[304.37323,47.53207],[304.38098,47.53516],[304.38019,47.5235],[304.40256,47.51334],[304.38031,47.50379],[304.35482,47.46413],[304.35771,47.45552],[304.31443,47.43428],[304.31691,47.42844],[304.33536,47.43405],[304.371,47.45653],[304.39375,47.46102],[304.37945,47.44263],[304.39115,47.44119],[304.39269,47.42921],[304.3734,47.4115],[304.3925,47.40286],[304.41284,47.41753],[304.43009,47.45573],[304.43797,47.44299],[304.45635,47.46485],[304.4752,47.46577],[304.47644,47.45248],[304.51096,47.45962],[304.51718,47.46438],[304.51387,47.48218],[304.52692,47.46715],[304.54109,47.46673],[304.56284,47.47788],[304.56161,47.4926],[304.57686,47.48273],[304.58526,47.52245],[304.56946,47.53373],[304.56531,47.54974],[304.584,47.56378],[304.59223,47.59159],[304.57502,47.5823],[304.56933,47.5931],[304.55529,47.5816],[304.54304,47.58789],[304.58676,47.61797],[304.57102,47.6368],[304.54665,47.63059],[304.52435,47.61121],[304.51215,47.62483],[304.51957,47.64146],[304.51334,47.65388],[304.53491,47.64557],[304.56383,47.68],[304.54055,47.70857],[304.56477,47.71296],[304.56567,47.72185],[304.55033,47.72484],[304.54744,47.73323],[304.57061,47.73377],[304.57453,47.69853],[304.58835,47.69079],[304.59837,47.70247],[304.58558,47.72048],[304.58735,47.7447],[304.5948,47.72762],[304.62957,47.73197],[304.61645,47.70989],[304.63267,47.71578],[304.63696,47.70779],[304.60194,47.68076],[304.60389,47.6699],[304.62267,47.66422],[304.6073,47.65667],[304.60728,47.64636],[304.61911,47.6559],[304.64146,47.65211],[304.68032,47.70324],[304.68384,47.69781],[304.66323,47.67241],[304.66669,47.65987],[304.71774,47.64463],[304.76346,47.65668],[304.75701,47.64369],[304.8048,47.63338],[304.83562,47.65207],[304.87133,47.69734],[304.85753,47.65698],[304.83828,47.63865],[304.84508,47.62915],[304.82292,47.6089],[304.8322,47.61006],[304.83652,47.59632],[304.84582,47.5977],[304.84681,47.57817],[304.86854,47.57849],[304.88581,47.59737],[304.87636,47.60425],[304.88593,47.62716],[304.91281,47.64053],[304.91481,47.65602],[304.94837,47.68074],[304.96443,47.71618],[305.03952,47.7872],[305.04759,47.79872],[305.04494,47.82675],[305.05426,47.79746],[305.03755,47.77239],[305.04218,47.76804],[304.97785,47.7146],[304.97598,47.69108],[304.90524,47.6237],[304.89705,47.61057],[304.89812,47.59195],[304.92245,47.58801],[304.94684,47.60034],[304.94984,47.60937],[304.96075,47.59415],[304.98086,47.5982],[304.99781,47.60745],[305.00436,47.62088],[305.00978,47.62084],[305.00746,47.59642],[305.01607,47.5976],[305.05125,47.61212],[305.07278,47.63214],[305.07332,47.62156],[305.1026,47.62857],[305.10025,47.64726],[305.10314,47.63658],[305.11487,47.63209],[305.16372,47.65918],[305.16651,47.65376],[305.19179,47.66118],[305.20323,47.67941],[305.21584,47.66958],[305.26067,47.68149],[305.28832,47.67661],[305.27396,47.66979],[305.25995,47.6751],[305.25364,47.66144],[305.11763,47.6019],[305.10425,47.58515],[305.10287,47.56962],[305.13344,47.59147],[305.1546,47.59268],[305.13967,47.58656],[305.12777,47.5679],[305.14479,47.56543],[305.13991,47.55513],[305.11597,47.55933],[305.12652,47.55053],[305.10881,47.54364],[305.10625,47.55111],[305.09083,47.54959],[305.07662,47.53747],[305.09904,47.53794],[305.06265,47.5244],[305.03614,47.53285],[305.02309,47.52502],[305.03424,47.50932],[305.02867,47.50478],[304.95798,47.50234],[304.90292,47.48762],[304.87877,47.48972],[304.83615,47.47069],[304.81806,47.47248],[304.76697,47.43344],[304.70817,47.40414],[304.69391,47.38693],[304.70153,47.37235],[304.67399,47.27461],[304.6543,47.26659],[304.65048,47.24889],[304.59814,47.22428],[304.57646,47.223],[304.54395,47.19401],[304.51944,47.1878],[304.49123,47.14737],[304.33153,47.11216],[304.30569,47.09129],[304.30168,47.09796],[304.233,47.10411],[304.21474,47.11362],[304.15451,47.07244],[304.15755,47.08354],[304.12141,47.07752],[304.06968,47.03273],[304.0113,46.99874],[304.01436,46.9805],[303.99749,46.96035],[304.02159,46.91143],[304.16959,46.86478],[304.18696,46.87182],[304.22829,46.87025],[304.24052,46.85015],[304.23377,46.86126],[304.25068,46.86285],[304.27196,46.88301],[304.28717,46.86675],[304.31899,46.88138],[304.35699,46.87991],[304.36966,46.90044],[304.40829,46.92277],[304.41559,46.92198],[304.41117,46.91095],[304.422,46.90862],[304.44598,46.94881],[304.44021,46.92385],[304.46255,46.91251],[304.5125,46.93704],[304.49509,46.89612],[304.50921,46.88308],[304.54523,46.88187],[304.55086,46.8745],[304.57596,46.87792],[304.5814,46.88546],[304.61268,46.88032],[304.61714,46.89479],[304.60194,46.90353],[304.59097,46.92446],[304.61266,46.90693],[304.63655,46.90144],[304.6142,46.93231],[304.63294,46.92546],[304.64996,46.90494],[304.68247,46.90523],[304.72056,46.92084],[304.75204,46.94364],[304.74395,46.96284],[304.76494,46.9648],[304.78681,46.9915],[304.78457,47.00881],[304.79488,47.02414],[304.76968,47.09209],[304.7798,47.09574],[304.80496,47.07273],[304.80106,47.0642],[304.81011,47.05115],[304.80249,47.01987],[304.81444,47.02181],[304.81473,47.01171],[304.82414,47.05367],[304.83215,47.05008],[304.85075,47.06408],[304.84886,47.05568],[304.86299,47.05591],[304.88817,47.06866],[304.8699,47.09295],[304.90989,47.08663],[304.91749,47.1108],[304.9024,47.1175],[304.89933,47.16788],[304.88635,47.17242],[304.8385,47.16536],[304.85591,47.19019],[304.88857,47.20305],[304.90124,47.18591],[304.90168,47.20286],[304.91471,47.19557],[304.91702,47.14752],[304.93421,47.15423],[304.94592,47.17567],[304.95652,47.16781],[304.97219,47.18836],[304.9318,47.21376],[304.93133,47.22823],[304.96812,47.25095],[304.99303,47.28502],[304.96958,47.29904],[304.99201,47.29746],[305.01106,47.28023],[305.05286,47.31413],[305.062,47.30519],[305.0689,47.31585],[305.05687,47.3231],[305.07237,47.35375],[305.0778,47.34475],[305.09303,47.34811],[305.09243,47.3642],[305.10195,47.36165],[305.12795,47.38304],[305.13081,47.39665],[305.15385,47.41543],[305.15805,47.42278],[305.15166,47.43229],[305.17614,47.42736],[305.14952,47.38561],[305.15347,47.37852],[305.19566,47.43255],[305.20711,47.43517],[305.16181,47.36846],[305.2012,47.3763],[305.20824,47.38488],[305.21916,47.37675],[305.2071,47.36865],[305.21117,47.35973],[305.22033,47.36614],[305.2228,47.38206],[305.22844,47.36617],[305.24386,47.37409],[305.26116,47.4076],[305.28169,47.42465],[305.26057,47.39341],[305.25222,47.35829],[305.27492,47.3649],[305.27859,47.37939],[305.26794,47.37192],[305.27065,47.38394],[305.33607,47.44175],[305.33199,47.42683],[305.30317,47.40243],[305.31023,47.39907],[305.3006,47.38581],[305.31913,47.37635],[305.31767,47.39914],[305.33584,47.41607],[305.33182,47.40757],[305.33903,47.4026],[305.33036,47.38883],[305.36029,47.39345],[305.44044,47.45479],[305.50313,47.54755],[305.56438,47.6064],[305.55536,47.61905],[305.57138,47.61107],[305.58309,47.61525],[305.49121,47.4952],[305.49093,47.47548],[305.48257,47.47639],[305.41539,47.39924],[305.3911,47.39089],[305.37377,47.36956],[305.38937,47.35244],[305.40109,47.35159],[305.40374,47.35994],[305.41663,47.3604],[305.42116,47.37323],[305.43156,47.36969],[305.45742,47.39148],[305.46452,47.38283],[305.46361,47.36338],[305.50315,47.39222],[305.51175,47.4108],[305.49124,47.39447],[305.47327,47.39406],[305.52779,47.45788],[305.53881,47.45659],[305.52371,47.43195],[305.53076,47.41711],[305.58026,47.45227],[305.55595,47.46989],[305.55857,47.50049],[305.53545,47.47972],[305.52958,47.48165],[305.53222,47.49252],[305.50907,47.49148],[305.56932,47.51964],[305.64789,47.63463],[305.66275,47.63955],[305.67206,47.66313],[305.6546,47.67051],[305.67706,47.68189],[305.6555,47.68354],[305.63782,47.70608],[305.66874,47.68901],[305.69157,47.68659],[305.70629,47.70138],[305.69573,47.70128],[305.69831,47.70572],[305.72142,47.71109],[305.73851,47.73125],[305.74148,47.7554],[305.77854,47.78821],[305.7995,47.86114],[305.78742,47.87374],[305.72897,47.89513],[305.71817,47.90444],[305.72166,47.91343],[305.78338,47.88246],[305.82046,47.88152],[305.81624,47.87235],[305.82231,47.86077],[305.83909,47.84766],[305.85261,47.84942],[305.86944,47.83125],[305.88251,47.83487],[305.8885,47.82283],[305.89817,47.83467],[305.88314,47.86168],[305.89311,47.86226],[305.89919,47.88073],[305.90888,47.88453],[305.91014,47.85395],[305.92517,47.83519],[305.91098,47.81191],[305.93029,47.7975],[305.95009,47.80049],[305.96245,47.81997],[306.00487,47.84781],[305.98178,47.81381],[305.98799,47.79303],[305.96092,47.7542],[305.9813,47.7645],[306.00234,47.76397],[305.99697,47.7512],[306.01752,47.77342],[306.02407,47.73149],[306.01188,47.71063],[306.03351,47.72015],[306.01927,47.68863],[306.04406,47.69361],[306.04859,47.68118],[306.03407,47.6554],[306.05506,47.64154],[306.04301,47.62435],[306.05619,47.61325],[306.05255,47.60336],[306.08606,47.60782],[306.08619,47.59037],[306.09305,47.59089],[306.07669,47.52963],[306.09835,47.52928],[306.07625,47.49982],[306.08206,47.48961],[306.05651,47.45415],[306.0711,47.45696],[306.0671,47.44687],[306.07688,47.43344],[306.06735,47.42504],[306.07789,47.42281],[306.13234,47.45127],[306.1348,47.44148],[306.12459,47.42533],[306.17367,47.42792],[306.17532,47.41978],[306.07989,47.39354],[306.05995,47.37773],[306.07276,47.37215],[306.0733,47.36316],[306.05879,47.35277],[306.08264,47.35159],[306.11187,47.37649],[306.10411,47.3556],[306.11301,47.35117],[306.03759,47.32165],[306.06558,47.3239],[306.07405,47.31881],[306.06321,47.31325],[306.082,47.30433],[306.11958,47.30509],[306.08478,47.29705],[306.03256,47.30335],[306.00252,47.28743],[306.02116,47.31458],[305.98594,47.31389],[305.98719,47.26491],[306.01386,47.25164],[306.05413,47.26856],[306.14771,47.2692],[306.0595,47.26296],[306.0338,47.24932],[306.05917,47.24185],[306.04694,47.22788],[306.07889,47.21933],[306.07347,47.21644],[306.026,47.22498],[306.02188,47.23509],[306.03575,47.23543],[306.02138,47.24706],[305.97585,47.23917],[305.94364,47.1786],[305.9261,47.16217],[305.92676,47.1378],[305.90744,47.10425],[305.91258,47.09958],[305.89625,47.08721],[305.86812,47.03649],[305.82344,46.99269],[305.82084,46.96046],[305.79591,46.94031],[305.81433,46.92364],[305.78981,46.89015],[305.78759,46.86915],[305.80158,46.84929],[305.78911,46.82659],[305.8108,46.81777],[305.84116,46.83072],[305.85602,46.81264],[305.87324,46.81394],[305.87779,46.80196],[305.91118,46.81219],[305.92537,46.79437],[305.93133,46.80734],[305.958,46.82002],[305.98478,46.84945],[305.9962,46.83637],[306.0152,46.85431],[306.03111,46.85566],[306.04077,46.86589],[306.04226,46.88302],[306.06359,46.88474],[306.0927,46.90276],[306.11612,46.92341],[306.12153,46.94742],[306.14897,46.95726],[306.17858,46.98648],[306.18094,47.00219],[306.20901,47.03999],[306.24192,47.03708],[306.26555,47.05079],[306.27893,47.09132],[306.29588,47.08202],[306.33062,47.1566],[306.35725,47.17954],[306.33674,47.14175],[306.32905,47.10134],[306.35981,47.11506],[306.37383,47.13188],[306.37531,47.15315],[306.38855,47.17668],[306.43234,47.21669],[306.44058,47.21778],[306.42861,47.19648],[306.43113,47.17748],[306.4169,47.15425],[306.42248,47.14816],[306.45315,47.17335],[306.45864,47.15647],[306.43848,47.13177],[306.44197,47.12765],[306.49269,47.13664],[306.52945,47.16925],[306.57803,47.17444],[306.52817,47.15486],[306.49336,47.1242],[306.44016,47.11168],[306.39949,47.08688],[306.39469,47.07362],[306.42299,47.06888],[306.33218,46.98997],[306.37222,46.99553],[306.37456,46.98276],[306.364,46.95883],[306.36982,46.94446],[306.38201,46.94783],[306.41905,46.994],[306.41153,46.97035],[306.42112,46.95918],[306.41312,46.93946],[306.45111,46.95248],[306.46379,46.97442],[306.47806,46.98065],[306.45709,46.93947],[306.41899,46.92049],[306.39243,46.9226],[306.37144,46.90852],[306.38027,46.88913],[306.3324,46.82846],[306.32659,46.79183],[306.33823,46.7964],[306.35553,46.78797],[306.35036,46.79955],[306.43264,46.89206],[306.47827,46.8947],[306.5276,46.92973],[306.50856,46.90796],[306.46933,46.88309],[306.43541,46.87259],[306.37209,46.80188],[306.36063,46.78352],[306.37347,46.75906],[306.34099,46.72822],[306.33437,46.71094],[306.36548,46.64261],[306.38844,46.63704],[306.39323,46.62272],[306.40442,46.6165],[306.43183,46.61432],[306.46417,46.6217],[306.50541,46.64804],[306.60366,46.73713],[306.60109,46.76005],[306.60876,46.75496],[306.6328,46.76926],[306.61518,46.73087],[306.58464,46.69307],[306.62436,46.72706],[306.64337,46.72423],[306.64424,46.70371],[306.65642,46.69993],[306.6766,46.71541],[306.69214,46.74083],[306.70904,46.74455],[306.70453,46.70944],[306.71191,46.71448],[306.72616,46.70873],[306.72836,46.68836],[306.76837,46.63952],[306.82572,46.627],[306.84669,46.64078],[306.86261,46.63765],[306.91056,46.65789],[306.95462,46.7515],[306.96901,46.74914],[306.98053,46.76653],[307.00504,46.76004],[307.01328,46.78478],[307.03765,46.78887],[307.05345,46.83332],[307.0448,46.8477],[307.04724,46.86225],[307.07111,46.90662],[307.0379,46.93463],[307.071,46.91973],[307.09789,46.94066],[307.09292,46.95732],[307.03341,46.97562],[307.09039,46.96531],[307.1011,46.97653],[307.08904,47.00219],[307.03683,47.0039],[307.01657,47.01262],[307.09599,47.01068],[307.10192,47.02131],[307.12939,47.02058],[307.11024,47.02764],[307.10488,47.04387],[307.08231,47.05759],[307.1255,47.05143],[307.13387,47.05568],[307.1374,47.07291],[307.03153,47.09046],[307.11503,47.1018],[307.10566,47.10911],[307.12067,47.12878],[307.1202,47.14399],[307.13623,47.14979],[307.12551,47.16408],[307.14529,47.17928],[307.13925,47.20706],[307.15922,47.23029],[307.1496,47.2452],[307.18689,47.2438],[307.17794,47.26097],[307.15671,47.27506],[307.22135,47.28695],[307.17438,47.30765],[307.1856,47.31492],[307.19922,47.3087],[307.24536,47.31196],[307.28644,47.40751],[307.3284,47.43403],[307.28505,47.46808],[307.34355,47.487],[307.35553,47.48318],[307.3637,47.52353],[307.35013,47.53253],[307.31884,47.52781],[307.31129,47.54074],[307.30025,47.53507],[307.30559,47.56367],[307.28028,47.55807],[307.29384,47.57137],[307.31059,47.56976],[307.33136,47.59912],[307.33668,47.62519],[307.32703,47.62885],[307.32627,47.65074],[307.31752,47.66261],[307.30514,47.65059],[307.25864,47.66277],[307.29298,47.70292],[307.27876,47.70804],[307.28567,47.71768],[307.27442,47.73569],[307.27788,47.75177],[307.22352,47.76446],[307.22201,47.78617],[307.19671,47.80858],[307.18055,47.80324],[307.16889,47.75715],[307.14105,47.70297],[307.1331,47.62652],[307.11967,47.62076],[307.06489,47.54425],[306.90783,47.47222],[306.88372,47.44117],[306.86166,47.38633],[306.84245,47.39885],[306.82504,47.38115],[306.85953,47.43311],[306.85082,47.44816],[306.83032,47.43503],[306.83929,47.45995],[306.82051,47.44946],[306.78811,47.41205],[306.79751,47.44498],[306.78634,47.4379],[306.77987,47.44246],[306.82844,47.47904],[306.81938,47.48446],[306.82256,47.50447],[306.81294,47.50601],[306.79304,47.47331],[306.76428,47.4545],[306.76285,47.46355],[306.8079,47.53507],[306.78437,47.53429],[306.8102,47.55605],[306.80325,47.57166],[306.76077,47.54984],[306.75543,47.56258],[306.71979,47.54329],[306.70908,47.54926],[306.75348,47.57765],[306.80384,47.59736],[306.81285,47.61056],[306.73817,47.57749],[306.72652,47.57915],[306.73126,47.58873],[306.70946,47.58347],[306.7842,47.62184],[306.70223,47.59978],[306.71328,47.60826],[306.71547,47.62144],[306.78443,47.64502],[306.81422,47.67423],[306.80526,47.6775],[306.8214,47.69684],[306.73486,47.66981],[306.8178,47.71935],[306.79369,47.71747],[306.80247,47.72885],[306.75942,47.73278],[306.7954,47.74148],[306.84024,47.77854],[306.83621,47.78615],[306.84853,47.80786],[306.89833,47.83608],[306.89454,47.84299],[306.90415,47.85982],[306.93261,47.88414],[306.90837,47.88665],[306.92311,47.90107],[306.92553,47.92251],[306.91077,47.93863],[306.95337,47.95398],[306.96332,47.96826],[307.00408,47.98946],[307.02842,48.01518],[307.01307,48.03894],[307.03802,48.05475],[307.04058,48.07203],[307.07809,48.09136],[307.10499,48.07854],[307.10434,48.0903],[307.13621,48.09689],[307.14001,48.10399],[307.13156,48.11627],[307.11909,48.1178],[307.10219,48.13569],[307.10433,48.15232],[307.08273,48.15721],[307.06897,48.17098],[307.05384,48.16625],[307.04417,48.17286],[307.02361,48.16159],[307.01821,48.13668],[306.9913,48.10308],[306.97742,48.09964],[306.98194,48.08602],[306.9436,48.07246],[306.91591,48.04947],[306.89219,48.04895],[306.87106,48.03792],[306.81821,48.06362],[306.78073,48.03159],[306.76508,48.03718],[306.73083,48.02031],[306.72882,48.0255],[306.70319,48.01863],[306.6756,47.99535],[306.65576,47.95643],[306.64688,47.95653],[306.64233,47.93868],[306.62503,47.92737],[306.63419,47.91715],[306.61101,47.91264],[306.601,47.88984],[306.62137,47.87915],[306.62367,47.86867],[306.61346,47.86403],[306.58792,47.88172],[306.57289,47.86934],[306.5538,47.84734],[306.54876,47.81574],[306.53005,47.8137],[306.51229,47.78863],[306.51427,47.77817],[306.52539,47.77505],[306.48352,47.7477],[306.49535,47.71964],[306.48824,47.70493],[306.50949,47.69603],[306.50627,47.68498],[306.4858,47.67959],[306.47836,47.66742],[306.45677,47.67129],[306.48537,47.6415],[306.48036,47.63469],[306.45841,47.65075],[306.47598,47.61246],[306.43528,47.63059],[306.42241,47.62588],[306.42234,47.6128],[306.44416,47.58825],[306.42747,47.59044],[306.41772,47.56601],[306.43738,47.56571],[306.44189,47.54637],[306.42814,47.5199],[306.40664,47.54671],[306.39104,47.53665],[306.37654,47.53984],[306.36349,47.56154],[306.33397,47.52086],[306.32064,47.51754],[306.31613,47.527],[306.33737,47.57438],[306.3191,47.56976],[306.31116,47.57897],[306.31299,47.60044],[306.27924,47.57126],[306.27062,47.58051],[306.27083,47.61035],[306.28198,47.6099],[306.31269,47.65946],[306.31038,47.68555],[306.29103,47.69613],[306.27369,47.68341],[306.26414,47.6523],[306.24792,47.64019],[306.26298,47.63584],[306.24273,47.62398],[306.24201,47.61598],[306.23063,47.62241],[306.22904,47.61033],[306.2194,47.60678],[306.21607,47.63315],[306.23287,47.62916],[306.244,47.63731],[306.20968,47.63882],[306.19118,47.65852],[306.18919,47.67448],[306.16696,47.67878],[306.15438,47.70226],[306.13322,47.69915],[306.1328,47.70904],[306.1207,47.71802],[306.15678,47.72071],[306.15343,47.74202],[306.1193,47.78077],[306.13047,47.78539],[306.12938,47.8006],[306.09997,47.81037],[306.11783,47.81666],[306.11426,47.8233],[306.08386,47.84137],[306.0975,47.84402],[306.09318,47.84749],[306.04672,47.85227],[306.05276,47.86477],[306.10652,47.85565],[306.14955,47.80629],[306.1529,47.79278],[306.15823,47.79706],[306.16452,47.78521],[306.18814,47.77302],[306.19081,47.78043],[306.19746,47.77659],[306.26512,47.85265],[306.25751,47.85954],[306.22968,47.86075],[306.25418,47.87052],[306.2638,47.889],[306.24169,47.89216],[306.24087,47.89887],[306.18764,47.89401],[306.17414,47.9056],[306.19702,47.89781],[306.25975,47.9099],[306.27708,47.90404],[306.26282,47.89962],[306.27337,47.89416],[306.29252,47.89691],[306.2844,47.90521],[306.30359,47.92356],[306.25679,47.92362],[306.25672,47.91536],[306.2318,47.92328],[306.23471,47.92976],[306.30411,47.92743],[306.30909,47.95192],[306.32736,47.95816],[306.32981,47.97638],[306.35287,47.9876],[306.34484,47.99911],[306.36081,48.01352],[306.35441,48.02447],[306.3139,48.01337],[306.36533,48.03436],[306.38015,48.05274],[306.36378,48.05327],[306.31193,48.02933],[306.29317,48.00429],[306.28376,48.00555],[306.2983,48.01959],[306.2936,48.02538],[306.18072,47.99999],[306.13667,48.01108],[306.05672,48.01462],[306.03535,48.02411],[306.07096,48.03742],[306.08591,48.02599],[306.17759,48.01785],[306.24749,48.03136],[306.24455,48.0453],[306.26606,48.03966],[306.31414,48.0611],[306.29482,48.08315],[306.13331,48.07186],[306.05812,48.08107],[306.05178,48.09566],[306.06335,48.11358],[306.061,48.1245],[306.01663,48.18465],[306.03635,48.20714],[306.03144,48.23289],[306.09947,48.21977],[306.14143,48.19138],[306.21486,48.19623],[306.25081,48.18767],[306.28773,48.16596],[306.35401,48.17643],[306.405,48.20041],[306.4284,48.23341],[306.47191,48.23488],[306.48392,48.23966],[306.48829,48.25889],[306.5008,48.24986],[306.51644,48.25853],[306.52411,48.27665],[306.53923,48.28145],[306.55768,48.27067],[306.5657,48.27889],[306.58983,48.26936],[306.60614,48.27775],[306.59817,48.29454],[306.58076,48.30045],[306.60532,48.31361],[306.59043,48.3228],[306.60272,48.32456],[306.62369,48.34873],[306.64448,48.35201],[306.64365,48.36078],[306.61188,48.35291],[306.61441,48.36606],[306.63527,48.36246],[306.6289,48.37594],[306.60926,48.37602],[306.62063,48.38082],[306.62008,48.39164],[306.6557,48.36072],[306.66396,48.36548],[306.66529,48.3895],[306.69184,48.36763],[306.69933,48.37427],[306.6872,48.38835],[306.71869,48.37465],[306.72437,48.36856],[306.7185,48.36365],[306.72984,48.35857],[306.7861,48.34718],[306.7987,48.35808],[306.79108,48.365],[306.80256,48.38011],[306.87221,48.39905],[306.94072,48.45683],[306.92558,48.46424],[306.92341,48.47769],[306.93352,48.48301],[306.92771,48.4882],[306.94066,48.50573],[306.90472,48.49635],[306.91902,48.51609],[306.93301,48.51013],[306.94588,48.54121],[306.95253,48.54169],[306.95372,48.53335],[306.99074,48.54523],[306.96804,48.56708],[306.98529,48.57606],[306.99019,48.60443],[306.97185,48.6279],[306.9615,48.62352],[306.94726,48.635],[306.96067,48.65066],[306.93815,48.66015],[306.93568,48.66927],[306.92369,48.66086],[306.90662,48.66265],[306.89992,48.68076],[306.90901,48.69302],[306.90369,48.69933],[306.88903,48.67503],[306.87456,48.66861],[306.87581,48.65821],[306.86692,48.65189],[306.87665,48.64737],[306.85045,48.62931],[306.81801,48.6206],[306.8068,48.60777],[306.80566,48.5904],[306.78176,48.58067],[306.77358,48.56719],[306.7521,48.56213],[306.75319,48.55288],[306.7315,48.51983],[306.70235,48.52626],[306.69065,48.55338],[306.66965,48.53703],[306.65305,48.53945],[306.67223,48.57221],[306.65698,48.59634],[306.62409,48.59633],[306.63597,48.61418],[306.60432,48.60582],[306.59167,48.61188],[306.57422,48.60355],[306.56277,48.62055],[306.5477,48.61184],[306.54413,48.621],[306.49964,48.57005],[306.50283,48.55311],[306.5139,48.54325],[306.4945,48.51805],[306.50442,48.50987],[306.48889,48.49752],[306.47947,48.50933],[306.46328,48.48968],[306.44906,48.44167],[306.44203,48.4382],[306.43722,48.45088],[306.44106,48.46625],[306.4164,48.44755],[306.40118,48.41956],[306.33533,48.38407],[306.32191,48.38167],[306.38902,48.42649],[306.40946,48.45738],[306.38871,48.45451],[306.43108,48.48406],[306.42949,48.49013],[306.41822,48.48852],[306.40763,48.47172],[306.38578,48.47098],[306.40795,48.49671],[306.38957,48.51135],[306.39686,48.52927],[306.33996,48.43611],[306.32294,48.42497],[306.31792,48.42871],[306.32908,48.45764],[306.29972,48.43691],[306.24929,48.41583],[306.24865,48.42137],[306.26145,48.43713],[306.28561,48.44234],[306.31789,48.47437],[306.35252,48.49294],[306.34034,48.49734],[306.35356,48.50825],[306.31573,48.5018],[306.33415,48.51285],[306.29317,48.49328],[306.29968,48.50826],[306.35591,48.53563],[306.28887,48.52542],[306.20301,48.46972],[306.19476,48.44405],[306.17677,48.44626],[306.17654,48.43411],[306.15655,48.40546],[306.12484,48.39768],[306.12551,48.37654],[306.14964,48.37925],[306.14087,48.36761],[306.11648,48.36812],[306.09745,48.35431],[306.10185,48.37218],[306.07971,48.37668],[306.08977,48.39307],[306.14009,48.42707],[306.16987,48.46707],[306.16415,48.47337],[306.11373,48.4653],[305.97752,48.39907],[305.89866,48.40217],[305.86344,48.37984],[305.8414,48.33613],[305.82234,48.32137],[305.83363,48.34551],[305.82291,48.36973],[305.79792,48.38189],[305.79792,48.39015],[305.82189,48.38904],[305.87549,48.42594],[305.92158,48.41165],[305.96929,48.41812],[305.99315,48.42936],[305.98672,48.4357],[306.04474,48.45485],[306.06572,48.47817],[306.095,48.48566],[306.10397,48.48032],[306.20453,48.50449],[306.22495,48.52027],[306.21811,48.52342],[306.22135,48.5425],[306.18445,48.52746],[306.19031,48.53515],[306.1818,48.54138],[306.16764,48.53624],[306.16858,48.5433],[306.2703,48.56208],[306.25448,48.56783],[306.22532,48.55924],[306.21921,48.56006],[306.22227,48.56744],[306.16961,48.57191],[306.15452,48.57027],[306.13835,48.55515],[306.13919,48.56933],[306.12,48.57067],[306.1157,48.559],[306.07575,48.57071],[306.05193,48.56039],[306.02522,48.53578],[306.0232,48.54415],[306.04251,48.5756],[306.07561,48.58815],[306.11766,48.58434],[306.15675,48.59491],[306.18193,48.60995],[306.1715,48.61996],[306.17691,48.62423],[306.22197,48.61952],[306.22195,48.6271],[306.25371,48.63164],[306.26025,48.63905],[306.27069,48.63431],[306.32476,48.64486],[306.33942,48.66095],[306.3545,48.66234],[306.35816,48.66625],[306.35178,48.66778],[306.37455,48.6772],[306.34056,48.6719],[306.37096,48.68889],[306.35817,48.69424],[306.34839,48.68611],[306.3455,48.69798],[306.338,48.69888],[306.33645,48.68751],[306.24442,48.65008],[306.23835,48.6642],[306.2733,48.68186],[306.24768,48.69232],[306.22102,48.68999],[306.22396,48.69899],[306.2374,48.70095],[306.22619,48.7078],[306.23501,48.71669],[306.19895,48.71674],[306.16425,48.70088],[306.13148,48.7021],[306.13044,48.69688],[306.12065,48.7041],[306.11054,48.69574],[306.12317,48.72574],[306.14349,48.74038],[306.14702,48.75393],[306.1153,48.73445],[306.10099,48.71005],[306.06272,48.6985],[306.05802,48.68639],[306.03596,48.67137],[306.08246,48.65885],[306.14507,48.66346],[306.16505,48.68088],[306.19809,48.68698],[306.12712,48.64823],[306.10567,48.64833],[306.07085,48.62832],[306.03052,48.62169],[306.04734,48.63655],[306.06884,48.63417],[306.08548,48.65018],[306.02862,48.66285],[306.052,48.7092],[306.04085,48.70617],[306.03261,48.69082],[305.99258,48.67339],[305.96229,48.67488],[305.95861,48.67853],[305.98717,48.69846],[306.02704,48.70123],[306.03601,48.71952],[306.01848,48.72602],[305.99832,48.72029],[306.00376,48.7381],[305.96827,48.73186],[305.94244,48.73859],[306.02666,48.74619],[306.07962,48.73215],[306.12355,48.76011],[306.12902,48.77516],[306.12021,48.77681],[306.09145,48.75875],[306.07278,48.76189],[306.08717,48.77895],[306.0686,48.78024],[306.06641,48.79],[306.04635,48.78267],[306.0531,48.7997],[306.11817,48.79023],[306.17766,48.80673],[306.16875,48.82581],[306.14995,48.82553],[306.15759,48.83334],[306.13547,48.83164],[306.13975,48.84034],[306.12209,48.82508],[306.10148,48.83475],[306.11156,48.84266],[306.0497,48.84002],[306.00675,48.81175],[305.98431,48.7807],[306.03292,48.79673],[306.01288,48.77884],[306.03116,48.77528],[306.01834,48.76753],[305.97127,48.77112],[305.99557,48.81123],[305.93934,48.81143],[305.91327,48.79777],[305.83679,48.78049],[305.80984,48.75952],[305.7739,48.76333],[305.75956,48.74579],[305.75608,48.75124],[305.78196,48.78329],[305.79902,48.78647],[305.78653,48.80298],[305.81164,48.80388],[305.84315,48.82506],[305.8838,48.81432],[305.91272,48.83127],[305.95066,48.82913],[305.97585,48.84124],[305.9832,48.83898],[305.97444,48.82504],[305.99629,48.82472],[306.01118,48.84038],[305.98501,48.85562],[306.02549,48.86478],[306.03356,48.88128],[306.09888,48.8913],[306.07318,48.90217],[306.04182,48.89388],[306.02152,48.89825],[306.03093,48.89037],[306.00395,48.88618],[305.99301,48.89299],[305.99138,48.90454],[306.01754,48.90237],[306.05367,48.91521],[306.11009,48.91289],[306.1796,48.93821],[306.17407,48.94633],[306.12841,48.95654],[306.13499,48.96143],[306.13074,48.96878],[306.0764,48.97145],[306.08916,48.9863],[306.08658,48.9931],[306.11128,48.97701],[306.13236,48.98359],[306.14875,48.97576],[306.16483,48.98401],[306.20087,48.98512],[306.2208,48.99336],[306.22764,49.00786],[306.24675,49.00995],[306.11523,49.01988],[306.12935,49.0264],[306.11769,49.03578],[306.1217,49.03967],[306.17874,49.02538],[306.21409,49.0263],[306.23204,49.03786],[306.24468,49.0307],[306.33081,49.03296],[306.34722,49.03566],[306.35033,49.04304],[306.3395,49.04804],[306.35536,49.0542],[306.35842,49.03843],[306.3884,49.03825],[306.3874,49.04863],[306.39683,49.0538],[306.39035,49.07757],[306.36324,49.0785],[306.39271,49.08958],[306.37482,49.10417],[306.3826,49.11242],[306.35995,49.11033],[306.36455,49.10066],[306.35261,49.10779],[306.31856,49.1066],[306.37541,49.11858],[306.3621,49.13107],[306.33585,49.13331],[306.34892,49.14193],[306.39054,49.12181],[306.41562,49.12375],[306.42086,49.13375],[306.40639,49.13278],[306.44463,49.15135],[306.44199,49.19003],[306.48222,49.20984],[306.46335,49.22015],[306.52181,49.2274],[306.51597,49.24059],[306.52757,49.24585],[306.5293,49.2556],[306.50175,49.25658],[306.48379,49.28082],[306.43584,49.27888],[306.41966,49.29612],[306.39535,49.30032],[306.38415,49.3207],[306.34121,49.31453],[306.30024,49.3355],[306.29485,49.34475],[306.31065,49.35506],[306.30941,49.36132],[306.21025,49.39367],[306.12797,49.40872],[306.08979,49.43587],[306.05944,49.44285],[306.0504,49.45413],[306.01893,49.45544],[305.94493,49.42729],[305.94453,49.43762],[305.96426,49.44063],[305.96588,49.45039],[305.98617,49.46026],[305.98687,49.47098],[305.94069,49.46737],[305.92824,49.47975],[305.90534,49.45788],[305.87571,49.4625],[305.82954,49.45609],[305.81104,49.38313],[305.79036,49.3751],[305.78544,49.41086],[305.77399,49.40919],[305.76426,49.40445],[305.75437,49.37087],[305.74532,49.36586],[305.73466,49.37033],[305.74554,49.37593],[305.73807,49.38342],[305.75423,49.41668],[305.73494,49.40306],[305.73962,49.39846],[305.71737,49.39462],[305.70976,49.37877],[305.7094,49.42321],[305.67891,49.40699],[305.67697,49.41671],[305.66746,49.41927],[305.67773,49.4256],[305.6767,49.43413],[305.63177,49.42598],[305.62622,49.42651],[305.62953,49.43618],[305.62031,49.43552],[305.60403,49.41188],[305.5687,49.38741],[305.55865,49.36275],[305.57067,49.3493],[305.56137,49.33651],[305.5737,49.33128],[305.51111,49.29816],[305.50103,49.27578],[305.50278,49.26001],[305.48186,49.26212],[305.5184,49.32914],[305.50908,49.33605],[305.52176,49.34797],[305.50104,49.35066],[305.4901,49.37023],[305.49884,49.3929],[305.51654,49.40274],[305.52713,49.42325],[305.51504,49.45365],[305.54459,49.46812],[305.54684,49.47785],[305.48797,49.46787],[305.43994,49.42823],[305.42632,49.42595],[305.49671,49.52213],[305.52469,49.52937],[305.52326,49.54639],[305.47818,49.53751],[305.50659,49.54817],[305.51774,49.56156],[305.44992,49.5424],[305.34365,49.44826],[305.33124,49.45026],[305.33094,49.44181],[305.31323,49.43171],[305.33143,49.4253],[305.31799,49.39485],[305.29254,49.37255],[305.26722,49.37497],[305.26674,49.36492],[305.24998,49.35958],[305.25348,49.34155],[305.23008,49.31228],[305.22396,49.31991],[305.22648,49.35045],[305.20009,49.35566],[305.18454,49.32736],[305.19266,49.30681],[305.15495,49.27136],[305.14076,49.27275],[305.14518,49.28077],[305.13678,49.29904],[305.14332,49.31635],[305.13006,49.33508],[305.1358,49.3911],[305.12958,49.39805],[305.14183,49.39172],[305.15534,49.39632],[305.13872,49.41339],[305.11056,49.40355],[305.11508,49.40012],[305.10817,49.38879],[305.07732,49.36123],[305.08861,49.35885],[305.08463,49.34851],[305.09192,49.34175],[305.10902,49.34412],[305.12255,49.33384],[305.10421,49.31437],[305.10072,49.29302],[305.06472,49.28127],[305.05754,49.30749],[305.03002,49.30882],[304.99789,49.29091],[305.00811,49.28836],[304.9932,49.26161],[304.95306,49.24362],[304.95727,49.23747],[304.94689,49.21965],[304.93457,49.22825],[304.93417,49.2436],[304.94117,49.25311],[304.959,49.25615],[304.98416,49.28402],[304.96397,49.31954],[304.96622,49.35216],[304.94487,49.32411],[304.92765,49.33317],[304.90698,49.36481],[304.90072,49.36213],[304.89856,49.34576],[304.92176,49.32109],[304.91887,49.28552],[304.89487,49.28369],[304.88766,49.26594],[304.87091,49.27589],[304.82992,49.2563],[304.80538,49.25584],[304.71366,49.19943],[304.69965,49.21219],[304.69172,49.2034],[304.68646,49.17023],[304.73021,49.18425],[304.69803,49.15757],[304.69189,49.13588],[304.6958,49.1135],[304.71344,49.09576],[304.79513,49.12563],[304.70624,49.08052],[304.6622,49.07613],[304.61244,49.05023],[304.59533,49.02971],[304.5898,49.03683],[304.59927,49.05082],[304.68032,49.0991],[304.65974,49.12888],[304.63969,49.12063],[304.63032,49.12449],[304.66091,49.14988],[304.65765,49.15872],[304.60799,49.15456],[304.60487,49.16477],[304.64181,49.18736],[304.67274,49.22211],[304.7523,49.2631],[304.75505,49.29524],[304.74817,49.30288],[304.75881,49.32367],[304.74365,49.34221],[304.75735,49.35554],[304.76587,49.40205],[304.78785,49.41385],[304.77216,49.39856],[304.7822,49.38116],[304.78733,49.38321],[304.82742,49.42277],[304.79346,49.41382],[304.79582,49.42584],[304.81295,49.42848],[304.82387,49.43529],[304.81925,49.44122],[304.84029,49.44734],[304.84653,49.4594],[304.83604,49.45989],[304.83964,49.46384],[304.8615,49.46465],[304.849,49.47233],[304.83058,49.4709],[304.85907,49.48719],[304.84238,49.49209],[304.85028,49.49995],[304.83651,49.52507],[304.81597,49.52054],[304.83464,49.54323],[304.78342,49.54125],[304.77235,49.5365],[304.77519,49.52379],[304.76329,49.53074],[304.7779,49.4937],[304.74599,49.52032],[304.75507,49.53935],[304.7155,49.54413],[304.71029,49.53499],[304.69464,49.53654],[304.70382,49.52385],[304.68572,49.53542],[304.66295,49.53622],[304.68612,49.50292],[304.71026,49.48878],[304.69483,49.48903],[304.69428,49.48086],[304.71989,49.4705],[304.69973,49.46913],[304.70283,49.44566],[304.71676,49.42169],[304.71426,49.40487],[304.72929,49.40762],[304.72694,49.3988],[304.74325,49.40698],[304.73348,49.39439],[304.73422,49.37193],[304.72172,49.38611],[304.72344,49.36945],[304.71666,49.3714],[304.71387,49.36188],[304.7263,49.34712],[304.72054,49.33915],[304.70668,49.35695],[304.70638,49.34758],[304.67184,49.34571],[304.67158,49.30363],[304.63789,49.3493],[304.65206,49.36079],[304.6702,49.35997],[304.68374,49.37267],[304.69301,49.39966],[304.67573,49.38895],[304.67927,49.40898],[304.66074,49.38968],[304.65991,49.37531],[304.65058,49.37985],[304.65259,49.38891],[304.64516,49.38833],[304.65692,49.40999],[304.63019,49.39929],[304.61103,49.33381],[304.59426,49.32083],[304.58826,49.32042],[304.60168,49.35825],[304.59418,49.36362],[304.59242,49.3836],[304.56184,49.36941],[304.54253,49.34875],[304.52847,49.3551],[304.54396,49.37272],[304.62506,49.42057],[304.63637,49.43791],[304.65892,49.45199],[304.65662,49.4601],[304.62464,49.45651],[304.5628,49.42243],[304.53926,49.42211],[304.59245,49.46092],[304.58101,49.46234],[304.61731,49.4836],[304.62722,49.49756],[304.60614,49.48753],[304.59822,49.49246],[304.60433,49.50041],[304.59142,49.50465],[304.53445,49.49414],[304.5172,49.45304],[304.50597,49.45651],[304.51295,49.46969],[304.50197,49.46194],[304.49295,49.46302],[304.49697,49.47817],[304.48138,49.47336],[304.48498,49.4469],[304.45714,49.43897],[304.44282,49.42244],[304.42764,49.37666],[304.41105,49.35816],[304.39571,49.36935],[304.4103,49.38542],[304.41036,49.42064],[304.38707,49.40883],[304.45093,49.47103],[304.43861,49.47751],[304.45781,49.48331],[304.45133,49.49206],[304.41007,49.48354],[304.33478,49.41198],[304.33722,49.39426],[304.30374,49.38196],[304.29796,49.38723],[304.31084,49.4075],[304.28926,49.41276],[304.2984,49.42358],[304.24939,49.41741],[304.29268,49.44372],[304.27841,49.44135],[304.27552,49.44764],[304.31202,49.45823],[304.32354,49.47169],[304.30329,49.46225],[304.30018,49.47336],[304.25369,49.45404],[304.19287,49.44216],[304.1903,49.44822],[304.23342,49.4693],[304.19104,49.46671],[304.23146,49.4815],[304.26199,49.47771],[304.22241,49.49308],[304.19068,49.48822],[304.18576,49.49185],[304.21492,49.51351],[304.19963,49.51163],[304.15001,49.53264],[304.13493,49.52571],[304.1394,49.5173],[304.11105,49.50748],[304.10899,49.52265],[304.09029,49.51449],[304.07632,49.52283],[304.05931,49.50271],[304.04316,49.50656],[303.98462,49.49654],[303.90382,49.43501],[303.86541,49.4253],[303.84722,49.42966],[303.91022,49.47798],[303.89365,49.48868],[303.90426,49.49718],[303.9201,49.48993],[303.92545,49.50229],[303.93859,49.50772],[303.98101,49.52184],[304.03169,49.52645],[304.06839,49.55036],[304.07431,49.56452],[304.10452,49.58736],[304.10622,49.60027],[304.09434,49.60486],[304.04539,49.57848],[304.00548,49.57299],[304.07368,49.60227],[304.0763,49.60765],[304.04599,49.60338],[304.12271,49.64738],[304.10098,49.64483],[304.10955,49.66071],[304.13893,49.67301],[304.14576,49.68896],[304.09856,49.66733],[304.1024,49.66085],[304.04148,49.64127],[304.08329,49.67185],[304.11466,49.68451],[304.07426,49.67493],[304.09301,49.69041],[304.08696,49.69339],[304.05701,49.68248],[304.05564,49.67179],[304.03876,49.6759],[303.97633,49.66397],[304.01525,49.68071],[304.02362,49.67605],[304.10549,49.7139],[304.02989,49.69385],[304.01192,49.69776],[303.99494,49.68586],[303.97985,49.69035],[303.95779,49.68435],[303.84219,49.61455],[303.83038,49.58118],[303.80071,49.57591],[303.8127,49.59191],[303.80953,49.61923],[303.86672,49.64424],[303.94254,49.69089],[303.85591,49.6995],[303.93034,49.70759],[303.97684,49.72223],[303.98359,49.72653],[303.96493,49.73824],[303.96735,49.75277],[304.01037,49.7337],[304.03989,49.74307],[304.02289,49.74669],[304.07338,49.74696],[304.08675,49.75331],[304.0947,49.77056],[304.11061,49.76717],[304.12382,49.77967],[304.14293,49.7837],[304.13326,49.79689],[304.18312,49.79737],[304.20902,49.80934],[304.20631,49.81768],[304.23932,49.81563],[304.25515,49.82549],[304.27763,49.8241],[304.27386,49.83591],[304.30921,49.83238],[304.31197,49.83866],[304.2844,49.85307],[304.34595,49.84957],[304.33512,49.85437],[304.3422,49.86504],[304.36613,49.86723],[304.43642,49.91086],[304.45462,49.90528],[304.50199,49.92495],[304.52011,49.93902],[304.50913,49.9459],[304.52298,49.96312],[304.50381,49.96281],[304.50787,49.97795],[304.49015,49.98489],[304.48792,50.00098],[304.46183,50.00599],[304.42916,49.98156],[304.39281,49.9694],[304.40184,49.95714],[304.34492,49.97257],[304.33819,49.96554],[304.30722,49.96776],[304.29114,49.96294],[304.29075,49.93782],[304.26462,49.92085],[304.24954,49.92948],[304.22266,49.9155],[304.22552,49.92658],[304.21191,49.93948],[304.21729,49.95091],[304.17864,49.94701],[304.17927,49.95704],[304.13996,49.97554],[304.11254,49.96682],[304.1216,49.99091],[304.14195,49.98506],[304.10885,50.02043],[304.08952,50.02235],[304.08726,50.03204],[304.06034,50.03996],[304.0116,50.03115],[304.00983,50.01249],[303.98847,49.98911],[303.94649,49.97613],[303.97802,50.00985],[303.97126,50.03982],[303.90702,50.01307],[303.87912,49.98741],[303.85776,49.97864],[303.84439,49.94876],[303.78364,49.92319],[303.79253,49.93542],[303.82099,49.94851],[303.84382,49.98123],[303.83985,49.99211],[303.8597,50.00757],[303.86553,50.02082],[303.85959,50.02562],[303.90159,50.05393],[303.88307,50.05327],[303.88142,50.06225],[303.92171,50.07554],[303.90665,50.08549],[303.90597,50.10493],[303.84918,50.11714],[303.87715,50.11608],[303.89054,50.13019],[303.85904,50.13938],[303.85542,50.15413],[303.8346,50.15972],[303.76876,50.12383],[303.7116,50.06475],[303.66807,50.03803],[303.643,49.99897],[303.64945,49.99166],[303.63343,49.99087],[303.60972,49.96684],[303.59212,49.96404],[303.58158,49.94455],[303.59332,49.93705],[303.58544,49.92774],[303.59841,49.92225],[303.60962,49.89237],[303.58716,49.91489],[303.56258,49.92125],[303.53817,49.89654],[303.55376,49.85556],[303.53452,49.8704],[303.53463,49.88411],[303.51996,49.90291],[303.4487,49.8547],[303.4093,49.8442],[303.40849,49.83874],[303.48169,49.81837],[303.43019,49.82771],[303.38847,49.82299],[303.33967,49.77464],[303.3433,49.74551],[303.31432,49.74923],[303.30486,49.73242],[303.24602,49.67981],[303.2169,49.63212],[303.18397,49.6026],[303.15197,49.55727],[303.12169,49.54272],[303.12896,49.56419],[303.16563,49.6064],[303.2062,49.69301],[303.19115,49.69876],[303.20002,49.71309],[303.19587,49.73652],[303.16924,49.72963],[303.16301,49.74925],[303.12676,49.74563],[303.11979,49.75134],[303.10368,49.74364],[303.06658,49.75191],[303.08075,49.75739],[303.07972,49.76702],[303.108,49.76771],[303.1257,49.78677],[303.15455,49.78561],[303.21592,49.82973],[303.22427,49.85481],[303.17825,49.86295],[303.22089,49.86131],[303.23999,49.87027],[303.24477,49.88153],[303.22197,49.89279],[303.24198,49.89533],[303.25784,49.9343],[303.24903,49.93939],[303.25741,49.95555],[303.24103,49.95884],[303.19862,49.9196],[303.19808,49.92623],[303.22701,49.98739],[303.22202,49.996],[303.23516,50.01406],[303.23391,50.02506],[303.2851,50.05304],[303.353,50.11079],[303.34813,50.12077],[303.31512,50.12988],[303.27934,50.1224],[303.25473,50.13434],[303.27991,50.12946],[303.30516,50.13843],[303.36889,50.12692],[303.38783,50.13677],[303.39269,50.14824],[303.36826,50.15799],[303.40186,50.15159],[303.4808,50.22738],[303.46486,50.24095],[303.42614,50.2464],[303.43702,50.25287],[303.48774,50.24608],[303.49319,50.2516],[303.48671,50.26758],[303.50673,50.26414],[303.52523,50.30115],[303.55875,50.3342],[303.5642,50.35181],[303.52805,50.37546],[303.47922,50.37649],[303.51347,50.39286],[303.51229,50.40408],[303.48878,50.40901],[303.4855,50.41666],[303.5214,50.41449],[303.53266,50.39584],[303.52924,50.38933],[303.57711,50.37714],[303.5939,50.41398],[303.6244,50.42749],[303.6217,50.44151],[303.64082,50.43535],[303.66305,50.45622],[303.65968,50.46661],[303.67315,50.46521],[303.68419,50.48467],[303.69632,50.48422],[303.71584,50.50633],[303.71677,50.51269],[303.6785,50.51317],[303.6458,50.52393],[303.73053,50.52223],[303.74835,50.53709],[303.75495,50.55852],[303.746,50.57436],[303.76712,50.57792],[303.76331,50.59518],[303.7731,50.60029],[303.7318,50.61961],[303.78419,50.61951],[303.78788,50.60499],[303.79768,50.60235],[303.82986,50.6283],[303.86374,50.6414],[303.88605,50.68026],[303.87761,50.69381],[303.85932,50.68264],[303.85888,50.6895],[303.83409,50.69728],[303.81553,50.6909],[303.82039,50.70463],[303.80577,50.74099],[303.8228,50.75792],[303.80699,50.7738],[303.82744,50.78079],[303.82763,50.80223],[303.83747,50.80345],[303.8336,50.8239],[303.84269,50.84021],[303.82667,50.8424],[303.83973,50.86655],[303.79628,50.84901],[303.79414,50.83357],[303.76168,50.8293],[303.78882,50.85407],[303.77652,50.85749],[303.73566,50.89981],[303.72439,50.89885],[303.73199,50.90701],[303.74474,50.90039],[303.7471,50.89073],[303.75645,50.89038],[303.78097,50.8628],[303.80199,50.85222],[303.81119,50.86602],[303.80827,50.88117],[303.84444,50.90538],[303.84632,50.89847],[303.82885,50.8852],[303.84012,50.88615],[303.87647,50.91604],[303.87395,50.88146],[303.85805,50.88115],[303.86102,50.86667],[303.87603,50.86907],[303.85455,50.8514],[303.86172,50.8395],[303.8465,50.79992],[303.85026,50.78998],[303.84109,50.78051],[303.84343,50.75921],[303.86795,50.74437],[303.89354,50.81755],[303.90162,50.81154],[303.89011,50.7773],[303.89199,50.7437],[303.87608,50.73129],[303.88097,50.72198],[303.88764,50.73177],[303.89834,50.72315],[303.91587,50.73366],[303.92981,50.75549],[303.96042,50.76709],[303.95564,50.78872],[303.97251,50.78443],[303.99412,50.80322],[304.02798,50.85164],[304.02639,50.86128],[304.06937,50.88036],[304.09078,50.9037],[304.09769,50.88951],[304.0908,50.8818],[304.10239,50.86036],[304.11076,50.88672],[304.13523,50.90788],[304.10091,50.90399],[304.10457,50.92278],[304.12642,50.95385],[304.12923,50.93116],[304.15281,50.92133],[304.16426,50.92749],[304.1677,50.96202],[304.14228,50.96075],[304.14149,50.97104],[304.16587,50.98718],[304.16489,50.99999],[304.22153,51.03043],[304.19805,51.02398],[304.20014,51.03466],[304.18402,51.04877],[304.16711,51.05054],[304.18537,51.05948],[304.19715,51.04554],[304.22428,51.04429],[304.26841,51.08475],[304.25595,51.07973],[304.25717,51.08854],[304.25127,51.08782],[304.27369,51.12118],[304.26023,51.12883],[304.26977,51.13136],[304.26301,51.13172],[304.26294,51.14219],[304.23455,51.1499],[304.22051,51.14378],[304.23904,51.15889],[304.27251,51.16243],[304.2713,51.16889],[304.26263,51.16579],[304.27971,51.18071],[304.26179,51.18001],[304.26214,51.18755],[304.23231,51.19577],[304.21429,51.19003],[304.20677,51.19535],[304.21312,51.20155],[304.22036,51.19546],[304.22516,51.20886],[304.19547,51.1992],[304.17882,51.20829],[304.15632,51.19355],[304.1604,51.19821],[304.13675,51.22242],[304.13319,51.21546],[304.08547,51.20369],[304.07704,51.18705],[304.04854,51.19014],[304.01688,51.18234],[304.03344,51.18427],[304.02988,51.17295],[304.01382,51.16437],[304.04723,51.17554],[304.02533,51.1587],[304.02804,51.15241],[304.03665,51.15508],[304.04282,51.14686],[304.06443,51.15638],[304.03918,51.13874],[304.01628,51.14711],[304.01839,51.15437],[304.00522,51.15369],[304.00811,51.16572],[303.99033,51.17459],[303.99556,51.18424],[303.9906,51.19403],[303.97097,51.19037],[303.97686,51.21168],[303.92352,51.21423],[303.97816,51.23452],[303.94471,51.24805],[303.96236,51.25797],[303.98315,51.25792],[303.9756,51.26323],[303.98117,51.26852],[303.97479,51.28706],[303.96322,51.30074],[303.9536,51.29512],[303.91568,51.29987],[303.92137,51.31066],[303.89378,51.31254],[303.90856,51.33125],[303.89884,51.33296],[303.91518,51.34429],[303.91714,51.35841],[303.94199,51.36236],[303.95997,51.35075],[303.97056,51.3712],[304.01953,51.32599],[304.07417,51.33228],[304.0467,51.34768],[304.04598,51.35595],[304.05254,51.35571],[304.08661,51.3284],[304.10806,51.32327],[304.1948,51.34047],[304.24573,51.33399],[304.2434,51.32103],[304.25194,51.31476],[304.33418,51.31508],[304.34739,51.30817],[304.34835,51.2992],[304.37284,51.2994],[304.36191,51.29593],[304.36545,51.29099],[304.4031,51.29136],[304.40789,51.29553],[304.38378,51.29921],[304.39878,51.31443],[304.38852,51.32902],[304.37604,51.33225],[304.39574,51.3356],[304.41467,51.32366],[304.44233,51.33723],[304.44562,51.34832],[304.41272,51.35578],[304.41154,51.36613],[304.43114,51.35347],[304.44371,51.35481],[304.41802,51.37618],[304.4397,51.3845],[304.48484,51.34929],[304.48863,51.36517],[304.50714,51.36376],[304.50431,51.37921],[304.51294,51.38505],[304.50643,51.38943],[304.51969,51.39394],[304.51266,51.4004],[304.51793,51.40912],[304.50335,51.41703],[304.52919,51.43362],[304.52287,51.4435],[304.53068,51.44823],[304.53635,51.47525],[304.52637,51.47817],[304.5209,51.45663],[304.51051,51.44812],[304.51269,51.46612],[304.48889,51.4737],[304.5109,51.48107],[304.46857,51.4832],[304.46893,51.49051],[304.45288,51.49503],[304.48412,51.48831],[304.5234,51.49592],[304.54641,51.48401],[304.54148,51.4897],[304.55714,51.49938],[304.54118,51.50116],[304.54067,51.51424],[304.52811,51.52069],[304.53769,51.521],[304.5356,51.52932],[304.51567,51.5537],[304.53367,51.55734],[304.53682,51.53775],[304.55247,51.5472],[304.55696,51.53717],[304.56343,51.53943],[304.57418,51.55114],[304.57902,51.57682],[304.56212,51.56971],[304.54568,51.57426],[304.53156,51.59086],[304.5141,51.56727],[304.50798,51.57942],[304.51318,51.59089],[304.48084,51.58736],[304.48617,51.6002],[304.46146,51.59568],[304.4637,51.58872],[304.45407,51.58428],[304.42528,51.58312],[304.40528,51.57038],[304.39276,51.57384],[304.39501,51.58177],[304.38347,51.57282],[304.40795,51.5602],[304.39688,51.55971],[304.39733,51.54939],[304.35543,51.56039],[304.36143,51.56909],[304.35326,51.56825],[304.35691,51.57544],[304.33845,51.58599],[304.34768,51.59388],[304.36423,51.59027],[304.37841,51.60736],[304.35138,51.60542],[304.30643,51.57782],[304.29659,51.57918],[303.96648,51.88648],[304.03901,51.91102],[304.11201,51.9597],[304.10376,51.96664],[304.10989,51.97672],[304.09076,51.97831],[304.0616,52.00384],[304.02098,52.01808],[304.01982,52.02567],[304.07461,52.0162],[304.105,51.992],[304.1234,51.99844],[304.11337,52.01413],[304.11778,52.01764],[304.14618,52.00403],[304.1796,52.00053],[304.1645,52.01733],[304.22079,52.02398],[304.24006,52.05852],[304.21218,52.07374],[304.20797,52.08808],[304.24186,52.07723],[304.30756,52.08028],[304.31322,52.10022],[304.30472,52.10077],[304.31813,52.11995],[304.29769,52.12781],[304.2953,52.15286],[304.31681,52.1635],[304.28273,52.18056],[304.25706,52.17693],[304.25155,52.19316],[304.23738,52.19299],[304.22645,52.20324],[304.25918,52.21806],[304.26863,52.19642],[304.29102,52.19673],[304.30193,52.21304],[304.32194,52.19673],[304.3593,52.19029],[304.38317,52.21297],[304.34304,52.22936],[304.29348,52.22961],[304.3126,52.23828],[304.28674,52.2484],[304.21389,52.22773],[304.16511,52.22835],[304.20591,52.23397],[304.23643,52.24499],[304.25523,52.26193],[304.27294,52.2599],[304.28266,52.27167],[304.30444,52.27682],[304.28434,52.28878],[304.23625,52.26629],[304.22943,52.27294],[304.23777,52.28202],[304.21665,52.2876],[304.18502,52.27684],[304.18325,52.27004],[304.17747,52.27987],[304.20904,52.29772],[304.18592,52.30588],[304.17224,52.29884],[304.169,52.30466],[304.18675,52.31455],[304.18339,52.31856],[304.13877,52.32063],[304.13297,52.33044],[304.10211,52.32811],[304.06855,52.34485],[304.01931,52.34588],[304.05188,52.35459],[304.03046,52.36952],[303.94809,52.39319],[303.90132,52.39729],[303.86629,52.41585],[303.82124,52.41849],[303.80798,52.43815],[303.76677,52.44658],[303.79712,52.44674],[303.8788,52.42596],[304.0508,52.37523],[304.09587,52.35327],[304.19567,52.33368],[304.2438,52.33674],[304.13537,52.35988],[304.22488,52.35368],[304.23005,52.35693],[304.21726,52.36769],[304.16417,52.37969],[304.26233,52.3736],[304.26596,52.3801],[304.29326,52.36857],[304.27861,52.36407],[304.28222,52.3589],[304.30286,52.35585],[304.3144,52.37053],[304.31352,52.36164],[304.33038,52.36192],[304.31918,52.35456],[304.32611,52.34903],[304.36045,52.34844],[304.37955,52.36374],[304.36451,52.3705],[304.37398,52.38295],[304.30854,52.406],[304.37415,52.40332],[304.35592,52.42323],[304.37983,52.42646],[304.35177,52.43804],[304.3812,52.44055],[304.31427,52.45661],[304.31265,52.44019],[304.34191,52.43681],[304.31667,52.43157],[304.30206,52.44676],[304.28343,52.44401],[304.28928,52.45021],[304.27882,52.45815],[304.27079,52.44493],[304.24046,52.44124],[304.24811,52.45446],[304.26694,52.45927],[304.22872,52.45929],[304.25225,52.47011],[304.28541,52.46797],[304.25602,52.47798],[304.25047,52.48642],[304.25856,52.49259],[304.1949,52.49347],[304.19531,52.50169],[304.18608,52.50317],[304.15842,52.48059],[304.15195,52.49135],[304.16709,52.49676],[304.1569,52.504],[304.16688,52.50249],[304.1666,52.5231],[304.1499,52.50928],[304.11951,52.50532],[304.07038,52.50934],[304.02621,52.50218],[304.00471,52.5091],[304.00227,52.51926],[303.93234,52.50517],[303.98359,52.52013],[303.96007,52.52551],[303.97798,52.52856],[303.96152,52.53735],[303.91604,52.53249],[303.88106,52.54418],[303.8445,52.52549],[303.80477,52.53458],[303.75282,52.52826],[303.72003,52.53526],[303.70979,52.55161],[303.67566,52.56527],[303.61034,52.56092],[303.46793,52.60163],[303.59518,52.57283],[303.67294,52.57749],[303.74839,52.54214],[303.82153,52.54158],[303.86642,52.55268],[303.88101,52.5689],[303.89989,52.56163],[303.93967,52.56968],[303.95739,52.55809],[304.01181,52.55371],[304.01503,52.56825],[303.96812,52.57695],[303.95412,52.5717],[303.9365,52.58031],[304.03429,52.59779],[303.98151,52.61654],[303.97991,52.62368],[304.02484,52.60933],[304.0406,52.61313],[304.03495,52.62111],[303.95932,52.64132],[303.91829,52.64934],[303.86159,52.64643],[303.86341,52.65415],[303.95027,52.65765],[303.99606,52.63984],[304.02106,52.64584],[304.01398,52.65067],[304.07639,52.63797],[304.05973,52.63284],[304.0706,52.62033],[304.10883,52.61098],[304.15478,52.61965],[304.17741,52.60465],[304.20764,52.59853],[304.22172,52.60031],[304.19237,52.61302],[304.23416,52.60444],[304.24439,52.6091],[304.24025,52.61291],[304.2507,52.61596],[304.24468,52.61985],[304.25637,52.624],[304.24917,52.63502],[304.2104,52.63871],[304.26773,52.64785],[304.24538,52.66171],[304.23028,52.66134],[304.18929,52.63833],[304.12718,52.63001],[304.08962,52.63866],[304.10925,52.64735],[304.11587,52.63773],[304.13201,52.63739],[304.16624,52.64121],[304.17159,52.64995],[304.19083,52.64651],[304.24312,52.67712],[304.2359,52.68814],[304.19399,52.69881],[304.16743,52.68511],[304.14595,52.68885],[304.11558,52.67848],[304.1092,52.6826],[304.12998,52.69125],[304.10782,52.69592],[304.09292,52.68568],[304.04844,52.67717],[304.04786,52.69526],[304.03743,52.69242],[304.01039,52.71372],[304.01492,52.71791],[303.99933,52.71639],[303.99509,52.69891],[303.99021,52.71555],[303.966,52.71455],[303.99301,52.72141],[303.99427,52.72686],[303.96554,52.73013],[303.98775,52.73394],[303.98322,52.74211],[303.99471,52.74812],[303.96978,52.74759],[303.96046,52.75295],[303.97087,52.75626],[303.94802,52.7655],[303.92935,52.7842],[303.92535,52.76511],[303.90715,52.77236],[303.88989,52.76927],[303.88448,52.7889],[303.82712,52.80612],[303.83527,52.82141],[303.82575,52.83339],[303.8028,52.83872],[303.81086,52.8444],[303.82703,52.8393],[303.85283,52.81923],[303.88869,52.80638],[303.93913,52.80469],[303.99295,52.77816],[304.03016,52.78055],[304.0032,52.79108],[304.06963,52.78284],[304.07966,52.80126],[304.03097,52.79333],[304.02407,52.81256],[304.01351,52.81269],[304.028,52.82226],[304.09309,52.81955],[304.10283,52.83065],[304.08404,52.84778],[304.09507,52.85243],[304.121,52.83093],[304.11956,52.83968],[304.15977,52.82933],[304.16567,52.83576],[304.14094,52.8419],[304.13744,52.85278],[304.19984,52.8334],[304.19659,52.88569],[304.17752,52.89598],[304.17361,52.88285],[304.16362,52.88915],[304.17348,52.90505],[304.16795,52.91051],[304.14615,52.90029],[304.16605,52.92614],[304.10922,52.93386],[304.11837,52.94635],[304.11206,52.95573],[304.12604,52.95135],[304.13851,52.96282],[304.10023,52.97079],[304.08907,52.99314],[304.14845,52.98351],[304.12493,53.00722],[304.07968,53.01017],[304.05987,52.99713],[304.02203,52.98996],[304.02036,52.99643],[303.99509,53.00209],[303.94638,52.99207],[303.92283,52.97913],[303.92614,52.97376],[303.91033,52.97497],[303.86454,52.93782],[303.86164,52.95187],[303.88229,52.95828],[303.89148,52.9804],[303.86996,52.98134],[303.86652,52.98946],[303.89109,52.98865],[303.90169,52.98006],[303.93666,52.99765],[303.93059,53.01433],[303.95415,53.00645],[303.95639,53.01438],[303.97448,53.00897],[303.98117,53.0156],[303.95454,53.02726],[303.95114,53.01914],[303.92013,53.02864],[303.92533,53.01497],[303.89451,53.02651],[303.85895,53.02357],[303.82754,53.03306],[303.93801,53.0333],[303.96135,53.0435],[303.96551,53.03101],[303.9823,53.03204],[303.9896,53.02058],[304.01105,53.01459],[304.04966,53.01761],[304.05746,53.01185],[304.09861,53.02964],[304.11837,53.01797],[304.12436,53.02509],[304.11716,53.03312],[304.09256,53.03787],[304.12548,53.05663],[304.14532,53.08911],[304.07806,53.11342],[304.04799,53.10096],[304.04888,53.10642],[304.10413,53.13151],[304.12023,53.12889],[304.08769,53.11469],[304.16323,53.09741],[304.18654,53.09864],[304.2367,53.12156],[304.25935,53.13516],[304.25936,53.14295],[304.214,53.15006],[304.25688,53.16798],[304.25308,53.17955],[304.23868,53.18419],[304.21291,53.17779],[304.21005,53.19139],[304.15921,53.20143],[304.18527,53.20691],[304.23502,53.19347],[304.22087,53.20839],[304.27481,53.22957],[304.25919,53.23357],[304.26979,53.23661],[304.27034,53.24598],[304.25478,53.24288],[304.25067,53.25927],[304.23187,53.26589],[304.22385,53.25039],[304.24871,53.23943],[304.23739,53.23298],[304.21837,53.2451],[304.21633,53.23602],[304.23008,53.22843],[304.21946,53.21737],[304.22069,53.22602],[304.15012,53.24934],[304.18983,53.24977],[304.19486,53.25829],[304.1766,53.26671],[304.20667,53.27366],[304.18915,53.28571],[304.08998,53.2949],[304.14676,53.31329],[304.18742,53.31408],[304.17761,53.32031],[304.2107,53.32248],[304.21075,53.33071],[304.17944,53.33891],[304.14048,53.32746],[304.13075,53.33352],[304.08244,53.33199],[304.14334,53.3491],[304.1327,53.3577],[304.15404,53.36474],[304.1317,53.36712],[304.08364,53.39257],[304.04005,53.38492],[304.03183,53.37078],[304.04007,53.36089],[304.01524,53.36929],[303.97867,53.36565],[304.005,53.37798],[303.9948,53.38393],[304.0479,53.39517],[304.0087,53.40565],[304.01509,53.42076],[303.98892,53.42347],[303.95909,53.44048],[303.99254,53.44577],[303.97261,53.46634],[303.89479,53.49155],[303.84322,53.49804],[303.80125,53.52637],[303.7535,53.53338],[303.76021,53.5398],[303.7382,53.55147],[303.83175,53.55398],[303.89153,53.53146],[303.9343,53.52891],[303.94956,53.53618],[303.95258,53.52739],[303.93526,53.5227],[303.9788,53.52446],[303.98171,53.51453],[303.96643,53.51484],[303.97591,53.51815],[303.96394,53.52152],[303.95316,53.51708],[303.96349,53.50438],[303.99255,53.51142],[303.98304,53.50007],[304.00087,53.49376],[304.03038,53.5138],[304.01827,53.51558],[304.01633,53.53166],[303.99717,53.53208],[304.04779,53.53952],[304.00878,53.55342],[303.99245,53.5718],[303.9695,53.5648],[303.94013,53.57949],[303.90704,53.57075],[303.87002,53.57356],[303.86807,53.58597],[303.83479,53.59619],[303.80966,53.57756],[303.81028,53.56725],[303.7809,53.5739],[303.77834,53.56667],[303.73588,53.58196],[303.66597,53.5823],[303.66764,53.57493],[303.68864,53.56902],[303.52254,53.50706],[303.53007,53.51918],[303.54383,53.51855],[303.56351,53.53373],[303.60303,53.53803],[303.65415,53.56551],[303.61172,53.5771],[303.64277,53.57615],[303.68235,53.59391],[303.72414,53.58827],[303.75167,53.59541],[303.73479,53.60898],[303.66933,53.63022],[303.64571,53.62843],[303.59449,53.60506],[303.58224,53.60566],[303.57806,53.61539],[303.48994,53.61937],[303.4761,53.6335],[303.46323,53.63136],[303.4295,53.64719],[303.38178,53.65199],[303.38474,53.66014],[303.35711,53.66115],[303.34598,53.67129],[303.3291,53.66719],[303.28793,53.67846],[303.31311,53.68913],[303.32541,53.67415],[303.33724,53.68251],[303.36573,53.68239],[303.35625,53.67466],[303.39914,53.67642],[303.40942,53.66538],[303.43243,53.67866],[303.43985,53.6988],[303.45905,53.69801],[303.47616,53.7094],[303.4921,53.70642],[303.4928,53.71486],[303.55663,53.71297],[303.5509,53.71817],[303.60422,53.71063],[303.59796,53.72316],[303.55775,53.731],[303.5919,53.74712],[303.58417,53.76062],[303.55788,53.77375],[303.53406,53.77514],[303.53465,53.78221],[303.51712,53.78022],[303.52076,53.77302],[303.49682,53.75886],[303.48965,53.76548],[303.45347,53.76196],[303.49841,53.74076],[303.39615,53.75446],[303.41468,53.74501],[303.38708,53.74237],[303.38313,53.73151],[303.41086,53.71197],[303.41422,53.70113],[303.35292,53.71042],[303.3504,53.72237],[303.32837,53.72162],[303.32667,53.73424],[303.33695,53.74241],[303.30606,53.75676],[303.29471,53.74068],[303.28257,53.74735],[303.26375,53.74329],[303.28799,53.7376],[303.28283,53.72586],[303.24185,53.71418],[303.22629,53.71734],[303.23526,53.72876],[303.20613,53.72086],[303.19175,53.73976],[303.17389,53.73292],[303.15092,53.70931],[303.12339,53.71209],[303.08571,53.72907],[303.0452,53.72852],[303.01954,53.70929],[302.99259,53.70951],[302.98866,53.70298],[303.00846,53.69974],[302.99243,53.691],[302.99475,53.68569],[302.97576,53.68388],[302.94684,53.66678],[302.9473,53.65122],[302.97372,53.64942],[302.95416,53.63913],[302.97259,53.63894],[302.98136,53.63231],[302.88754,53.62687],[302.8672,53.61616],[302.86386,53.60093],[302.88397,53.59153],[302.84824,53.55719],[302.88993,53.56624],[302.89024,53.55389],[302.87275,53.53375],[302.81172,53.49865],[302.77685,53.49308],[302.70557,53.45131],[302.70376,53.48289],[302.72874,53.53168],[302.69575,53.52558],[302.67565,53.54135],[302.70979,53.56525],[302.69084,53.56912],[302.68095,53.5826],[302.68713,53.58931],[302.67529,53.59027],[302.66359,53.60585],[302.65562,53.60122],[302.65757,53.58952],[302.59921,53.58991],[302.58253,53.56857],[302.56133,53.5677],[302.58171,53.58641],[302.59624,53.61671],[302.54181,53.60624],[302.53624,53.59677],[302.50867,53.59187],[302.49894,53.57678],[302.48438,53.57731],[302.49457,53.58075],[302.50114,53.60095],[302.55553,53.62994],[302.58023,53.62506],[302.59455,53.63915],[302.74326,53.67875],[302.78433,53.70613],[302.82199,53.71049],[302.86289,53.73419],[302.88234,53.73121],[302.8915,53.74104],[302.85571,53.75333],[302.86261,53.76985],[302.85114,53.78269],[302.92089,53.80362],[302.87124,53.81717],[302.84027,53.80467],[302.77528,53.82037],[302.83944,53.80948],[302.87399,53.82351],[302.94294,53.80971],[302.92797,53.82768],[302.8577,53.83967],[302.82033,53.86432],[302.79053,53.9105],[302.80257,53.9342],[302.81767,53.94002],[302.84508,53.93297],[302.88437,53.93545],[302.82907,53.95391],[302.80329,53.95087],[302.73467,53.99154],[302.6944,54.04659],[302.64187,54.09391],[302.62922,54.12138],[302.65267,54.12931],[302.65325,54.13843],[302.637,54.13994],[302.61121,54.12565],[302.58502,54.13605],[302.61465,54.14956]],[[303.84277,43.4161],[303.84955,46.55477],[303.91449,46.5638],[303.98178,46.58491],[304.09786,46.64657],[304.07877,46.6941],[304.01625,46.80302],[303.90147,46.85996],[303.87311,46.93296],[303.89411,47.10238],[303.75127,47.3048],[303.5028,47.36368],[303.33747,47.21638],[303.13158,47.1296],[302.90322,46.98293],[302.94185,46.88501],[303.01325,46.79846],[303.02579,46.73669],[303.05231,46.67666],[303.08954,46.62323],[303.13509,46.57639],[303.22882,46.50272],[303.33043,46.4491],[303.41456,46.41745],[303.59566,46.36771],[303.60197,43.41791],[303.84277,43.4161]]]]}}