{"type":"Feature","properties":{"name":"Pacific Federal Marine Bioregions (Canada)","source":"Fisheries and Oceans Canada (DFO), Marine Planning and Conservation Directorate, Federal Marine Bioregions","source_url":"https://open.canada.ca/data/en/dataset/23eb8b56-dac8-4efc-be7c-b8fa11ba62e9","source_record":"23eb8b56-dac8-4efc-be7c-b8fa11ba62e9","components":["Offshore Pacific","Northern Shelf","Southern Shelf","Strait of Georgia"],"retrieved":"2026-09-15","note":"The union of the four bioregions the dataset marks OCEAN_E = Pacific, reprojected from Canada Albers Equal Area Conic (NAD83) to WGS84. This is Canada's own marine-planning framework, not a maritime limit: its seaward edge follows the EEZ, but the dataset describes its boundaries as fuzzy and revisable on ecosystem grounds, so the region is named for the bioregions rather than for the zone. Interior rings (362 islands, Vancouver Island and Haida Gwaii the largest) are dropped: the mask is intersected with `sst_daily`, which holds ocean cells only, so land inside the region is excluded by the data rather than by the geometry -- and a clean outline is what the map wants. Douglas-Peucker simplified at 0.002 deg, which is 1/25 of a grid cell. Longitudes are 0-360, as everywhere else in this project.","simplify_tolerance_deg":0.002},"geometry":{"type":"MultiPolygon","coordinates":[[[[236.781071,48.548717],[236.840154,48.453494],[236.884876,48.422828],[236.751571,48.284022],[236.458793,48.22455],[236.32096,48.239995],[235.98796,48.296661],[235.272765,48.493439],[235.192821,48.504495],[235.138377,48.503106],[235.075877,48.495606],[234.970209,48.472329],[234.83696,48.429772],[234.754182,48.398661],[234.62446,48.340606],[234.477238,48.301995],[234.300293,48.247273],[234.075293,48.164495],[233.876377,48.081717],[233.685821,47.996689],[233.276932,47.806689],[232.818293,47.622495],[232.587182,47.508606],[232.249127,47.333051],[231.717155,47.040523],[231.256321,46.765523],[230.870778,46.526854],[230.537329,46.676684],[230.398505,46.745477],[230.262937,46.817434],[230.125955,46.895312],[229.997505,46.973467],[229.835639,47.078394],[229.712619,47.163159],[229.444111,47.263186],[229.188752,47.371801],[228.942587,47.49033],[228.706469,47.618391],[228.514058,47.734576],[228.331615,47.855891],[228.156243,47.984291],[227.993229,48.11588],[227.787572,48.212335],[227.591486,48.313706],[227.402388,48.421133],[227.22072,48.534388],[227.082834,48.627759],[226.950062,48.724486],[226.82261,48.824439],[226.704081,48.924503],[226.530446,48.981783],[226.367416,49.039942],[226.207336,49.10176],[226.044852,49.169571],[225.885946,49.24115],[225.736108,49.313756],[225.589982,49.389712],[225.436656,49.474815],[225.181814,49.629001],[224.886529,49.818444],[224.534162,50.061529],[224.247379,50.278924],[224.101228,50.374179],[223.85827,50.521727],[223.638872,50.671405],[223.505819,50.771113],[223.376974,50.875161],[223.161832,51.033818],[223.02262,51.1454],[222.911555,51.240051],[222.786324,51.355203],[222.610928,51.528355],[222.271894,51.835527],[222.146949,51.961813],[222.030516,52.091287],[221.916821,52.231595],[221.816038,52.370917],[221.745043,52.480186],[221.680257,52.590533],[221.594354,52.719657],[221.533108,52.821982],[221.464496,52.950422],[221.343866,53.201433],[221.286892,53.340991],[221.24094,53.477668],[222.336599,53.680813],[223.434861,53.872527],[224.043157,53.972468],[225.030991,54.121357],[225.676046,54.228024],[226.181074,54.343301],[226.76613,54.517468],[227.315824,54.662218],[229.384379,54.707467],[229.371352,54.724745],[229.374268,54.738106],[229.340935,54.763079],[229.371129,54.782745],[229.431796,54.792162],[229.545602,54.851301],[229.577268,54.873384],[229.654046,54.917745],[229.726657,54.973967],[229.812435,55.062856],[229.819102,55.091273],[229.847546,55.124634],[229.84965,55.130715],[229.861999,55.128658],[229.862262,55.121249],[229.836933,55.092528],[229.834979,55.078662],[229.85033,55.050445],[229.861209,55.04534],[229.862872,55.038104],[229.86008,55.024421],[229.865115,55.011645],[229.880939,54.989642],[229.903125,54.981292],[229.925861,54.988089],[229.946521,55.002326],[229.972415,55.030154],[229.97681,55.053317],[229.989414,55.07511],[230.011005,55.088927],[230.019592,55.101625],[230.045545,55.097071],[230.010486,55.054763],[230.019092,55.044246],[230.016544,55.03815],[229.993533,55.016452],[229.99036,55.011695],[229.99155,55.007178],[230.006763,54.997294],[230.044132,54.991126],[230.060733,54.984961],[230.081577,54.98429],[230.102809,54.990458],[230.119259,54.999555],[230.18606,55.000121],[230.262621,54.998304],[230.31932,54.984371],[230.348466,54.9961],[230.356235,55.003248],[230.374372,55.003291],[230.423286,55.024472],[230.425776,55.029567],[230.44692,55.025771],[230.429045,55.023903],[230.400173,55.01022],[230.389196,55.001056],[230.359821,54.993087],[230.357637,54.987972],[230.346766,54.985926],[230.339831,54.980722],[230.338059,54.974355],[230.332878,54.972374],[230.313846,54.969741],[230.302084,54.974],[230.288018,54.972399],[230.270423,54.977582],[230.231466,54.973285],[230.215845,54.976013],[230.201456,54.983445],[230.196243,54.980921],[230.160963,54.981289],[230.147538,54.978498],[230.14245,54.97357],[230.136905,54.951632],[230.124728,54.948207],[230.123492,54.943782],[230.084781,54.930167],[230.080631,54.935897],[230.073383,54.935286],[230.070483,54.93056],[230.066486,54.934352],[230.062289,54.933719],[230.058902,54.920924],[230.029788,54.911952],[230.013583,54.911269],[230.007419,54.917106],[230.010776,54.923026],[230.044177,54.941867],[230.05144,54.953044],[230.031619,54.959487],[230.016574,54.970557],[229.981601,54.969951],[229.949634,54.952094],[229.922015,54.932181],[229.904514,54.911467],[229.833301,54.854636],[229.823306,54.839152],[229.826648,54.83591],[229.869403,54.841369],[229.889896,54.8492],[229.906818,54.866218],[229.908344,54.875705],[229.912875,54.879401],[229.936816,54.888106],[229.94469,54.888556],[229.948947,54.884677],[229.946536,54.880183],[229.91846,54.860927],[229.917758,54.858138],[229.922824,54.854072],[229.890094,54.832019],[229.868671,54.825053],[229.851169,54.825183],[229.833499,54.812697],[229.829745,54.781993],[229.858203,54.773555],[229.860294,54.768405],[229.826938,54.775401],[229.820026,54.774089],[229.80968,54.751704],[229.785312,54.718867],[229.7896,54.714763],[229.817371,54.714553],[229.856921,54.708148],[229.892657,54.684768],[229.91405,54.68463],[229.918872,54.681929],[229.936954,54.655002],[229.954929,54.641074],[229.984851,54.631617],[229.99158,54.624663],[230.007724,54.618018],[230.009006,54.61053],[230.029636,54.600703],[230.049731,54.600928],[230.054523,54.595927],[230.062625,54.597072],[230.073108,54.605227],[230.088641,54.609088],[230.100391,54.619143],[230.113376,54.617125],[230.086307,54.599555],[230.047748,54.591647],[230.023746,54.595782],[229.985339,54.617202],[229.967105,54.617534],[229.956973,54.621306],[229.941653,54.634639],[229.930102,54.639705],[229.924701,54.65269],[229.908023,54.676028],[229.901782,54.675441],[229.896854,54.669654],[229.905231,54.659823],[229.869647,54.680457],[229.865054,54.686381],[229.865482,54.690761],[229.848804,54.702399],[229.801044,54.706031],[229.766833,54.700126],[229.763797,54.702475],[229.743137,54.701945],[229.675464,54.6883],[229.655994,54.688735],[229.640308,54.676791],[229.628406,54.652686],[229.630359,54.646151],[229.647617,54.629298],[229.683246,54.643439],[229.700565,54.654014],[229.714465,54.658641],[229.716464,54.655131],[229.677295,54.635882],[229.657397,54.618873],[229.650394,54.61822],[229.624072,54.63935],[229.616595,54.63248],[229.616672,54.623309],[229.634555,54.61177],[229.647311,54.611155],[229.65224,54.603431],[229.669406,54.591384],[229.703906,54.572806],[229.709216,54.567382],[229.708423,54.56298],[229.699527,54.559699],[229.741504,54.527564],[229.742969,54.521457],[229.749591,54.515201],[229.76665,54.514605],[229.774356,54.511161],[229.759112,54.505904],[229.766711,54.498553],[229.774386,54.499698],[229.777988,54.485919],[229.805682,54.474021],[229.813342,54.463923],[229.882464,54.417067],[229.890948,54.413432],[229.903216,54.417586],[229.910144,54.429912],[229.91756,54.434928],[229.917865,54.43999],[229.906833,54.453795],[229.909335,54.45761],[229.917209,54.459899],[229.922931,54.467803],[229.923099,54.478354],[229.929797,54.482871],[229.950824,54.484313],[229.96413,54.489436],[229.97771,54.486091],[230.003757,54.502028],[230.014697,54.504943],[230.016254,54.502742],[230.003528,54.487113],[229.964236,54.480315],[229.949313,54.481704],[229.934756,54.472381],[229.929172,54.463572],[229.921695,54.461306],[229.919818,54.456153],[229.931613,54.437804],[229.918368,54.425574],[229.914355,54.414561],[229.901507,54.40235],[229.910266,54.387954],[229.944339,54.356448],[229.960757,54.329196],[230.006106,54.30934],[230.013583,54.310424],[230.021411,54.323287],[230.025546,54.317336],[230.018847,54.310531],[230.015521,54.300021],[230.006701,54.298827],[229.929202,54.343879],[229.921908,54.361342],[229.90697,54.375152],[229.831668,54.426474],[229.826846,54.436053],[229.775119,54.468551],[229.762332,54.480864],[229.741885,54.491809],[229.688403,54.548942],[229.667224,54.557082],[229.661639,54.564086],[229.643878,54.572116],[229.628421,54.57479],[229.636432,54.577704],[229.631946,54.584353],[229.636066,54.585074],[229.654391,54.571448],[229.662418,54.570785],[229.664035,54.575007],[229.61983,54.612262],[229.603381,54.615859],[229.595935,54.622062],[229.570438,54.629695],[229.566943,54.62054],[229.551715,54.62168],[229.547076,54.610164],[229.54906,54.607985],[229.559451,54.609534],[229.56911,54.604155],[229.57056,54.600573],[229.567737,54.596503],[229.570132,54.594123],[229.576129,54.593799],[229.621143,54.558673],[229.61893,54.5512],[229.591479,54.558951],[229.565524,54.556228],[229.566836,54.548964],[229.554874,54.525531],[229.5573,54.507781],[229.562442,54.50328],[229.559528,54.493236],[229.576373,54.469714],[229.594897,54.469691],[229.599948,54.46564],[229.608813,54.468928],[229.60947,54.458651],[229.614657,54.45827],[229.616458,54.463656],[229.62218,54.46469],[229.62543,54.461905],[229.613956,54.449054],[229.604053,54.44937],[229.600726,54.44596],[229.573871,54.446395],[229.569156,54.450694],[229.558063,54.453231],[229.538241,54.443076],[229.539432,54.436496],[229.532062,54.435817],[229.527454,54.441726],[229.520602,54.440391],[229.51488,54.419852],[229.530261,54.41093],[229.52225,54.409522],[229.51311,54.397029],[229.525699,54.3861],[229.522861,54.382255],[229.530398,54.375373],[229.520892,54.371352],[229.513522,54.362178],[229.541995,54.356814],[229.543521,54.350482],[229.539432,54.342658],[229.544406,54.339061],[229.543872,54.333293],[229.559268,54.332858],[229.579043,54.343013],[229.580981,54.338771],[229.586459,54.338874],[229.587771,54.335971],[229.584415,54.332786],[229.586886,54.329955],[229.597461,54.323485],[229.601245,54.322108],[229.603152,54.326812],[229.621661,54.331706],[229.621539,54.326785],[229.629397,54.326564],[229.627887,54.322226],[229.631763,54.321349],[229.642764,54.331244],[229.644473,54.326331],[229.652087,54.325412],[229.654941,54.329257],[229.647311,54.336825],[229.650287,54.339988],[229.669513,54.328994],[229.712497,54.34579],[229.714206,54.353919],[229.72449,54.357974],[229.740008,54.385966],[229.739245,54.392573],[229.718997,54.402602],[229.707934,54.4141],[229.680759,54.431975],[229.681018,54.43497],[229.695819,54.429202],[229.706424,54.418139],[229.722369,54.40808],[229.750491,54.395762],[229.761462,54.395957],[229.755405,54.390094],[229.757175,54.375518],[229.747958,54.376574],[229.735507,54.346705],[229.72478,54.336204],[229.728625,54.330012],[229.736377,54.326114],[229.742785,54.328044],[229.743121,54.321238],[229.75394,54.315459],[229.754718,54.306559],[229.75986,54.299525],[229.759051,54.288466],[229.770175,54.271926],[229.777591,54.267547],[229.790027,54.265994],[229.812869,54.267577],[229.854877,54.280707],[229.837466,54.2704],[229.805392,54.26094],[229.805652,54.2527],[229.813388,54.246505],[229.797473,54.252444],[229.795596,54.258754],[229.744205,54.252257],[229.735995,54.240985],[229.724399,54.240066],[229.720874,54.228843],[229.709643,54.228164],[229.707873,54.224853],[229.714663,54.215163],[229.734607,54.199607],[229.794116,54.188247],[229.824008,54.176028],[229.875079,54.147384],[229.883273,54.147406],[229.892917,54.152793],[229.905948,54.165706],[229.946948,54.170623],[229.977298,54.166877],[229.99602,54.176448],[230.009021,54.189811],[230.042392,54.196082],[230.080005,54.212222],[230.095462,54.213332],[230.138217,54.234099],[230.195712,54.233046],[230.211963,54.242301],[230.213489,54.250804],[230.207004,54.259982],[230.215289,54.272906],[230.21474,54.257933],[230.22478,54.243502],[230.199923,54.230231],[230.230151,54.217708],[230.267047,54.217009],[230.312655,54.208297],[230.330615,54.201266],[230.347918,54.18846],[230.371905,54.185191],[230.410083,54.200793],[230.415881,54.213485],[230.42084,54.216735],[230.476825,54.22729],[230.479876,54.239398],[230.488513,54.24422],[230.50487,54.247996],[230.511813,54.244803],[230.560565,54.251498],[230.57561,54.265586],[230.577655,54.275088],[230.58504,54.277999],[230.594684,54.289046],[230.604541,54.291171],[230.613391,54.29988],[230.718203,54.332152],[230.732943,54.320433],[230.749316,54.320777],[230.732562,54.315024],[230.713275,54.318156],[230.679126,54.306357],[230.629458,54.299811],[230.623874,54.295394],[230.627139,54.282698],[230.620532,54.282267],[230.619189,54.277507],[230.601565,54.273314],[230.579272,54.262118],[230.576449,54.250048],[230.569598,54.248767],[230.565448,54.24282],[230.588031,54.241294],[230.599307,54.23693],[230.552569,54.224952],[230.52399,54.232592],[230.512027,54.231498],[230.464114,54.21503],[230.444583,54.215041],[230.439975,54.212039],[230.434375,54.200503],[230.417682,54.184932],[230.407199,54.179549],[230.40314,54.17314],[230.374743,54.172282],[230.359088,54.167529],[230.327517,54.181609],[230.318194,54.190951],[230.304263,54.197287],[230.244723,54.193076],[230.231067,54.195292],[230.214572,54.202857],[230.194156,54.203315],[230.155078,54.212581],[230.145251,54.211482],[230.112048,54.195929],[230.061709,54.178843],[230.065448,54.154063],[230.074374,54.138064],[230.093097,54.119414],[230.120074,54.100314],[230.14963,54.063006],[230.149173,54.056327],[230.153811,54.049487],[230.197162,54.020289],[230.212878,54.005118],[230.233493,54.002841],[230.251635,53.994227],[230.25722,53.969321],[230.267031,53.95909],[230.289294,53.962798],[230.320941,53.958606],[230.329348,53.952784],[230.338259,53.927939],[230.349841,53.915885],[230.381839,53.896674],[230.394717,53.877238],[230.416384,53.875346],[230.396609,53.87287],[230.384616,53.877471],[230.381655,53.889228],[230.338717,53.916072],[230.318011,53.95444],[230.296618,53.954097],[230.289859,53.948546],[230.273257,53.949931],[230.255786,53.957217],[230.241163,53.987789],[230.234695,53.993571],[230.217542,53.991543],[230.204745,53.995265],[230.195834,54.006915],[230.17113,54.022261],[230.159427,54.026187],[230.145373,54.039149],[230.133395,54.059794],[230.120929,54.069171],[230.104876,54.090732],[230.064227,54.123954],[230.053286,54.138003],[230.046801,54.158042],[230.036746,54.157462],[230.019442,54.141791],[229.97684,54.141856],[229.966464,54.143088],[229.9621,54.148108],[229.953051,54.148501],[229.94411,54.141333],[229.941699,54.130179],[229.935809,54.121123],[229.918017,54.113204],[229.91643,54.097285],[229.909671,54.075099],[229.902728,54.065516],[229.90253,54.057471],[229.907245,54.048118],[229.908831,54.031924],[229.916888,54.021159],[229.904391,54.007579],[229.927539,53.990584],[229.92406,53.978915],[229.918322,53.980639],[229.916369,53.996058],[229.905703,53.997565],[229.904284,53.987616],[229.897036,53.975261],[229.897006,53.9709],[229.905413,53.964972],[229.89342,53.957614],[229.891818,53.946509],[229.898486,53.934745],[229.911837,53.927043],[229.916842,53.920455],[229.918155,53.908141],[229.92515,53.896894],[229.944628,53.879303],[229.952102,53.876326],[229.949963,53.871928],[229.967505,53.861227],[229.973533,53.862725],[229.987164,53.855777],[229.993601,53.858284],[229.993138,53.862943],[230.013147,53.867267],[230.010017,53.878715],[230.001917,53.883708],[230.000078,53.89166],[230.024912,53.886006],[230.032921,53.878566],[230.033385,53.870807],[230.022296,53.880566],[230.014514,53.880522],[230.01983,53.87104],[230.027561,53.867777],[230.024674,53.863854],[229.991642,53.847561],[230.021476,53.82452],[230.029458,53.82315],[230.044566,53.81393],[230.049541,53.821331],[230.067365,53.823734],[230.101564,53.818592],[230.133917,53.819984],[230.152642,53.812107],[230.153176,53.804111],[230.121044,53.812975],[230.085732,53.813242],[230.075996,53.818189],[230.066809,53.81743],[230.050191,53.810045],[230.08857,53.774873],[230.164276,53.738149],[230.168839,53.738641],[230.176347,53.752324],[230.179796,53.725919],[230.185167,53.72141],[230.202594,53.714139],[230.210164,53.705621],[230.245125,53.694985],[230.256341,53.694928],[230.259469,53.6988],[230.256509,53.706357],[230.259439,53.705407],[230.266443,53.701913],[230.279582,53.674676],[230.282314,53.676602],[230.282741,53.687009],[230.274912,53.713914],[230.285189,53.704054],[230.289218,53.707388],[230.293307,53.701475],[230.293872,53.688207],[230.288592,53.670484],[230.295764,53.661859],[230.310323,53.653432],[230.298862,53.654931],[230.272325,53.670717],[230.259521,53.673437],[230.253967,53.681612],[230.243956,53.678983],[230.243208,53.66197],[230.270585,53.635762],[230.280594,53.621867],[230.306233,53.603812],[230.344874,53.569277],[230.379257,53.553988],[230.393053,53.544658],[230.399538,53.545016],[230.407703,53.554412],[230.414814,53.555724],[230.420002,53.561969],[230.428441,53.562206],[230.435568,53.558471],[230.422841,53.556159],[230.411381,53.543151],[230.411824,53.535377],[230.422903,53.523604],[230.523808,53.470657],[230.548734,53.451901],[230.587452,53.429688],[230.60137,53.416451],[230.641385,53.392919],[230.678148,53.372873],[230.700322,53.373358],[230.705923,53.364031],[230.713249,53.361208],[230.72503,53.36183],[230.727853,53.36611],[230.719581,53.375303],[230.719749,53.381956],[230.711828,53.391394],[230.711797,53.396666],[230.715353,53.401209],[230.737099,53.404647],[230.750316,53.420839],[230.761241,53.425632],[230.763727,53.463352],[230.759621,53.475517],[230.762749,53.485539],[230.7593,53.495903],[230.76081,53.509045],[230.720964,53.514637],[230.712006,53.508365],[230.700315,53.514358],[230.686929,53.540733],[230.6534,53.561748],[230.651583,53.57323],[230.66335,53.560768],[230.684426,53.550102],[230.694438,53.539631],[230.701169,53.526081],[230.729433,53.516488],[230.763526,53.51724],[230.756946,53.551279],[230.761188,53.561587],[230.750687,53.575247],[230.747787,53.587015],[230.760253,53.609443],[230.759475,53.614673],[230.73991,53.619151],[230.731562,53.626048],[230.708365,53.628954],[230.702077,53.632295],[230.698322,53.64195],[230.691347,53.645426],[230.675613,53.645223],[230.665587,53.650792],[230.638132,53.654972],[230.6629,53.655165],[230.682678,53.648654],[230.700656,53.648734],[230.716466,53.641086],[230.768583,53.63052],[230.798493,53.655221],[230.808168,53.660306],[230.830495,53.663293],[230.85981,53.684511],[230.87188,53.710337],[230.883234,53.719855],[230.898037,53.727027],[230.960377,53.74508],[230.966664,53.749749],[230.969029,53.757428],[230.966496,53.761655],[230.956153,53.765709],[230.957684,53.76758],[230.973158,53.769133],[230.991655,53.761584],[231.020711,53.76945],[231.028403,53.775104],[231.035147,53.787582],[231.033712,53.794842],[231.023471,53.806934],[231.025057,53.8148],[231.020829,53.828018],[231.024994,53.844952],[231.019132,53.869633],[231.00474,53.886098],[230.994301,53.889874],[230.974843,53.888542],[230.989096,53.894989],[230.987082,53.898911],[230.993094,53.899178],[231.019253,53.887738],[231.030669,53.878457],[231.035644,53.870683],[231.028793,53.856648],[231.034364,53.852876],[231.040223,53.861619],[231.044481,53.857797],[231.04378,53.849092],[231.034625,53.834435],[231.040808,53.804726],[231.045233,53.803578],[231.050376,53.808186],[231.055991,53.823129],[231.058721,53.844793],[231.071036,53.845404],[231.072898,53.85145],[231.080818,53.852988],[231.079294,53.828173],[231.064019,53.815732],[231.06144,53.803922],[231.049507,53.792565],[231.054651,53.783658],[231.049661,53.775158],[231.059779,53.777493],[231.070964,53.788587],[231.102187,53.805937],[231.103758,53.816775],[231.126451,53.817893],[231.130648,53.821075],[231.131807,53.832126],[231.122573,53.839919],[231.107309,53.876739],[231.108622,53.881156],[231.100472,53.88396],[231.105798,53.887435],[231.101874,53.912433],[231.105955,53.917705],[231.116125,53.915086],[231.123511,53.903992],[231.132988,53.908349],[231.146051,53.903722],[231.143487,53.89993],[231.134911,53.89745],[231.129525,53.852974],[231.131326,53.840233],[231.135462,53.838379],[231.144023,53.843605],[231.154171,53.85693],[231.17143,53.863728],[231.176023,53.864175],[231.186797,53.856454],[231.192489,53.868409],[231.202896,53.87166],[231.212342,53.878984],[231.210892,53.892202],[231.213395,53.90217],[231.226564,53.902346],[231.231081,53.897753],[231.242831,53.910914],[231.237811,53.916399],[231.240588,53.921568],[231.24628,53.925276],[231.258641,53.922892],[231.272375,53.924697],[231.284949,53.943381],[231.291648,53.94828],[231.296348,53.964992],[231.303047,53.975612],[231.301673,53.982875],[231.30767,54.00148],[231.324567,54.020901],[231.31424,54.034461],[231.319645,54.040654],[231.310178,54.047706],[231.307942,54.053124],[231.324652,54.070744],[231.331626,54.085271],[231.382202,54.107527],[231.376612,54.116655],[231.386815,54.124778],[231.385827,54.13248],[231.396481,54.142395],[231.402448,54.155949],[231.400067,54.164998],[231.402494,54.170148],[231.435874,54.207948],[231.465111,54.25635],[231.474921,54.262505],[231.478707,54.253682],[231.460202,54.23336],[231.442266,54.20364],[231.434065,54.200219],[231.415632,54.173509],[231.411066,54.159372],[231.410542,54.141878],[231.391062,54.117679],[231.39373,54.103339],[231.375308,54.099285],[231.358795,54.089078],[231.339503,54.083787],[231.319265,54.053723],[231.348917,54.013579],[231.382184,54.03506],[231.389997,54.031985],[231.377148,54.017649],[231.347437,54.001604],[231.348728,53.984705],[231.344128,53.973864],[231.35039,53.969132],[231.334742,53.943201],[231.324518,53.935621],[231.308833,53.91404],[231.326671,53.895402],[231.317733,53.894307],[231.297814,53.911514],[231.287545,53.910739],[231.283395,53.901382],[231.2886,53.89178],[231.284679,53.883578],[231.30481,53.869648],[231.311036,53.869484],[231.324358,53.876988],[231.325687,53.867203],[231.328724,53.864827],[231.349753,53.866964],[231.355476,53.864714],[231.367977,53.84973],[231.402085,53.843769],[231.43343,53.844083],[231.434834,53.848043],[231.439656,53.849638],[231.456642,53.84722],[231.472238,53.849311],[231.481166,53.84629],[231.492991,53.856899],[231.497692,53.855317],[231.491879,53.84724],[231.49983,53.845772],[231.511797,53.819531],[231.521458,53.81379],[231.521764,53.808537],[231.481306,53.824775],[231.443488,53.83539],[231.432348,53.831895],[231.39058,53.8343],[231.358591,53.84746],[231.32723,53.855828],[231.315678,53.852528],[231.312779,53.845291],[231.296299,53.835578],[231.291097,53.819762],[231.293845,53.810957],[231.286521,53.799383],[231.280965,53.811716],[231.267642,53.812913],[231.207701,53.787356],[231.188001,53.770368],[231.184523,53.761956],[231.195727,53.739816],[231.213065,53.723478],[231.201792,53.690404],[231.206355,53.685357],[231.1934,53.678543],[231.190318,53.670147],[231.174097,53.664775],[231.163538,53.651884],[231.163905,53.64366],[231.181292,53.607394],[231.199408,53.593387],[231.199806,53.58493],[231.228499,53.563873],[231.229827,53.559815],[231.224501,53.558796],[231.22821,53.551945],[231.242328,53.538888],[231.252629,53.536633],[231.257145,53.551511],[231.274314,53.544088],[231.301818,53.505782],[231.310991,53.500495],[231.349692,53.50142],[231.402725,53.478274],[231.409105,53.47079],[231.40729,53.467036],[231.395508,53.469004],[231.394181,53.464587],[231.401645,53.454631],[231.440225,53.444531],[231.44418,53.429138],[231.452818,53.424733],[231.465743,53.425569],[231.491059,53.440257],[231.504427,53.443626],[231.544075,53.436749],[231.582316,53.45568],[231.610076,53.451676],[231.617721,53.457974],[231.603633,53.471996],[231.603084,53.476319],[231.609781,53.489903],[231.620301,53.495334],[231.625718,53.50703],[231.634853,53.507183],[231.639568,53.503273],[231.642254,53.494236],[231.669983,53.487698],[231.692828,53.474064],[231.763073,53.468026],[231.766125,53.47434],[231.789245,53.470552],[231.825473,53.475569],[231.859824,53.474085],[231.860374,53.482123],[231.869942,53.485514],[231.879514,53.494405],[231.895366,53.494392],[231.901989,53.499942],[231.95276,53.518383],[231.980733,53.515888],[232.004802,53.524444],[232.00711,53.520203],[231.986799,53.511726],[231.931296,53.507258],[231.912251,53.499174],[231.872789,53.473203],[231.881153,53.455022],[231.939528,53.404097],[231.941742,53.388854],[231.946229,53.383322],[231.966221,53.379596],[231.976187,53.373149],[231.98916,53.357448],[232.071444,53.334979],[232.076874,53.329589],[232.077216,53.32319],[232.064725,53.303905],[232.070818,53.278011],[232.091657,53.263081],[232.124357,53.252223],[232.131458,53.238364],[232.156121,53.214217],[232.199998,53.203905],[232.204965,53.200445],[232.207468,53.191851],[232.214641,53.185736],[232.21961,53.174585],[232.226668,53.169752],[232.25262,53.166005],[232.315742,53.136883],[232.324309,53.136799],[232.343256,53.128348],[232.346627,53.121551],[232.363035,53.109925],[232.436361,53.104246],[232.454901,53.096926],[232.423306,53.100802],[232.367726,53.100465],[232.350487,53.106708],[232.339171,53.115186],[232.329473,53.128106],[232.266267,53.150727],[232.254981,53.159243],[232.234313,53.160027],[232.228651,53.150792],[232.227279,53.117425],[232.220862,53.096791],[232.194532,53.077404],[232.176144,53.075275],[232.173778,53.079304],[232.177219,53.08585],[232.204557,53.102993],[232.211775,53.11657],[232.208311,53.126954],[232.21105,53.133023],[232.209394,53.137528],[232.226057,53.15804],[232.225141,53.162526],[232.212531,53.16691],[232.205639,53.173276],[232.202209,53.188697],[232.196306,53.1963],[232.166174,53.209132],[232.144467,53.206079],[232.137552,53.210599],[232.125823,53.235719],[232.095574,53.241862],[232.052958,53.265132],[232.046007,53.271808],[232.04776,53.291301],[232.043044,53.298885],[232.056106,53.324383],[232.055,53.327312],[232.007582,53.34224],[231.990327,53.339772],[231.982609,53.353797],[231.970385,53.359916],[231.964098,53.367664],[231.950897,53.369163],[231.91563,53.353682],[231.887551,53.32958],[231.874155,53.326965],[231.876825,53.336467],[231.900036,53.353268],[231.924329,53.38041],[231.920147,53.386415],[231.924115,53.394826],[231.905587,53.421273],[231.892218,53.433519],[231.879292,53.435708],[231.849563,53.452965],[231.824261,53.458958],[231.813594,53.455292],[231.793724,53.457626],[231.783072,53.456931],[231.766988,53.450495],[231.723251,53.44742],[231.718848,53.453775],[231.688891,53.457017],[231.654432,53.474477],[231.637568,53.477155],[231.635706,53.470659],[231.643856,53.457975],[231.643932,53.451333],[231.632806,53.442361],[231.592273,53.438234],[231.550473,53.42624],[231.521904,53.427678],[231.509604,53.416112],[231.480058,53.407415],[231.477861,53.403646],[231.479906,53.399846],[231.518989,53.394002],[231.50625,53.353273],[231.532959,53.321528],[231.527282,53.321035],[231.506708,53.333714],[231.499438,53.346245],[231.499275,53.362799],[231.50843,53.390006],[231.481387,53.394033],[231.449628,53.411107],[231.426234,53.416847],[231.39829,53.436606],[231.373948,53.446451],[231.342324,53.473351],[231.335457,53.47578],[231.279468,53.490329],[231.297922,53.477566],[231.301249,53.470496],[231.310749,53.466171],[231.317789,53.457654],[231.314309,53.447505],[231.288863,53.476752],[231.270044,53.488211],[231.229989,53.485824],[231.229269,53.502284],[231.224155,53.517154],[231.189752,53.562907],[231.17794,53.564848],[231.148261,53.540257],[231.113605,53.529387],[231.072187,53.533978],[231.062877,53.539925],[231.050882,53.540477],[231.030355,53.549533],[231.014592,53.543928],[231.009892,53.53911],[231.011205,53.53528],[231.021369,53.531439],[231.031243,53.532389],[231.032464,53.529242],[231.025979,53.523421],[231.025326,53.498178],[231.02232,53.4923],[231.024747,53.488756],[231.032606,53.487547],[231.035736,53.476248],[231.078638,53.444477],[231.083964,53.44474],[231.094736,53.458336],[231.119014,53.47695],[231.134946,53.478427],[231.158188,53.4743],[231.162096,53.471058],[231.161928,53.466698],[231.130308,53.467661],[231.123945,53.460928],[231.123244,53.452188],[231.091765,53.42474],[231.113071,53.406777],[231.113041,53.401505],[231.107807,53.395058],[231.113898,53.381611],[231.108192,53.373078],[231.106453,53.363598],[231.109933,53.357811],[231.143644,53.360628],[231.141987,53.35618],[231.119356,53.350935],[231.112718,53.34625],[231.109805,53.331441],[231.111805,53.319856],[231.116566,53.315965],[231.113072,53.308003],[231.120993,53.295102],[231.1354,53.285047],[231.14065,53.277517],[231.197773,53.237482],[231.288988,53.19289],[231.308919,53.18652],[231.342401,53.181489],[231.344247,53.184782],[231.33549,53.199167],[231.322866,53.210561],[231.325551,53.216188],[231.312138,53.241278],[231.314119,53.246624],[231.324081,53.237833],[231.332421,53.221333],[231.338698,53.219718],[231.351392,53.191636],[231.366236,53.174793],[231.376589,53.1667],[231.392449,53.16192],[231.420811,53.128276],[231.44133,53.135741],[231.454437,53.135719],[231.467003,53.130895],[231.478258,53.13185],[231.512225,53.14617],[231.52341,53.145332],[231.523418,53.138555],[231.518933,53.135496],[231.486801,53.123718],[231.470807,53.123002],[231.450604,53.127881],[231.438333,53.125328],[231.430908,53.118789],[231.429194,53.111946],[231.441908,53.089668],[231.451049,53.089638],[231.468751,53.096886],[231.493061,53.094361],[231.508211,53.096468],[231.5364,53.106688],[231.565484,53.102464],[231.576201,53.084246],[231.56857,53.084353],[231.546967,53.09668],[231.461647,53.085368],[231.449363,53.065775],[231.47514,53.028502],[231.479215,53.014719],[231.48213,53.012793],[231.495086,53.017092],[231.485442,53.007677],[231.485763,52.993494],[231.498109,52.935418],[231.500758,52.929339],[231.508064,52.924655],[231.522025,52.921423],[231.54249,52.924437],[231.587232,52.948272],[231.602582,52.991814],[231.614088,52.999901],[231.624053,53.00219],[231.609548,52.980995],[231.602719,52.946004],[231.598143,52.943046],[231.590525,52.942461],[231.560512,52.920834],[231.538659,52.919449],[231.524908,52.914621],[231.49561,52.920411],[231.497625,52.895993],[231.505897,52.881719],[231.524501,52.860826],[231.535992,52.856782],[231.548201,52.844289],[231.557984,52.820917],[231.564409,52.815034],[231.574222,52.81526],[231.600484,52.825873],[231.608022,52.83515],[231.624113,52.84093],[231.62689,52.839698],[231.625624,52.836706],[231.613621,52.829745],[231.612171,52.820288],[231.618581,52.811419],[231.628836,52.807997],[231.669598,52.799555],[231.708453,52.797197],[231.729742,52.796323],[231.763957,52.80084],[231.775692,52.806864],[231.792815,52.830759],[231.784758,52.837954],[231.826115,52.849413],[231.842887,52.860919],[231.841971,52.88103],[231.867808,52.911708],[231.86529,52.916866],[231.866694,52.927234],[231.873592,52.92662],[231.881802,52.915069],[231.890669,52.910648],[231.930424,52.911002],[231.94193,52.91608],[231.961754,52.918307],[231.975276,52.925758],[231.978465,52.930934],[231.986218,52.932639],[231.99629,52.927573],[232.028262,52.927364],[231.973124,52.92018],[231.967248,52.9103],[231.977198,52.906371],[231.977992,52.902751],[231.948924,52.908758],[231.901199,52.895533],[231.890425,52.896899],[231.8878,52.895064],[231.885785,52.875624],[231.878658,52.875086],[231.876568,52.879805],[231.882153,52.890555],[231.874218,52.890006],[231.868678,52.885642],[231.863245,52.874182],[231.859628,52.844477],[231.876628,52.83217],[231.870758,52.827321],[231.870055,52.773468],[231.874145,52.770901],[231.916951,52.776211],[231.957774,52.760116],[231.99826,52.75613],[232.003441,52.763454],[231.999542,52.787106],[232.006226,52.788078],[232.011865,52.759235],[232.023295,52.751937],[232.048887,52.74937],[232.059951,52.741821],[232.083407,52.744643],[232.088809,52.750137],[232.102284,52.751163],[232.114462,52.760143],[232.12149,52.759938],[232.127503,52.758395],[232.130807,52.752586],[232.17314,52.733929],[232.161549,52.731196],[232.143908,52.74031],[232.130906,52.741828],[232.121208,52.754016],[232.111541,52.754487],[232.109243,52.746417],[232.096531,52.738788],[232.064873,52.735156],[232.045791,52.729042],[232.031627,52.741988],[232.019716,52.740566],[231.973837,52.747257],[231.916887,52.762728],[231.891742,52.761165],[231.883229,52.753897],[231.870611,52.736583],[231.865069,52.717423],[231.853772,52.695567],[231.839442,52.692416],[231.828851,52.670878],[231.83016,52.664819],[231.812297,52.622746],[231.805525,52.619299],[231.767749,52.576908],[231.768329,52.572124],[231.754058,52.568941],[231.751432,52.562991],[231.751039,52.532176],[231.766829,52.492853],[231.776449,52.485388],[231.799732,52.486221],[231.801966,52.482633],[231.778327,52.47774],[231.773856,52.474333],[231.775893,52.46805],[231.77131,52.461365],[231.766836,52.442632],[231.759969,52.440492],[231.76589,52.431798],[231.765097,52.426904],[231.76029,52.42225],[231.756154,52.423703],[231.750309,52.418294],[231.745803,52.418273],[231.747463,52.408012],[231.735171,52.404088],[231.737859,52.39028],[231.731662,52.393518],[231.726258,52.403454],[231.720368,52.405705],[231.687888,52.39959],[231.679547,52.38509],[231.660103,52.369636],[231.666355,52.363621],[231.663522,52.355853],[231.665888,52.348018],[231.658944,52.33858],[231.663583,52.332671],[231.671504,52.336722],[231.677516,52.352191],[231.679454,52.348621],[231.677043,52.334762],[231.673312,52.330202],[231.663755,52.328218],[231.655064,52.321989],[231.633235,52.293068],[231.639442,52.288122],[231.67413,52.280237],[231.644183,52.280269],[231.63989,52.273205],[231.645848,52.266479],[231.673658,52.268564],[231.678132,52.271564],[231.669857,52.275398],[231.686756,52.277094],[231.705596,52.285651],[231.679473,52.266265],[231.700134,52.257698],[231.711303,52.259987],[231.735004,52.284261],[231.735339,52.299859],[231.741611,52.304895],[231.744205,52.294534],[231.74915,52.293847],[231.757176,52.304746],[231.765829,52.310403],[231.76882,52.319704],[231.778113,52.326311],[231.780036,52.335104],[231.799294,52.35842],[231.790794,52.363764],[231.785178,52.362787],[231.782721,52.357809],[231.773977,52.36965],[231.773137,52.387331],[231.762561,52.396956],[231.762164,52.400607],[231.775349,52.398692],[231.790107,52.369459],[231.800026,52.364867],[231.808846,52.366179],[231.820276,52.376998],[231.828333,52.390876],[231.838619,52.395686],[231.852475,52.42081],[231.852429,52.427452],[231.834696,52.440864],[231.801016,52.457069],[231.800695,52.460113],[231.826898,52.453224],[231.842921,52.44421],[231.839334,52.467873],[231.847026,52.463173],[231.856808,52.440933],[231.862042,52.441162],[231.873289,52.450596],[231.873716,52.459545],[231.877409,52.463146],[231.890289,52.462109],[231.898956,52.477608],[231.892089,52.48874],[231.899372,52.48755],[231.904117,52.494811],[231.895632,52.51253],[231.911625,52.514262],[231.917079,52.51151],[231.916018,52.517444],[231.906741,52.524276],[231.90262,52.533679],[231.888656,52.542686],[231.888091,52.553657],[231.891159,52.55952],[231.883985,52.581874],[231.888563,52.587574],[231.888411,52.595127],[231.895125,52.598854],[231.912339,52.59961],[231.950002,52.628049],[231.954306,52.636255],[231.964775,52.633726],[231.969883,52.628564],[231.969689,52.623861],[231.96215,52.623998],[231.960975,52.617994],[231.951636,52.607736],[231.936558,52.60479],[231.921893,52.595219],[231.903885,52.588478],[231.899246,52.583233],[231.899751,52.55371],[231.903322,52.54264],[231.918401,52.519946],[231.924658,52.517928],[231.929999,52.510833],[231.944541,52.512276],[231.951318,52.517944],[231.963436,52.517097],[231.971494,52.512409],[231.972272,52.518623],[231.963649,52.528099],[231.971462,52.531872],[231.986632,52.524284],[231.986571,52.51833],[232.008707,52.521801],[232.012522,52.51807],[231.970227,52.499696],[231.966895,52.489023],[231.956894,52.482668],[231.963101,52.468753],[231.9671,52.466643],[231.965482,52.464511],[231.923727,52.458586],[231.92018,52.453563],[231.920644,52.44066],[231.917061,52.429872],[231.926416,52.417226],[231.939527,52.375886],[231.96216,52.32969],[231.967654,52.324208],[231.978047,52.321683],[231.983921,52.348279],[231.988606,52.356267],[231.983188,52.377103],[231.994587,52.385382],[231.984103,52.391802],[231.987745,52.39473],[231.998947,52.394986],[232.000808,52.398274],[231.999192,52.449489],[232.007838,52.455482],[232.014602,52.466662],[232.03541,52.478087],[232.042347,52.479758],[232.043545,52.475913],[232.025334,52.462039],[232.023303,52.45217],[232.015218,52.443168],[232.016447,52.41978],[232.012888,52.410752],[232.015578,52.397035],[232.010445,52.382877],[231.994171,52.368443],[232.001077,52.357288],[231.994568,52.352196],[231.990006,52.320621],[232.014316,52.32053],[232.020421,52.316211],[232.039047,52.316784],[232.055198,52.32399],[232.055542,52.356152],[232.1149,52.373148],[232.116075,52.375948],[232.110016,52.386453],[232.088421,52.401597],[232.063188,52.426685],[232.05679,52.436361],[232.05455,52.446799],[232.062139,52.464779],[232.069904,52.451227],[232.081387,52.456595],[232.087993,52.464526],[232.101578,52.494054],[232.112967,52.502356],[232.141588,52.500612],[232.150499,52.503929],[232.160981,52.514424],[232.169844,52.51279],[232.161443,52.500805],[232.167404,52.490567],[232.178619,52.481598],[232.193307,52.481064],[232.197199,52.466777],[232.208081,52.454783],[232.215873,52.455207],[232.257036,52.472621],[232.287396,52.451046],[232.275058,52.450772],[232.260965,52.459584],[232.25058,52.461907],[232.21514,52.449043],[232.194338,52.451797],[232.188902,52.457538],[232.188161,52.474106],[232.182199,52.475983],[232.176716,52.472264],[232.167322,52.473557],[232.149724,52.491415],[232.127897,52.49431],[232.111184,52.480774],[232.111191,52.460907],[232.08409,52.446936],[232.071291,52.444151],[232.074228,52.430609],[232.088245,52.42062],[232.101539,52.414016],[232.108277,52.414073],[232.110238,52.419879],[232.115335,52.421241],[232.117982,52.417689],[232.115304,52.41162],[232.134838,52.387942],[232.143117,52.387603],[232.148168,52.379344],[232.142865,52.369959],[232.15744,52.343546],[232.157783,52.336847],[232.147528,52.345194],[232.139842,52.356835],[232.131499,52.360755],[232.115888,52.356231],[232.081534,52.353163],[232.074078,52.347123],[232.07292,52.331854],[232.067817,52.317637],[232.067563,52.298753],[232.076098,52.279428],[232.089058,52.270814],[232.099269,52.257649],[232.104848,52.236706],[232.101692,52.223325],[232.116964,52.200165],[232.123392,52.198016],[232.132437,52.204182],[232.145985,52.207721],[232.166033,52.233802],[232.178051,52.239766],[232.180004,52.249005],[232.203642,52.264646],[232.214904,52.267404],[232.215759,52.273164],[232.238229,52.302942],[232.23826,52.312796],[232.248339,52.323058],[232.252017,52.337176],[232.282225,52.358333],[232.304055,52.350295],[232.299187,52.346893],[232.277517,52.346694],[232.267354,52.337119],[232.264584,52.328303],[232.249919,52.312132],[232.251956,52.293669],[232.242205,52.287313],[232.238878,52.273435],[232.240824,52.269396],[232.272368,52.267717],[232.326069,52.292346],[232.341658,52.293208],[232.36419,52.285186],[232.372789,52.285075],[232.388492,52.291884],[232.393162,52.297111],[232.393978,52.31042],[232.39806,52.31768],[232.403096,52.319484],[232.427376,52.316101],[232.456867,52.323448],[232.464924,52.328571],[232.49044,52.331177],[232.516993,52.341828],[232.522761,52.354642],[232.516092,52.368344],[232.504349,52.376817],[232.461299,52.391156],[232.462863,52.397626],[232.498472,52.389469],[232.516411,52.378948],[232.526964,52.378216],[232.540714,52.400723],[232.548978,52.407681],[232.566078,52.412453],[232.576509,52.4021],[232.582621,52.400955],[232.581606,52.410763],[232.539844,52.430676],[232.447691,52.522314],[232.422282,52.53871],[232.389478,52.571288],[232.380642,52.590396],[232.36825,52.600665],[232.368258,52.607536],[232.376323,52.609455],[232.385205,52.603855],[232.398726,52.583102],[232.440709,52.538519],[232.505996,52.489111],[232.521707,52.467977],[232.544583,52.457181],[232.572899,52.426224],[232.590648,52.417523],[232.630075,52.420163],[232.646793,52.41782],[232.667639,52.422726],[232.673919,52.427308],[232.680474,52.442677],[232.694872,52.449838],[232.705608,52.45115],[232.711057,52.45662],[232.725806,52.458993],[232.732086,52.467469],[232.742044,52.472871],[232.73687,52.4871],[232.72048,52.497247],[232.729858,52.501028],[232.735176,52.507864],[232.737038,52.523039],[232.746378,52.538485],[232.760983,52.550231],[232.778449,52.555911],[232.777899,52.565272],[232.767385,52.569011],[232.762234,52.575454],[232.76299,52.579146],[232.779838,52.572211],[232.792168,52.572886],[232.824178,52.583659],[232.834663,52.587928],[232.828192,52.600276],[232.830412,52.604476],[232.858279,52.596324],[232.867199,52.597331],[232.882666,52.616188],[232.908556,52.632439],[232.949883,52.640987],[232.964228,52.64835],[232.975696,52.666367],[232.981312,52.670681],[232.99098,52.671936],[233.002182,52.692914],[233.021532,52.709744],[233.038089,52.718087],[233.027742,52.723912],[233.025171,52.735264],[233.000009,52.761674],[232.998365,52.773183],[233.005102,52.780103],[233.010646,52.796651],[232.997676,52.818742],[232.976356,52.836309],[232.919906,52.87301],[232.914038,52.882871],[232.918166,52.887132],[232.924286,52.886434],[232.955136,52.86852],[232.991853,52.840276],[233.033704,52.838822],[233.036683,52.832303],[233.017225,52.814557],[233.023197,52.807258],[233.029068,52.805459],[233.043923,52.813172],[233.045291,52.808787],[233.035834,52.802673],[233.037222,52.798986],[233.048424,52.797776],[233.050245,52.789293],[233.043856,52.781238],[233.047527,52.772475],[233.04066,52.765151],[233.062566,52.732492],[233.083564,52.724042],[233.083679,52.718156],[233.077054,52.707851],[233.028353,52.681526],[233.025294,52.675564],[233.027297,52.66631],[233.023429,52.647086],[233.015923,52.633117],[232.999721,52.627693],[232.95003,52.625538],[232.921308,52.615148],[232.896218,52.602362],[232.89379,52.584657],[232.88494,52.579862],[232.852646,52.57495],[232.814282,52.557222],[232.807934,52.540882],[232.77401,52.53461],[232.763488,52.527133],[232.771821,52.488531],[232.783176,52.472239],[232.777659,52.463568],[232.760408,52.452409],[232.762636,52.448835],[232.780323,52.444215],[232.806839,52.429849],[232.812024,52.414757],[232.808066,52.405838],[232.79028,52.393731],[232.787228,52.386754],[232.792523,52.382371],[232.806738,52.382432],[232.837212,52.349896],[232.837528,52.342467],[232.875624,52.341937],[232.890778,52.333632],[232.949112,52.334168],[232.966982,52.338283],[233.007809,52.331172],[233.018902,52.334697],[233.020318,52.342416],[233.029071,52.344464],[233.031825,52.358272],[233.039606,52.363915],[233.072306,52.367851],[233.082711,52.364694],[233.116373,52.379024],[233.203641,52.39956],[233.225529,52.392371],[233.227055,52.387744],[233.238865,52.379302],[233.266617,52.37047],[233.279667,52.369664],[233.29946,52.372779],[233.31438,52.378986],[233.337208,52.3805],[233.367575,52.388948],[233.434065,52.399666],[233.47448,52.396459],[233.515329,52.415537],[233.534148,52.412362],[233.545578,52.415014],[233.568971,52.430567],[233.672072,52.445045],[233.681114,52.443912],[233.690792,52.43594],[233.670478,52.440752],[233.641095,52.433896],[233.580481,52.427169],[233.567682,52.423118],[233.54664,52.408637],[233.533511,52.407096],[233.518071,52.411518],[233.480977,52.392614],[233.45154,52.394208],[233.380863,52.386203],[233.353378,52.378316],[233.316115,52.374628],[233.301696,52.369066],[233.268156,52.363432],[233.260823,52.364684],[233.252854,52.371142],[233.233574,52.37589],[233.218041,52.372512],[233.197477,52.375675],[233.184718,52.370092],[233.134029,52.365132],[233.119016,52.362074],[233.113948,52.351812],[233.107604,52.346883],[233.083799,52.342841],[233.070566,52.348605],[233.062049,52.326305],[233.055745,52.319243],[233.037581,52.313179],[233.034651,52.308503],[233.051748,52.294014],[233.053174,52.286424],[233.06174,52.274157],[233.070104,52.268411],[233.082172,52.251316],[233.079992,52.238152],[233.083533,52.225186],[233.088299,52.210247],[233.097349,52.198533],[233.132189,52.179807],[233.139178,52.180731],[233.15054,52.174479],[233.157362,52.164873],[233.193133,52.156001],[233.216146,52.13153],[233.244512,52.1164],[233.272231,52.089512],[233.279756,52.075574],[233.322403,52.047581],[233.325753,52.041605],[233.322689,52.035229],[233.327006,52.030973],[233.320902,52.028693],[233.331978,52.018908],[233.321677,52.022786],[233.312947,52.019739],[233.315658,52.012385],[233.327101,52.002609],[233.321739,51.999063],[233.320883,51.99447],[233.330992,51.981921],[233.333172,51.965315],[233.328371,51.962423],[233.321713,51.962941],[233.317303,51.96692],[233.311518,51.982518],[233.301545,51.990662],[233.299529,52.005467],[233.304091,52.021405],[233.300527,52.028379],[233.275896,52.051369],[233.263374,52.058739],[233.228952,52.095585],[233.202138,52.112995],[233.186251,52.132835],[233.150975,52.15293],[233.139552,52.155749],[233.121789,52.167044],[233.101515,52.172991],[233.074404,52.188539],[233.055212,52.210992],[233.053983,52.216207],[233.058996,52.230566],[233.042627,52.262495],[233.028808,52.270719],[233.002207,52.29588],[232.967489,52.307709],[232.918793,52.301413],[232.882671,52.312025],[232.868617,52.310602],[232.853478,52.316469],[232.837676,52.313836],[232.835158,52.308938],[232.820005,52.311135],[232.81252,52.29599],[232.793125,52.288188],[232.789692,52.27753],[232.782444,52.271541],[232.761942,52.263693],[232.742813,52.260931],[232.725051,52.244474],[232.704038,52.234532],[232.678073,52.229435],[232.660977,52.232116],[232.644094,52.22416],[232.630048,52.224792],[232.60071,52.217673],[232.598718,52.203487],[232.576445,52.190176],[232.556449,52.187224],[232.539933,52.191347],[232.52612,52.184478],[232.543403,52.17119],[232.545502,52.159931],[232.5675,52.128731],[232.565586,52.121103],[232.56765,52.115716],[232.581086,52.115332],[232.589956,52.109457],[232.623227,52.11245],[232.628668,52.102814],[232.599269,52.10036],[232.564884,52.107468],[232.563235,52.094487],[232.5449,52.081199],[232.531378,52.077406],[232.514186,52.084428],[232.483566,52.078644],[232.463733,52.089557],[232.450187,52.089666],[232.438334,52.084038],[232.42117,52.065231],[232.410637,52.043047],[232.396604,52.039051],[232.385018,52.030305],[232.381332,52.033586],[232.380774,52.045698],[232.392944,52.053514],[232.397857,52.070204],[232.419952,52.100162],[232.425544,52.103591],[232.482367,52.100808],[232.500687,52.096261],[232.525164,52.100424],[232.527148,52.106451],[232.532397,52.109633],[232.534396,52.115435],[232.532183,52.122446],[232.535875,52.129916],[232.52539,52.148505],[232.505803,52.157816],[232.473725,52.158384],[232.463869,52.138764],[232.448376,52.126972],[232.430809,52.121769],[232.411532,52.124256],[232.391567,52.11974],[232.387315,52.112378],[232.385223,52.095294],[232.376171,52.085828],[232.369264,52.068599],[232.356462,52.057827],[232.344181,52.026818],[232.365691,52.027001],[232.366581,52.017719],[232.349063,52.00323],[232.347043,51.987259],[232.331091,51.966435],[232.336682,51.960312],[232.333224,51.9522],[232.323916,51.94843],[232.318245,51.954107],[232.296039,51.941856],[232.2886,51.94654],[232.254832,51.953437],[232.244698,51.944863],[232.232192,51.942065],[232.222855,51.935944],[232.209171,51.939339],[232.180748,51.928588],[232.160054,51.911357],[232.162643,51.899377],[232.150417,51.900282],[232.143014,51.905586],[232.13721,51.905214],[232.134243,51.898587],[232.130136,51.905691],[232.124,51.901966],[232.112844,51.88471],[232.114264,51.880234],[232.126768,51.87865],[232.139035,51.889232],[232.14418,51.88463],[232.130168,51.868806],[232.146289,51.875686],[232.151532,51.874111],[232.149053,51.869038],[232.141222,51.867825],[232.134938,51.857593],[232.12052,51.853852],[232.120833,51.85112],[232.126113,51.850193],[232.127143,51.844288],[232.115254,51.843328],[232.111693,51.83894],[232.125874,51.838522],[232.109302,51.828268],[232.104604,51.816356],[232.107985,51.810718],[232.107824,51.800824],[232.117833,51.78014],[232.12067,51.777295],[232.137195,51.782028],[232.139103,51.779987],[232.121134,51.772273],[232.120096,51.768903],[232.12811,51.760907],[232.127181,51.750896],[232.113952,51.731275],[232.119049,51.724957],[232.109649,51.715942],[232.118099,51.707962],[232.143979,51.715247],[232.122922,51.700886],[232.115711,51.701737],[232.115894,51.693497],[232.121083,51.693264],[232.123768,51.672539],[232.15547,51.645824],[232.169815,51.655951],[232.177034,51.669425],[232.184824,51.669795],[232.176407,51.642947],[232.184502,51.626315],[232.198579,51.623568],[232.189987,51.617109],[232.191658,51.613482],[232.205141,51.61685],[232.208559,51.622305],[232.207927,51.641459],[232.210262,51.645697],[232.213688,51.646246],[232.217127,51.638119],[232.226054,51.632687],[232.232902,51.638627],[232.236449,51.647074],[232.215314,51.675353],[232.198513,51.67882],[232.189646,51.675216],[232.181299,51.679813],[232.172509,51.675391],[232.172059,51.686836],[232.19012,51.690784],[232.213285,51.689604],[232.220809,51.693564],[232.235023,51.689589],[232.246689,51.67774],[232.281353,51.676248],[232.258638,51.667257],[232.253877,51.671457],[232.230796,51.674391],[232.231164,51.666799],[232.245902,51.64456],[232.248694,51.629114],[232.257209,51.629426],[232.263962,51.634587],[232.274314,51.631479],[232.274409,51.649293],[232.279612,51.649896],[232.283892,51.639409],[232.27967,51.629195],[232.286613,51.618399],[232.30037,51.618902],[232.304254,51.628233],[232.30929,51.628771],[232.309495,51.614618],[232.325739,51.604039],[232.324976,51.600141],[232.285742,51.606314],[232.25188,51.603064],[232.250689,51.600497],[232.25394,51.597655],[232.248286,51.59215],[232.247316,51.584097],[232.240693,51.582739],[232.231651,51.574221],[232.228294,51.574912],[232.228599,51.578608],[232.239496,51.591784],[232.234674,51.598914],[232.228204,51.600928],[232.229471,51.609225],[232.220612,51.609767],[232.206778,51.594989],[232.213439,51.587939],[232.212294,51.584914],[232.20255,51.579921],[232.21211,51.55876],[232.246438,51.570677],[232.248872,51.565851],[232.239823,51.564291],[232.231322,51.557017],[232.216825,51.555361],[232.207463,51.545092],[232.208699,51.540564],[232.203853,51.537837],[232.204036,51.532813],[232.205875,51.529452],[232.217496,51.53063],[232.222379,51.526255],[232.219899,51.519079],[232.222729,51.518747],[232.227506,51.527212],[232.227499,51.534617],[232.240608,51.543821],[232.250328,51.537206],[232.254098,51.538576],[232.251389,51.533323],[232.253113,51.529901],[232.266305,51.524205],[232.285945,51.529374],[232.301618,51.537354],[232.318411,51.534844],[232.323303,51.52538],[232.330208,51.52387],[232.329597,51.517804],[232.341484,51.51904],[232.35892,51.530537],[232.377484,51.549496],[232.404831,51.567276],[232.411188,51.578045],[232.418056,51.579407],[232.44056,51.608094],[232.445304,51.627346],[232.454484,51.646152],[232.45289,51.664024],[232.464418,51.643222],[232.51251,51.645899],[232.52597,51.653205],[232.533261,51.660943],[232.533568,51.669612],[232.542536,51.684506],[232.540694,51.686005],[232.516335,51.686255],[232.488911,51.692134],[232.468151,51.689888],[232.449611,51.68332],[232.418148,51.697965],[232.340042,51.706925],[232.392962,51.711358],[232.426608,51.706583],[232.43764,51.709275],[232.461135,51.702719],[232.474613,51.704972],[232.516427,51.696826],[232.541331,51.695475],[232.547801,51.698874],[232.538815,51.737864],[232.540571,51.757281],[232.549622,51.779521],[232.555334,51.784517],[232.56444,51.781254],[232.561263,51.778821],[232.563279,51.774888],[232.571868,51.768933],[232.587928,51.7707],[232.594429,51.779424],[232.602493,51.783628],[232.600235,51.791326],[232.63285,51.841565],[232.636512,51.863912],[232.640329,51.869189],[232.648531,51.864924],[232.647355,51.834567],[232.642426,51.822778],[232.63351,51.816793],[232.615194,51.795784],[232.621313,51.791177],[232.619705,51.77763],[232.606393,51.766142],[232.598703,51.764012],[232.583817,51.762214],[232.56252,51.765068],[232.556383,51.760642],[232.552738,51.749134],[232.554341,51.732872],[232.56528,51.704874],[232.563682,51.694076],[232.549665,51.66566],[232.567101,51.657204],[232.572581,51.657123],[232.57797,51.663429],[232.574522,51.665898],[232.579313,51.671232],[232.606949,51.682054],[232.623946,51.679549],[232.635133,51.681596],[232.643114,51.690778],[232.641687,51.697558],[232.646394,51.70941],[232.655741,51.723072],[232.664252,51.72662],[232.661184,51.715485],[232.665647,51.70765],[232.659863,51.702847],[232.668,51.691898],[232.734575,51.685076],[232.775647,51.67724],[232.818055,51.682694],[232.849182,51.697511],[232.907792,51.703592],[232.93419,51.701024],[232.949056,51.694811],[232.957623,51.697118],[232.966764,51.691517],[233.006073,51.684669],[233.015298,51.684539],[233.021682,51.688109],[233.02932,51.686325],[233.037222,51.691378],[233.047799,51.691695],[233.075757,51.675664],[233.098655,51.683095],[233.10332,51.691632],[233.156369,51.674914],[233.201721,51.678278],[233.214684,51.673219],[233.257754,51.673283],[233.272785,51.669658],[233.280529,51.660991],[233.307485,51.664168],[233.315207,51.67723],[233.312713,51.689273],[233.319802,51.701174],[233.346285,51.701574],[233.360705,51.69655],[233.369221,51.713525],[233.34253,51.758861],[233.351212,51.776033],[233.351085,51.787418],[233.319989,51.80849],[233.317133,51.8152],[233.318755,51.819975],[233.313995,51.823383],[233.324695,51.842956],[233.334002,51.846096],[233.338541,51.839481],[233.33082,51.827373],[233.329698,51.810172],[233.338373,51.801062],[233.362403,51.789195],[233.353018,51.752066],[233.36062,51.745393],[233.373479,51.74597],[233.387359,51.731241],[233.394896,51.710072],[233.372079,51.687598],[233.35729,51.684642],[233.343728,51.688219],[233.335823,51.686158],[233.330989,51.680455],[233.333183,51.667579],[233.307515,51.655242],[233.309972,51.652346],[233.340712,51.649915],[233.355483,51.644906],[233.365424,51.636075],[233.402692,51.622211],[233.374227,51.62402],[233.36336,51.627545],[233.344458,51.644777],[233.310414,51.647101],[233.297615,51.653278],[233.274607,51.65279],[233.253488,51.658726],[233.212142,51.655973],[233.182958,51.661398],[233.153484,51.657653],[233.123352,51.660682],[233.117782,51.664429],[233.102319,51.66185],[233.100113,51.657654],[233.075489,51.656985],[233.065418,51.658465],[233.04386,51.673874],[233.033965,51.669081],[233.006746,51.668079],[232.972547,51.676054],[232.95747,51.673071],[232.952253,51.678756],[232.909069,51.686759],[232.875473,51.680999],[232.853828,51.681636],[232.802215,51.672824],[232.778586,51.672059],[232.75717,51.676278],[232.745222,51.674776],[232.735318,51.666849],[232.683109,51.66602],[232.671893,51.663987],[232.650698,51.651946],[232.638762,51.656183],[232.613535,51.654584],[232.611108,51.647282],[232.593656,51.637027],[232.555579,51.638799],[232.522469,51.62412],[232.510725,51.627188],[232.501556,51.625212],[232.495106,51.622088],[232.489765,51.613059],[232.489063,51.589224],[232.476727,51.568661],[232.485122,51.570548],[232.488305,51.554982],[232.481743,51.521583],[232.47393,51.505766],[232.453871,51.487507],[232.450193,51.4894],[232.450666,51.493127],[232.462812,51.504808],[232.459533,51.507264],[232.443678,51.504912],[232.438153,51.496052],[232.437298,51.486634],[232.440938,51.472813],[232.460883,51.484719],[232.465807,51.460337],[232.469009,51.456768],[232.522183,51.445839],[232.566154,51.4475],[232.569688,51.443589],[232.602901,51.44489],[232.620506,51.440878],[232.670431,51.441085],[232.67573,51.442209],[232.678034,51.447034],[232.663491,51.478357],[232.665063,51.48451],[232.670343,51.479891],[232.678606,51.45664],[232.692234,51.434598],[232.691036,51.428144],[232.694706,51.424386],[232.696446,51.407674],[232.745827,51.412858],[232.757891,51.40978],[232.751977,51.405679],[232.73996,51.408323],[232.698041,51.401627],[232.690777,51.404782],[232.682895,51.425313],[232.678111,51.42925],[232.592212,51.43829],[232.558981,51.437874],[232.537955,51.42082],[232.525321,51.404619],[232.516974,51.403426],[232.51228,51.406529],[232.49515,51.40218],[232.450331,51.401222],[232.447623,51.404331],[232.480058,51.406486],[232.513234,51.412856],[232.523522,51.419924],[232.533727,51.433247],[232.53153,51.436821],[232.514019,51.443226],[232.447706,51.456635],[232.444288,51.458149],[232.44592,51.461891],[232.456046,51.461174],[232.444608,51.469296],[232.425861,51.469685],[232.398958,51.45348],[232.393937,51.445492],[232.383469,51.44392],[232.368499,51.433002],[232.361525,51.415775],[232.347902,51.398712],[232.335393,51.369867],[232.329171,51.368348],[232.327436,51.374184],[232.333422,51.38529],[232.332362,51.401206],[232.304827,51.39786],[232.301523,51.401385],[232.294015,51.396266],[232.277267,51.398776],[232.268523,51.394972],[232.261877,51.385306],[232.254415,51.383158],[232.255468,51.376791],[232.245572,51.370192],[232.237141,51.370295],[232.214983,51.362032],[232.211893,51.353426],[232.217204,51.348383],[232.214839,51.339811],[232.229405,51.331312],[232.218639,51.331247],[232.229153,51.325399],[232.220272,51.322534],[232.219722,51.319822],[232.246092,51.325693],[232.249342,51.322611],[232.247656,51.32052],[232.255843,51.319311],[232.258063,51.329038],[232.269104,51.328359],[232.279961,51.32263],[232.283257,51.325975],[232.294275,51.325518],[232.30524,51.328951],[232.311839,51.339075],[232.318294,51.340258],[232.334997,51.341406],[232.354774,51.334208],[232.375115,51.335501],[232.379052,51.339785],[232.388445,51.337424],[232.407986,51.339366],[232.415913,51.344039],[232.423207,51.340674],[232.456254,51.345386],[232.523679,51.366684],[232.529745,51.371731],[232.539657,51.371437],[232.541583,51.367037],[232.560634,51.368122],[232.566753,51.373989],[232.55452,51.372322],[232.551956,51.373936],[232.55336,51.376327],[232.614507,51.391621],[232.643887,51.408217],[232.644161,51.40002],[232.585109,51.376911],[232.57332,51.368942],[232.572443,51.364002],[232.546669,51.360038],[232.544853,51.356304],[232.50079,51.347225],[232.49419,51.340324],[232.489863,51.345123],[232.464646,51.341029],[232.463532,51.338458],[232.467141,51.337241],[232.495968,51.337077],[232.505124,51.334022],[232.501064,51.331184],[232.476694,51.329093],[232.459359,51.321959],[232.48846,51.321322],[232.505109,51.315806],[232.534912,51.313785],[232.561502,51.318271],[232.627891,51.308506],[232.645044,51.309665],[232.648492,51.332882],[232.653162,51.337414],[232.665232,51.341084],[232.773586,51.342751],[232.786901,51.347737],[232.824219,51.349111],[232.822945,51.344857],[232.796003,51.345166],[232.74914,51.335713],[232.735345,51.339203],[232.673419,51.335903],[232.656114,51.329742],[232.652742,51.323204],[232.656923,51.317871],[232.656458,51.308365],[232.653154,51.306057],[232.668353,51.302059],[232.685887,51.302048],[232.688825,51.305591],[232.757907,51.312798],[232.804863,51.324156],[232.810882,51.328057],[232.811943,51.33611],[232.83938,51.347425],[232.843035,51.351224],[232.842897,51.360372],[232.867268,51.369508],[232.871968,51.374029],[232.877278,51.395475],[232.885579,51.406183],[232.893767,51.381769],[232.888253,51.361892],[232.892922,51.357871],[232.936208,51.355348],[232.940556,51.351441],[232.918775,51.349268],[232.914064,51.351986],[232.884239,51.353965],[232.874442,51.360927],[232.865823,51.360535],[232.855196,51.354438],[232.854457,51.34417],[232.835799,51.332735],[232.839658,51.329241],[232.872336,51.340929],[232.876985,51.339157],[232.873699,51.333892],[232.851839,51.325492],[232.844022,51.318191],[232.834723,51.320643],[232.82086,51.319094],[232.796724,51.309527],[232.65652,51.289294],[232.65172,51.283624],[232.647034,51.245932],[232.65553,51.242009],[232.715671,51.245673],[232.736305,51.253477],[232.742045,51.252215],[232.700479,51.23847],[232.67029,51.238591],[232.661998,51.233638],[232.630062,51.239869],[232.539651,51.236596],[232.540239,51.23983],[232.593169,51.246666],[232.60584,51.242394],[232.635398,51.249481],[232.63885,51.261216],[232.636269,51.271928],[232.648625,51.291011],[232.538214,51.281418],[232.53792,51.278287],[232.58211,51.276946],[232.575758,51.269894],[232.559492,51.272115],[232.540791,51.270491],[232.533237,51.26623],[232.407079,51.263433],[232.402935,51.267032],[232.414816,51.27546],[232.415967,51.280556],[232.402266,51.284342],[232.394145,51.280956],[232.403111,51.274029],[232.398091,51.270141],[232.377225,51.271359],[232.385284,51.278118],[232.367089,51.279811],[232.321966,51.271387],[232.301462,51.26378],[232.289844,51.255943],[232.278402,51.260443],[232.267018,51.25963],[232.232015,51.247406],[232.2292,51.239727],[232.221913,51.236213],[232.217572,51.229156],[232.229696,51.221656],[232.229256,51.214998],[232.218557,51.210386],[232.213971,51.198764],[232.218915,51.189826],[232.229071,51.183616],[232.213204,51.169936],[232.216897,51.162768],[232.227785,51.159789],[232.243862,51.162764],[232.250763,51.160389],[232.259809,51.149931],[232.26103,51.141962],[232.269415,51.145297],[232.279403,51.137015],[232.299081,51.143221],[232.305803,51.141668],[232.322629,51.131447],[232.331172,51.111818],[232.331386,51.106905],[232.324816,51.108354],[232.324053,51.104948],[232.334789,51.098226],[232.333026,51.094259],[232.346325,51.088857],[232.36867,51.092702],[232.370513,51.089455],[232.40862,51.091372],[232.423037,51.096135],[232.433002,51.092205],[232.456505,51.102747],[232.473782,51.096266],[232.485292,51.095655],[232.491937,51.099115],[232.435695,51.123686],[232.388606,51.128418],[232.400033,51.133468],[232.388123,51.14485],[232.398301,51.14504],[232.426967,51.13545],[232.490212,51.136403],[232.502459,51.141248],[232.529064,51.13919],[232.533725,51.141952],[232.53539,51.149479],[232.548005,51.154704],[232.53529,51.137063],[232.538823,51.134457],[232.560304,51.137877],[232.56662,51.135175],[232.58132,51.143255],[232.579217,51.152028],[232.581793,51.156738],[232.576698,51.162669],[232.551881,51.164352],[232.527047,51.157849],[232.528548,51.173157],[232.406619,51.17354],[232.382857,51.174837],[232.383073,51.180968],[232.444906,51.180368],[232.451742,51.177667],[232.516629,51.182734],[232.534076,51.181149],[232.565185,51.169156],[232.58001,51.17386],[232.578871,51.188055],[232.583417,51.191555],[232.579648,51.193589],[232.59167,51.205308],[232.589386,51.209879],[232.610037,51.212703],[232.630107,51.205753],[232.693781,51.193374],[232.722149,51.195297],[232.743776,51.202626],[232.746329,51.209999],[232.753566,51.211071],[232.754245,51.207285],[232.744561,51.194294],[232.712958,51.18739],[232.658635,51.188454],[232.620088,51.201794],[232.601161,51.202848],[232.588113,51.185873],[232.589282,51.176547],[232.596101,51.173683],[232.588877,51.171094],[232.590563,51.165207],[232.58774,51.157933],[232.591295,51.154251],[232.598893,51.154734],[232.592287,51.14131],[232.593296,51.135523],[232.598196,51.133387],[232.695258,51.141115],[232.705902,51.136487],[232.727969,51.138397],[232.757838,51.133884],[232.822797,51.133455],[232.845781,51.124648],[232.869768,51.131657],[232.880176,51.140972],[232.885964,51.147114],[232.882484,51.153916],[232.883974,51.161032],[232.905022,51.186741],[232.908272,51.187088],[232.913497,51.174011],[232.916931,51.172298],[232.958636,51.175004],[232.973934,51.171512],[232.977303,51.166243],[232.98884,51.163331],[233.063508,51.174346],[233.068773,51.176589],[233.078072,51.189453],[233.08566,51.188326],[233.080161,51.174846],[233.056209,51.163907],[233.021003,51.162544],[232.996517,51.157282],[232.946596,51.167061],[232.898655,51.163486],[232.897119,51.15535],[232.890662,51.154333],[232.892518,51.144115],[232.87363,51.125126],[232.868287,51.123266],[232.870202,51.120506],[232.906417,51.117042],[232.961933,51.116947],[232.986234,51.113069],[233.009993,51.11777],[233.025686,51.111866],[233.081955,51.111808],[233.091918,51.103492],[233.090015,51.099053],[233.060044,51.099537],[233.05312,51.103251],[233.025587,51.105189],[233.018545,51.102652],[233.008894,51.106345],[232.976113,51.104934],[232.942652,51.10773],[232.927899,51.104976],[232.801898,51.123478],[232.764571,51.124298],[232.733502,51.128997],[232.728895,51.122782],[232.688429,51.129154],[232.657787,51.12606],[232.62866,51.129017],[232.609182,51.128351],[232.602199,51.12516],[232.538187,51.125135],[232.529866,51.129214],[232.455357,51.12479],[232.45521,51.121477],[232.471673,51.113896],[232.510393,51.103667],[232.51662,51.104488],[232.536775,51.094431],[232.593976,51.09383],[232.604603,51.090344],[232.611096,51.090828],[232.611625,51.09423],[232.631508,51.09062],[232.645352,51.093823],[232.687713,51.09197],[232.703789,51.094876],[232.76592,51.090436],[232.786526,51.093587],[232.793933,51.091436],[232.803659,51.095705],[232.805239,51.080842],[232.811977,51.074913],[232.83307,51.067355],[232.855075,51.065793],[232.857905,51.06158],[232.827964,51.061673],[232.80156,51.073911],[232.801016,51.081319],[232.790756,51.085813],[232.782657,51.083531],[232.744243,51.085916],[232.74152,51.083456],[232.676692,51.089858],[232.668788,51.08969],[232.663647,51.084185],[232.638028,51.087801],[232.61278,51.083864],[232.545562,51.090274],[232.541705,51.086033],[232.598714,51.066333],[232.627545,51.062515],[232.630814,51.060253],[232.620432,51.059361],[232.621415,51.057601],[232.654244,51.04171],[232.662009,51.040738],[232.666057,51.047747],[232.65848,51.056187],[232.68466,51.055221],[232.700273,51.061133],[232.738411,51.054645],[232.757546,51.057343],[232.765765,51.054219],[232.807059,51.054768],[232.823444,51.05738],[232.848951,51.05462],[232.878762,51.064013],[232.902058,51.062356],[232.935347,51.071603],[232.966033,51.075168],[232.98163,51.084123],[233.050647,51.076653],[233.081285,51.085917],[233.096452,51.082846],[233.117155,51.083954],[233.126804,51.085567],[233.131178,51.093823],[233.182551,51.103999],[233.209765,51.09797],[233.178572,51.096428],[233.14824,51.084983],[233.14879,51.081518],[233.172698,51.076263],[233.205456,51.081653],[233.23053,51.095918],[233.227106,51.098479],[233.236293,51.108745],[233.250807,51.118376],[233.257166,51.119562],[233.257718,51.114661],[233.265948,51.113278],[233.271209,51.129136],[233.278511,51.134516],[233.289246,51.131615],[233.317784,51.152552],[233.326909,51.15528],[233.333463,51.170026],[233.331775,51.187038],[233.327851,51.192999],[233.343035,51.197631],[233.354698,51.180761],[233.342684,51.143479],[233.329972,51.13454],[233.320572,51.133774],[233.29787,51.121287],[233.284077,51.118332],[233.283178,51.111486],[233.270238,51.101213],[233.229166,51.080452],[233.226282,51.072947],[233.264501,51.067027],[233.274117,51.059154],[233.279824,51.048226],[233.357415,51.055779],[233.35206,51.049764],[233.32875,51.042479],[233.293442,51.0378],[233.293188,51.029407],[233.303178,51.013105],[233.304624,51.003095],[233.302525,50.996182],[233.296918,50.992929],[233.26922,50.99436],[233.259389,50.986665],[233.257771,50.994626],[233.261815,50.998672],[233.271228,51.001577],[233.289774,50.996807],[233.295036,50.999582],[233.286913,51.008183],[233.28443,51.01817],[233.27549,51.026492],[233.272375,51.035378],[233.247821,51.063353],[233.226559,51.067687],[233.107244,51.061753],[233.102016,51.064933],[233.070367,51.058869],[233.051315,51.060146],[233.028378,51.055758],[232.963814,51.059193],[232.936802,51.053246],[232.934075,51.049524],[232.917169,51.048526],[232.911977,51.045609],[232.907046,51.036568],[232.904002,51.038838],[232.905191,51.04813],[232.868313,51.045606],[232.858417,51.039824],[232.782761,51.04072],[232.769825,51.033194],[232.754742,51.036914],[232.756419,51.041613],[232.700647,51.045076],[232.677511,51.041516],[232.6803,51.038158],[232.716698,51.038477],[232.723375,51.034704],[232.687596,51.032722],[232.71685,51.015317],[232.753331,51.001805],[232.762842,51.000544],[232.798957,51.012655],[232.797924,51.02307],[232.80115,51.024021],[232.817403,51.011421],[232.808009,51.005222],[232.767454,50.997212],[232.767916,50.994458],[232.811074,50.974326],[232.817456,50.974704],[232.827898,50.967584],[232.807945,50.971994],[232.797426,50.968842],[232.792872,50.965746],[232.797794,50.959345],[232.790113,50.953122],[232.789455,50.958809],[232.782061,50.965316],[232.781875,50.970462],[232.792172,50.971639],[232.795326,50.976011],[232.781715,50.983699],[232.746238,50.994592],[232.692893,50.990273],[232.714264,50.996969],[232.729172,50.997462],[232.729874,51.003829],[232.707166,51.014627],[232.678384,51.034504],[232.657346,51.035722],[232.637296,51.043092],[232.617067,51.043314],[232.60818,51.046928],[232.582962,51.048034],[232.553876,51.054559],[232.551071,51.057412],[232.591001,51.052104],[232.59363,51.055249],[232.591475,51.060124],[232.583059,51.065184],[232.561613,51.070265],[232.50239,51.098746],[232.501414,51.094813],[232.496396,51.093896],[232.493402,51.089335],[232.527391,51.0712],[232.526697,51.067717],[232.505585,51.075952],[232.492613,51.085041],[232.486703,51.077014],[232.487214,51.071993],[232.50417,51.06093],[232.497928,51.058041],[232.483056,51.027407],[232.477265,51.023994],[232.47714,51.01515],[232.485767,50.99753],[232.501549,50.985861],[232.581018,50.966536],[232.574708,50.960791],[232.548832,50.964883],[232.546205,50.960803],[232.551685,50.957696],[232.551453,50.953688],[232.566911,50.948123],[232.571291,50.940896],[232.595148,50.93362],[232.593961,50.926716],[232.615601,50.92514],[232.633842,50.919318],[232.632317,50.924748],[232.63861,50.927081],[232.653496,50.923377],[232.661999,50.907558],[232.669331,50.905209],[232.684874,50.908159],[232.691669,50.903325],[232.699934,50.903826],[232.701211,50.908965],[232.716845,50.911609],[232.735332,50.921316],[232.711088,50.928047],[232.702833,50.934741],[232.743161,50.926312],[232.763515,50.937088],[232.769709,50.944125],[232.77559,50.942794],[232.777421,50.939118],[232.75052,50.924478],[232.757151,50.917285],[232.743544,50.919869],[232.730928,50.913376],[232.752309,50.901058],[232.764567,50.903007],[232.759621,50.898004],[232.786671,50.883828],[232.792758,50.884492],[232.801786,50.877554],[232.818585,50.873243],[232.833289,50.875748],[232.864081,50.857016],[232.900312,50.850284],[232.925875,50.838542],[232.93408,50.831611],[232.930232,50.827328],[232.941341,50.820432],[232.946918,50.820421],[232.943191,50.827544],[232.978815,50.818236],[232.985678,50.819945],[232.993629,50.829474],[232.990516,50.834656],[233.022148,50.839537],[233.02991,50.845323],[233.041324,50.845151],[233.045053,50.846641],[233.044371,50.849006],[233.058507,50.852186],[233.071616,50.859536],[233.070932,50.867873],[233.083693,50.867612],[233.09247,50.873761],[233.093975,50.879051],[233.103218,50.884088],[233.100643,50.888926],[233.088316,50.893657],[233.066329,50.895469],[233.041494,50.894495],[233.021329,50.885141],[233.017361,50.891319],[233.007842,50.891574],[233.005187,50.886215],[232.991957,50.892311],[232.985275,50.892106],[232.992826,50.886058],[232.968603,50.889191],[232.966011,50.894267],[232.961781,50.894046],[232.963543,50.888874],[232.90263,50.904666],[232.854691,50.911654],[232.852157,50.920132],[232.836807,50.923187],[232.82777,50.924779],[232.799672,50.920925],[232.809961,50.926269],[232.809111,50.930897],[232.816111,50.931803],[232.822934,50.928204],[232.830449,50.933055],[232.858471,50.938222],[232.86648,50.945655],[232.857139,50.949342],[232.865647,50.951725],[232.881625,50.95524],[232.903895,50.949703],[232.915534,50.952112],[232.919488,50.962272],[232.928088,50.961699],[232.933759,50.957306],[232.953816,50.95972],[232.958829,50.963931],[232.95448,50.979381],[232.928444,51.004139],[232.92689,51.008713],[232.930699,51.011047],[232.948522,51.000415],[232.947305,50.991308],[232.964993,50.979806],[232.963416,50.958855],[232.913141,50.948382],[232.910256,50.944867],[232.880674,50.94096],[232.87683,50.94483],[232.862484,50.933639],[232.883414,50.921936],[232.895825,50.918743],[232.922549,50.920405],[232.946077,50.907753],[232.958597,50.908579],[232.964438,50.910959],[232.962153,50.915772],[232.970615,50.917578],[232.978397,50.911681],[232.979991,50.906109],[232.998853,50.9056],[233.015683,50.899897],[233.020825,50.901513],[233.023751,50.898304],[233.035852,50.9007],[233.059684,50.899322],[233.071748,50.904113],[233.075847,50.900018],[233.099907,50.895694],[233.108959,50.898143],[233.112399,50.905023],[233.108114,50.908708],[233.090885,50.906097],[233.08989,50.911958],[233.114121,50.921907],[233.108584,50.928608],[233.102448,50.928292],[233.098359,50.932219],[233.099728,50.935847],[233.111602,50.93991],[233.112783,50.931786],[233.127416,50.929953],[233.135059,50.95518],[233.130822,50.964315],[233.140666,50.96272],[233.151624,50.948973],[233.163606,50.950099],[233.168908,50.954687],[233.167689,50.958143],[233.158289,50.9586],[233.160522,50.965646],[233.167389,50.965883],[233.17337,50.95968],[233.184425,50.956772],[233.197577,50.957176],[233.206933,50.962126],[233.202075,50.968375],[233.203547,51.002313],[233.21433,51.020617],[233.221505,51.0199],[233.220571,51.011827],[233.223747,51.009734],[233.213122,50.988667],[233.212373,50.969712],[233.224652,50.964661],[233.217595,50.958784],[233.20182,50.954635],[233.202713,50.946606],[233.224358,50.935219],[233.265399,50.940987],[233.27779,50.939572],[233.282915,50.932739],[233.294824,50.933556],[233.301703,50.937901],[233.281412,50.95149],[233.289913,50.952876],[233.310777,50.940332],[233.322145,50.93899],[233.324893,50.933739],[233.364108,50.934042],[233.269516,50.927096],[233.264214,50.929896],[233.220145,50.924284],[233.214675,50.907851],[233.210814,50.910693],[233.208663,50.91886],[233.160873,50.911679],[233.174885,50.901623],[233.186923,50.900616],[233.189883,50.905859],[233.21118,50.902243],[233.221162,50.905121],[233.228174,50.900309],[233.242119,50.89961],[233.279254,50.874083],[233.316131,50.87257],[233.337453,50.865609],[233.34847,50.871779],[233.344438,50.875364],[233.348154,50.878462],[233.345545,50.882332],[233.348788,50.884241],[233.375453,50.886649],[233.409656,50.898646],[233.41222,50.90314],[233.434932,50.908538],[233.441414,50.912697],[233.436561,50.915268],[233.452906,50.927297],[233.469197,50.936789],[233.489591,50.94182],[233.487018,50.958039],[233.4633,50.985739],[233.459537,50.996976],[233.450366,51.005459],[233.45997,51.026311],[233.464519,51.029816],[233.465194,51.037312],[233.48496,51.03716],[233.496297,51.019004],[233.492836,51.006453],[233.498411,50.995645],[233.509847,50.988686],[233.512791,50.983517],[233.509776,50.975873],[233.519959,50.961781],[233.530166,50.956382],[233.540532,50.944354],[233.559153,50.946708],[233.612902,50.931586],[233.633756,50.936276],[233.647662,50.935978],[233.64798,50.931927],[233.654031,50.930256],[233.673558,50.929565],[233.690863,50.933969],[233.71822,50.930737],[233.727361,50.926653],[233.771188,50.924064],[233.789117,50.933442],[233.794224,50.942074],[233.810806,50.94634],[233.821761,50.940751],[233.819377,50.929107],[233.80687,50.916839],[233.800503,50.904998],[233.790154,50.902209],[233.766341,50.907913],[233.745316,50.905731],[233.738809,50.909442],[233.726122,50.909759],[233.696911,50.917447],[233.658855,50.911158],[233.63906,50.917212],[233.602607,50.918423],[233.587268,50.910821],[233.587547,50.904656],[233.594062,50.904629],[233.600655,50.899206],[233.598372,50.89145],[233.590572,50.890497],[233.589544,50.885381],[233.565139,50.877066],[233.517108,50.873108],[233.51457,50.875136],[233.546974,50.880066],[233.576833,50.889563],[233.585876,50.898205],[233.5765,50.907059],[233.561075,50.910012],[233.555552,50.915788],[233.537517,50.924147],[233.510677,50.92576],[233.499456,50.920207],[233.494233,50.908732],[233.484066,50.904396],[233.469291,50.904809],[233.44844,50.893586],[233.448613,50.886335],[233.460447,50.882698],[233.462753,50.879057],[233.45822,50.876483],[233.463077,50.872693],[233.446507,50.86719],[233.443173,50.861958],[233.445912,50.858125],[233.437776,50.843893],[233.426133,50.851346],[233.417798,50.850704],[233.435738,50.833507],[233.49133,50.829208],[233.505811,50.835773],[233.513401,50.845273],[233.509261,50.847604],[233.493346,50.851616],[233.472976,50.84882],[233.453021,50.851699],[233.455062,50.855295],[233.469451,50.853576],[233.47897,50.862285],[233.489876,50.863403],[233.493348,50.858686],[233.500544,50.860976],[233.520348,50.852585],[233.530626,50.85252],[233.534527,50.848574],[233.508531,50.826066],[233.502473,50.826549],[233.494198,50.818241],[233.525942,50.814216],[233.622932,50.830486],[233.630569,50.837743],[233.664252,50.849029],[233.696012,50.849289],[233.695458,50.845172],[233.721003,50.847038],[233.734631,50.858775],[233.745643,50.862358],[233.74942,50.868056],[233.759297,50.869406],[233.768131,50.868875],[233.760067,50.866449],[233.751614,50.858817],[233.739459,50.842448],[233.750622,50.83328],[233.785867,50.833489],[233.807283,50.842771],[233.810425,50.850468],[233.807122,50.856091],[233.814845,50.874153],[233.836196,50.871065],[233.835971,50.865086],[233.831873,50.854937],[233.833072,50.841462],[233.821684,50.83066],[233.808656,50.826081],[233.796936,50.810364],[233.807616,50.792602],[233.806768,50.782018],[233.829412,50.779863],[233.862323,50.770307],[233.883603,50.769627],[233.889548,50.77734],[233.895514,50.779796],[233.964155,50.79296],[233.982731,50.812637],[233.982548,50.80527],[233.991562,50.801509],[233.992694,50.794378],[233.978786,50.782184],[233.932188,50.773937],[233.912439,50.761585],[233.888817,50.753831],[233.886413,50.747129],[233.878691,50.744165],[233.871786,50.734824],[233.813944,50.717153],[233.809327,50.712376],[233.809985,50.686458],[233.821092,50.66879],[233.84299,50.66877],[233.849758,50.672208],[233.876607,50.670422],[233.906904,50.675109],[233.976238,50.695115],[233.981358,50.702232],[234.001581,50.697114],[234.012239,50.697597],[234.037551,50.706109],[234.047559,50.705895],[234.042819,50.700481],[234.015877,50.693111],[234.009774,50.687791],[234.024499,50.689974],[234.041598,50.685574],[234.102912,50.692598],[234.152627,50.703143],[234.198238,50.70341],[234.243475,50.710048],[234.269456,50.708472],[234.287689,50.717331],[234.291085,50.720612],[234.286471,50.73788],[234.279745,50.745655],[234.299884,50.755117],[234.299232,50.76357],[234.315237,50.781671],[234.32706,50.776673],[234.348301,50.77391],[234.356319,50.778521],[234.352806,50.782424],[234.358103,50.788508],[234.348488,50.809172],[234.319934,50.818559],[234.319861,50.831593],[234.313541,50.85146],[234.322873,50.865907],[234.317527,50.873469],[234.33711,50.879762],[234.337283,50.884149],[234.363535,50.886243],[234.364409,50.893651],[234.361368,50.898802],[234.380523,50.904891],[234.39654,50.907968],[234.406593,50.902053],[234.435785,50.904085],[234.434722,50.91681],[234.447464,50.923123],[234.457041,50.936418],[234.450521,50.950231],[234.425881,50.955003],[234.411351,50.96522],[234.412475,50.972707],[234.42313,50.985257],[234.408703,51.004553],[234.410607,51.011916],[234.40484,51.017493],[234.388623,51.022184],[234.410344,51.027125],[234.410816,51.03363],[234.393416,51.051534],[234.365179,51.067499],[234.362714,51.091952],[234.408802,51.088424],[234.411944,51.080668],[234.446387,51.065107],[234.456815,51.05731],[234.4618,51.042343],[234.455285,51.024756],[234.456814,51.012263],[234.460566,50.999866],[234.469634,50.996031],[234.47413,50.984472],[234.464943,50.977637],[234.464711,50.973381],[234.481373,50.969228],[234.492969,50.960102],[234.502616,50.939729],[234.495319,50.930177],[234.478778,50.919661],[234.471727,50.909377],[234.470836,50.901813],[234.4666,50.897649],[234.469502,50.889025],[234.463723,50.877428],[234.446427,50.866202],[234.413431,50.870711],[234.407763,50.868955],[234.386035,50.874941],[234.381284,50.874064],[234.377925,50.86487],[234.369047,50.864128],[234.355989,50.857845],[234.352756,50.852039],[234.35636,50.846129],[234.354382,50.839468],[234.359787,50.83248],[234.36615,50.824771],[234.392148,50.812475],[234.405966,50.799903],[234.407125,50.794515],[234.39811,50.780241],[234.391195,50.777815],[234.387559,50.770955],[234.388764,50.763966],[234.384471,50.757465],[234.373552,50.758349],[234.365438,50.75185],[234.340096,50.752564],[234.334202,50.749337],[234.328095,50.739687],[234.318662,50.740596],[234.316906,50.734122],[234.322731,50.727281],[234.319192,50.712824],[234.306619,50.701829],[234.308406,50.697458],[234.301912,50.690562],[234.276755,50.684033],[234.271063,50.670007],[234.273009,50.658181],[234.263953,50.664748],[234.261439,50.678581],[234.263262,50.68716],[234.260299,50.689023],[234.241851,50.687761],[234.244085,50.679521],[234.237748,50.676224],[234.217041,50.677514],[234.206269,50.683277],[234.155275,50.681079],[234.142761,50.670524],[234.115582,50.665812],[234.043391,50.667251],[234.019729,50.664614],[234.000449,50.668077],[233.969943,50.660136],[233.931205,50.658155],[233.887534,50.644181],[233.816692,50.636745],[233.837045,50.646982],[233.824857,50.64773],[233.792376,50.638961],[233.783648,50.640439],[233.72604,50.631475],[233.698972,50.630921],[233.725286,50.618437],[233.75229,50.62668],[233.756645,50.623876],[233.751966,50.620538],[233.728236,50.614044],[233.730566,50.602131],[233.742361,50.59346],[233.759429,50.587074],[233.79522,50.585692],[233.800985,50.579688],[233.852138,50.59833],[233.869742,50.598433],[233.92451,50.617849],[233.968584,50.620855],[234.032625,50.643235],[234.062855,50.637728],[234.061792,50.634011],[234.041237,50.623063],[234.000313,50.619836],[234.002913,50.613427],[233.947731,50.610326],[233.928249,50.600252],[233.898521,50.598275],[233.889022,50.591041],[233.874626,50.593336],[233.847153,50.586964],[233.848749,50.579049],[233.832026,50.578112],[233.809554,50.568425],[233.813359,50.561004],[233.811475,50.551007],[233.81454,50.538466],[233.822868,50.534763],[233.823392,50.527893],[233.828349,50.521251],[233.819399,50.520897],[233.812759,50.514665],[233.813463,50.524387],[233.807375,50.533337],[233.787638,50.53841],[233.77522,50.531873],[233.764712,50.53265],[233.747488,50.52729],[233.717472,50.527817],[233.712387,50.522618],[233.730074,50.508268],[233.758636,50.508257],[233.760353,50.504419],[233.772927,50.4993],[233.784159,50.497801],[233.791476,50.500761],[233.824071,50.491419],[233.834807,50.491732],[233.845926,50.485337],[233.873384,50.483694],[233.895587,50.489126],[233.904728,50.486643],[233.90643,50.498125],[233.911275,50.505808],[233.941088,50.522884],[233.945047,50.521025],[233.962372,50.524329],[233.965638,50.528122],[233.988507,50.533935],[234.000293,50.532799],[234.01193,50.539473],[234.024663,50.541155],[234.032462,50.548949],[234.063643,50.561907],[234.057505,50.553434],[234.059689,50.550077],[234.086702,50.552121],[234.099318,50.549056],[234.044654,50.542415],[234.021753,50.53345],[234.0085,50.533092],[234.015207,50.524127],[234.02141,50.522697],[234.020861,50.520164],[233.978737,50.520691],[233.939668,50.504076],[233.924653,50.506306],[233.912819,50.492296],[233.918688,50.483575],[233.930899,50.477659],[233.962357,50.473738],[233.975808,50.481428],[233.984506,50.480066],[233.987909,50.487936],[233.996233,50.492053],[234.023003,50.493012],[234.009563,50.481808],[234.001399,50.480671],[234.001323,50.476551],[234.039488,50.468678],[234.043577,50.47176],[234.087823,50.474782],[234.118975,50.491613],[234.155186,50.497133],[234.163327,50.50992],[234.168965,50.511438],[234.176641,50.520327],[234.167706,50.534842],[234.166958,50.538431],[234.169712,50.539934],[234.197417,50.520865],[234.218056,50.529166],[234.223412,50.535247],[234.247262,50.526622],[234.276279,50.527815],[234.28014,50.524281],[234.270283,50.52035],[234.22497,50.516461],[234.210024,50.508991],[234.1877,50.504756],[234.183653,50.491678],[234.190204,50.48764],[234.203655,50.490768],[234.226277,50.490201],[234.236936,50.485923],[234.234765,50.482527],[234.219592,50.481276],[234.226484,50.475575],[234.247568,50.483483],[234.287856,50.491522],[234.304428,50.489006],[234.288374,50.482472],[234.254728,50.479545],[234.238752,50.474192],[234.232672,50.468415],[234.248952,50.452269],[234.282562,50.431694],[234.291523,50.422363],[234.345976,50.429748],[234.370818,50.441438],[234.387858,50.455052],[234.419215,50.502378],[234.417948,50.507118],[234.393565,50.504393],[234.365565,50.492974],[234.363978,50.495454],[234.384832,50.50642],[234.407578,50.511495],[234.408006,50.514801],[234.39111,50.51534],[234.391135,50.51818],[234.421763,50.527037],[234.442974,50.547738],[234.451597,50.550934],[234.439376,50.579098],[234.434144,50.58169],[234.447921,50.596335],[234.442422,50.625962],[234.443772,50.633538],[234.467508,50.658098],[234.471437,50.670992],[234.477213,50.676847],[234.501933,50.678785],[234.533236,50.690484],[234.538243,50.698588],[234.527558,50.714414],[234.529678,50.72352],[234.539531,50.720869],[234.544918,50.714819],[234.57919,50.720688],[234.597186,50.716625],[234.573275,50.715413],[234.57264,50.711376],[234.550696,50.69209],[234.546721,50.679661],[234.539793,50.674927],[234.515318,50.668656],[234.495942,50.669929],[234.482127,50.665362],[234.490318,50.662076],[234.47753,50.644012],[234.468412,50.620694],[234.468092,50.608933],[234.473951,50.590895],[234.470662,50.585643],[234.464508,50.584522],[234.461445,50.566932],[234.465211,50.560732],[234.474755,50.557069],[234.477783,50.54904],[234.471391,50.541821],[234.470326,50.53473],[234.45452,50.522539],[234.451942,50.501335],[234.428259,50.483403],[234.42201,50.467938],[234.406735,50.453629],[234.408782,50.449155],[234.419677,50.446664],[234.458218,50.448608],[234.476764,50.453629],[234.525849,50.441965],[234.525583,50.444899],[234.530348,50.446062],[234.56416,50.448829],[234.576085,50.457048],[234.604351,50.467856],[234.606113,50.473125],[234.621448,50.48621],[234.628032,50.505463],[234.612553,50.523424],[234.600222,50.532166],[234.619883,50.527201],[234.627371,50.534354],[234.62581,50.552379],[234.637284,50.560899],[234.638877,50.550684],[234.648033,50.539218],[234.642419,50.535081],[234.644551,50.515871],[234.649696,50.508421],[234.643405,50.4978],[234.646816,50.487821],[234.663167,50.471522],[234.693471,50.45518],[234.704979,50.457733],[234.702491,50.460627],[234.708723,50.472295],[234.730587,50.49177],[234.736952,50.492482],[234.739267,50.501913],[234.744448,50.505783],[234.753277,50.502109],[234.75231,50.49546],[234.756359,50.489976],[234.743953,50.475016],[234.745578,50.470201],[234.732861,50.460245],[234.734024,50.457486],[234.746774,50.457179],[234.776576,50.440828],[234.77787,50.431266],[234.773565,50.426129],[234.776228,50.422982],[234.794973,50.421878],[234.81681,50.40823],[234.82818,50.407586],[234.835086,50.411414],[234.842103,50.421309],[234.854731,50.420386],[234.890763,50.433356],[234.903312,50.445707],[234.900282,50.452963],[234.890504,50.461857],[234.894278,50.471245],[234.891481,50.481299],[234.892656,50.50256],[234.902571,50.502621],[234.941161,50.514233],[234.953029,50.513119],[235.010133,50.53961],[235.005627,50.558175],[235.014793,50.570678],[235.048306,50.589569],[235.062426,50.588811],[235.071547,50.591816],[235.094572,50.61484],[235.091897,50.622032],[235.103355,50.635808],[235.102462,50.63968],[235.084005,50.650319],[235.081006,50.661008],[235.073353,50.671155],[235.076336,50.676923],[235.088658,50.682859],[235.090642,50.686781],[235.084919,50.70199],[235.090626,50.711233],[235.107274,50.725474],[235.11527,50.7281],[235.114474,50.731018],[235.081148,50.748604],[235.05442,50.757202],[235.049737,50.763998],[235.049743,50.776951],[235.057784,50.784014],[235.033622,50.789342],[235.02123,50.797561],[235.019167,50.807768],[235.024052,50.818516],[235.048179,50.833143],[235.083841,50.835346],[235.090878,50.839077],[235.092019,50.844818],[235.099768,50.849292],[235.105131,50.85869],[235.100646,50.863067],[235.120454,50.886883],[235.14717,50.900902],[235.149735,50.910882],[235.144117,50.927645],[235.154192,50.933921],[235.184338,50.926756],[235.201879,50.914251],[235.211519,50.896769],[235.208411,50.887966],[235.195821,50.888034],[235.175333,50.874544],[235.16162,50.872622],[235.155869,50.849594],[235.137434,50.825279],[235.084367,50.801755],[235.092156,50.780601],[235.101571,50.771625],[235.134853,50.76505],[235.142595,50.751955],[235.163168,50.739558],[235.16738,50.733916],[235.165678,50.714918],[235.161664,50.707762],[235.151788,50.697527],[235.137558,50.690964],[235.148352,50.664764],[235.136763,50.659296],[235.139087,50.642734],[235.12637,50.626017],[235.132111,50.618349],[235.133503,50.609277],[235.12504,50.602835],[235.131598,50.597534],[235.140581,50.597962],[235.139224,50.593815],[235.132745,50.590939],[235.125278,50.577688],[235.125192,50.570489],[235.114609,50.562512],[235.073984,50.551938],[235.069,50.554776],[235.055239,50.553531],[235.056403,50.546239],[235.065655,50.535139],[235.050689,50.517915],[235.02986,50.500761],[235.008723,50.499241],[234.978268,50.486205],[234.950366,50.48132],[234.948267,50.476675],[234.955966,50.455918],[234.953357,50.449979],[234.943652,50.443391],[234.946848,50.436364],[234.944279,50.419184],[234.935692,50.415124],[234.934207,50.411439],[234.945732,50.399777],[234.948386,50.389084],[234.946388,50.372728],[234.930698,50.359925],[234.92192,50.359775],[234.910487,50.352014],[234.910677,50.34813],[234.920832,50.337586],[234.923532,50.325985],[234.936388,50.318463],[234.94678,50.317749],[234.95925,50.321756],[234.966846,50.329188],[234.9677,50.334415],[234.957011,50.350713],[234.985991,50.342036],[234.996229,50.342745],[235.018954,50.360794],[235.032609,50.378598],[235.020345,50.39884],[235.020732,50.40515],[235.012968,50.422162],[234.991935,50.438319],[234.98925,50.443135],[234.992763,50.446012],[235.015685,50.441775],[235.028858,50.435251],[235.039337,50.425528],[235.048791,50.392274],[235.061242,50.381491],[235.062588,50.37659],[235.054843,50.366161],[235.036957,50.35075],[235.038139,50.340488],[235.045211,50.334217],[235.066254,50.327059],[235.1078,50.325571],[235.115849,50.319951],[235.172355,50.308126],[235.197061,50.316384],[235.201827,50.323612],[235.212089,50.325844],[235.21592,50.32819],[235.216751,50.33392],[235.229348,50.340302],[235.251339,50.346789],[235.261026,50.35806],[235.269713,50.359774],[235.27895,50.369285],[235.289194,50.374417],[235.299871,50.387487],[235.29981,50.397996],[235.309271,50.403347],[235.327931,50.426848],[235.325287,50.433831],[235.342652,50.436388],[235.347559,50.429834],[235.358851,50.424753],[235.388851,50.420057],[235.452007,50.421369],[235.465047,50.426813],[235.466947,50.434253],[235.473623,50.436991],[235.56484,50.459078],[235.595869,50.471462],[235.612719,50.494452],[235.633303,50.49964],[235.645236,50.497434],[235.649813,50.493095],[235.622423,50.478762],[235.62044,50.461162],[235.592187,50.440714],[235.583958,50.438354],[235.566087,50.439902],[235.554559,50.431746],[235.527281,50.423153],[235.510087,50.424498],[235.49524,50.419485],[235.494019,50.413527],[235.47816,50.398328],[235.455323,50.395827],[235.443742,50.399542],[235.402619,50.399382],[235.356314,50.403783],[235.332994,50.388791],[235.325811,50.370355],[235.303166,50.341423],[235.265543,50.325642],[235.267106,50.322678],[235.294366,50.321251],[235.314434,50.313369],[235.324694,50.312763],[235.331998,50.317989],[235.337057,50.315183],[235.336449,50.308554],[235.340193,50.304971],[235.36464,50.29667],[235.3672,50.286373],[235.37848,50.275554],[235.377396,50.266623],[235.385706,50.258507],[235.40475,50.251606],[235.41135,50.243504],[235.402432,50.235069],[235.38937,50.236755],[235.383777,50.219704],[235.385356,50.204447],[235.393784,50.202546],[235.392268,50.193645],[235.367224,50.161315],[235.357362,50.156456],[235.346108,50.156471],[235.323602,50.142591],[235.277936,50.129775],[235.271423,50.12139],[235.283583,50.115522],[235.289992,50.115396],[235.287879,50.123674],[235.290542,50.128202],[235.297965,50.129232],[235.305434,50.125156],[235.293442,50.105427],[235.298269,50.103197],[235.2988,50.099574],[235.291348,50.094681],[235.28195,50.094243],[235.275083,50.088418],[235.25228,50.084967],[235.210314,50.067849],[235.207188,50.075417],[235.195404,50.076698],[235.195845,50.072548],[235.204192,50.065195],[235.224512,50.057613],[235.235249,50.043609],[235.252897,50.050896],[235.255727,50.057012],[235.261624,50.053676],[235.247318,50.043201],[235.254089,50.04135],[235.256721,50.037309],[235.265582,50.043656],[235.27642,50.044868],[235.271142,50.055199],[235.282582,50.077562],[235.277536,50.08269],[235.282689,50.084665],[235.290609,50.082048],[235.292444,50.071523],[235.296937,50.073641],[235.304029,50.068187],[235.292943,50.065591],[235.298355,50.059813],[235.290515,50.056012],[235.292754,50.047721],[235.281676,50.033438],[235.297247,50.007005],[235.293817,50.000298],[235.303412,49.993685],[235.309344,49.993602],[235.329389,49.964657],[235.320017,49.965866],[235.302868,49.985469],[235.282379,49.99666],[235.272744,50.006302],[235.271607,50.01042],[235.277555,50.007979],[235.276264,50.015955],[235.250572,50.035154],[235.267108,50.015461],[235.255031,50.02525],[235.238685,50.032471],[235.231775,50.039683],[235.224148,50.040039],[235.192323,50.064755],[235.158531,50.064688],[235.164093,50.050849],[235.18249,50.037525],[235.178514,50.030666],[235.189041,50.024752],[235.189522,50.019465],[235.198987,50.008117],[235.209269,50.004608],[235.21121,49.999563],[235.224012,49.996461],[235.225877,49.990444],[235.241011,49.983904],[235.242475,49.972673],[235.248213,49.968157],[235.268893,49.96094],[235.292952,49.942942],[235.376956,49.907504],[235.373382,49.905281],[235.385688,49.895575],[235.396936,49.896391],[235.436988,49.874926],[235.435166,49.8726],[235.445504,49.870612],[235.472958,49.843669],[235.475993,49.806136],[235.514769,49.794712],[235.531594,49.794779],[235.549744,49.780102],[235.590002,49.769533],[235.604778,49.76789],[235.625788,49.774665],[235.630384,49.771122],[235.634831,49.772122],[235.633185,49.776702],[235.650215,49.776298],[235.656246,49.770358],[235.671526,49.774843],[235.675901,49.770708],[235.687306,49.77048],[235.690305,49.767639],[235.685297,49.764033],[235.691213,49.75771],[235.697372,49.758392],[235.703339,49.763513],[235.709576,49.757986],[235.715997,49.757279],[235.714886,49.749305],[235.726603,49.748308],[235.726737,49.743245],[235.733365,49.741912],[235.743319,49.751426],[235.741505,49.761835],[235.731986,49.763972],[235.722673,49.774918],[235.781656,49.781588],[235.795712,49.777004],[235.819295,49.779187],[235.824733,49.782916],[235.832176,49.78244],[235.832901,49.779386],[235.870644,49.783312],[235.880484,49.787403],[235.880639,49.79264],[235.922032,49.800904],[235.903043,49.815863],[235.902067,49.820307],[235.910004,49.823914],[235.909109,49.833184],[235.912716,49.840038],[235.918815,49.843794],[235.922046,49.839722],[235.934767,49.835296],[235.961122,49.837017],[235.944791,49.854993],[235.947617,49.858311],[235.946254,49.861335],[235.938686,49.861265],[235.923633,49.869448],[235.925603,49.873187],[235.9333,49.875027],[235.937279,49.885975],[235.960594,49.920952],[235.961587,49.933024],[235.965474,49.934429],[235.971584,49.916622],[235.978493,49.921007],[235.983413,49.914182],[235.971627,49.898345],[235.967362,49.877199],[235.986149,49.869807],[235.994591,49.858504],[236.000682,49.84387],[235.996913,49.827279],[235.998622,49.815419],[236.002963,49.811124],[236.033885,49.805678],[236.042171,49.808131],[236.037426,49.817174],[236.045582,49.823029],[236.043293,49.828522],[236.057048,49.838605],[236.066612,49.839702],[236.070875,49.837597],[236.074238,49.828488],[236.081669,49.82787],[236.080812,49.842466],[236.091412,49.8712],[236.098365,49.876849],[236.088436,49.888567],[236.052244,49.90123],[236.023628,49.924148],[236.014183,49.942937],[236.005054,49.955964],[235.996452,49.962392],[235.991403,49.972205],[235.989703,50.000238],[236.011857,50.003308],[236.025109,50.016395],[236.037438,50.019941],[236.059397,50.018224],[236.129645,50.046205],[236.163262,50.064876],[236.197159,50.093064],[236.161402,50.110584],[236.147963,50.128313],[236.146127,50.13534],[236.080318,50.158594],[236.056792,50.170049],[236.049855,50.177034],[236.030802,50.184361],[236.020718,50.191221],[236.021018,50.197889],[236.011184,50.207943],[236.014917,50.212204],[236.028868,50.210628],[236.04718,50.195736],[236.143571,50.162185],[236.16341,50.179068],[236.174793,50.179392],[236.178936,50.185595],[236.189533,50.189338],[236.199468,50.187185],[236.229239,50.206495],[236.23347,50.200906],[236.233987,50.193469],[236.199227,50.179336],[236.157515,50.168493],[236.154631,50.160596],[236.160437,50.154939],[236.188744,50.140995],[236.211424,50.114011],[236.233963,50.10678],[236.238714,50.099607],[236.24968,50.098051],[236.256651,50.092547],[236.256557,50.088873],[236.213993,50.069631],[236.206572,50.058741],[236.21694,50.055171],[236.199246,50.042827],[236.175483,50.034957],[236.133316,50.028789],[236.103586,50.013997],[236.088953,50.002442],[236.043673,49.998142],[236.026386,49.980375],[236.022876,49.964354],[236.040924,49.939812],[236.061348,49.923111],[236.075687,49.91831],[236.105807,49.916154],[236.125294,49.925404],[236.132898,49.923482],[236.135163,49.919935],[236.133141,49.915346],[236.116356,49.906069],[236.132203,49.877196],[236.123452,49.857245],[236.126496,49.847456],[236.101799,49.814337],[236.077805,49.798128],[236.077355,49.787157],[236.059166,49.780131],[236.056099,49.775534],[236.065155,49.76557],[236.108216,49.748614],[236.109818,49.739947],[236.133393,49.725771],[236.138634,49.711657],[236.162766,49.686972],[236.193657,49.691572],[236.212443,49.705424],[236.214387,49.711383],[236.220871,49.710154],[236.251481,49.725443],[236.260867,49.734928],[236.276062,49.785647],[236.27958,49.786581],[236.282471,49.782721],[236.284638,49.762162],[236.275082,49.736132],[236.260476,49.722014],[236.216408,49.702171],[236.215057,49.691987],[236.210274,49.688284],[236.20087,49.682767],[236.174979,49.676623],[236.181941,49.655372],[236.167147,49.664793],[236.161616,49.660197],[236.161885,49.650657],[236.16805,49.647727],[236.176578,49.635243],[236.192603,49.630009],[236.193525,49.62488],[236.197053,49.625182],[236.200523,49.63197],[236.233583,49.641596],[236.248433,49.641267],[236.272177,49.649969],[236.286594,49.64882],[236.311111,49.653419],[236.334957,49.649405],[236.340538,49.651429],[236.343194,49.65822],[236.350937,49.663223],[236.37304,49.663],[236.421673,49.677065],[236.426923,49.679152],[236.427899,49.68418],[236.442006,49.682901],[236.455724,49.697454],[236.466196,49.699642],[236.471781,49.711654],[236.476808,49.705061],[236.456302,49.682348],[236.448711,49.681059],[236.439126,49.671941],[236.41665,49.666987],[236.40848,49.660502],[236.370562,49.653353],[236.351419,49.642261],[236.332615,49.636932],[236.312886,49.641897],[236.283912,49.637097],[236.269742,49.626044],[236.241522,49.617607],[236.231902,49.609305],[236.212624,49.602237],[236.216976,49.59309],[236.219644,49.569304],[236.226271,49.559722],[236.238128,49.550985],[236.237476,49.539919],[236.231142,49.527507],[236.221858,49.523526],[236.254949,49.501869],[236.248715,49.483483],[236.245188,49.48179],[236.234157,49.487544],[236.236892,49.492917],[236.218878,49.508021],[236.202761,49.513093],[236.2083,49.517022],[236.201795,49.524],[236.209098,49.53348],[236.201789,49.544138],[236.20557,49.546846],[236.194213,49.566002],[236.196337,49.568857],[236.188614,49.572794],[236.18916,49.577585],[236.184386,49.584135],[236.182523,49.590935],[236.187552,49.593534],[236.161232,49.619258],[236.153203,49.639355],[236.141678,49.652551],[236.13626,49.679403],[236.127538,49.684457],[236.114064,49.699269],[236.112774,49.730339],[236.097401,49.741445],[236.09425,49.747174],[236.073904,49.750063],[236.065572,49.756716],[236.031487,49.7666],[236.010964,49.758277],[236.012093,49.752494],[235.98677,49.754208],[235.964513,49.738588],[235.9653,49.724868],[235.933649,49.692481],[235.934379,49.669864],[235.926862,49.663192],[235.928979,49.650636],[235.926969,49.642168],[235.942478,49.63332],[235.96676,49.63291],[235.970693,49.62847],[236.001473,49.630957],[236.008341,49.637744],[236.014887,49.638626],[236.005366,49.628725],[236.013999,49.624983],[235.974845,49.624207],[235.952506,49.6164],[235.961246,49.626514],[235.951964,49.626799],[235.938771,49.623493],[235.935886,49.615171],[235.944066,49.603436],[235.950108,49.605894],[235.955018,49.60278],[235.962278,49.605778],[235.959703,49.613337],[235.965922,49.614793],[235.96736,49.609816],[235.973835,49.609088],[235.977546,49.599099],[235.985049,49.594699],[235.990474,49.574049],[235.996868,49.570957],[235.999597,49.565337],[235.997504,49.56165],[236.002442,49.555792],[236.023838,49.538319],[236.031306,49.539795],[236.055056,49.525939],[236.037788,49.52964],[236.038119,49.516697],[236.033303,49.515499],[236.034619,49.512826],[236.051174,49.504979],[236.054079,49.506508],[236.053049,49.509574],[236.061461,49.50886],[236.063037,49.513623],[236.069655,49.51098],[236.074871,49.514676],[236.082932,49.512115],[236.087802,49.514267],[236.091901,49.511274],[236.088518,49.498963],[236.095183,49.485063],[236.129292,49.469568],[236.14497,49.470407],[236.139122,49.47714],[236.146212,49.478639],[236.18521,49.468001],[236.211396,49.46621],[236.226694,49.470567],[236.255354,49.471958],[236.276073,49.440416],[236.317938,49.436678],[236.356873,49.419699],[236.365288,49.420388],[236.417806,49.403822],[236.429008,49.403673],[236.440624,49.398961],[236.44463,49.39142],[236.466433,49.38482],[236.487325,49.388437],[236.501718,49.395208],[236.495502,49.401],[236.508532,49.41432],[236.51991,49.420358],[236.522627,49.430442],[236.533081,49.445238],[236.532653,49.451574],[236.515124,49.470371],[236.514678,49.477939],[236.518082,49.482859],[236.529393,49.48538],[236.529023,49.488608],[236.505649,49.501911],[236.510724,49.51819],[236.533163,49.53176],[236.554924,49.540363],[236.580532,49.545262],[236.607222,49.559246],[236.620307,49.563028],[236.625094,49.559176],[236.645029,49.554548],[236.653229,49.557678],[236.651921,49.564174],[236.658797,49.569871],[236.665631,49.570758],[236.669916,49.576412],[236.680011,49.580925],[236.722865,49.58335],[236.732261,49.586841],[236.74622,49.609875],[236.751554,49.612599],[236.750424,49.627574],[236.743482,49.637048],[236.740568,49.64766],[236.743524,49.66405],[236.782139,49.67729],[236.820393,49.685166],[236.844707,49.68388],[236.842222,49.677784],[236.824448,49.661887],[236.811103,49.657421],[236.791502,49.658015],[236.781233,49.655084],[236.777502,49.646466],[236.79422,49.626858],[236.793934,49.620015],[236.776687,49.593479],[236.779614,49.590473],[236.765479,49.554229],[236.757245,49.549548],[236.740405,49.527507],[236.739999,49.508895],[236.74937,49.502795],[236.751318,49.484442],[236.755483,49.480918],[236.755497,49.471996],[236.75927,49.468072],[236.765473,49.418154],[236.728859,49.376484],[236.72493,49.377394],[236.724922,49.382129],[236.706391,49.374706],[236.714029,49.371574],[236.71661,49.359584],[236.722812,49.356303],[236.729716,49.35703],[236.734184,49.332247],[236.752441,49.340768],[236.781118,49.339082],[236.790041,49.34126],[236.846756,49.327249],[236.885558,49.310161],[236.907068,49.314684],[236.964409,49.29983],[236.986217,49.30022],[237.001917,49.309784],[237.042035,49.302751],[237.048641,49.305373],[237.053206,49.316273],[237.063323,49.322674],[237.062972,49.326096],[237.055236,49.327365],[237.054264,49.330728],[237.065499,49.333706],[237.089103,49.348153],[237.096641,49.359559],[237.105854,49.361083],[237.112315,49.367195],[237.110349,49.376986],[237.120604,49.382606],[237.113882,49.398265],[237.116963,49.404936],[237.114653,49.409663],[237.125577,49.424698],[237.122327,49.448629],[237.113603,49.460257],[237.114117,49.464077],[237.125469,49.463201],[237.137233,49.455727],[237.146685,49.435074],[237.142062,49.407866],[237.129897,49.398083],[237.129553,49.391918],[237.137018,49.384327],[237.111325,49.351668],[237.111414,49.336208],[237.083415,49.316029],[237.080935,49.318703],[237.0902,49.329897],[237.085509,49.331713],[237.069651,49.319686],[237.074744,49.317865],[237.072947,49.305519],[237.075053,49.299813],[237.083446,49.295479],[237.126571,49.302784],[237.165154,49.28577],[237.164605,49.282753],[237.140821,49.280628],[237.137236,49.282841],[237.141496,49.284454],[237.130817,49.293118],[237.107899,49.293139],[237.101344,49.290127],[237.063233,49.293255],[237.038943,49.289023],[237.014873,49.296683],[236.999092,49.291592],[236.989394,49.294501],[236.968315,49.291856],[236.94871,49.295252],[236.935113,49.289588],[236.90276,49.291195],[236.898421,49.286921],[236.866531,49.296106],[236.88357,49.299298],[236.88557,49.302078],[236.872589,49.304117],[236.862272,49.314352],[236.855977,49.314565],[236.84605,49.309633],[236.843838,49.298682],[236.873808,49.272203],[236.893865,49.277566],[236.89706,49.277342],[236.896666,49.274344],[236.882089,49.268905],[236.869037,49.269182],[236.86223,49.272396],[236.860973,49.277717],[236.853398,49.279381],[236.842409,49.274199],[236.827973,49.272961],[236.760661,49.280838],[236.738969,49.271227],[236.737915,49.266187],[236.74933,49.252599],[236.780158,49.238571],[236.800446,49.223116],[236.79807,49.210162],[236.792658,49.202707],[236.791308,49.18818],[236.806896,49.186529],[236.80122,49.171772],[236.807101,49.14208],[236.804798,49.128466],[236.823243,49.084038],[236.846122,49.073077],[236.843634,49.064382],[236.875327,49.053183],[236.845818,49.032242],[236.840456,49.025407],[236.836239,49.025872],[236.831337,49.019052],[236.843796,49.015159],[236.852504,49.029103],[236.882317,49.050373],[236.891034,49.049825],[236.903313,49.041034],[236.904732,49.031466],[236.90053,49.024372],[236.907811,49.002052],[236.677765,49.002078],[236.991515,48.831217],[236.991515,48.767106],[236.732126,48.693994],[236.781071,48.548717]]],[[[237.04885,49.07351],[237.106387,49.090758],[237.118263,49.090818],[237.12937,49.090514],[237.152687,49.083048],[237.140281,49.079575],[237.130662,49.058914],[237.123085,49.058283],[237.12201,49.063058],[237.113311,49.057825],[237.129181,49.026124],[237.182295,49.025289],[237.230452,49.011001],[237.242869,49.002078],[236.96591,49.002081],[236.962327,49.018474],[236.945588,49.030157],[236.955368,49.047308],[236.979645,49.059439],[237.04885,49.07351]]]]}}