{"type":"Feature","properties":{"name":"Pacific Ocean (GOaS)","source":"Flanders Marine Institute (VLIZ), Marine Regions, Global Oceans and Seas v1","source_url":"https://www.marineregions.org/sources.php#goas","license":"CC-BY 4.0","components":["North Pacific Ocean","South Pacific Ocean","South China and Easter Archipelagic Seas"],"retrieved":"2026-10-02","note":"The union of GOaS's North and South Pacific, plus its 'South China and Easter [sic] Archipelagic Seas' (the South China Sea and the Indonesian seas, which GOaS keeps as a region of their own). 60S to the Bering Strait; the Atlantic boundary runs through Panama and down Cape Horn's meridian, so the Gulf of Mexico, the Caribbean and Hudson Bay are out. GOaS cuts the ocean at the antimeridian; the western-hemisphere halves were shifted +360 and unioned, so longitudes run continuously on the 0-360 frame. Interior rings dropped (land inside the region is excluded by sst_daily holding ocean cells only).","simplify_tolerance_deg":0.05,"outer_area_km2":176713133,"cells":6582607,"cells_moved_by_simplification":6625},"geometry":{"type":"MultiPolygon","coordinates":[[[[144.999799,-7.820535],[145.091735,-7.3951],[145.126281,-7.360242],[145.191368,-7.372771],[145.19714,-7.396205],[145.203525,-7.374372],[145.211308,-7.36185],[145.255039,-7.340466],[145.305223,-7.351943],[145.299414,-7.297247],[145.339687,-7.189685],[145.321294,-7.153631],[145.316294,-7.123194],[145.322259,-7.101225],[145.195226,-7.050518],[145.174517,-7.03125],[145.157183,-6.99252],[145.129169,-7.041265],[145.107949,-7.027439],[145.081888,-7.000421],[145.072492,-6.985283],[145.020541,-7.021691],[145.005349,-7.014292],[144.995942,-6.99555],[144.990587,-6.996402],[144.984634,-7.006954],[144.97963,-7.009046],[144.938013,-6.990646],[144.933468,-6.972631],[144.953741,-6.916883],[144.894179,-6.905242],[144.848617,-6.887027],[144.80079,-6.911522],[144.794148,-6.912874],[144.785812,-6.909896],[144.783374,-6.9037],[144.787121,-6.889993],[144.792271,-6.882398],[144.786049,-6.870452],[144.789468,-6.857921],[144.773561,-6.849235],[144.773018,-6.840568],[144.800661,-6.792883],[144.773341,-6.843664],[144.790829,-6.857721],[144.792854,-6.882869],[144.786282,-6.90899],[144.847825,-6.885045],[144.947609,-6.907299],[144.958045,-6.922338],[144.938527,-6.988874],[145.073655,-6.981416],[145.127728,-7.038154],[145.157817,-6.990449],[145.315398,-7.075062],[145.324554,-7.100321],[145.323771,-7.155257],[145.33739,-7.173357],[145.342761,-7.200041],[145.306211,-7.355108],[145.197274,-7.398375],[145.128612,-7.364985],[145.092065,-7.399187],[145.095497,-7.507555],[145.178083,-7.508143],[145.238579,-7.636716],[145.164151,-7.788696],[145.405295,-7.945497],[145.436139,-7.92588],[145.40792,-7.917667],[145.400862,-7.903101],[145.403595,-7.893635],[145.426484,-7.875373],[145.433339,-7.851857],[145.516782,-7.820448],[145.507249,-7.82303],[145.501557,-7.82101],[145.49543,-7.811362],[145.500394,-7.795898],[145.48863,-7.789442],[145.486424,-7.785677],[145.482868,-7.73827],[145.49041,-7.723313],[145.49554,-7.71803],[145.478325,-7.721798],[145.466306,-7.713545],[145.46954,-7.70059],[145.460287,-7.694651],[145.454773,-7.698058],[145.445426,-7.692602],[145.456242,-7.663796],[145.462215,-7.66319],[145.464566,-7.671304],[145.470717,-7.669135],[145.481746,-7.668187],[145.447537,-7.693787],[145.460273,-7.693271],[145.470473,-7.699313],[145.478974,-7.720288],[145.494089,-7.716298],[145.497483,-7.717978],[145.51771,-7.820486],[145.433672,-7.854076],[145.426633,-7.881019],[145.404253,-7.895158],[145.43936,-7.918357],[145.43048,-7.940501],[145.415362,-7.949603],[145.812787,-7.900137],[145.817059,-7.985375],[145.759297,-7.960693],[145.827604,-8.030646],[146.095938,-8.091131],[146.108574,-8.181572],[146.289411,-8.30908],[146.235202,-8.271451],[146.347949,-8.547808],[146.561973,-8.813105],[146.588952,-8.820217],[146.610154,-8.809994],[146.612761,-8.793867],[146.619173,-8.791494],[146.589933,-8.855073],[146.547943,-8.883788],[146.591581,-8.99664],[146.881927,-9.114599],[146.946487,-9.008356],[147.018267,-9.050042],[146.890178,-9.124694],[146.898244,-9.269215],[146.997637,-9.278521],[147.088451,-9.475966],[147.123873,-9.418621],[147.243165,-9.540091],[147.289029,-9.501488],[147.72641,-10.104033],[147.889218,-10.035626],[147.855227,-10.101542],[147.987417,-10.163433],[148.229904,-10.017829],[148.179347,-10.101812],[148.399322,-10.207854],[148.649279,-10.192214],[148.704083,-10.142741],[148.704479,-10.138479],[148.697864,-10.140731],[148.691245,-10.135379],[148.692263,-10.12781],[148.686153,-10.12999],[148.684047,-10.126166],[148.693032,-10.12694],[148.697556,-10.139751],[148.703825,-10.136579],[148.684411,-10.115089],[148.697218,-10.111423],[148.73887,-10.166813],[148.781206,-10.123954],[148.808093,-10.145706],[148.744741,-10.236736],[148.965023,-10.288155],[149.097009,-10.230675],[149.485278,-10.365162],[149.750828,-10.345613],[149.914009,-10.496303],[149.953543,-10.422348],[150.116641,-10.423193],[150.042589,-10.517131],[149.880037,-10.503032],[149.854376,-10.55293],[150.201805,-10.702619],[150.429312,-10.6915],[150.696082,-10.561463],[150.651074,-10.476744],[150.342769,-10.397149],[150.343514,-10.334352],[150.632555,-10.351433],[150.876498,-10.228973],[150.611785,-10.284688],[150.587391,-10.209071],[150.296473,-10.187171],[149.86066,-10.018485],[149.713576,-9.809367],[150.056985,-9.683974],[149.78101,-9.59016],[149.45526,-9.612951],[149.228627,-9.490153],[149.176554,-9.360608],[149.328969,-9.134663],[149.29273,-9.014272],[149.138587,-8.989166],[149.087084,-9.062347],[148.746929,-9.117669],[148.597271,-9.079762],[148.43661,-8.679872],[148.24863,-8.591518],[148.232511,-8.484278],[148.2205,-8.490647],[148.200608,-8.487137],[148.195021,-8.470761],[148.192821,-8.475709],[148.136119,-8.484691],[148.139719,-8.47154],[148.134853,-8.475138],[148.121699,-8.474123],[148.11743,-8.479281],[148.079432,-8.476265],[148.080997,-8.484783],[148.07572,-8.487016],[148.073303,-8.483957],[148.07137,-8.465916],[148.068594,-8.475158],[148.038587,-8.478935],[148.06998,-8.464224],[148.074754,-8.469373],[148.076179,-8.485812],[148.077297,-8.475553],[148.099233,-8.471555],[148.194768,-8.469124],[148.220059,-8.489607],[148.234092,-8.480482],[148.131098,-8.06258],[148.02725,-8.085938],[147.866542,-7.940336],[147.714985,-7.942493],[147.466458,-7.589597],[147.178999,-7.463053],[147.070439,-7.014252],[147.03987,-7.058536],[146.948009,-6.974754],[146.965389,-6.741958],[147.576949,-6.747108],[147.863546,-6.630325],[147.811023,-6.324939],[147.573945,-6.057594],[147.339052,-5.91803],[147.090683,-5.959514],[146.797596,-5.85777],[146.46021,-5.605945],[145.760061,-5.477649],[145.806129,-4.848311],[145.322093,-4.385236],[145.033037,-4.348915],[144.857877,-4.11471],[144.670321,-4.020989],[144.65708,-4.037182],[144.680244,-4.036022],[144.685979,-4.04171],[144.690694,-4.124629],[144.667206,-4.136818],[144.702795,-4.143445],[144.71143,-4.15495],[144.651657,-4.500836],[144.632796,-4.548239],[144.598982,-4.542332],[144.708632,-4.151646],[144.665341,-4.13957],[144.683761,-4.042013],[144.65597,-4.041553],[144.661173,-4.011748],[144.568681,-3.992717],[144.544778,-3.907951],[144.525681,-4.008463],[144.448836,-3.948242],[144.560788,-3.886548],[144.545077,-3.851889],[144.501845,-3.909002],[144.484886,-3.914591],[144.471853,-3.909232],[144.465707,-3.897333],[144.471586,-3.884839],[144.51033,-3.885107],[144.494501,-3.817833],[144.44958,-3.895295],[144.409714,-3.894122],[144.433123,-3.917003],[144.430907,-3.938704],[144.369546,-3.996901],[144.234753,-3.964614],[144.254645,-4.051776],[144.12762,-4.099609],[144.071684,-4.065261],[144.091255,-4.116011],[144.066717,-4.146453],[144.064682,-4.085768],[144.053253,-4.099829],[144.030817,-4.108076],[144.016807,-4.143605],[143.999965,-4.153666],[143.832707,-4.14053],[143.849995,-4.156685],[143.855839,-4.174726],[143.86106,-4.200696],[143.857999,-4.231808],[143.836695,-4.244463],[143.847385,-4.252549],[143.850802,-4.258643],[143.848325,-4.261464],[143.840151,-4.259324],[143.847193,-4.275696],[143.832024,-4.289616],[143.836491,-4.295472],[143.844256,-4.293427],[143.848841,-4.298821],[143.837155,-4.307644],[143.845494,-4.323144],[143.833468,-4.335222],[143.846574,-4.331615],[143.850564,-4.333293],[143.867306,-4.37161],[143.865811,-4.410618],[143.858814,-4.419747],[143.882768,-4.471929],[143.876886,-4.482374],[143.893363,-4.485989],[143.898396,-4.495727],[143.902287,-4.492757],[143.909532,-4.493612],[143.914991,-4.504398],[143.90437,-4.535354],[143.838076,-4.579659],[143.842911,-4.608187],[143.830014,-4.609648],[143.835332,-4.619037],[143.83687,-4.6492],[143.824408,-4.610748],[143.836117,-4.579659],[143.914108,-4.50567],[143.875341,-4.483134],[143.831928,-4.333432],[143.84458,-4.323103],[143.834725,-4.311138],[143.838382,-4.304761],[143.846365,-4.30067],[143.846591,-4.296305],[143.834548,-4.296821],[143.830814,-4.290818],[143.83524,-4.24428],[143.858115,-4.22753],[143.85521,-4.175039],[143.839825,-4.183594],[143.769904,-4.181113],[143.780046,-4.201378],[143.777875,-4.21875],[143.759961,-4.230167],[143.747825,-4.207798],[143.735766,-4.234581],[143.594454,-4.180921],[143.731979,-4.230497],[143.745851,-4.203125],[143.769184,-4.223049],[143.763698,-4.18543],[143.772165,-4.176102],[143.842996,-4.173943],[143.822643,-4.144807],[143.83621,-4.136447],[144.010717,-4.145049],[144.052931,-4.057662],[144.247342,-4.044875],[144.231885,-3.96265],[144.38062,-3.978739],[144.406656,-3.892138],[144.488132,-3.813895],[144.499294,-3.816703],[144.504281,-3.824931],[144.513973,-3.883214],[144.505498,-3.891388],[144.481736,-3.885539],[144.469673,-3.89886],[144.500469,-3.905375],[144.524492,-3.875798],[144.540532,-3.824814],[144.527089,-3.812854],[144.376279,-3.784391],[144.27659,-3.784771],[144.430605,-3.798923],[144.367463,-3.832451],[144.385599,-3.879861],[144.381062,-3.883983],[144.362212,-3.887526],[144.356478,-3.815136],[144.087685,-3.828832],[144.174574,-3.778606],[144.001512,-3.819184],[143.499658,-3.436223],[142.531568,-3.231812],[141.205325,-2.632857],[140.70528,-2.628138],[140.740296,-2.51602],[140.612813,-2.438969],[140.347885,-2.395138],[140.37116,-2.457025],[140.336372,-2.464693],[140.112139,-2.319547],[139.751036,-2.359629],[138.861446,-1.964918],[138.652624,-1.787166],[137.980826,-1.528531],[138.128055,-1.646133],[137.954372,-1.65476],[137.933668,-1.45756],[137.8863,-1.488221],[137.870756,-1.641821],[137.8125,-1.693917],[137.892266,-1.462566],[137.743891,-1.477414],[137.794111,-1.547677],[137.727326,-1.493054],[137.591268,-1.553992],[137.595856,-1.559647],[137.606166,-1.553013],[137.636045,-1.560018],[137.637338,-1.565125],[137.62618,-1.584916],[137.634795,-1.589663],[137.633355,-1.593728],[137.47814,-1.597692],[137.519568,-1.671912],[137.471697,-1.606614],[137.331218,-1.689916],[137.476742,-1.836645],[137.348597,-1.840782],[137.377369,-1.871902],[137.39434,-1.869728],[137.413077,-1.877572],[137.419465,-1.883886],[137.442039,-2.011663],[137.415282,-1.880889],[137.375627,-1.872396],[137.349621,-1.848927],[137.344169,-1.828757],[137.297125,-1.825819],[137.24501,-1.75377],[137.15423,-1.770684],[137.334607,-1.931184],[137.182829,-1.937111],[137.26684,-1.988049],[137.189317,-1.990651],[137.257947,-2.115492],[137.057608,-2.098231],[137.004733,-2.128528],[137.062311,-2.168187],[137.035554,-2.204533],[136.942412,-2.120404],[136.74905,-2.26779],[136.395917,-2.216726],[136.22614,-2.612584],[135.94552,-2.782437],[135.963763,-2.954332],[135.734172,-3.064082],[135.729012,-3.074757],[135.766539,-3.087755],[135.766747,-3.100411],[135.784933,-3.103217],[135.786361,-3.109536],[135.6114,-3.180526],[135.47718,-3.370111],[135.111765,-3.381034],[134.96342,-3.306222],[134.960716,-3.225952],[134.860521,-3.24869],[134.800809,-3.130851],[134.852546,-2.88616],[134.768197,-2.990659],[134.688536,-2.966516],[134.631315,-2.47469],[134.531554,-2.450088],[134.568924,-2.484484],[134.460523,-2.549526],[134.524299,-2.793424],[134.461128,-2.863035],[134.319598,-2.50669],[134.174708,-2.352887],[134.067591,-1.673552],[134.279048,-1.342992],[134.010045,-0.958566],[134.13703,-0.863297],[133.950146,-0.713364],[133.396068,-0.740864],[132.954087,-0.453228],[132.420881,-0.34313],[132.170894,-0.425408],[131.847788,-0.705982],[131.230944,-0.817555],[131.300589,-0.91758],[131.248769,-1.082972],[130.932383,-1.432186],[131.282216,-1.504713],[131.336993,-1.438126],[131.258809,-1.371351],[131.314957,-1.372158],[131.293725,-1.354176],[131.291132,-1.339438],[131.300832,-1.32889],[131.279669,-1.314563],[131.300848,-1.326042],[131.301875,-1.332675],[131.295254,-1.347377],[131.296711,-1.355089],[131.324551,-1.350945],[131.349849,-1.334029],[131.352983,-1.320882],[131.336006,-1.32769],[131.333234,-1.307319],[131.337927,-1.29091],[131.348737,-1.286161],[131.380441,-1.401756],[131.420321,-1.341846],[131.435077,-1.347499],[131.379757,-1.453517],[131.449312,-1.514247],[131.447001,-1.441293],[131.516666,-1.474239],[131.514183,-1.376956],[131.549823,-1.385342],[131.535368,-1.359786],[131.536163,-1.34881],[131.585042,-1.344765],[131.583955,-1.329978],[131.574129,-1.31567],[131.569831,-1.290012],[131.572298,-1.281151],[131.587244,-1.27505],[131.560019,-1.257621],[131.560019,-1.252906],[131.568871,-1.240992],[131.588539,-1.274648],[131.588381,-1.342225],[131.524274,-1.479771],[131.64139,-1.448029],[131.60973,-1.410288],[131.620346,-1.369308],[131.637431,-1.372183],[131.633317,-1.368273],[131.63199,-1.36152],[131.641021,-1.361933],[131.655154,-1.462142],[131.676847,-1.436288],[131.651919,-1.411318],[131.650825,-1.403868],[131.658051,-1.398966],[131.743832,-1.45131],[131.729282,-1.58358],[131.798191,-1.548797],[131.790514,-1.491908],[131.821077,-1.474454],[131.817772,-1.451061],[131.800072,-1.452688],[131.796081,-1.44779],[131.796532,-1.4406],[131.798374,-1.436416],[131.803492,-1.435898],[131.819638,-1.442165],[131.821223,-1.429093],[131.833775,-1.499036],[131.779373,-1.59665],[131.810384,-1.614325],[131.876593,-1.508106],[131.869871,-1.583508],[131.969836,-1.548535],[131.957509,-1.482488],[131.974578,-1.447802],[131.960214,-1.430888],[131.958209,-1.425932],[131.985946,-1.417063],[132.001568,-1.554682],[131.881846,-1.634645],[131.96108,-1.655925],[131.91157,-1.719664],[132.052967,-1.663324],[132.043304,-1.643466],[132.047076,-1.629258],[132.068855,-1.619567],[132.066939,-1.594998],[132.089367,-1.572162],[132.103062,-1.568748],[132.076149,-1.519924],[132.106274,-1.569326],[132.069765,-1.598203],[132.073318,-1.617647],[132.049726,-1.644384],[132.101386,-1.604848],[132.133366,-1.604059],[132.135053,-1.598909],[132.124828,-1.592505],[132.121985,-1.583375],[132.127292,-1.579261],[132.14202,-1.582031],[132.123299,-1.585326],[132.137752,-1.599924],[132.121262,-1.616132],[132.068793,-1.632073],[132.078691,-1.670158],[132.00461,-1.685415],[132.089784,-1.70311],[132.039927,-1.729318],[132.088342,-1.752833],[132.091705,-1.78971],[132.086521,-1.754122],[132.06821,-1.765655],[132.027655,-1.714919],[132.009377,-1.767523],[132.032027,-1.770166],[132.043884,-1.785083],[132.038369,-1.791428],[132.008063,-1.771682],[131.995954,-1.737513],[131.921428,-1.81288],[132.014819,-1.804475],[131.950286,-1.86252],[131.973895,-1.843543],[131.983075,-1.859638],[131.986612,-1.85922],[131.98536,-1.848097],[131.988587,-1.844596],[132.008994,-1.858611],[132.012647,-1.85484],[132.004907,-1.84695],[132.00716,-1.840587],[132.031394,-1.834697],[132.035855,-1.836503],[132.035878,-1.85206],[132.037967,-1.851316],[132.039254,-1.842577],[132.041876,-1.840755],[132.051999,-1.84944],[132.058881,-1.838812],[132.065065,-1.839989],[132.073191,-1.845266],[132.034463,-1.853333],[132.030428,-1.836249],[132.009642,-1.859885],[131.988488,-1.846156],[131.988664,-1.85911],[131.984627,-1.861533],[131.970862,-1.847495],[132.033597,-1.930363],[131.967123,-1.964405],[132.04318,-2.026581],[132.086939,-1.868284],[132.163062,-1.880091],[132.165109,-1.88321],[132.162242,-1.887504],[132.167192,-1.889748],[132.169834,-1.89818],[132.173666,-1.893047],[132.181642,-1.893082],[132.187802,-1.879909],[132.203697,-1.868357],[132.221765,-1.88226],[132.235714,-1.856606],[132.251585,-1.850167],[132.258567,-1.852364],[132.255514,-1.845003],[132.257384,-1.837606],[132.259541,-1.838088],[132.264621,-1.845665],[132.262977,-1.837978],[132.264603,-1.835431],[132.29236,-1.839377],[132.28638,-1.826637],[132.285946,-1.819412],[132.288384,-1.816437],[132.324848,-1.812161],[132.327813,-1.81655],[132.322741,-1.823958],[132.326678,-1.825604],[132.339419,-1.813537],[132.344158,-1.822969],[132.324448,-1.827212],[132.288443,-1.817208],[132.294419,-1.832834],[132.292048,-1.840595],[132.264086,-1.847055],[132.257917,-1.838616],[132.259942,-1.852914],[132.223181,-1.883958],[132.170032,-1.899121],[132.086739,-1.870352],[132.084977,-2.021352],[132.113117,-1.985829],[132.181874,-1.990363],[132.182353,-1.97926],[132.200775,-1.977091],[132.204746,-1.966646],[132.219176,-1.965636],[132.216937,-1.956393],[132.230254,-1.961159],[132.222159,-1.952297],[132.238361,-1.934296],[132.243013,-1.935109],[132.244926,-1.94389],[132.257742,-1.92844],[132.272693,-1.93444],[132.136419,-2.023338],[132.11532,-1.992762],[132.038738,-2.07071],[132.178665,-2.153395],[132.196657,-2.14851],[132.172539,-2.13976],[132.168099,-2.129591],[132.194116,-2.074777],[132.171613,-2.136899],[132.196731,-2.143653],[132.315503,-2.283393],[132.556604,-2.190191],[132.645257,-2.288019],[132.643368,-2.269018],[132.662582,-2.243894],[132.668211,-2.244728],[132.685642,-2.262895],[132.676917,-2.246057],[132.705681,-2.173],[132.698831,-2.167615],[132.69598,-2.181847],[132.692563,-2.1838],[132.68801,-2.181541],[132.687799,-2.166476],[132.694358,-2.155578],[132.676319,-2.154606],[132.668833,-2.149262],[132.660604,-2.122304],[132.664166,-2.118088],[132.68112,-2.121791],[132.666578,-2.116033],[132.662835,-2.110423],[132.671027,-2.098411],[132.681717,-2.104376],[132.670765,-2.089993],[132.672635,-2.087086],[132.676579,-2.087086],[132.686518,-2.094676],[132.681404,-2.078304],[132.693597,-2.071863],[132.653196,-2.036545],[132.654947,-2.026646],[132.665807,-2.022248],[132.665589,-2.016103],[132.659243,-2.022586],[132.641116,-2.020888],[132.612577,-1.985225],[132.639109,-1.966428],[132.643452,-1.966829],[132.649752,-1.97548],[132.64984,-1.9677],[132.654589,-1.962136],[132.637362,-1.940407],[132.64501,-1.922508],[132.636087,-1.926009],[132.629969,-1.91744],[132.618785,-1.914062],[132.616481,-1.909698],[132.619508,-1.872046],[132.649161,-1.84865],[132.644105,-1.841869],[132.644354,-1.834217],[132.634753,-1.832293],[132.633321,-1.825465],[132.639437,-1.820382],[132.65766,-1.826695],[132.638382,-1.812968],[132.638788,-1.796277],[132.643189,-1.797176],[132.644687,-1.803309],[132.649009,-1.801435],[132.645246,-1.793998],[132.651303,-1.783555],[132.641374,-1.782427],[132.639107,-1.778792],[132.64613,-1.766576],[132.635961,-1.771407],[132.632077,-1.768243],[132.631785,-1.76083],[132.648796,-1.748619],[132.624105,-1.752436],[132.621719,-1.748226],[132.636469,-1.679222],[132.653436,-1.678871],[132.651696,-1.670645],[132.658753,-1.66293],[132.648468,-1.660541],[132.648629,-1.65196],[132.652381,-1.648967],[132.664351,-1.651054],[132.664343,-1.647877],[132.658571,-1.647411],[132.657426,-1.643365],[132.666791,-1.640704],[132.662978,-1.631865],[132.672415,-1.628824],[132.653558,-1.591156],[132.659872,-1.587911],[132.673644,-1.628752],[132.665546,-1.651779],[132.649487,-1.653037],[132.659808,-1.66363],[132.642046,-1.728086],[132.622741,-1.747535],[132.649242,-1.747324],[132.659345,-1.827137],[132.635102,-1.824879],[132.646555,-1.833815],[132.651242,-1.849861],[132.618726,-1.910056],[132.646868,-1.921202],[132.656829,-1.961965],[132.650894,-1.976552],[132.614532,-1.986506],[132.667204,-2.016021],[132.695306,-2.07268],[132.708546,-2.193815],[132.687384,-2.263737],[132.644268,-2.269737],[132.676357,-2.292683],[132.817008,-2.242435],[132.899299,-2.281307],[132.943048,-2.262354],[132.959697,-2.272072],[132.95127,-2.256237],[132.954423,-2.254086],[132.964594,-2.26074],[132.95626,-2.237481],[132.972569,-2.217337],[133.004484,-2.192983],[133.019725,-2.202431],[133.01901,-2.195729],[133.00096,-2.187037],[132.998541,-2.180457],[133.021777,-2.126486],[133.066209,-2.107392],[133.02266,-2.127629],[133.022836,-2.202334],[132.957101,-2.292832],[133.274338,-2.157774],[133.497873,-2.228594],[133.495811,-2.206071],[133.474729,-2.185566],[133.474266,-2.175161],[133.484998,-2.169936],[133.500557,-2.184173],[133.508853,-2.164577],[133.487279,-2.159322],[133.487725,-2.132851],[133.481306,-2.144505],[133.478963,-2.145316],[133.47633,-2.125279],[133.468974,-2.139252],[133.464319,-2.141972],[133.460259,-2.140406],[133.475369,-2.123961],[133.488727,-2.131512],[133.488634,-2.158817],[133.511065,-2.164488],[133.501703,-2.185882],[133.478607,-2.186922],[133.51008,-2.189649],[133.528328,-2.203786],[133.523579,-2.191138],[133.540385,-2.17803],[133.537277,-2.17407],[133.529943,-2.183285],[133.524434,-2.183018],[133.523703,-2.164435],[133.542899,-2.172601],[133.529606,-2.204654],[133.498269,-2.193082],[133.508742,-2.230418],[133.555402,-2.223677],[133.580247,-2.160731],[133.574277,-2.175199],[133.567292,-2.174892],[133.536596,-2.142733],[133.52549,-2.114001],[133.521007,-2.122897],[133.506153,-2.114419],[133.506627,-2.123744],[133.499855,-2.126109],[133.487705,-2.108393],[133.45706,-2.099403],[133.45416,-2.094127],[133.524726,-2.111763],[133.571262,-2.174335],[133.579043,-2.143433],[133.668794,-2.131444],[133.575908,-2.190107],[133.623455,-2.232639],[133.639016,-2.223549],[133.634166,-2.206546],[133.620391,-2.201354],[133.620288,-2.193988],[133.672935,-2.140175],[133.660157,-2.202811],[133.714582,-2.126206],[133.76992,-2.161155],[133.775919,-2.126866],[133.76114,-2.125363],[133.75343,-2.111447],[133.749246,-2.116331],[133.734068,-2.113002],[133.729845,-2.105586],[133.734093,-2.099161],[133.814245,-2.098035],[133.781235,-2.150978],[133.949147,-2.045377],[133.9018,-2.136309],[133.965892,-2.076172],[133.937766,-2.160754],[133.959681,-2.144882],[133.978674,-2.153446],[133.986297,-2.141703],[134.011208,-2.155946],[134.00373,-2.165117],[133.959786,-2.14734],[133.937275,-2.196298],[134.000453,-2.241843],[133.95793,-2.348655],[134.0313,-2.33833],[133.948179,-2.420229],[134.013996,-2.579393],[133.96413,-2.46908],[133.821736,-2.445327],[133.792562,-2.483058],[133.859094,-2.492231],[133.863745,-2.495897],[133.870768,-2.506925],[133.784176,-2.48735],[133.798929,-2.638627],[133.844176,-2.661801],[133.862468,-2.632912],[133.856308,-2.621392],[133.858778,-2.607539],[133.863784,-2.606025],[133.895764,-2.677931],[133.849484,-2.703904],[133.877265,-2.69311],[133.886062,-2.698552],[133.890409,-2.710932],[133.900215,-2.706473],[133.914152,-2.7087],[133.917449,-2.703992],[133.926922,-2.707848],[133.928797,-2.71012],[133.927613,-2.713307],[133.851068,-2.709234],[133.836449,-2.666794],[133.810721,-2.734906],[133.798728,-2.648805],[133.776018,-2.753945],[133.690206,-2.61652],[133.711534,-2.782324],[133.649706,-2.746932],[133.647985,-2.868009],[133.60449,-2.726704],[133.675817,-2.704556],[133.667935,-2.555934],[133.650255,-2.617501],[133.641965,-2.532211],[133.569384,-2.567817],[133.626529,-2.642544],[133.535531,-2.610248],[133.523126,-2.687969],[133.438594,-2.643386],[133.438697,-2.68627],[133.454358,-2.686782],[133.459762,-2.710584],[133.469877,-2.702884],[133.47728,-2.700885],[133.474091,-2.716218],[133.480889,-2.712396],[133.483149,-2.713361],[133.491365,-2.723281],[133.487816,-2.726962],[133.473248,-2.717675],[133.475155,-2.702067],[133.458506,-2.711465],[133.427342,-2.67669],[133.434054,-2.643305],[133.457952,-2.616588],[133.423036,-2.504214],[133.408429,-2.725679],[133.381269,-2.701137],[133.42466,-2.759028],[133.412123,-2.76488],[133.37994,-2.721968],[133.379606,-2.697892],[133.396579,-2.685052],[133.389727,-2.669419],[133.30921,-2.701236],[133.312545,-2.667321],[133.28423,-2.708357],[133.28088,-2.696073],[133.255545,-2.711804],[133.242188,-2.709263],[133.297888,-2.644244],[133.371934,-2.671774],[133.380381,-2.523175],[133.323857,-2.467706],[133.325333,-2.514945],[133.306369,-2.544854],[133.208794,-2.546842],[133.309996,-2.509602],[133.215344,-2.411302],[133.042916,-2.49474],[132.792244,-2.789503],[132.196961,-2.651981],[131.950645,-2.76689],[132.064374,-2.787136],[131.978092,-2.829721],[132.037213,-2.838017],[131.976217,-2.879349],[131.981418,-2.923838],[132.350487,-2.937706],[132.644949,-3.192104],[132.596189,-3.229764],[132.663148,-3.315646],[132.843098,-3.299273],[132.816252,-3.443929],[132.939329,-3.552047],[132.891062,-3.643941],[132.7255,-3.63632],[132.912681,-4.085356],[133.018927,-4.118997],[133.315843,-4.013648],[133.290123,-3.948989],[133.404225,-3.899991],[133.346927,-3.905749],[133.294866,-3.839873],[133.279817,-3.851928],[133.253797,-3.85494],[133.242188,-3.850446],[133.236454,-3.740822],[133.350347,-3.900231],[133.450194,-3.860564],[133.630198,-4.290241],[133.553274,-4.217279],[133.32869,-4.092699],[133.331375,-4.18217],[133.638183,-4.3093],[133.113606,-5.292369],[132.843583,-6.007188],[131.910278,-7.110556],[131.537144,-7.142151],[131.451682,-7.346326],[131.235969,-7.476668],[131.155764,-7.672296],[131.272605,-7.703975],[131.122502,-7.681666],[131.150645,-7.825055],[131.078488,-7.867327],[131.102968,-7.996421],[131.227453,-8.008121],[131.081749,-8.011976],[130.75,-8.35],[128.234167,-8.266694],[128.193611,-8.201111],[128.045881,-8.259312],[128.119129,-8.148467],[127.787875,-8.103588],[127.792553,-8.18284],[127.67266,-8.159603],[127.296174,-8.391936],[127.000503,-8.322028],[126.565637,-8.48289],[126.415642,-8.414418],[126.237275,-8.502525],[125.850474,-8.474459],[125.172406,-8.618704],[124.970784,-8.946065],[124.559962,-9.177998],[124.18661,-9.249304],[123.795007,-9.489427],[123.578027,-9.940949],[123.592149,-10.042982],[123.751558,-10.029047],[123.745561,-10.094461],[123.488612,-10.224482],[123.369104,-10.477895],[123.212302,-10.579859],[123.31049,-10.592605],[122.805196,-10.782461],[122.824132,-10.92259],[121.283333,-10.816667],[120.453948,-10.31696],[120.739659,-10.189891],[120.838316,-10.009791],[120.467018,-9.61602],[120.245143,-9.641767],[120.211364,-9.491353],[120.085441,-9.470093],[119.935195,-9.27612],[119.79354,-9.399478],[119.173669,-9.375596],[118.926884,-9.552913],[118.497089,-8.878767],[118.720148,-8.792941],[118.959968,-8.817877],[118.726712,-8.776458],[118.760716,-8.692776],[119.17253,-8.723965],[119.166557,-8.556711],[119.034064,-8.639353],[118.999692,-8.30919],[118.764028,-8.309733],[118.712298,-8.498448],[118.650708,-8.550381],[118.647486,-8.290336],[118.464114,-8.244963],[118.279577,-8.364525],[118.143236,-8.134336],[117.923331,-8.080372],[117.724765,-8.149345],[117.692258,-8.238777],[117.980414,-8.464872],[118.229846,-8.551354],[118.271128,-8.656343],[117.806534,-8.726692],[117.598905,-8.426905],[117.571573,-8.500432],[117.562473,-8.404892],[117.428247,-8.395419],[117.386352,-8.472582],[117.111089,-8.37045],[117.005322,-8.501887],[116.81917,-8.515555],[116.745622,-8.662961],[116.814968,-8.812964],[116.731929,-8.869148],[116.716667,-9.016667],[116.480505,-8.80992],[116.711304,-8.443357],[116.651197,-8.288255],[116.350854,-8.211013],[116.098912,-8.361632],[116.031803,-8.447487],[116.063738,-8.767504],[115.852942,-8.719672],[115.830988,-8.815543],[115.595833,-8.81688],[115.5775,-8.681944],[115.493611,-8.671667],[115.451389,-8.748333],[115.584444,-8.816944],[115.183398,-8.846082],[115.270137,-8.654277],[115.611645,-8.505506],[115.698493,-8.359333],[115.185586,-8.061252],[114.868842,-8.19612],[114.444548,-8.093081],[114.581497,-8.398297],[114.904094,-8.45986],[115.168854,-8.718668],[115.088945,-8.838116],[114.548471,-8.778114],[114.596069,-8.697295],[114.442313,-8.634248],[114.340564,-8.43231],[114.439005,-7.789169],[114.108213,-7.70703],[114.043048,-7.606694],[113.760404,-7.737929],[113.495029,-7.697896],[113.27959,-7.782894],[113.117143,-7.725975],[112.848894,-7.580042],[112.84645,-7.286349],[112.764282,-7.196197],[112.659716,-7.221845],[112.545179,-6.833536],[112.513047,-6.907057],[112.124267,-6.902035],[111.964215,-6.762488],[111.714735,-6.768665],[111.492383,-6.620091],[111.241848,-6.691613],[110.980348,-6.403195],[110.663794,-6.502269],[110.479028,-6.950034],[110.172667,-6.843315],[109.875434,-6.915949],[109.521254,-6.777238],[109.263734,-6.872409],[109.099158,-6.837947],[109.068373,-6.757599],[108.949046,-6.8286],[108.833643,-6.742169],[108.750716,-6.814661],[108.605904,-6.765542],[108.537709,-6.482811],[108.348802,-6.239579],[108.183737,-6.22782],[108.209675,-6.273804],[108.110492,-6.333397],[107.89077,-6.18983],[107.666051,-6.24454],[107.305162,-5.958119],[107.007748,-5.917963],[107.016765,-6.078823],[106.824381,-6.122458],[106.679062,-6.013059],[106.482154,-6.046485],[106.355749,-5.962873],[106.159429,-6.025494],[106.041152,-5.875859],[105.881478,-6.074105],[105.79748,-6.491612],[105.650429,-6.480412],[105.468653,-6.827084],[105.369587,-6.646504],[105.2,-6.766667],[104.598843,-5.938045],[104.732824,-5.928711],[104.52716,-5.542626],[104.70736,-5.521706],[105.151902,-5.810213],[105.222257,-5.781711],[105.155208,-5.75073],[105.219091,-5.719161],[105.169788,-5.586359],[105.244889,-5.587749],[105.290094,-5.445932],[105.408728,-5.62252],[105.561532,-5.670302],[105.605181,-5.831184],[105.717133,-5.907985],[105.778321,-5.836368],[105.91326,-4.43676],[105.835738,-4.407277],[105.812431,-4.131258],[105.775407,-4.112956],[105.76691,-4.137059],[105.746012,-4.146477],[105.726468,-4.132029],[105.705868,-4.139995],[105.695926,-4.129716],[105.775192,-4.109169],[105.808144,-4.121402],[105.843871,-4.160557],[105.955613,-3.85547],[105.823201,-3.59365],[105.859588,-3.391195],[106.09592,-3.239849],[106.049607,-2.998798],[105.810277,-2.913224],[105.779795,-2.683206],[105.610546,-2.596098],[105.621609,-2.391171],[105.579166,-2.418776],[105.527243,-2.423209],[105.519229,-2.430695],[105.509941,-2.433351],[105.502657,-2.438848],[105.495184,-2.440872],[105.496028,-2.450581],[105.491566,-2.4517],[105.484878,-2.449008],[105.494486,-2.450695],[105.494215,-2.44034],[105.525873,-2.42219],[105.568662,-2.409725],[105.157104,-2.35119],[105.113824,-2.435634],[105.067549,-2.451794],[105.083759,-2.463784],[105.083039,-2.483354],[105.07791,-2.490807],[105.063593,-2.491248],[105.054682,-2.516464],[105.090707,-2.530687],[105.093983,-2.53644],[105.097332,-2.5612],[105.075889,-2.594486],[105.091151,-2.614037],[105.095613,-2.640716],[105.093702,-2.646873],[105.051619,-2.678617],[105.066637,-2.699693],[105.063976,-2.700944],[105.049963,-2.68045],[105.069937,-2.649823],[105.094283,-2.642121],[105.074546,-2.597431],[105.079519,-2.574638],[105.095936,-2.556849],[105.091189,-2.533037],[105.064276,-2.535103],[105.052713,-2.514217],[105.066686,-2.447162],[105.115147,-2.405748],[105.063489,-2.363017],[104.842329,-3.03904],[104.765625,-2.988281],[104.861804,-2.95802],[104.902548,-2.765787],[104.827497,-2.734156],[104.82994,-2.748745],[104.814195,-2.794986],[104.826486,-2.792388],[104.815104,-2.797139],[104.758115,-2.706446],[104.776802,-2.57131],[104.872279,-2.439579],[104.860075,-2.393286],[104.905216,-2.363288],[104.915804,-2.320916],[104.916281,-2.281863],[104.757043,-2.392163],[104.731612,-2.590282],[104.531206,-2.772373],[104.723668,-2.582374],[104.705738,-2.354113],[104.565269,-2.448075],[104.473959,-2.479661],[104.368018,-2.571847],[104.356634,-2.625414],[104.329732,-2.636719],[104.35962,-2.564072],[104.639099,-2.357245],[104.595615,-2.340279],[104.579371,-2.295277],[104.563379,-2.323182],[104.554669,-2.324189],[104.544142,-2.317597],[104.538746,-2.319546],[104.543041,-2.337712],[104.537708,-2.363024],[104.531642,-2.373088],[104.523248,-2.377719],[104.512773,-2.374971],[104.486167,-2.347584],[104.474048,-2.359597],[104.464119,-2.362973],[104.438599,-2.362973],[104.42956,-2.359068],[104.423587,-2.348975],[104.417268,-2.300926],[104.395743,-2.311633],[104.364946,-2.303688],[104.418114,-2.299252],[104.432609,-2.359323],[104.486364,-2.346172],[104.518704,-2.375552],[104.537667,-2.317358],[104.578953,-2.292411],[104.639056,-2.341893],[104.643568,-2.357717],[104.638722,-2.371805],[104.696626,-2.342664],[104.74323,-2.35936],[104.906362,-2.183733],[104.855699,-2.023208],[104.720021,-1.993656],[104.689981,-2.022476],[104.705515,-2.063313],[104.703185,-2.080226],[104.692566,-2.090489],[104.696619,-2.095367],[104.644295,-2.059461],[104.631301,-2.119615],[104.611698,-2.122696],[104.596304,-2.111959],[104.585151,-2.11665],[104.584928,-2.130183],[104.568987,-2.145036],[104.503808,-2.162169],[104.501399,-2.185749],[104.491696,-2.202875],[104.459381,-2.233233],[104.441236,-2.242157],[104.419787,-2.241553],[104.415935,-2.238454],[104.506471,-2.158027],[104.595428,-2.107422],[104.626764,-2.115683],[104.630771,-2.062132],[104.64635,-2.053372],[104.683496,-2.059585],[104.687645,-1.993446],[104.414062,-2.027902],[104.50141,-1.965588],[104.493616,-1.922905],[104.471164,-1.970354],[104.418889,-1.973979],[104.464437,-1.909327],[104.453295,-1.919643],[104.397416,-1.925147],[104.351087,-1.913714],[104.454599,-1.917708],[104.504242,-1.805495],[104.48332,-1.786793],[104.472827,-1.797065],[104.446738,-1.809955],[104.437191,-1.811318],[104.429718,-1.805],[104.484198,-1.785454],[104.511321,-1.807035],[104.543563,-1.773446],[104.369387,-1.023327],[104.206804,-1.070966],[104.209512,-1.159414],[104.0625,-1.31529],[104.07049,-1.216496],[103.855294,-1.14666],[103.803679,-0.994467],[103.620365,-0.98708],[103.670841,-0.93962],[103.590294,-0.87298],[103.551812,-0.856647],[103.540587,-0.86714],[103.522959,-0.869948],[103.517469,-0.868664],[103.514596,-0.853531],[103.50521,-0.858802],[103.547053,-0.809926],[103.329069,-0.835877],[103.480718,-0.793283],[103.364439,-0.715261],[103.435015,-0.710693],[103.007812,-0.699219],[103.427404,-0.624068],[103.429013,-0.532326],[103.392401,-0.51878],[103.393105,-0.533436],[103.368443,-0.556641],[103.353129,-0.567326],[103.324668,-0.560412],[103.391141,-0.532629],[103.370327,-0.437779],[103.332275,-0.442213],[103.310925,-0.432899],[103.293103,-0.456179],[103.263421,-0.461408],[103.222854,-0.459642],[103.332777,-0.41171],[103.261742,-0.3066],[103.137373,-0.346846],[103.087227,-0.40307],[103.007812,-0.451172],[103.007812,-0.445312],[103.125131,-0.345462],[103.245188,-0.288844],[103.139648,-0.277652],[103.456351,-0.183826],[103.452787,-0.158313],[103.435028,-0.147049],[103.406005,-0.150039],[103.391378,-0.141713],[103.386469,-0.134015],[103.389155,-0.117792],[103.497645,-0.154753],[103.356612,-0.025865],[103.485123,-0.097132],[103.39792,0.026106],[103.505464,-0.080348],[103.568286,-0.066419],[103.524671,-0.060238],[103.483436,-0.008043],[103.478103,0.00104],[103.477272,0.008994],[103.525799,-0.05784],[103.595951,-0.038361],[103.570213,-0.035692],[103.560774,-0.011837],[103.491932,0.042588],[103.48712,0.053105],[103.562656,-0.009307],[103.573622,-0.032533],[103.565569,0.0],[103.548153,0.018642],[103.515167,0.042201],[103.513155,0.045908],[103.552615,0.017753],[103.586954,-0.022979],[103.812113,-0.0105],[103.71702,0.293971],[103.615082,0.345642],[103.62143,0.258587],[103.391024,0.299595],[103.367831,0.290765],[103.357845,0.292336],[103.341494,0.253004],[103.31123,0.239456],[103.299748,0.237941],[103.358678,0.296038],[103.400246,0.302022],[103.435407,0.292719],[103.46991,0.306568],[103.557945,0.283445],[103.608187,0.306239],[103.536421,0.436562],[103.325903,0.545278],[102.58349,0.154402],[102.527337,0.168476],[102.485058,0.239506],[102.467289,0.228545],[102.432643,0.243811],[102.414132,0.211508],[102.383506,0.20513],[102.332221,0.217387],[102.310737,0.257145],[102.304688,0.287109],[102.330206,0.223067],[102.406772,0.212241],[102.430291,0.261042],[102.493379,0.25025],[102.574072,0.169642],[103.104286,0.478504],[102.894235,0.728486],[102.415563,0.804535],[102.228849,0.99567],[102.148891,1.378237],[101.752968,1.664278],[101.409458,1.698132],[101.269075,2.080348],[101.045736,2.289379],[100.800767,2.289565],[100.78876,2.118788],[100.937049,1.884528],[100.889901,1.851458],[101.053419,1.781876],[101.064142,1.764117],[101.065506,1.715248],[101.049854,1.690878],[101.121116,1.711745],[101.131211,1.709951],[101.146902,1.700865],[101.153925,1.695395],[101.158453,1.686506],[101.157615,1.675305],[101.155004,1.673203],[101.101987,1.663936],[101.10508,1.644285],[101.11775,1.653869],[101.124519,1.653977],[101.129417,1.64999],[101.13754,1.634436],[101.135308,1.626039],[101.114558,1.608567],[101.105443,1.607759],[101.091251,1.614315],[101.085136,1.641771],[101.031559,1.601094],[101.048228,1.586852],[101.043209,1.605453],[101.047023,1.608729],[101.054021,1.607619],[101.093043,1.577809],[101.100147,1.543216],[101.043536,1.531732],[101.025365,1.566465],[101.021244,1.531958],[100.98172,1.512715],[101.013335,1.47189],[101.012456,1.464678],[100.997941,1.459281],[100.998796,1.455932],[101.006292,1.45295],[101.007062,1.450156],[100.996506,1.444229],[100.98985,1.444111],[100.985503,1.44669],[100.985696,1.456706],[100.982613,1.458952],[100.983322,1.452287],[100.952701,1.452979],[100.944683,1.441781],[100.946726,1.428707],[100.95829,1.438137],[100.97439,1.441334],[100.979493,1.439703],[100.986638,1.429106],[100.988745,1.418076],[100.97608,1.417303],[100.987203,1.406878],[100.989369,1.399611],[100.98903,1.396096],[100.96387,1.396235],[100.988015,1.396972],[100.973822,1.416744],[100.987996,1.421412],[100.945506,1.427206],[100.942296,1.437199],[100.949687,1.452463],[101.012372,1.46727],[100.988643,1.46828],[100.980542,1.512555],[100.988908,1.526195],[101.026918,1.568698],[101.092733,1.571257],[101.031588,1.592465],[101.030166,1.60098],[101.043568,1.622571],[101.084086,1.643064],[101.114412,1.60973],[101.136935,1.633264],[101.122612,1.653564],[101.109451,1.643062],[101.105942,1.642768],[101.10159,1.645806],[101.101789,1.667078],[101.15367,1.693539],[101.048668,1.689482],[101.050549,1.780597],[100.882852,1.851403],[100.784368,2.073382],[100.441049,2.259979],[100.219533,2.70698],[100.120783,2.61913],[100.173223,2.505397],[100.148151,2.474748],[100.1845,2.470374],[100.199555,2.436543],[100.215745,2.445818],[100.225002,2.443057],[100.2327,2.431708],[100.230458,2.423453],[100.225214,2.418548],[100.195312,2.40346],[100.229992,2.432054],[100.198057,2.433072],[100.182973,2.46687],[100.149818,2.466992],[100.145358,2.475948],[100.146398,2.483982],[100.165218,2.500255],[100.142133,2.51126],[100.072495,2.464418],[100.084647,2.424571],[100.06213,2.411326],[100.08525,2.404961],[100.08884,2.391034],[100.07443,2.372908],[100.087171,2.391351],[100.084265,2.404268],[100.06881,2.405759],[100.06362,2.408543],[100.060643,2.412703],[100.070917,2.465823],[100.134076,2.512951],[100.045501,2.742466],[99.96838,2.702906],[100.025684,2.68267],[100.036105,2.608525],[100.001102,2.571457],[99.966633,2.58769],[99.977226,2.560128],[99.976528,2.552337],[99.973568,2.546179],[99.947285,2.507459],[99.937757,2.50733],[99.928717,2.509516],[99.924912,2.500781],[99.920492,2.499961],[99.916703,2.50265],[99.963897,2.587538],[100.031189,2.617668],[99.948215,2.699782],[99.992924,2.952784],[99.888849,3.040297],[99.83719,2.941793],[99.810652,2.962958],[99.85956,3.036357],[99.756032,3.170265],[98.955215,3.675537],[98.704633,3.739962],[98.718467,3.796342],[98.629085,3.752291],[98.708877,3.797463],[98.672366,3.908432],[98.652604,3.882886],[98.65189,3.899524],[98.639064,3.883832],[98.624025,3.883272],[98.612519,3.866267],[98.604268,3.867517],[98.555012,3.944824],[98.535705,3.923907],[98.53897,3.918919],[98.537597,3.895807],[98.53213,3.883269],[98.521116,3.973784],[98.469064,3.847942],[98.536368,4.012612],[98.436148,4.041499],[98.431487,4.024024],[98.405972,4.017574],[98.408476,3.999483],[98.401517,3.991063],[98.396877,3.994352],[98.39237,3.986998],[98.382809,3.986838],[98.386172,3.969448],[98.377351,3.96981],[98.380731,4.030499],[98.430401,4.046034],[98.349628,4.078375],[98.315981,4.072515],[98.308153,4.040216],[98.282907,4.02658],[98.264287,4.031681],[98.27134,4.017773],[98.246654,4.008718],[98.28089,4.062275],[98.306255,4.043656],[98.310448,4.073613],[98.248767,4.130707],[98.140271,4.052981],[98.144396,4.192642],[98.253949,4.201345],[98.244769,4.264648],[98.211686,4.223508],[98.206926,4.222314],[98.196769,4.230591],[98.195917,4.235918],[98.285547,4.418039],[98.119236,4.523801],[98.08046,4.45943],[98.052402,4.50922],[98.085938,4.533482],[98.065741,4.55287],[98.036623,4.476612],[98.0384,4.547731],[97.994721,4.509649],[97.950757,4.531977],[98.01845,4.609462],[98.000262,4.626485],[98.004536,4.60308],[97.984497,4.589681],[97.963277,4.59237],[97.955518,4.604022],[97.903129,4.887182],[97.552991,5.213698],[97.179721,5.142082],[96.844558,5.276217],[96.382349,5.200189],[96.089283,5.264559],[95.88711,5.424306],[95.882192,5.507221],[95.433286,5.65079],[98.352981,7.830069],[98.41062,7.798843],[98.43998,8.092628],[98.351588,8.110854],[98.302395,8.206052],[98.432866,8.137498],[98.460279,8.292798],[98.408936,8.279853],[98.399764,8.302352],[98.473197,8.318185],[98.449334,8.347731],[98.462684,8.389461],[98.503715,8.342285],[98.51156,8.40839],[98.516946,8.414065],[98.506854,8.347796],[98.516884,8.325368],[98.664808,8.453995],[98.626361,8.286444],[98.64924,8.273054],[98.694751,8.33728],[98.718356,8.343109],[98.7658,8.022351],[98.920054,8.078153],[98.952032,8.004765],[98.941817,8.059412],[98.963459,8.082205],[99.027409,7.889301],[99.07495,7.977404],[99.111826,7.968803],[99.065003,7.855374],[99.175137,7.807097],[99.196444,7.670761],[99.23772,7.706866],[99.281993,7.680495],[99.235638,7.626607],[99.294487,7.666987],[99.284358,7.515007],[99.399112,7.303912],[99.486134,7.294383],[99.469035,7.372868],[99.492188,7.38058],[99.505803,7.427354],[99.543357,7.455654],[99.541856,7.305197],[99.617631,7.440395],[99.521231,7.249768],[99.586199,7.14751],[99.608867,7.252297],[99.607518,7.136468],[99.637727,7.163802],[99.61074,7.208042],[99.642836,7.282687],[99.667734,7.113201],[99.751246,7.173547],[99.670106,7.039752],[99.758828,6.956882],[99.682417,6.945511],[99.697139,6.856477],[99.811289,6.769993],[99.83813,6.77832],[99.823238,6.785357],[99.81541,6.808361],[99.840171,6.824823],[99.878356,6.720218],[99.903902,6.721498],[99.904409,6.756546],[99.915848,6.766024],[99.96232,6.751786],[99.923988,6.739625],[99.906597,6.690342],[99.935708,6.656436],[99.953868,6.688976],[99.966153,6.683846],[99.969619,6.680106],[99.950918,6.584098],[99.987651,6.608332],[99.989538,6.622674],[100.000077,6.628835],[100.058563,6.588309],[99.989266,6.594168],[100.050338,6.520377],[100.118271,6.608707],[100.084867,6.494722],[100.130126,6.529335],[100.127564,6.395702],[100.350989,5.972862],[100.351688,5.692827],[100.402774,5.656111],[100.40684,5.635359],[100.418637,5.644224],[100.436611,5.637795],[100.456092,5.681525],[100.476197,5.686974],[100.43865,5.634782],[100.394253,5.620498],[100.331788,5.66088],[100.432812,5.285104],[100.360221,5.087657],[100.442263,4.915768],[100.636318,4.880693],[100.672045,4.728076],[100.558427,4.309302],[100.637643,4.247122],[100.649057,4.370941],[100.68456,4.365228],[100.615744,4.164451],[100.750712,4.102282],[100.763704,4.002558],[100.855925,4.042969],[100.950545,3.942037],[100.947971,3.972795],[100.956013,3.975526],[100.97245,3.967816],[100.981714,4.008925],[101.015851,4.01842],[100.995068,4.026228],[100.989925,4.041405],[101.005417,4.047961],[101.023657,4.038546],[100.999496,4.060608],[101.01196,4.089359],[100.988248,4.116319],[100.987059,4.12766],[100.979018,4.129656],[100.978721,4.132892],[100.985523,4.13867],[100.968491,4.159014],[100.923378,4.183839],[100.90716,4.202757],[100.908212,4.207371],[100.922406,4.220308],[100.902449,4.230362],[100.882804,4.278722],[100.873412,4.353945],[100.87468,4.359458],[100.898206,4.375378],[100.876699,4.353376],[100.924419,4.225803],[100.921801,4.213926],[100.908309,4.202633],[100.967703,4.161503],[100.986785,4.139975],[101.01582,4.089702],[101.003815,4.062518],[101.022308,4.054817],[101.027899,4.032585],[100.953924,3.938646],[100.851461,4.037087],[100.776907,3.989456],[100.714008,4.004737],[100.706439,3.894625],[100.941487,3.872646],[100.979607,3.816026],[100.97839,3.805484],[100.959158,3.79224],[100.967529,3.772959],[100.989748,3.799628],[100.995567,3.802107],[101.00422,3.79946],[101.014335,3.802906],[100.965724,3.771255],[100.957515,3.79196],[100.978066,3.813205],[100.941192,3.867942],[100.809218,3.805943],[101.249721,3.350277],[101.309805,3.108956],[101.3922,3.072257],[101.36154,3.003466],[101.387403,3.001555],[101.374118,3.019442],[101.375419,3.022735],[101.377601,3.026201],[101.383722,3.026757],[101.399826,3.017858],[101.402686,3.023679],[101.391778,3.031527],[101.39183,3.041176],[101.394343,3.043219],[101.403253,3.041535],[101.409839,3.047126],[101.414595,3.047011],[101.358067,2.920697],[101.439165,2.966348],[101.404565,2.7959],[101.466219,2.701298],[101.790178,2.582101],[101.853594,2.40379],[102.028685,2.432097],[101.971552,2.37542],[102.1544,2.217761],[102.562994,2.049732],[102.552991,2.083596],[102.574136,2.105837],[102.601487,2.096148],[102.598891,2.104321],[102.586321,2.103267],[102.581443,2.108987],[102.587031,2.129607],[102.596061,2.135806],[102.594053,2.142844],[102.597061,2.147953],[102.60187,2.1509],[102.610629,2.151714],[102.61981,2.148687],[102.623598,2.144913],[102.621891,2.137466],[102.605633,2.129305],[102.612525,2.114126],[102.61914,2.130162],[102.621766,2.132315],[102.645366,2.131155],[102.64581,2.134763],[102.633844,2.142845],[102.631706,2.148394],[102.633737,2.15334],[102.640208,2.158428],[102.648555,2.16186],[102.653345,2.16007],[102.664173,2.138144],[102.680126,2.163474],[102.663707,2.136806],[102.6368,2.154503],[102.63426,2.144738],[102.647003,2.135228],[102.646447,2.130721],[102.61224,2.112753],[102.603506,2.126768],[102.607769,2.135599],[102.622447,2.144614],[102.598846,2.148108],[102.602694,2.095829],[102.572576,2.10374],[102.572751,2.054883],[102.5435,2.036714],[102.682533,1.873503],[102.912284,1.825356],[102.941108,1.740076],[103.270292,1.60627],[103.508474,1.264802],[103.545653,1.462374],[103.557724,1.330397],[103.768845,1.520075],[103.998167,1.43477],[104.015553,1.529902],[103.931063,1.560827],[103.979122,1.580186],[103.943435,1.590191],[103.971974,1.631379],[103.926571,1.656362],[103.929717,1.681473],[103.938344,1.686635],[103.927542,1.690922],[103.92707,1.693471],[103.92842,1.695019],[103.935712,1.695023],[103.930112,1.700372],[103.936774,1.694901],[103.92775,1.691579],[103.939391,1.686242],[103.928882,1.65804],[103.975059,1.644433],[104.030298,1.559969],[104.04049,1.495315],[104.058466,1.5408],[104.179003,1.560143],[104.054947,1.503094],[104.16962,1.420014],[104.088419,1.367994],[104.283322,1.370268],[104.247538,1.65373],[104.116485,1.929018],[104.104723,1.932684],[104.100418,1.945848],[104.092439,1.925892],[104.088631,1.925537],[104.074077,1.935908],[104.072767,1.926021],[104.067217,1.915597],[104.063477,1.914544],[104.059149,1.918666],[104.073936,1.937536],[104.091207,1.926638],[104.099477,1.947794],[104.129705,1.926691],[103.823465,2.582827],[103.754843,2.650546],[103.594774,2.636719],[103.442985,2.887275],[103.476937,3.505206],[103.305183,3.778639],[103.440123,3.963274],[103.384342,4.120093],[103.491598,4.310576],[103.476528,4.526354],[103.427236,4.779472],[103.382571,4.762624],[103.311508,4.808485],[103.310637,4.819105],[103.440497,4.781745],[103.148947,5.333814],[103.094764,5.317223],[103.096545,5.285805],[103.061423,5.265271],[103.0403,5.262896],[103.046881,5.138258],[103.007812,5.112165],[103.037986,5.263822],[103.092908,5.287051],[103.086159,5.304446],[103.099014,5.330134],[103.137888,5.345254],[103.115624,5.383798],[102.592481,5.813111],[102.512718,5.771074],[102.558967,5.815988],[102.511153,5.868644],[102.478644,5.889988],[102.435619,5.844894],[102.425099,5.844894],[102.483235,5.897764],[102.373555,6.131325],[102.238472,6.215704],[102.249944,6.17006],[102.221888,6.064314],[102.198732,6.043741],[102.146496,6.037796],[102.190105,6.002043],[102.206621,5.974188],[102.208497,5.961458],[102.147622,5.694828],[102.143682,5.686988],[102.110549,5.689827],[102.106478,5.673409],[102.116325,5.636338],[102.152552,5.608787],[102.15446,5.579123],[102.17468,5.552178],[102.180959,5.536294],[102.188621,5.538709],[102.19186,5.537991],[102.195765,5.534123],[102.1957,5.528935],[102.173376,5.454922],[102.170939,5.453148],[102.16353,5.453125],[102.160852,5.456959],[102.147043,5.453948],[102.130307,5.425336],[102.073195,5.390669],[102.05369,5.394433],[102.193051,5.528931],[102.180523,5.534397],[102.152682,5.577697],[102.150304,5.609148],[102.115204,5.632711],[102.103829,5.671713],[102.204852,5.96261],[102.142951,6.036498],[102.155023,6.046846],[102.194258,6.045788],[102.21824,6.063756],[102.224247,6.219759],[102.072837,6.230502],[101.832097,6.445552],[101.844099,6.419689],[101.828243,6.358688],[101.526109,6.864711],[101.278846,6.951699],[101.343042,6.872122],[100.964275,6.863039],[100.697233,7.070865],[100.719443,7.022851],[100.691473,7.009916],[100.680444,7.01581],[100.580034,7.230282],[100.593738,7.177731],[100.546875,7.139509],[100.420028,7.161854],[100.437342,7.249949],[100.298868,7.339713],[100.178176,7.513776],[100.145838,7.727542],[100.210454,7.785126],[100.311494,7.727451],[100.266578,7.52889],[100.395281,7.558594],[100.412453,7.26744],[100.566285,7.188651],[100.575388,7.230008],[100.439786,7.494202],[100.21949,8.431424],[100.169169,8.503312],[100.12366,8.520895],[100.195312,8.358538],[100.089172,8.409567],[99.963904,8.592277],[99.843048,9.294219],[99.534445,9.286801],[99.387567,9.133004],[99.222708,9.257467],[99.313658,9.389621],[99.146414,9.740599],[99.132742,10.089716],[99.247511,10.232278],[99.147069,10.344859],[99.285747,10.36589],[99.23903,10.53592],[99.519742,10.89578],[99.481772,11.084456],[99.583776,11.200392],[99.559952,11.335737],[100.020619,12.189407],[99.955465,12.636463],[100.103863,13.056597],[99.929154,13.267753],[100.002154,13.353438],[99.982283,13.384059],[99.995406,13.411677],[99.980243,13.399064],[99.958429,13.408983],[99.947614,13.422977],[99.942773,13.447733],[99.943619,13.460227],[99.939844,13.464983],[99.933474,13.479491],[99.924355,13.48954],[99.91541,13.506049],[99.933936,13.480123],[99.944907,13.459599],[99.949678,13.422178],[99.995873,13.413755],[100.022553,13.361352],[100.261027,13.480171],[100.264058,13.5289],[100.277039,13.537772],[100.268905,13.542197],[100.265357,13.534273],[100.258287,13.530285],[100.252023,13.53271],[100.227777,13.579695],[100.212028,13.625942],[100.215344,13.630331],[100.229821,13.627513],[100.232298,13.641379],[100.220011,13.637709],[100.214281,13.639411],[100.211478,13.649812],[100.215709,13.657169],[100.229354,13.664371],[100.311053,13.491269],[100.572487,13.514734],[100.531805,13.650564],[100.538706,13.662054],[100.566384,13.659482],[100.586839,13.69045],[100.556221,13.704584],[100.552818,13.678666],[100.547879,13.67048],[100.538038,13.667837],[100.526342,13.672908],[100.546875,13.67327],[100.550226,13.699975],[100.559884,13.707558],[100.581403,13.701455],[100.588634,13.691947],[100.589962,13.680982],[100.563375,13.654885],[100.537266,13.658447],[100.536578,13.641685],[100.6244,13.524664],[100.94143,13.462509],[101.074998,13.686874],[101.116263,13.710938],[101.150988,13.710938],[101.163726,13.696602],[101.166992,13.712117],[101.179552,13.714598],[101.18279,13.724708],[101.190093,13.727016],[101.163018,13.694799],[101.077068,13.686836],[100.896822,13.301737],[100.927615,13.007812],[100.855737,12.917009],[100.91352,12.806768],[100.849757,12.649895],[100.961789,12.594357],[101.06637,12.674423],[101.279471,12.663713],[101.4181,12.583168],[101.646557,12.642598],[101.701845,12.69635],[101.681917,12.722569],[101.684622,12.725714],[101.697481,12.72946],[101.685509,12.731587],[101.683701,12.734229],[101.692724,12.746664],[101.678286,12.745232],[101.673598,12.749497],[101.68354,12.764011],[101.675952,12.748549],[101.6925,12.748895],[101.698783,12.731337],[101.697207,12.727451],[101.683547,12.72307],[101.703864,12.697832],[101.799163,12.732237],[101.949327,12.516304],[101.927987,12.594685],[101.96186,12.621982],[101.9493,12.540315],[102.043518,12.472433],[102.061908,12.52702],[102.046039,12.525179],[102.021907,12.53976],[102.020612,12.545917],[102.026493,12.56513],[102.005836,12.564354],[102.004495,12.570902],[102.006203,12.574907],[102.108817,12.541676],[102.06088,12.480469],[102.253114,12.306692],[102.247173,12.407732],[102.202021,12.405179],[102.216613,12.436578],[102.19029,12.431114],[102.184714,12.440217],[102.19165,12.456904],[102.300786,12.42208],[102.304688,12.306083],[102.31512,12.386016],[102.369853,12.393868],[102.324377,12.300127],[102.258537,12.289238],[102.277376,12.204614],[102.500358,12.164416],[102.583842,12.043253],[102.574934,12.166966],[102.522344,12.268848],[102.523834,12.290866],[102.513326,12.300536],[102.514464,12.313169],[102.759722,12.033362],[102.951639,11.565955],[102.891097,11.830511],[102.967764,11.706376],[103.020544,11.73164],[103.059761,11.709316],[103.076079,11.733346],[103.060652,11.705945],[103.015024,11.723705],[102.962544,11.674754],[103.040263,11.632068],[102.954925,11.539755],[103.032201,11.596744],[103.110404,11.469659],[103.14637,11.548775],[103.126838,11.561837],[103.124421,11.569661],[103.12866,11.574923],[103.148692,11.550826],[103.150661,11.436194],[103.255774,11.369272],[103.150288,11.432228],[103.128783,11.462556],[103.070388,11.425781],[103.094501,11.351395],[103.13526,11.348259],[103.149304,11.314905],[103.146932,11.300339],[103.161415,11.298381],[103.165724,11.288312],[103.046168,11.223184],[103.077611,11.222316],[103.139061,11.133573],[103.122989,10.869735],[103.273358,10.932229],[103.425009,10.891906],[103.423136,11.105876],[103.500477,11.161559],[103.440404,11.220337],[103.442991,11.241742],[103.450605,11.25],[103.668471,11.063395],[103.725565,11.121334],[103.749631,11.130361],[103.760705,11.127909],[103.763922,11.135296],[103.77403,11.140014],[103.782988,11.140543],[103.705135,11.064659],[103.647647,11.051401],[103.694064,10.747917],[103.581208,10.742478],[103.497487,10.643223],[103.565142,10.53885],[103.802162,10.520368],[103.869238,10.623204],[103.853976,10.646701],[103.866657,10.689472],[103.854177,10.697945],[103.854132,10.706154],[103.860935,10.709072],[103.938325,10.587847],[104.102005,10.546114],[104.161664,10.677124],[104.442398,10.364932],[104.520011,10.420628],[104.600968,10.143438],[104.743344,10.226811],[104.884193,10.089623],[104.991908,10.098148],[105.084225,10.007429],[105.100972,9.900192],[105.146577,9.813956],[105.150671,9.767387],[105.362311,9.717178],[105.240071,9.723911],[105.247322,9.703431],[105.242331,9.688477],[105.273188,9.682809],[105.305807,9.649436],[105.304145,9.640278],[105.294586,9.636397],[105.148298,9.762514],[105.079705,9.948259],[104.894135,9.84375],[104.802702,9.045661],[104.869432,9.049295],[104.802838,9.025772],[104.780056,8.818109],[104.94825,8.825872],[104.851219,8.694527],[105.322298,8.828483],[105.392561,9.067678],[105.421342,9.018492],[106.179127,9.365617],[106.062919,9.452235],[106.018065,9.431393],[105.989274,9.423342],[105.973313,9.426069],[105.963764,9.476556],[105.966963,9.505331],[105.973293,9.429167],[106.062778,9.454611],[106.14338,9.402807],[106.212181,9.509083],[105.836693,9.993704],[106.262416,9.620671],[106.507769,9.616798],[106.570444,9.735816],[106.168849,10.15951],[106.62465,9.803792],[106.664202,9.925084],[106.482141,10.015729],[106.356224,10.192598],[106.480258,10.040061],[106.682886,10.007981],[106.609982,10.176031],[106.412328,10.2273],[106.435722,10.312874],[106.777422,10.284441],[106.78388,10.408453],[106.691231,10.445763],[106.745796,10.572786],[106.875,10.377511],[106.971611,10.408118],[106.971394,10.521188],[107.058194,10.541195],[107.047516,10.478155],[107.169464,10.478814],[107.256808,10.380078],[107.825641,10.703045],[107.994292,10.699234],[108.081597,10.910625],[108.295186,10.914425],[108.475622,11.048595],[108.525014,11.203151],[108.704677,11.164108],[108.787675,11.312727],[109.019084,11.360062],[109.013145,11.632846],[109.129313,11.563296],[109.23275,11.725603],[109.191178,11.8747],[109.106917,11.8536],[109.207842,11.980816],[109.163578,12.118862],[109.214543,11.977823],[109.202274,11.881359],[109.281425,11.879341],[109.164078,12.272579],[109.243065,12.30505],[109.140685,12.430674],[109.293708,12.346095],[109.341905,12.400251],[109.191951,12.634208],[109.348885,12.800774],[109.328501,12.66294],[109.396892,12.684015],[109.440423,12.56732],[109.357708,12.819038],[109.458953,12.897529],[109.330076,13.08782],[109.271343,13.030491],[109.203944,13.007817],[109.327012,13.090365],[109.311869,13.27082],[109.282148,13.233097],[109.247378,13.290461],[109.294994,13.363353],[109.263087,13.347114],[109.243476,13.362545],[109.238703,13.352785],[109.226723,13.346962],[109.21562,13.326219],[109.186403,13.323241],[109.239735,13.364175],[109.261014,13.357079],[109.231934,13.483721],[109.295368,13.404504],[109.330984,13.463025],[109.247937,13.524462],[109.200597,13.624777],[109.208758,13.649655],[109.268626,13.532754],[109.287517,13.528475],[109.213244,13.898306],[109.258877,13.757011],[109.298236,13.879421],[109.162333,14.14028],[109.227886,14.137012],[109.183956,14.192429],[109.186303,14.281784],[109.12675,14.362662],[109.124777,14.444226],[109.103551,14.479921],[108.969413,14.372713],[109.001573,14.41081],[108.941843,14.418111],[108.920144,14.438808],[108.901183,14.517848],[108.94132,14.419828],[109.089345,14.477447],[109.078205,14.701565],[108.902735,15.092395],[108.890748,15.06236],[108.871363,15.044557],[108.851706,15.039479],[108.851154,15.022175],[108.837081,15.014368],[108.843975,15.004755],[108.843691,14.996207],[108.772232,14.959625],[108.777345,14.933712],[108.769414,14.920358],[108.778654,14.894015],[108.766422,14.901946],[108.770948,14.961349],[108.838996,15.000609],[108.834332,15.014603],[108.852998,15.043417],[108.888213,15.064081],[108.894687,15.139666],[108.821536,15.123634],[108.766242,15.12808],[108.701459,15.152493],[108.668772,15.134842],[108.632812,15.162109],[108.897691,15.147674],[108.941918,15.242858],[108.890161,15.266852],[108.871868,15.351662],[108.799297,15.424927],[108.787927,15.330921],[108.745157,15.289114],[108.705276,15.26565],[108.650517,15.261982],[108.773931,15.384231],[108.500457,15.565417],[108.592973,15.529359],[108.445083,15.709633],[108.464908,15.703022],[108.595859,15.525507],[108.648659,15.494933],[108.400875,15.872076],[108.387595,15.783546],[108.338105,15.843016],[108.080688,15.820312],[108.060592,15.721812],[107.994062,15.654165],[108.085438,15.564757],[108.027941,15.578613],[107.991787,15.654078],[108.058631,15.720775],[108.039437,15.776049],[108.10682,15.867391],[108.091171,15.858603],[108.074218,15.872763],[108.010112,15.84629],[107.953942,15.849835],[107.901983,15.811394],[107.84824,15.817569],[107.983749,15.861817],[108.073694,15.877648],[108.091727,15.861463],[108.112622,15.891755],[108.138682,15.899208],[108.100995,15.84972],[108.389459,15.875894],[108.247314,16.056265],[108.324678,16.139905],[108.23006,16.149821],[108.248793,16.017016],[108.221032,15.976183],[108.220142,16.09555],[108.19376,16.072911],[108.073264,16.110086],[108.194676,16.210208],[108.041003,16.228942],[108.090343,16.226321],[108.022855,16.344126],[107.816628,16.290367],[107.766798,16.346086],[107.825554,16.374745],[107.6435,16.553129],[107.62198,16.543859],[107.593318,16.547122],[107.596705,16.473414],[107.581995,16.460967],[107.527991,16.44572],[107.564367,16.426718],[107.576586,16.398629],[107.575032,16.388302],[107.526506,16.445891],[107.587448,16.469272],[107.572916,16.526366],[107.59458,16.550453],[107.624595,16.548005],[107.623858,16.551574],[107.495929,16.599275],[107.433725,16.639645],[107.418205,16.672433],[107.389709,16.679397],[107.382237,16.689177],[107.418513,16.674283],[107.430183,16.652617],[107.617987,16.570693],[107.198432,16.903181],[107.127315,16.845634],[107.163939,16.805385],[107.163907,16.797593],[107.158093,16.787642],[107.185851,16.77216],[107.186872,16.762921],[107.181998,16.73284],[107.169048,16.724035],[107.102166,16.828426],[107.191396,16.908862],[107.117664,17.08553],[106.632936,17.484703],[106.652145,17.405597],[106.629854,17.359903],[106.650053,17.347137],[106.672385,17.353446],[106.69477,17.344294],[106.702778,17.323107],[106.712995,17.321042],[106.726356,17.300943],[106.727952,17.293916],[106.624926,17.324066],[106.626776,17.494247],[106.495629,17.703247],[106.399023,17.717862],[106.404384,17.681959],[106.381056,17.632867],[106.344886,17.619187],[106.319165,17.616321],[106.380607,17.634998],[106.377831,17.709401],[106.430527,17.731366],[106.29897,17.759729],[106.182108,17.814555],[106.427552,17.744477],[106.489971,17.705813],[106.408147,17.889595],[106.511067,17.960024],[106.435222,18.122424],[106.400873,18.099081],[106.31464,18.107175],[106.252253,18.21516],[106.085433,18.248518],[105.941915,18.472357],[105.922922,18.394282],[105.87509,18.389619],[105.834454,18.422615],[105.9216,18.45352],[105.774785,18.759883],[105.769568,18.670272],[105.680276,18.575434],[105.607332,18.526327],[105.572363,18.543661],[105.557625,18.532731],[105.553729,18.510779],[105.547487,18.501234],[105.543851,18.500859],[105.559129,18.539789],[105.680371,18.581226],[105.766353,18.681715],[105.719493,18.849514],[105.63617,18.898313],[105.605497,18.996526],[105.738678,19.104731],[105.725909,19.232932],[105.817419,19.313417],[105.769936,19.597974],[105.932022,19.77714],[105.85903,19.769323],[105.837659,19.77737],[105.816755,19.795619],[105.816761,19.801433],[105.938735,19.792586],[105.972512,19.963191],[106.097464,19.924055],[106.093494,19.972349],[106.1142,20.047546],[106.167093,20.138193],[106.151844,20.2243],[106.108077,20.215432],[106.100266,20.226598],[106.098685,20.244598],[106.152723,20.226443],[106.163484,20.187226],[106.169466,20.130457],[106.096299,19.965295],[106.143274,19.921018],[106.185189,20.196029],[106.328862,20.290156],[106.256078,20.330776],[106.169685,20.551874],[106.517923,20.444072],[106.605925,20.471422],[106.577577,20.558233],[106.648786,20.612082],[106.609747,20.627136],[106.600657,20.639463],[106.596689,20.653329],[106.586227,20.664893],[106.656068,20.616908],[106.704523,20.671523],[106.617138,20.699807],[106.546787,20.759767],[106.809158,20.675124],[106.707934,20.80592],[106.807755,20.824685],[106.622854,20.881284],[106.59116,20.945494],[106.73879,20.875549],[106.764147,20.9432],[106.701113,20.949805],[106.669371,20.957038],[106.634799,20.97294],[106.621027,21.001927],[106.759762,20.982643],[106.745522,20.994761],[106.70582,20.998479],[106.650651,21.018341],[106.637152,21.011104],[106.622976,21.010967],[106.613407,21.020237],[106.653786,21.020361],[106.763475,20.994315],[106.85665,20.86958],[106.866373,20.988445],[107.031533,20.945958],[107.031762,21.028775],[107.130335,21.026964],[107.069792,20.948833],[107.199293,20.93447],[107.372898,21.023247],[107.367481,21.188705],[107.439345,21.242148],[107.367269,21.208738],[107.369991,21.315496],[107.604327,21.291045],[107.638505,21.384437],[107.754787,21.403902],[107.765954,21.51037],[107.895516,21.526124],[107.96932,21.433079],[108.078536,21.483931],[108.012292,21.490437],[108.034176,21.547392],[108.187144,21.531996],[108.142634,21.558063],[108.139833,21.57503],[108.233582,21.637362],[108.217479,21.498356],[108.318242,21.575474],[108.301068,21.597182],[108.349991,21.669605],[108.32846,21.696845],[108.342171,21.727177],[108.360458,21.675144],[108.325986,21.604121],[108.342493,21.560261],[108.376834,21.666756],[108.431589,21.688115],[108.390983,21.554904],[108.474974,21.556104],[108.573744,21.684331],[108.528775,21.676193],[108.48797,21.737243],[108.556204,21.740284],[108.523646,21.760196],[108.454762,21.867389],[108.46274,21.913923],[108.482699,21.938101],[108.477669,21.84255],[108.518656,21.847182],[108.494021,21.864333],[108.517726,21.86162],[108.516489,21.873992],[108.523738,21.872907],[108.538912,21.904562],[108.551414,21.918967],[108.557934,21.922378],[108.540601,21.901732],[108.532302,21.875708],[108.531582,21.866329],[108.533579,21.861858],[108.628421,21.88669],[108.567685,21.748525],[108.583079,21.753612],[108.59672,21.706839],[108.627481,21.695509],[108.627622,21.769513],[108.668049,21.791587],[108.745297,21.599099],[108.868754,21.626557],[108.812393,21.718694],[108.846706,21.794923],[108.813885,21.80959],[108.81404,21.821175],[108.807886,21.827458],[108.807662,21.835249],[108.798549,21.828718],[108.774883,21.830223],[108.769844,21.833847],[108.772696,21.844975],[108.774326,21.831505],[108.805859,21.837406],[108.844505,21.801666],[108.865868,21.747981],[108.896951,21.770203],[108.848981,21.685988],[108.967622,21.594464],[109.065872,21.649596],[109.045185,21.606746],[109.073903,21.58419],[109.069567,21.619404],[109.072098,21.629945],[109.075167,21.634386],[109.077895,21.635852],[109.089949,21.63596],[109.096028,21.648754],[109.126881,21.668112],[109.14702,21.671557],[109.162395,21.719095],[109.191451,21.748142],[109.201771,21.75049],[109.208765,21.746559],[109.146364,21.668981],[109.070992,21.621094],[109.164968,21.5236],[109.042779,21.450878],[109.171047,21.392391],[109.241802,21.46907],[109.287328,21.424073],[109.542997,21.505468],[109.58466,21.581547],[109.497164,21.656663],[109.565251,21.74502],[109.669668,21.501874],[109.752687,21.457868],[109.750901,21.565933],[109.812632,21.457526],[109.898677,21.456571],[109.920326,21.483284],[109.925622,21.48602],[109.936612,21.486542],[109.934228,21.353412],[109.757685,21.345851],[109.66553,20.89957],[109.825786,20.710787],[109.736,20.663588],[109.85505,20.564771],[109.820678,20.512652],[110.017804,20.444096],[109.981633,20.346064],[109.970744,20.404855],[109.855251,20.405583],[109.920442,20.222685],[109.98754,20.294012],[110.284514,20.240558],[110.518616,20.426388],[110.490814,20.561055],[110.446262,20.56514],[110.395898,20.606631],[110.482407,20.58116],[110.47044,20.661669],[110.301163,20.656055],[110.327024,20.780131],[110.362388,20.708464],[110.394119,20.756157],[110.32632,20.853714],[110.173747,20.839919],[110.010737,20.874654],[110.194029,20.85227],[110.173407,21.125663],[110.23067,21.017633],[110.293513,21.101275],[110.30024,21.062002],[110.343361,21.061168],[110.201857,20.944302],[110.414295,21.00248],[110.526882,20.92812],[110.547231,21.066829],[110.432083,21.051605],[110.328288,21.07313],[110.312403,21.109472],[110.424406,21.226423],[110.350309,21.434445],[110.488743,21.295594],[110.426201,21.27051],[110.449069,21.189979],[110.632538,21.229095],[110.622726,21.368439],[110.742188,21.466797],[110.752887,21.382592],[110.886725,21.38457],[111.080788,21.464407],[111.01382,21.474725],[111.031848,21.527478],[111.100987,21.460488],[111.304344,21.484512],[111.252547,21.44668],[111.25846,21.414516],[111.450382,21.532536],[111.424495,21.592402],[111.474326,21.504282],[111.645874,21.515702],[111.785695,21.620278],[111.787528,21.711791],[111.699392,21.743143],[111.675303,21.76914],[111.680425,21.798915],[111.912147,21.689329],[111.811685,21.559614],[112.002238,21.617023],[111.913347,21.695829],[112.053911,21.776353],[111.941627,21.787016],[111.916559,21.914047],[111.902213,21.920274],[111.893887,21.917756],[111.888144,21.920616],[111.880431,21.926044],[111.877882,21.934621],[111.872725,21.934011],[111.867537,21.940368],[111.851343,21.940416],[111.808169,21.953229],[111.800002,21.957434],[111.796875,21.964565],[111.871546,21.941694],[111.89367,21.918645],[111.903661,21.921837],[111.915802,21.917523],[111.978232,21.80881],[112.011931,21.820901],[111.999843,21.828356],[111.998495,21.834764],[112.050643,21.8794],[112.021293,21.791503],[112.198129,21.838731],[112.255169,21.69773],[112.408303,21.74161],[112.366342,21.999154],[112.404848,22.055371],[112.372015,22.003492],[112.392675,21.939752],[112.515843,21.959353],[112.422808,21.918108],[112.423109,21.829891],[112.56461,21.75432],[112.832322,22.012623],[112.919731,21.843081],[113.083532,22.146399],[113.048987,22.434044],[112.949076,22.491066],[112.933018,22.469722],[112.801035,22.428766],[112.755811,22.441557],[112.758317,22.407599],[112.74063,22.378391],[112.673207,22.351086],[112.63946,22.34986],[112.634842,22.335483],[112.626879,22.330262],[112.58985,22.324219],[112.754976,22.444345],[112.909847,22.473543],[112.922691,22.514788],[113.081827,22.478037],[113.176171,21.962917],[113.300033,22.206926],[113.291353,22.017482],[113.405587,22.00636],[113.282906,22.368273],[113.464003,22.154789],[113.531266,22.199793],[113.513524,22.23688],[113.483786,22.229081],[113.474425,22.23694],[113.515492,22.239001],[113.55676,22.185559],[113.626521,22.375282],[113.544942,22.399441],[113.574628,22.556232],[113.487663,22.573914],[113.573357,22.589721],[113.503212,22.690374],[113.658534,22.601626],[113.480331,22.791209],[113.609339,22.745047],[113.583015,22.81203],[113.384407,22.903364],[113.51242,22.890828],[113.513469,23.004818],[113.367096,23.109873],[113.515126,23.042472],[113.697644,23.159026],[113.755927,23.142159],[113.765538,23.157895],[113.793393,23.175673],[113.807653,23.176041],[113.813813,23.203125],[113.825544,23.219977],[113.841632,23.233524],[113.822065,23.257658],[113.818605,23.269898],[113.829596,23.337634],[113.847818,23.353683],[113.831931,23.360237],[113.825582,23.372039],[113.841507,23.419743],[113.91148,23.459155],[113.843814,23.418989],[113.850004,23.351888],[113.820669,23.27216],[113.842497,23.237833],[113.841254,23.226964],[113.811593,23.176728],[113.750836,23.133869],[113.806037,23.132597],[113.855464,23.118134],[113.868582,23.10494],[113.901294,23.120174],[113.967926,23.118922],[114.013943,23.087968],[114.046776,23.104305],[114.061072,23.105684],[114.075376,23.099345],[114.087474,23.086863],[114.099035,23.054737],[114.113811,23.048579],[114.14889,23.085048],[114.179737,23.092276],[114.204444,23.115296],[114.230992,23.123634],[114.23914,23.144986],[114.263132,23.159514],[114.309127,23.161802],[114.345262,23.148138],[114.349494,23.13705],[114.364214,23.146532],[114.376787,23.14506],[114.416408,23.09786],[114.444165,23.125987],[114.445281,23.154783],[114.455768,23.176736],[114.466511,23.184702],[114.60439,23.167224],[114.550519,23.23499],[114.574112,23.260641],[114.495447,23.326786],[114.501634,23.36044],[114.5186,23.378906],[114.500419,23.324337],[114.577969,23.262474],[114.607383,23.173961],[114.605322,23.165369],[114.59738,23.158512],[114.516794,23.153687],[114.465634,23.181602],[114.450806,23.129841],[114.415483,23.094337],[114.265794,23.154631],[114.234735,23.120946],[114.184829,23.090602],[114.150987,23.082817],[114.116844,23.046683],[114.096913,23.053711],[114.063768,23.102238],[114.02226,23.083587],[113.999629,23.08544],[113.959653,23.115231],[113.729705,23.060614],[113.857923,23.113012],[113.758559,23.128099],[113.72801,23.14229],[113.59844,23.056955],[113.602136,23.043116],[113.655156,23.090651],[113.682004,23.096091],[113.70449,23.085634],[113.711489,23.076833],[113.596552,23.039706],[113.583486,22.946961],[113.590263,22.923608],[113.588351,22.953691],[113.606963,22.970089],[113.599836,22.996802],[113.62282,23.027344],[113.596709,22.925],[113.633952,23.023033],[113.650658,23.042926],[113.623221,22.956689],[113.634559,22.983479],[113.661992,22.986509],[113.663166,22.997474],[113.668397,23.005309],[113.676315,23.002898],[113.698967,23.026406],[113.712003,23.026689],[113.573121,22.859231],[113.617784,22.820407],[113.618162,22.902798],[113.66611,22.74504],[113.780227,22.751914],[113.886131,22.448416],[113.950247,22.522119],[114.050775,22.502864],[114.058724,22.513949],[114.089229,22.537333],[114.109316,22.532887],[113.917324,22.371925],[114.105664,22.372048],[114.273769,22.262893],[114.278726,22.393784],[114.356574,22.335162],[114.40253,22.435635],[114.321287,22.480046],[114.188319,22.377013],[114.181417,22.451676],[114.33687,22.508364],[114.209552,22.534159],[114.396155,22.613466],[114.502003,22.450081],[114.609895,22.497116],[114.498886,22.554549],[114.595602,22.653651],[114.501227,22.647916],[114.521437,22.707824],[114.781654,22.837116],[114.744916,22.587058],[114.893067,22.572854],[114.871516,22.609239],[114.878844,22.62041],[114.888261,22.625163],[114.896232,22.57722],[114.88377,22.544282],[114.969424,22.678463],[114.847093,22.761228],[114.941774,22.770746],[114.978873,22.68806],[115.032883,22.715983],[115.015829,22.817595],[115.056083,22.851186],[115.030274,22.80129],[115.179021,22.777538],[115.313764,22.902218],[115.230047,22.782197],[115.410073,22.791539],[115.350958,22.712389],[115.570244,22.650141],[115.601402,22.752613],[115.516169,22.75564],[115.613673,22.871916],[115.593084,22.868129],[115.57608,22.846465],[115.554876,22.840809],[115.536579,22.851562],[115.506969,22.894941],[115.615132,22.877293],[115.609039,22.902874],[115.615932,22.999008],[115.631858,23.047499],[115.610404,23.065986],[115.620765,23.072884],[115.633076,23.046167],[115.61736,22.868281],[115.669617,22.884592],[115.69194,22.921411],[115.742944,22.941685],[115.779792,22.926576],[115.663191,22.877383],[115.812069,22.817974],[115.815388,22.740559],[116.188756,22.878013],[116.241223,22.936515],[116.203148,22.978238],[116.17566,22.980748],[116.121599,23.02393],[116.219911,22.970882],[116.243619,22.936672],[116.498741,22.938665],[116.6085,23.216442],[116.545266,23.214098],[116.577241,23.228904],[116.531276,23.224304],[116.515206,23.246471],[116.493682,23.24648],[116.486462,23.259578],[116.607555,23.229728],[116.642703,23.163297],[116.741573,23.249841],[116.598213,23.304227],[116.459075,23.443101],[116.481465,23.50051],[116.453897,23.495023],[116.427236,23.470643],[116.420547,23.469617],[116.286836,23.535367],[116.256418,23.517107],[116.233714,23.516979],[116.206623,23.526756],[116.168609,23.511403],[116.157802,23.492512],[116.124823,23.476958],[116.155545,23.49305],[116.165492,23.511914],[116.17952,23.519817],[116.203864,23.529018],[116.259007,23.520682],[116.285648,23.540457],[116.427762,23.472842],[116.433316,23.551231],[116.396281,23.568073],[116.385267,23.547154],[116.345907,23.542719],[116.338059,23.544059],[116.333512,23.549533],[116.334166,23.566711],[116.406895,23.568571],[116.43681,23.550229],[116.458842,23.501115],[116.477242,23.505097],[116.48875,23.496605],[116.462877,23.4421],[116.764819,23.334773],[116.61851,23.624229],[116.649611,23.672308],[116.567031,23.757608],[116.559249,23.775036],[116.559249,23.801345],[116.535638,23.80369],[116.489592,23.866658],[116.493214,23.883628],[116.472864,23.884215],[116.464071,23.892357],[116.464378,23.911819],[116.482697,23.941264],[116.472976,23.964457],[116.497498,24.082031],[116.495963,23.999325],[116.476225,23.964986],[116.48322,23.948799],[116.48386,23.935342],[116.466788,23.893277],[116.495359,23.883531],[116.562427,23.802403],[116.571887,23.754869],[116.648088,23.681738],[116.652315,23.67427],[116.653916,23.64495],[116.637703,23.6278],[116.794714,23.554688],[116.741159,23.517736],[116.804715,23.462193],[116.87848,23.45776],[116.896414,23.54411],[116.8311,23.539652],[116.822393,23.543371],[116.814941,23.554596],[117.029087,23.616402],[117.020459,23.650631],[116.991455,23.671267],[116.988825,23.687563],[117.064107,23.648019],[117.082119,23.544412],[117.225884,23.624686],[117.154701,23.754812],[117.163477,23.804746],[117.243673,23.697353],[117.231893,23.600217],[117.302647,23.800587],[117.439054,23.758124],[117.49231,23.894513],[117.36468,23.925439],[117.386853,23.936561],[117.342132,23.950796],[117.34031,23.960184],[117.604702,23.901347],[117.591268,23.719284],[117.706834,23.954187],[117.651528,24.063407],[117.805774,24.042222],[117.730725,23.934852],[117.772961,23.913246],[117.905889,24.036773],[117.911453,24.187488],[117.963441,24.224139],[117.984656,24.156685],[118.136277,24.31224],[118.031433,24.341129],[118.064888,24.409264],[117.902405,24.369803],[117.610559,24.512292],[117.588034,24.536619],[117.582875,24.564472],[117.562959,24.580592],[117.532727,24.565664],[117.510772,24.568343],[117.505038,24.551376],[117.464553,24.53015],[117.450598,24.539584],[117.447127,24.532144],[117.433325,24.520626],[117.421875,24.517578],[117.451002,24.541687],[117.506307,24.555218],[117.49776,24.577515],[117.46667,24.570074],[117.4514,24.579878],[117.439575,24.592439],[117.561986,24.583115],[117.782518,24.480802],[117.624043,24.653304],[117.629076,24.696627],[117.802929,24.478427],[118.037488,24.441147],[118.06684,24.512458],[117.992272,24.549036],[118.082968,24.567949],[118.066682,24.458862],[118.132043,24.423574],[118.19696,24.48442],[118.091956,24.565346],[118.143143,24.668661],[118.237987,24.539134],[118.265274,24.60798],[118.421584,24.607531],[118.441499,24.705383],[118.57264,24.511342],[118.779563,24.776264],[118.655626,24.794694],[118.634489,24.864978],[118.58819,24.877132],[118.56376,24.908618],[118.55488,24.942544],[118.533976,24.941715],[118.516857,24.947134],[118.491827,24.978031],[118.438604,24.951803],[118.38349,24.965132],[118.275835,25.011788],[118.260584,25.027295],[118.252821,25.051073],[118.23093,25.051486],[118.222814,25.067895],[118.206026,25.051296],[118.19979,25.055454],[118.197485,25.06873],[118.183618,25.051626],[118.177083,25.054306],[118.175643,25.06079],[118.198114,25.069981],[118.203136,25.053785],[118.222791,25.068773],[118.438924,24.952839],[118.464104,24.974589],[118.460662,24.977707],[118.453559,24.976349],[118.444489,24.979933],[118.442475,24.982435],[118.442631,24.987626],[118.435826,24.988017],[118.433976,24.989858],[118.43438,24.99315],[118.487004,25.050319],[118.514979,25.05935],[118.499785,25.092961],[118.517807,25.068176],[118.514704,25.057058],[118.434928,24.990076],[118.492442,24.979881],[118.557356,24.944297],[118.648301,24.853031],[118.691139,24.947018],[118.702393,24.850704],[118.982548,24.877909],[118.882789,24.946013],[119.009587,24.943964],[119.018046,25.052393],[118.947991,25.004671],[118.843891,25.089988],[118.984176,25.166873],[118.89008,25.262113],[119.05145,25.273691],[118.976402,25.225988],[119.073195,25.237155],[119.027015,25.137576],[119.09992,25.111655],[119.159467,25.136289],[119.123697,25.225353],[119.271445,25.170314],[119.372279,25.269373],[119.250293,25.332308],[119.215791,25.275532],[119.212697,25.368894],[119.180152,25.358302],[119.164448,25.391989],[119.136223,25.387884],[119.11737,25.41029],[119.11307,25.424967],[119.099787,25.419417],[119.08102,25.418145],[119.075898,25.437166],[119.113895,25.426675],[119.145005,25.391969],[119.314732,25.567284],[119.294686,25.41637],[119.34733,25.540699],[119.456582,25.498464],[119.485374,25.36577],[119.576978,25.458355],[119.591052,25.340865],[119.653858,25.355482],[119.597021,25.589393],[119.511027,25.556713],[119.489422,25.56973],[119.447736,25.69399],[119.595142,25.689527],[119.581224,25.878638],[119.71098,26.013019],[119.532842,26.073855],[119.473218,25.951529],[119.256689,25.978202],[119.228356,25.928038],[119.171623,25.887632],[119.181439,25.913759],[119.220709,25.925249],[119.243984,25.974729],[119.263293,25.982713],[119.200636,26.102369],[119.143776,26.113936],[119.049637,26.208479],[118.980147,26.192132],[118.923087,26.223772],[118.890164,26.20341],[118.810292,26.300699],[118.892148,26.208267],[118.917767,26.228169],[119.0549,26.216198],[119.463887,25.988291],[119.660302,26.273556],[119.798379,26.275834],[119.956531,26.375517],[119.858569,26.350758],[119.836009,26.429067],[119.679225,26.346944],[119.566368,26.482174],[119.828662,26.44551],[119.783461,26.585543],[119.603749,26.583789],[119.544016,26.658599],[119.658206,26.72385],[119.559502,26.717987],[119.58028,26.777836],[119.563567,26.801419],[119.567669,26.815353],[119.736082,26.726435],[119.638321,26.89811],[119.64739,26.987287],[119.682555,26.998273],[119.703833,26.986422],[119.711568,26.997998],[119.719143,27.000191],[119.714347,27.004991],[119.696876,27.000687],[119.675776,27.007728],[119.633124,27.078651],[119.628432,27.08972],[119.63489,27.099929],[119.627191,27.117867],[119.641891,27.143857],[119.720669,27.000595],[119.645799,26.902173],[119.728022,26.741945],[119.778661,26.83841],[119.852084,26.848446],[119.777851,26.79002],[119.848075,26.804583],[119.785733,26.709669],[119.867151,26.645601],[119.925762,26.773066],[120.073786,26.803496],[119.841682,26.587615],[119.878204,26.51537],[120.133528,26.647392],[120.05125,26.894531],[120.227973,26.913679],[120.173686,26.973624],[120.268317,26.997419],[120.259323,27.111847],[120.387241,27.084273],[120.439319,27.149047],[120.405398,27.151025],[120.357067,27.239486],[120.311689,27.205032],[120.223702,27.251637],[120.193545,27.204286],[120.196751,27.277619],[120.306499,27.298551],[120.304984,27.218015],[120.369247,27.248251],[120.475095,27.163465],[120.543708,27.402573],[120.646925,27.365846],[120.688633,27.478173],[120.600155,27.587612],[120.56519,27.577639],[120.553582,27.584939],[120.546189,27.595624],[120.512247,27.575474],[120.506776,27.582733],[120.545373,27.597656],[120.640175,27.599163],[120.683728,27.697701],[120.57276,27.798461],[120.574067,27.835331],[120.550026,27.821287],[120.550564,27.801006],[120.542245,27.792719],[120.523521,27.798203],[120.515366,27.818715],[120.513379,27.799624],[120.505619,27.782216],[120.499612,27.777673],[120.427027,27.789093],[120.578675,27.843403],[120.711356,27.710153],[120.872533,27.928965],[120.596243,28.033372],[120.551636,28.138054],[120.46098,28.135706],[120.40466,28.157844],[120.362642,28.131901],[120.349339,28.131585],[120.317068,28.139282],[120.302052,28.126076],[120.295062,28.128378],[120.225101,28.179919],[120.208607,28.258268],[120.180158,28.258694],[120.159813,28.275362],[120.139202,28.267082],[120.124419,28.269108],[120.109173,28.280019],[120.106534,28.300781],[120.08858,28.314364],[120.083325,28.320562],[120.068745,28.313552],[120.084284,28.321613],[120.105232,28.304221],[120.108656,28.297551],[120.110238,28.280505],[120.126954,28.269003],[120.158628,28.276549],[120.207991,28.260656],[120.295187,28.129205],[120.314617,28.140324],[120.36086,28.132791],[120.401734,28.167216],[120.554768,28.141991],[120.613837,28.032861],[120.659921,28.034933],[120.679394,28.061798],[120.701168,28.060925],[120.690185,28.098608],[120.701279,28.11999],[120.72229,28.12905],[120.696675,28.136901],[120.694511,28.139392],[120.694508,28.144928],[120.70506,28.162996],[120.743818,28.166095],[120.699262,28.152176],[120.696318,28.138322],[120.70795,28.140592],[120.72113,28.132793],[120.724019,28.127167],[120.705618,28.063942],[120.673958,28.0419],[120.949445,27.980175],[121.133148,28.245984],[121.044264,28.288998],[121.185482,28.389899],[121.274122,28.362582],[121.223999,28.230894],[121.341203,28.14121],[121.462787,28.329953],[121.609143,28.247855],[121.669999,28.349849],[121.604588,28.32569],[121.609241,28.476562],[121.526584,28.492807],[121.615616,28.500133],[121.617341,28.544567],[121.55411,28.53732],[121.510326,28.664592],[121.32007,28.684173],[121.118435,28.839242],[121.338583,28.706908],[121.64938,28.710593],[121.681974,28.867363],[121.512895,28.946374],[121.701726,28.914518],[121.711291,29.013613],[121.530881,29.003906],[121.650376,29.10332],[121.430795,29.153523],[121.604058,29.139666],[121.535428,29.276739],[121.636019,29.183064],[121.640625,29.294085],[121.658715,29.313703],[121.652378,29.186067],[121.635073,29.181201],[121.75884,29.184796],[121.767269,29.356886],[121.805475,29.37838],[121.7893,29.1676],[121.841247,29.15893],[121.79218,29.196421],[121.807563,29.291939],[121.844834,29.161348],[121.998166,29.262945],[121.90686,29.297026],[121.985556,29.447963],[121.916234,29.535862],[121.996603,29.586351],[121.952093,29.634399],[121.744773,29.558583],[121.846476,29.533394],[121.802104,29.476616],[121.721851,29.540691],[121.489264,29.385879],[121.532273,29.46641],[121.448816,29.413716],[121.425956,29.473044],[121.700888,29.560855],[122.134562,29.899698],[121.746107,29.973595],[121.718083,29.947926],[121.692883,29.944798],[121.683432,29.924865],[121.641176,29.897087],[121.566049,29.889671],[121.555432,29.865402],[121.542038,29.852499],[121.532144,29.85252],[121.531184,29.843115],[121.523062,29.840321],[121.522051,29.828614],[121.509563,29.827492],[121.517751,29.820394],[121.519247,29.814932],[121.503405,29.795337],[121.509143,29.828305],[121.521034,29.828784],[121.521471,29.839669],[121.53011,29.851736],[121.554789,29.866512],[121.556054,29.872819],[121.541635,29.889342],[121.538363,29.905686],[121.50718,29.904884],[121.489568,29.92459],[121.47605,29.908297],[121.468007,29.909088],[121.311957,29.97521],[121.554472,29.919625],[121.556062,29.875557],[121.56181,29.887744],[121.568653,29.892895],[121.611844,29.906593],[121.63955,29.898781],[121.693626,29.947994],[121.716449,29.949637],[121.730411,29.969051],[121.755393,29.97783],[121.39869,30.321772],[121.180761,30.33675],[120.905786,30.167557],[120.751606,30.225426],[120.646348,30.128436],[120.768471,30.098385],[120.864917,30.024507],[120.876757,30.00684],[120.879879,29.807023],[120.87431,29.798942],[120.854436,29.791356],[120.854535,29.768519],[120.847043,29.736932],[120.833754,29.73204],[120.842293,29.724976],[120.839564,29.713773],[120.834023,29.707031],[120.832262,29.732992],[120.85094,29.789199],[120.877644,29.807977],[120.874958,30.007053],[120.604278,30.119724],[120.743956,30.2268],[120.643085,30.371343],[120.446648,30.371512],[120.376461,30.252049],[120.263577,30.28111],[120.204237,30.218545],[120.128699,30.188703],[120.252043,30.036963],[120.253337,30.026924],[120.24618,30.009542],[120.256255,30.006656],[120.256016,29.982499],[120.266174,29.984022],[120.276148,29.979812],[120.273956,29.967067],[120.275618,29.978603],[120.25425,29.981862],[120.244533,30.008516],[120.250062,30.036868],[120.170229,30.101208],[119.882812,29.95173],[119.949616,30.048828],[120.175235,30.112499],[120.106979,30.180017],[120.239511,30.280831],[120.290039,30.298241],[120.370491,30.268803],[120.425692,30.390032],[120.695171,30.394414],[120.794589,30.295658],[121.011654,30.573205],[121.527336,30.821812],[121.972482,30.885926],[121.717263,31.289062],[121.292412,31.515461],[121.118378,31.708646],[120.823059,31.777944],[120.738635,31.986287],[120.453851,32.025383],[120.438327,31.969597],[120.161674,31.912531],[120.05587,31.967121],[120.257494,31.947539],[120.464059,32.073808],[120.759364,32.087873],[120.950121,31.814357],[121.109181,31.785137],[121.302568,31.885277],[121.810339,31.688963],[121.928252,31.741571],[121.728381,32.031324],[121.42745,32.1138],[121.373069,32.399583],[120.905407,32.617002],[120.849697,32.785652],[120.895929,33.00511],[120.625752,33.406322],[120.622965,33.470009],[120.688076,33.450731],[120.610006,33.614542],[120.573414,33.636129],[120.557967,33.625352],[120.535246,33.617399],[120.512252,33.616995],[120.49895,33.619077],[120.486678,33.62242],[120.454172,33.611457],[120.436528,33.614619],[120.442559,33.595926],[120.429318,33.586587],[120.441918,33.565199],[120.356104,33.577096],[120.4499,33.641722],[120.578829,33.646544],[120.274189,34.301457],[119.626765,34.504861],[119.448013,34.746353],[119.221336,34.788272],[119.219869,34.766794],[119.210736,34.754934],[119.201839,34.75146],[119.198708,34.744798],[119.203043,34.71828],[119.201792,34.711266],[119.193716,34.697397],[119.171743,34.857528],[119.218321,35.050237],[119.375168,35.089681],[119.434584,35.313995],[119.572792,35.36641],[119.628226,35.598554],[119.735988,35.659332],[119.761743,35.582949],[119.823377,35.669669],[119.874913,35.613729],[119.916827,35.761495],[120.031881,35.75442],[119.99189,35.862165],[120.297915,35.969456],[120.189546,35.996854],[120.243932,36.051348],[120.104685,36.101338],[120.11329,36.189641],[120.27762,36.178612],[120.294014,36.236009],[120.352386,36.21641],[120.28278,36.043792],[120.713807,36.134316],[120.639264,36.322848],[120.735518,36.332536],[120.707573,36.434329],[120.834122,36.467781],[120.885788,36.375367],[120.97428,36.539801],[120.797621,36.585204],[120.79555,36.618973],[121.017226,36.582897],[121.183385,36.698638],[121.375915,36.700915],[121.474348,36.770776],[121.447274,36.845792],[121.484669,36.794376],[121.600427,36.841426],[121.479154,36.778881],[121.644013,36.735035],[121.619136,36.791877],[121.620874,36.821385],[121.631408,36.832061],[121.944291,36.983598],[122.045781,36.882961],[122.193454,37.049386],[122.174488,36.841186],[122.515107,36.894355],[122.573719,37.043423],[122.406749,37.030769],[122.454661,37.150784],[122.623547,37.192435],[122.553588,37.349965],[122.705633,37.396604],[122.168589,37.428304],[122.118302,37.56484],[121.961998,37.483788],[121.986121,37.418314],[121.937752,37.47118],[121.556802,37.423489],[121.373084,37.555046],[121.430385,37.600006],[121.175322,37.582253],[121.138633,37.712196],[120.741607,37.832225],[120.51767,37.749942],[120.558535,37.690731],[120.606856,37.655097],[120.63123,37.626628],[120.634629,37.615339],[120.559889,37.686664],[120.515325,37.749946],[120.220725,37.687906],[120.324848,37.64831],[120.244745,37.552378],[120.277683,37.521095],[120.303485,37.485207],[120.238822,37.549009],[119.842717,37.374385],[119.894086,37.250189],[119.748729,37.122652],[119.242699,37.058764],[119.254175,37.12815],[119.141346,37.128185],[118.899175,37.360559],[119.036474,37.685181],[119.307593,37.64662],[119.206532,37.766566],[119.265115,37.773527],[119.264696,37.815892],[119.170989,37.768091],[118.846181,38.144531],[118.678053,38.137415],[118.686939,38.079161],[118.712096,38.073968],[118.746696,37.985072],[118.745365,37.976724],[118.739059,37.966516],[118.678403,38.089424],[118.674316,38.134393],[118.52984,38.039921],[118.474508,38.111732],[118.049423,38.133183],[118.054265,38.04585],[118.020949,38.011042],[118.066414,37.988374],[118.068273,37.984247],[118.067253,37.979879],[118.055254,37.96875],[118.01808,38.010463],[118.040906,38.124414],[117.940555,38.131907],[118.046769,38.170687],[117.903021,38.171665],[117.97957,38.203724],[117.862293,38.26727],[117.80065,38.219349],[117.889084,38.317233],[117.805408,38.293672],[117.612063,38.514341],[117.563746,38.768889],[117.717602,38.968588],[117.700046,38.997472],[117.686487,38.982252],[117.673646,38.982634],[117.616471,39.023438],[117.789536,38.977122],[117.70671,39.123894],[117.544871,39.180174],[117.516225,39.199138],[117.680601,39.140288],[117.700633,39.130561],[117.723988,39.111908],[117.721756,39.149452],[117.751755,39.221384],[117.760633,39.231384],[117.796375,39.239823],[117.748934,39.253283],[117.740755,39.26595],[117.741807,39.274248],[117.769797,39.291352],[117.741165,39.303406],[117.733094,39.315151],[117.739221,39.324453],[117.782526,39.3296],[117.783172,39.335756],[117.791744,39.347219],[117.742507,39.339964],[117.784727,39.35373],[117.792057,39.350316],[117.794026,39.343678],[117.784386,39.329601],[117.793315,39.325085],[117.829594,39.34619],[117.826558,39.353964],[117.803853,39.352077],[117.795516,39.360665],[117.789249,39.392404],[117.810312,39.404999],[117.802084,39.429109],[117.78471,39.402051],[117.773438,39.402065],[117.763368,39.409783],[117.757483,39.459751],[117.782682,39.473232],[117.764765,39.412807],[117.804734,39.432263],[117.832683,39.346937],[117.796179,39.32256],[117.736016,39.316829],[117.770916,39.297851],[117.771655,39.28214],[117.743954,39.272997],[117.750515,39.255088],[117.798652,39.240932],[117.729802,39.090017],[118.028686,39.218121],[118.336403,39.024752],[118.605185,39.169672],[119.029879,39.192049],[119.282038,39.382605],[119.247647,39.581893],[119.362883,39.788655],[119.53125,39.811384],[119.55328,39.946547],[119.780582,39.952065],[120.445144,40.196897],[120.603646,40.47922],[120.827542,40.67745],[121.024265,40.712015],[120.924444,40.737627],[120.952737,40.822462],[121.077548,40.799017],[121.187807,40.948745],[121.733879,40.845175],[121.883691,41.043853],[121.809394,41.057166],[121.805235,41.069029],[121.878722,41.103769],[121.893998,41.0934],[121.9018,41.123803],[121.909339,41.137447],[121.914667,41.138378],[121.922729,41.134391],[121.939675,41.154822],[121.954983,41.157894],[121.896055,41.091676],[121.810036,41.065927],[121.890523,41.050599],[121.817255,40.954292],[121.850983,40.829072],[122.242819,40.684777],[122.264159,40.703634],[122.196951,40.709302],[122.089884,40.797244],[122.174788,40.875244],[122.185092,40.87438],[122.213774,40.851055],[122.220764,40.86119],[122.229748,40.865205],[122.259153,40.869669],[122.272156,40.864226],[122.314819,40.927385],[122.336449,40.924558],[122.332401,40.941489],[122.343566,40.94894],[122.338552,40.924481],[122.272958,40.861588],[122.093182,40.797203],[122.267665,40.706594],[122.269504,40.692971],[122.235405,40.678651],[122.153238,40.704704],[122.142354,40.610951],[122.331867,40.475204],[121.825734,40.026468],[121.894165,39.9998],[121.472683,39.808175],[121.544482,39.597404],[121.451985,39.65308],[121.224107,39.545892],[121.452155,39.522359],[121.5176,39.363307],[121.698581,39.468976],[121.752667,39.38153],[121.949042,39.399478],[121.591113,39.273229],[121.6661,39.22771],[121.583102,39.196551],[121.662552,39.081588],[121.439742,39.014313],[121.372285,39.060498],[121.333495,38.971949],[121.097038,38.931188],[121.172883,38.884927],[121.105915,38.851255],[121.134472,38.725236],[121.228588,38.803646],[121.693159,38.863915],[121.716829,38.904506],[121.612295,38.928943],[121.610519,38.947111],[121.58623,38.946447],[121.583816,38.952434],[121.671637,39.026714],[121.864402,38.94869],[121.837922,39.04335],[121.885877,39.046011],[121.88864,39.028244],[121.901569,39.031935],[121.913829,39.016914],[121.924988,39.020176],[121.887866,39.047041],[121.894938,39.055624],[121.876728,39.064604],[121.871464,39.07146],[121.875029,39.073777],[122.064681,39.061927],[122.029561,39.125364],[122.164101,39.153577],[122.102085,39.16043],[122.051278,39.203205],[122.108056,39.17996],[122.418517,39.466907],[122.621565,39.481409],[122.657265,39.559472],[123.005423,39.681294],[123.275319,39.693204],[123.193359,39.725586],[123.277521,39.814405],[123.405453,39.813809],[123.411677,39.730993],[123.553045,39.759805],[123.64202,39.848532],[123.626008,39.873686],[123.646222,39.924788],[123.62773,39.926548],[123.620832,39.932306],[123.627201,39.958298],[123.712592,40.022192],[123.665065,40.093081],[123.66711,40.108742],[123.691837,40.142604],[123.716354,40.020888],[123.629342,39.957872],[123.649982,39.92207],[123.632872,39.869223],[123.651231,39.848749],[124.156739,39.81469],[124.222292,39.914894],[124.225769,39.791101],[124.342895,40.079868],[124.36135,40.089123],[124.401246,40.134197],[124.441642,40.161865],[124.437539,40.14427],[124.455979,40.174394],[124.462888,40.176541],[124.483661,40.173905],[124.48987,40.192725],[124.510514,40.208071],[124.546353,40.221376],[124.597925,40.274185],[124.576557,40.229419],[124.351429,40.078768],[124.311068,39.904615],[124.519075,39.715206],[124.6459,39.695124],[124.609131,39.628473],[124.635752,39.586518],[124.749676,39.646094],[124.725781,39.768733],[124.769373,39.797514],[124.906029,39.645528],[125.023059,39.657457],[125.091216,39.560227],[125.226525,39.64195],[125.303874,39.52517],[125.492766,39.658549],[125.589112,39.675578],[125.570423,39.710014],[125.574529,39.730051],[125.551707,39.75546],[125.58795,39.776467],[125.585416,39.82798],[125.600821,39.846369],[125.517664,39.87517],[125.512508,39.883139],[125.511845,39.894948],[125.526152,39.907914],[125.618758,39.845346],[125.593133,39.677894],[125.451761,39.584973],[125.489743,39.576599],[125.599976,39.623825],[125.699721,39.63927],[125.729109,39.655581],[125.762565,39.66219],[125.689563,39.633121],[125.618675,39.626467],[125.496405,39.573313],[125.423774,39.571398],[125.338205,39.460517],[125.368123,39.378013],[125.442598,39.397563],[125.480642,39.381537],[125.398981,39.381014],[125.456517,39.317656],[125.29358,39.162757],[125.133473,38.811403],[125.21569,38.738698],[125.215239,38.81346],[125.255871,38.787788],[125.173994,38.678945],[125.43787,38.742962],[125.554631,38.712988],[125.615595,38.655497],[125.518093,38.856808],[125.529382,38.870392],[125.581704,38.88451],[125.526915,38.849086],[125.630649,38.656162],[125.602149,38.64456],[125.437358,38.718958],[125.167081,38.629248],[125.122849,38.677851],[125.067838,38.558318],[124.960153,38.594439],[125.01335,38.496094],[124.853809,38.345759],[124.888433,38.225881],[124.989525,38.223235],[124.912368,38.190137],[124.869077,38.242403],[124.650696,38.128187],[125.261475,38.083559],[124.973528,37.931241],[125.160207,37.868907],[125.238283,37.949419],[125.309849,37.874532],[125.232751,37.832666],[125.226218,37.813767],[125.300745,37.800559],[125.494954,37.893258],[125.510728,37.822724],[125.360917,37.792969],[125.426118,37.776516],[125.350712,37.765297],[125.342122,37.675822],[125.512309,37.81065],[125.617595,37.763763],[125.630645,37.884655],[125.733309,37.926757],[125.596805,37.991771],[125.592603,38.041445],[125.808666,37.994655],[125.844596,37.861775],[126.035082,37.863184],[126.140825,37.741081],[126.201993,37.886686],[126.394238,37.889523],[126.40998,37.912223],[126.380756,37.929286],[126.382836,37.96875],[126.41914,37.918494],[126.422405,37.853747],[126.587986,37.770119],[126.743737,37.905743],[126.788059,37.919323],[126.810406,37.893456],[126.838481,37.976588],[126.814594,37.892848],[126.672483,37.826743],[126.671965,37.686812],[126.794104,37.617668],[126.664012,37.67674],[126.652547,37.774311],[126.606846,37.753135],[126.526353,37.769961],[126.605817,37.552826],[126.354782,37.467466],[126.443251,37.420589],[126.60561,37.550878],[126.647885,37.491584],[126.603347,37.484621],[126.58683,37.438605],[126.667608,37.369316],[126.738433,37.42661],[126.786074,37.392822],[126.532368,37.289162],[126.534515,37.1988],[126.651268,37.197669],[126.617093,37.313551],[126.816354,37.294217],[126.661075,37.27048],[126.681633,37.111913],[126.793325,37.18273],[126.758582,37.056433],[126.700873,37.09874],[126.795426,37.016335],[126.883274,37.072203],[126.879999,37.029662],[126.778762,37.007596],[126.905684,36.914062],[126.985349,36.994645],[127.032942,36.977659],[127.038793,36.992679],[127.014388,37.008263],[127.01641,37.01685],[127.052577,36.992232],[127.033799,36.976149],[126.98456,36.991049],[126.98393,36.918278],[126.861395,36.879998],[126.860268,36.792942],[126.831894,36.772545],[126.781442,36.976793],[126.510248,37.065396],[126.355977,37.023047],[126.333011,36.961693],[126.429518,36.898823],[126.288211,36.799334],[126.332105,36.891093],[126.285674,36.970042],[126.287897,36.900497],[126.176866,36.88477],[126.198428,36.782419],[126.171754,36.840682],[126.14844,36.846359],[126.119273,36.707981],[126.139583,36.7615],[126.223289,36.720706],[126.155493,36.676858],[126.2768,36.730728],[126.293488,36.576973],[126.364632,36.62817],[126.560931,36.510461],[126.481644,36.516237],[126.495732,36.432634],[126.5625,36.484375],[126.612854,36.483168],[126.484958,36.408122],[126.586848,36.345214],[126.499739,36.324392],[126.548282,36.263793],[126.492206,36.137478],[126.644199,36.093335],[126.667137,36.00429],[126.858214,36.061747],[126.870846,36.115051],[126.891786,36.142946],[126.958344,36.157763],[127.004638,36.152169],[126.969052,36.202685],[126.961455,36.240096],[126.898758,36.253463],[126.889572,36.262017],[126.890968,36.2785],[126.92766,36.316928],[126.983985,36.340701],[126.989643,36.373465],[127.044377,36.41009],[127.060674,36.440876],[127.104898,36.473032],[127.12834,36.469831],[127.20489,36.437834],[127.222456,36.437268],[127.232228,36.456993],[127.321565,36.517133],[127.30036,36.531979],[127.297179,36.549304],[127.3224,36.522213],[127.324177,36.516368],[127.319854,36.510326],[127.360518,36.519361],[127.3896,36.497654],[127.404934,36.483449],[127.402804,36.456516],[127.432747,36.45756],[127.458872,36.451904],[127.391047,36.445258],[127.420162,36.413421],[127.415212,36.34123],[127.386491,36.313698],[127.361403,36.517424],[127.223684,36.435677],[127.203964,36.436144],[127.106838,36.471202],[126.985586,36.339574],[126.893973,36.277273],[126.964305,36.242176],[127.009004,36.16417],[127.004235,36.148205],[126.89101,36.138478],[126.870324,36.059448],[126.738969,35.986682],[126.521351,35.972575],[126.614158,35.885639],[126.769354,35.889287],[126.846813,35.920022],[126.887845,35.913361],[126.68472,35.843115],[126.78155,35.802839],[126.778384,35.75542],[126.794865,35.75312],[126.801769,35.747056],[126.800809,35.74333],[126.632114,35.799716],[126.457311,35.637677],[126.651835,35.594772],[126.673802,35.585073],[126.676183,35.544541],[126.484827,35.521855],[126.403506,35.404761],[126.446493,35.355716],[126.304922,35.244725],[126.464675,35.099908],[126.425506,35.027597],[126.346251,35.159864],[126.244526,35.11772],[126.38894,35.036821],[126.294907,34.965361],[126.342207,34.914595],[126.393654,34.964462],[126.369951,34.780668],[126.451975,34.80131],[126.51031,34.776749],[126.510565,34.922241],[126.54363,34.982631],[126.551229,34.98797],[126.562608,34.988832],[126.575921,34.974362],[126.587755,34.989491],[126.516168,34.766793],[126.362785,34.743573],[126.488088,34.713964],[126.62283,34.632173],[126.385108,34.720917],[126.42389,34.594539],[126.295518,34.762247],[126.275722,34.596403],[126.461833,34.543767],[126.528367,34.292513],[126.748824,34.472706],[126.739227,34.485433],[126.76598,34.499256],[126.77023,34.615581],[126.787351,34.639816],[126.786089,34.468767],[126.884986,34.42143],[126.978658,34.471041],[127.009106,34.606671],[126.99393,34.62287],[126.971348,34.620558],[126.95399,34.63095],[127.325538,34.751604],[127.315917,34.665781],[127.251865,34.711431],[127.112482,34.546216],[127.338065,34.445342],[127.438102,34.548527],[127.353017,34.585228],[127.50874,34.593549],[127.358912,34.836975],[127.517176,34.879129],[127.602824,34.744584],[127.548441,34.71254],[127.580449,34.630211],[127.588177,34.652199],[127.636762,34.625795],[127.651344,34.635273],[127.657482,34.754938],[127.698701,34.720466],[127.769493,34.744274],[127.77764,34.857929],[127.638519,34.821717],[127.57428,34.890033],[127.784999,35.008065],[127.768834,35.032007],[127.766461,35.050055],[127.741064,35.059725],[127.714687,35.082143],[127.692837,35.104208],[127.691283,35.13007],[127.644949,35.161625],[127.639093,35.171874],[127.693445,35.133363],[127.697122,35.102435],[127.768742,35.051865],[127.787786,35.010462],[127.765886,34.970284],[127.785517,34.940703],[128.007848,34.981734],[128.027011,35.110473],[128.03979,34.940561],[128.133165,34.888737],[128.331754,34.956251],[128.308891,34.884848],[128.419905,34.865099],[128.330351,34.826232],[128.423891,34.761448],[128.475402,34.890014],[128.421729,34.872887],[128.408203,34.9945],[128.501204,35.020267],[128.468907,35.075933],[128.43877,35.045689],[128.359381,35.010068],[128.365779,35.046988],[128.538452,35.119688],[128.555887,35.053054],[128.635388,35.068256],[128.574742,35.131521],[128.586625,35.209513],[128.69245,35.098316],[128.791563,35.118839],[128.828829,34.988329],[128.821666,35.096667],[128.884298,35.078651],[128.904254,35.200771],[128.937253,35.225725],[128.992372,35.231822],[128.906091,35.19771],[128.912353,35.078556],[128.933877,35.149846],[128.937056,35.112639],[128.961804,35.186564],[128.989955,35.206399],[129.007983,35.269646],[129.017463,35.27117],[128.997252,35.207461],[128.965696,35.182951],[128.966945,35.032345],[129.050747,35.12184],[129.126566,35.097196],[129.11438,35.192569],[129.191843,35.158799],[129.363238,35.358993],[129.329113,35.483034],[129.372502,35.450606],[129.385607,35.516449],[129.348457,35.548808],[129.296774,35.544157],[129.268874,35.553479],[129.264884,35.559745],[129.295362,35.545284],[129.3059,35.553517],[129.350039,35.55194],[129.368176,35.544543],[129.408056,35.492899],[129.405989,35.472104],[129.446473,35.490702],[129.583698,36.046849],[129.271493,35.98033],[129.439731,36.109775],[129.371586,36.201617],[129.477867,36.69941],[129.431884,37.056601],[129.058966,37.673288],[128.633162,38.080195],[128.362968,38.687769],[128.26599,38.758683],[128.189065,38.722106],[127.753394,39.130011],[127.374805,39.212525],[127.388037,39.339639],[127.473047,39.344028],[127.366279,39.372138],[127.469146,39.402572],[127.415306,39.441471],[127.41026,39.450809],[127.505234,39.43434],[127.515875,39.307518],[127.569063,39.304106],[127.511159,39.517738],[127.565226,39.628663],[127.464951,39.622074],[127.421803,39.628752],[127.404926,39.645972],[127.38444,39.645926],[127.362653,39.651808],[127.407229,39.648473],[127.479588,39.624914],[127.505846,39.75247],[127.572836,39.74753],[127.510481,39.91767],[127.662928,39.80442],[127.883682,39.888211],[127.994287,40.060135],[128.33056,40.030218],[128.419414,40.103158],[128.334577,40.187262],[128.426064,40.104154],[128.659813,40.189689],[128.626609,40.307647],[129.098711,40.491108],[129.221989,40.70346],[129.714402,40.833112],[129.715653,41.198909],[129.807527,41.382265],[129.64809,41.5504],[129.760397,41.76253],[129.850557,41.763276],[129.89586,41.907965],[130.078125,42.0851],[130.168609,42.069344],[130.199358,42.181243],[130.403317,42.249721],[130.370527,42.338872],[130.63299,42.268499],[130.624882,42.426381],[130.701954,42.294623],[130.871082,42.529119],[130.773713,42.57715],[130.795076,42.633386],[130.771199,42.602476],[130.744851,42.608781],[130.721165,42.58292],[130.693721,42.569721],[130.684788,42.575164],[130.71122,42.697623],[130.948418,42.650966],[130.808314,42.633549],[130.869936,42.595448],[131.108847,42.672184],[131.218027,42.553962],[131.257776,42.770596],[131.363455,42.764332],[131.470979,42.882407],[131.384946,42.867622],[131.372949,42.943459],[131.575003,43.001023],[131.686812,43.202377],[131.777743,43.178922],[131.6952,43.204039],[131.760779,43.233112],[131.755268,43.347889],[131.806244,43.415546],[131.822499,43.293066],[132.071844,43.314314],[131.841786,43.078863],[131.962243,43.057995],[132.297438,43.339392],[132.352956,43.28302],[132.30534,43.228834],[132.380918,43.227024],[132.406506,43.181775],[132.313554,43.166292],[132.283874,43.070794],[132.317302,42.843038],[132.40392,42.948138],[132.570773,42.837284],[132.775991,42.908653],[132.860169,42.733305],[132.899421,42.829466],[132.997379,42.838712],[133.009889,42.869291],[133.02958,42.875976],[133.030893,42.886961],[133.039677,42.895848],[133.050152,42.898527],[132.985641,42.822897],[133.089564,42.74322],[132.999634,42.716136],[133.039866,42.671627],[133.648379,42.87456],[133.71804,42.806406],[133.866151,42.907547],[133.922766,42.865996],[134.439201,43.158665],[134.378983,43.197284],[134.478586,43.179147],[135.141585,43.504743],[135.225954,43.634719],[135.197526,43.746207],[135.291591,43.739458],[135.278456,43.685907],[135.436645,43.765085],[135.527641,43.895519],[135.460772,43.877552],[135.453564,43.948825],[135.519166,43.920945],[135.52895,44.007348],[135.632837,44.035049],[135.648051,44.17485],[135.879865,44.41193],[136.150325,44.496544],[136.350973,44.796407],[136.450467,44.771146],[136.801133,45.197449],[137.687055,45.808782],[138.101858,46.235511],[138.176998,46.447133],[138.343737,46.539193],[138.34863,46.691528],[138.562698,47.030814],[138.852846,47.285156],[138.991057,47.315946],[139.277841,47.815986],[140.173927,48.446918],[140.181513,48.74938],[140.390384,48.976115],[140.332663,49.023668],[140.201017,48.951052],[140.32474,49.067662],[140.240004,49.069187],[140.346016,49.094385],[140.310511,49.214895],[140.387806,49.267053],[140.274505,49.265346],[140.225173,49.294409],[140.378925,49.2911],[140.386035,49.35625],[140.424186,49.294794],[140.418013,49.40204],[140.547355,49.563803],[140.528641,49.785854],[140.400514,49.88282],[140.68757,50.089393],[140.514965,50.143887],[140.530882,50.341619],[140.413384,50.541633],[140.493487,50.628835],[140.429753,50.717768],[140.498717,50.868192],[140.678942,51.033298],[140.659027,51.220006],[140.595592,51.235471],[140.859665,51.370591],[140.728372,51.465476],[140.886686,51.494746],[140.877192,51.627984],[141.107018,51.681572],[141.192439,51.847612],[141.395442,51.920365],[141.34919,52.099398],[141.5467,52.151692],[141.527553,52.236431],[141.385327,52.222219],[141.116665,52.409724],[141.110832,52.483972],[141.267023,52.590831],[141.163687,52.790334],[141.239023,52.866519],[141.059574,52.883956],[140.929564,53.036662],[140.627371,53.144784],[141.146525,52.991101],[141.443416,53.152186],[141.341677,53.230559],[141.416567,53.295775],[140.904985,53.426384],[140.943988,53.497239],[141.130709,53.448244],[140.545982,53.647221],[140.271888,53.846966],[140.328411,53.955841],[139.794773,54.199831],[139.739266,54.295974],[139.303238,54.176409],[138.658541,54.286079],[138.736688,54.249473],[138.661844,54.060372],[138.683914,54.056118],[138.70146,54.067575],[138.758944,54.083936],[138.764417,54.092247],[138.77176,54.091912],[138.769402,53.980661],[138.661471,53.708802],[138.465698,53.526255],[138.231544,53.500718],[138.572259,53.805758],[138.581887,53.99412],[138.372165,53.903962],[138.300371,53.730042],[137.951022,53.581128],[137.312369,53.533052],[137.162659,53.572237],[137.498201,53.66917],[137.606676,53.831671],[137.856262,53.96873],[137.581259,53.95603],[137.287935,54.051335],[137.314643,54.115749],[137.445095,54.147378],[137.464482,54.088199],[137.735901,54.319597],[137.394994,54.30477],[137.189878,54.210189],[137.084324,54.124629],[137.160015,54.035792],[137.304796,54.033625],[137.196743,53.849043],[136.940619,53.852927],[136.757812,53.749442],[136.669873,53.917308],[136.816169,54.133231],[136.748128,54.286069],[136.818248,54.321242],[136.741669,54.412769],[136.827462,54.423176],[136.802115,54.51367],[136.881469,54.564124],[136.828249,54.644592],[136.679494,54.605384],[136.666176,54.682675],[136.514164,54.587268],[135.781334,54.552846],[135.665879,54.65766],[135.259755,54.737462],[135.171877,54.825387],[135.205431,54.892407],[135.524169,55.083668],[136.136292,55.289762],[136.419809,55.567053],[136.758627,55.643477],[137.29387,55.961774],[137.395146,55.946589],[137.554615,56.119599],[137.724239,56.136865],[137.917848,56.364971],[138.22812,56.425781],[138.112589,56.57794],[138.273411,56.619598],[138.4357,56.843578],[138.561506,56.859883],[138.544267,56.799765],[138.578436,56.783751],[138.610486,56.954828],[138.904448,57.030649],[138.941124,57.145052],[139.791188,57.484137],[140.005963,57.704374],[140.490294,57.842216],[140.795797,58.31439],[141.563379,58.611625],[142.27492,59.127506],[143.068519,59.330015],[142.884509,59.51829],[142.876577,59.571959],[142.837147,59.584823],[142.835588,59.58984],[142.880391,59.580325],[143.083904,59.334855],[143.273607,59.411937],[143.1661,59.346062],[144.408479,59.36881],[144.271139,59.381915],[144.40944,59.373046],[144.428602,59.486632],[144.411538,59.369089],[144.711084,59.387865],[144.900939,59.367916],[144.883937,59.467875],[144.910965,59.535322],[144.873364,59.554622],[144.816883,59.604265],[144.815737,59.660601],[144.7091,59.714319],[144.697648,59.729546],[144.666352,59.739671],[144.630936,59.793105],[144.633646,59.824813],[144.704677,59.913407],[144.770228,59.932188],[144.63536,59.795915],[144.812282,59.666713],[144.936624,59.511317],[144.900276,59.42083],[144.964952,59.367783],[144.876231,59.366629],[144.835992,59.369361],[144.819906,59.368215],[144.904462,59.365314],[145.006757,59.36879],[145.26113,59.416265],[145.695279,59.425811],[145.804076,59.364995],[145.931995,59.420703],[145.948059,59.348364],[145.826507,59.246016],[146.047142,59.140949],[146.35251,59.20678],[146.303635,59.390813],[146.511501,59.465589],[147.541875,59.23588],[147.610637,59.302928],[147.84585,59.292533],[147.762465,59.355688],[148.204093,59.408793],[148.399713,59.375865],[148.417014,59.253041],[148.927584,59.232967],[148.986486,59.375489],[148.74068,59.359888],[148.719801,59.461407],[148.875337,59.550009],[148.933431,59.452132],[149.232377,59.502668],[148.986971,59.695122],[148.910678,59.70354],[148.821184,59.768669],[148.736393,59.765768],[148.875501,59.780386],[149.106399,59.63161],[149.450941,59.770506],[149.394969,59.728992],[149.723458,59.748296],[150.57668,59.542565],[150.772045,59.562881],[150.500111,59.484764],[150.751367,59.487962],[150.757497,59.432507],[150.938761,59.45393],[150.914871,59.565007],[151.407103,59.604769],[151.679302,59.44323],[151.769537,59.357249],[151.735896,59.299765],[152.137436,59.305056],[152.324056,59.225905],[152.086815,59.145985],[151.10233,59.105657],[151.346981,58.836915],[152.068597,58.886475],[152.162099,58.983242],[152.396808,59.009111],[152.353308,59.061916],[152.548919,58.95092],[152.905584,58.906291],[153.016181,59.066635],[153.338076,59.088135],[153.268172,59.133911],[153.350261,59.150193],[153.373299,59.255364],[153.640201,59.190311],[153.774763,59.251579],[153.686369,59.183628],[154.0432,59.047233],[154.355071,59.108533],[154.331884,59.209014],[154.805915,59.127385],[154.830821,59.196457],[155.182277,59.174238],[155.136817,59.223036],[155.210534,59.346496],[154.971107,59.496321],[154.413705,59.55109],[154.534027,59.419241],[154.422318,59.368944],[154.390349,59.535744],[154.303249,59.438879],[154.130573,59.454998],[154.093781,59.413575],[154.074823,59.404775],[154.063692,59.408599],[154.127353,59.463798],[154.050802,59.526302],[154.146555,59.534707],[154.228649,59.664233],[154.372672,59.579704],[154.230557,59.732787],[154.212495,59.879796],[154.479697,59.885491],[154.411942,60.065763],[154.582616,60.104433],[154.501225,60.018651],[154.478156,59.945627],[154.484649,59.931434],[154.539168,60.058167],[154.871652,60.316426],[155.810799,60.727906],[155.906271,60.708633],[155.986853,60.908064],[155.930426,60.929039],[156.65341,61.199649],[156.679299,61.523438],[157.340868,61.678264],[157.434847,61.773618],[158.07917,61.730744],[158.270098,61.825549],[158.804091,61.813353],[158.889974,61.904576],[159.159094,61.921008],[159.397221,61.875733],[159.351676,61.817158],[159.472011,61.763242],[159.520227,61.8157],[159.576325,61.822591],[159.512889,61.708127],[159.575215,61.651319],[159.694856,61.72892],[159.898419,61.711656],[160.030943,61.845954],[160.247036,61.9206],[160.347039,61.923469],[160.355177,61.937621],[160.377151,61.938054],[160.410693,61.761248],[160.255291,61.69149],[160.322858,61.665888],[160.279531,61.555607],[159.881344,61.320647],[160.006582,61.288659],[159.818046,61.289906],[159.768405,61.23946],[159.938779,61.244868],[160.005094,61.106705],[159.790799,60.930637],[160.444145,61.033835],[160.336214,60.929584],[160.387065,60.905889],[160.176139,60.826278],[160.257193,60.769925],[160.145345,60.654916],[160.1673,60.574568],[160.426662,60.758182],[160.408373,60.701554],[160.686015,60.770921],[160.794311,60.718681],[160.912908,60.898965],[161.4499,61.12214],[161.45615,61.135629],[161.400008,61.153171],[161.398177,61.155177],[161.396768,61.165394],[161.581405,61.188104],[161.550539,61.255775],[161.783758,61.300302],[161.818838,61.378253],[161.897518,61.338793],[161.914858,61.359185],[161.891085,61.373036],[161.882858,61.416207],[161.889455,61.432115],[162.007272,61.383025],[162.387829,61.662304],[162.754113,61.591251],[162.622133,61.659201],[162.850628,61.70978],[162.942371,61.644085],[162.867127,61.624127],[162.853227,61.602472],[163.018778,61.513368],[163.115505,61.616334],[163.324712,61.658609],[163.336721,61.709977],[163.04276,61.768466],[162.966165,61.809322],[163.193402,62.059319],[163.105434,62.081054],[163.082092,62.22866],[163.370526,62.339364],[163.218534,62.421398],[163.141978,62.408534],[163.119308,62.418672],[163.09995,62.410467],[163.042879,62.413513],[163.040421,62.426589],[162.916309,62.435763],[162.874969,62.455584],[162.839352,62.45734],[162.803068,62.466907],[162.794761,62.473292],[162.776146,62.470982],[162.770409,62.471622],[162.770579,62.474004],[162.7961,62.473644],[162.844269,62.457877],[162.87309,62.457095],[162.920967,62.436586],[163.038392,62.428307],[163.046038,62.424196],[163.048927,62.413981],[163.121958,62.419279],[163.147493,62.411911],[163.401022,62.562267],[164.442695,62.694136],[165.091725,62.486577],[165.355234,62.481162],[165.587945,62.450887],[165.604916,62.439256],[165.754121,62.445009],[166.013087,62.435755],[166.02921,62.418307],[166.084005,62.43408],[166.202556,62.426948],[166.218029,62.467822],[166.429185,62.572383],[166.863896,62.587638],[166.843823,62.606219],[166.838664,62.624929],[166.921381,62.682639],[166.942102,62.68563],[166.978388,62.672111],[167.001481,62.676444],[167.013062,62.686895],[167.05094,62.697689],[167.040252,62.721218],[167.069014,62.78783],[167.161435,62.836341],[167.145869,62.849302],[167.116184,62.848625],[167.104969,62.853979],[167.112863,62.865596],[167.146847,62.878073],[167.157434,62.914475],[167.152977,62.875737],[167.107503,62.855056],[167.153053,62.849298],[167.166906,62.831836],[167.057393,62.694659],[166.995627,62.672558],[166.969677,62.670109],[166.974188,62.668293],[166.926184,62.682293],[166.868905,62.586875],[166.736624,62.544951],[166.428391,62.56833],[166.440458,62.538828],[166.255157,62.479334],[166.290819,62.485029],[166.225169,62.431213],[166.173586,62.420549],[166.02896,62.416088],[165.796231,62.441377],[165.632091,62.428146],[165.348442,62.475673],[165.0834,62.440688],[165.265895,62.383537],[165.391666,62.288146],[165.357982,62.235661],[165.301121,62.205943],[165.375794,62.288017],[165.276367,62.36608],[164.73508,62.455852],[164.237403,62.314081],[164.076864,62.095283],[164.062043,61.685208],[163.872099,61.651045],[163.750752,61.461915],[163.967571,61.422046],[164.025818,61.3392],[163.940225,61.223487],[163.487816,61.006488],[163.669542,60.947871],[163.679064,60.856466],[163.770479,60.843765],[163.787757,60.835203],[163.789389,60.830986],[163.40742,60.814504],[163.298654,60.728374],[163.304137,60.724033],[163.334528,60.725257],[163.35156,60.719174],[163.336263,60.686349],[163.291042,60.723123],[163.331219,60.798913],[162.964257,60.768396],[162.704158,60.607937],[161.944168,60.420284],[161.919281,60.204935],[161.578119,60.016828],[161.56805,60.05408],[161.491435,60.041537],[160.880345,59.619141],[160.495282,59.555429],[160.417819,59.398312],[159.864966,59.132115],[159.723989,58.987219],[159.721946,58.857427],[159.181648,58.520317],[159.273396,58.454449],[159.172796,58.512931],[158.21888,58.030179],[158.301366,58.035581],[158.554688,57.832031],[158.267596,58.022571],[157.67811,58.017249],[157.438712,57.790114],[157.12093,57.783173],[157.164509,57.758051],[157.185619,57.735746],[157.181919,57.724652],[157.003836,57.857133],[156.774904,57.727003],[156.997388,57.693758],[156.860533,57.712533],[156.970098,57.650723],[157.000124,57.431544],[156.717643,57.084177],[156.762269,57.090738],[156.814209,57.061722],[156.834024,57.038086],[156.831298,57.032499],[156.774568,57.022664],[156.826291,57.022393],[156.848179,57.014498],[156.840564,56.973377],[156.878623,56.956418],[156.886171,56.947411],[156.885732,56.935374],[156.903424,56.938294],[156.922688,56.930902],[156.923389,56.926483],[156.950601,56.90328],[156.959356,56.890437],[156.919648,56.928103],[156.881193,56.934405],[156.835033,56.976369],[156.846299,57.011433],[156.773384,57.019434],[156.778749,57.036225],[156.829815,57.037125],[156.757987,57.085351],[156.680143,57.029055],[156.665844,57.027677],[156.650254,57.038305],[156.676423,57.012095],[156.663468,56.983284],[156.637972,56.979997],[156.67423,57.012157],[156.638075,57.027443],[156.668335,57.057924],[156.553476,57.101871],[156.493378,56.971725],[156.05705,56.72708],[156.076425,56.659516],[156.025421,56.618444],[156.056049,56.609475],[156.06017,56.6047],[156.039348,56.588905],[156.074263,56.580866],[156.090165,56.573518],[156.091094,56.570572],[156.059848,56.553279],[156.014192,56.555091],[156.064869,56.548379],[156.068712,56.541624],[156.045498,56.512764],[156.068922,56.505442],[156.076704,56.491786],[156.096454,56.491658],[156.096314,56.501443],[156.103717,56.502148],[156.123019,56.491488],[156.120444,56.487079],[156.080373,56.489344],[156.044208,56.511479],[156.063432,56.547547],[156.008257,56.555961],[156.087075,56.571952],[156.032269,56.590538],[156.023489,56.619219],[156.05117,56.72928],[156.185276,56.83079],[155.997995,56.693219],[155.735835,56.111511],[155.8335,56.087109],[155.862167,56.072164],[155.739262,56.096354],[155.650615,55.967443],[155.552511,55.247943],[156.144272,52.852494],[156.204867,52.720117],[156.329296,52.489468],[156.199265,52.734375],[156.186597,52.765323],[156.202305,52.788661],[156.215095,52.733636],[156.285741,52.77719],[156.226962,52.695053],[156.315165,52.546314],[156.480437,52.514882],[156.377124,52.444096],[156.315998,52.532862],[156.436544,52.249336],[156.488541,51.944008],[156.475055,52.138546],[156.491957,52.145213],[156.520233,52.148936],[156.530373,52.146981],[156.572389,52.171927],[156.620938,52.186197],[156.641229,52.186177],[156.550999,52.150238],[156.48156,52.138589],[156.503254,51.763224],[156.481716,51.567687],[156.547524,51.285313],[156.712404,51.200417],[156.761852,51.06822],[156.668203,50.865169],[157.474412,51.35977],[157.565958,51.50276],[157.910026,51.629058],[158.046473,51.794392],[158.009181,51.787789],[157.969345,51.816167],[157.968181,51.824234],[158.105123,51.808303],[158.274454,51.96203],[158.327308,52.069361],[158.29804,52.102815],[158.319232,52.161226],[158.412331,52.169263],[158.367433,52.214246],[158.549888,52.290867],[158.483173,52.344062],[158.560696,52.416093],[158.398159,52.407173],[158.525886,52.531669],[158.390452,52.651369],[158.550041,52.626555],[158.601618,52.694332],[158.481258,52.773252],[158.646331,52.896949],[158.434786,52.892655],[158.420719,53.016413],[158.505783,53.034064],[158.501634,53.044886],[158.475845,53.051311],[158.470832,53.055378],[158.469294,53.062373],[158.46653,53.053627],[158.449927,53.052675],[158.416397,53.074791],[158.403896,53.1011],[158.419456,53.118805],[158.380629,53.137451],[158.375884,53.143822],[158.377537,53.149887],[158.408751,53.13659],[158.423115,53.11281],[158.406867,53.099103],[158.433419,53.089874],[158.415987,53.077368],[158.452027,53.053656],[158.469534,53.06358],[158.517588,53.044808],[158.521318,53.080041],[158.613192,53.049599],[158.703702,52.884534],[159.034385,53.085938],[159.577783,53.251886],[159.84579,53.274884],[159.743629,53.204508],[160.035992,53.098293],[160.03035,53.267415],[159.94614,53.211267],[159.902959,53.255951],[159.973648,53.326836],[159.844812,53.404272],[159.880767,53.487329],[159.772835,53.509946],[159.94671,53.475629],[159.914356,53.67014],[159.846234,53.667792],[159.899559,53.63397],[159.904883,53.576846],[159.823975,53.687672],[159.690854,53.745156],[159.688725,53.750311],[159.696277,53.754856],[159.69346,53.75862],[159.509212,53.711563],[159.475542,53.72486],[159.3337,53.709273],[159.324416,53.709257],[159.308123,53.716425],[159.644469,53.76866],[159.694605,53.759772],[159.722154,53.737929],[159.754957,53.739352],[159.865785,53.674897],[159.848145,53.824917],[159.994303,54.160464],[160.688329,54.508855],[161.077481,54.594059],[161.288239,54.482149],[161.715598,54.504968],[162.138021,54.751973],[162.154338,54.853049],[161.858654,55.066473],[161.738341,55.3956],[161.618254,55.3902],[161.599148,55.39289],[161.564444,55.404574],[161.56629,55.401686],[161.555302,55.411739],[161.73628,55.396753],[161.74297,55.552256],[162.082815,56.086356],[162.492717,56.22579],[161.911122,56.212729],[161.8147,56.255522],[161.72504,56.248635],[161.555681,56.298519],[161.478657,56.28257],[161.369908,56.319781],[161.62887,56.291266],[161.717479,56.252822],[161.811838,56.263329],[161.924681,56.22071],[162.198427,56.273188],[162.520173,56.224791],[162.602341,56.262403],[162.408178,56.389492],[162.709639,56.484686],[162.909803,56.419933],[163.00962,56.540487],[163.109582,56.492856],[162.50203,56.212862],[162.632157,56.223745],[162.810835,56.065482],[163.022845,56.005371],[163.361555,56.184008],[163.353882,56.325949],[163.249811,56.437264],[163.233548,56.740104],[162.922115,56.690085],[162.776946,56.774419],[162.852756,57.033342],[162.729144,57.250848],[162.782927,57.347804],[162.741384,57.329111],[162.690637,57.330666],[162.560463,57.353667],[162.534383,57.368695],[162.496704,57.352751],[162.461827,57.363606],[162.43214,57.339054],[162.426823,57.339037],[162.40364,57.344619],[162.394052,57.350909],[162.394055,57.35475],[162.396679,57.357244],[162.41981,57.359378],[162.422351,57.377406],[162.394206,57.362363],[162.368579,57.3614],[162.359993,57.36319],[162.422443,57.379036],[162.429313,57.340414],[162.460948,57.365204],[162.541611,57.36991],[162.696191,57.332397],[162.784176,57.350504],[163.0966,57.483975],[163.321477,57.725662],[163.212488,57.818456],[162.698599,57.950008],[162.508467,57.886944],[162.531306,57.751297],[162.347131,57.662687],[162.278814,57.731442],[162.350363,57.674925],[162.449697,57.740218],[162.401063,57.777151],[162.482963,57.772455],[162.149516,57.840337],[162.204342,57.770637],[162.097307,57.770401],[162.049476,57.827607],[162.136727,57.843273],[161.994713,58.024513],[161.98663,57.970384],[162.002786,57.969242],[162.000417,57.927059],[161.8979,57.97428],[161.982219,58.003454],[161.983706,58.131978],[161.950514,58.153115],[161.949923,58.162767],[161.959068,58.167115],[161.943266,58.170208],[161.936906,58.182404],[161.923652,58.183594],[161.911153,58.204663],[161.892953,58.18001],[161.840513,58.172562],[161.849537,58.16601],[161.845091,58.16215],[161.837844,58.160895],[161.824604,58.164945],[161.823778,58.174867],[161.91068,58.205915],[161.93547,58.193087],[161.924994,58.184521],[161.939213,58.183737],[161.961346,58.167573],[161.986577,58.131248],[161.990647,58.065105],[162.159184,58.402236],[162.615537,58.774171],[162.460166,58.707072],[162.406823,58.710938],[162.358262,58.754957],[162.466285,58.710794],[162.554108,58.787345],[162.632189,58.776274],[162.794872,58.836819],[162.682649,58.861895],[162.902902,58.968988],[162.99138,58.941851],[162.870605,58.926309],[162.844167,58.885092],[162.878948,58.913438],[163.013478,58.944224],[163.064999,58.979488],[162.901418,59.118949],[163.005623,59.142615],[162.958106,59.161276],[162.930078,59.189051],[162.897507,59.183345],[162.883885,59.187835],[162.879803,59.195121],[163.045081,59.182332],[163.225596,59.040853],[163.233381,59.135623],[163.074053,59.246141],[163.33857,59.284192],[163.283754,59.221044],[163.343776,59.27358],[163.341033,59.379334],[163.202817,59.506234],[163.19818,59.481676],[163.112129,59.485849],[163.416049,59.620469],[163.369831,59.736989],[163.431033,59.833972],[163.704698,59.86969],[163.835791,59.992323],[163.697907,59.956216],[163.639222,59.987517],[163.641499,60.02162],[164.217382,59.989624],[164.065024,59.894914],[164.202886,59.852091],[164.100632,59.89999],[164.343989,59.992885],[164.311233,60.072654],[164.482356,60.101776],[164.714091,59.99688],[164.837526,59.782263],[165.214875,59.986189],[165.161758,60.079118],[165.025218,60.05177],[165.012461,60.103469],[165.177096,60.141852],[165.211137,60.084609],[165.491306,60.191928],[165.433044,60.206727],[165.436241,60.263276],[165.495649,60.315358],[165.679715,60.388161],[165.44861,60.26943],[165.45507,60.207636],[165.762675,60.264355],[166.001446,60.359654],[166.092947,60.431197],[165.992516,60.361424],[165.914944,60.340281],[165.99752,60.419026],[166.373009,60.46875],[166.380552,60.401803],[166.257892,60.394349],[166.313072,60.194356],[166.208006,60.127243],[166.08982,59.812281],[166.285141,59.810905],[166.861062,60.214272],[166.816649,60.216139],[166.789114,60.227497],[167.072684,60.305982],[167.004278,60.415013],[167.22913,60.338223],[167.398904,60.391018],[167.360809,60.454607],[167.462193,60.406044],[167.787591,60.46875],[167.776525,60.520807],[167.793972,60.539863],[167.826622,60.544435],[167.813301,60.5536],[167.834345,60.54189],[167.792436,60.535694],[167.874324,60.502141],[168.443407,60.597903],[168.715335,60.540804],[169.224827,60.546959],[168.839713,60.56952],[169.228296,60.556477],[169.22061,60.636582],[169.407029,60.559217],[169.271399,60.537807],[169.572195,60.449021],[169.607437,60.460833],[169.715745,60.446664],[169.710987,60.444167],[169.744604,60.457831],[169.75532,60.458107],[169.760766,60.461839],[169.753372,60.456554],[169.799924,60.46673],[169.836697,60.466356],[169.821105,60.499861],[169.821201,60.506396],[169.826518,60.51663],[169.872505,60.525846],[169.850192,60.540707],[169.799878,60.54495],[169.795195,60.548961],[169.851795,60.598191],[169.796322,60.548707],[169.855116,60.540969],[169.873637,60.528199],[169.872813,60.520121],[169.822948,60.506328],[169.838388,60.465798],[169.71189,60.443015],[169.620613,60.446118],[169.687131,60.422199],[169.72491,60.435907],[169.731637,60.435629],[169.737556,60.43395],[169.687099,60.420542],[169.648182,60.434569],[169.58383,60.447918],[169.743185,60.391582],[169.787571,60.26487],[169.87726,60.22549],[169.907998,60.25291],[170.039373,60.226587],[169.870496,60.218247],[169.957784,60.072925],[170.315266,59.927588],[170.463712,60.057991],[170.474899,60.169807],[170.389559,60.205332],[170.49909,60.242671],[170.430688,60.293386],[170.534829,60.264496],[170.51123,60.247349],[170.484284,60.20913],[170.471552,60.179255],[170.47442,60.170716],[170.690556,60.314291],[170.643047,60.409376],[171.628985,60.716969],[171.626952,60.78507],[171.715316,60.84668],[171.742633,60.853866],[171.774764,60.855611],[171.746478,60.857762],[171.712291,60.851877],[171.687815,60.888853],[171.732239,60.948482],[171.732835,60.86186],[171.808769,60.900066],[171.794018,60.852558],[171.724826,60.848994],[171.708828,60.832626],[171.995605,60.886997],[172.074019,60.83746],[172.216852,60.967255],[172.009392,61.085904],[172.27831,61.004865],[172.48389,61.050373],[172.401561,61.044727],[172.405248,61.110067],[172.310001,61.100107],[172.241239,61.130674],[172.445064,61.131647],[172.330352,61.228385],[172.650518,61.166633],[172.97153,61.284753],[172.941498,61.341385],[172.698359,61.409974],[172.6892,61.41902],[172.695168,61.425338],[172.667976,61.428878],[172.672807,61.435802],[172.90643,61.462778],[172.854584,61.465399],[172.808829,61.485325],[172.832241,61.48685],[172.900628,61.474594],[173.009693,61.404091],[173.122364,61.385914],[173.310911,61.45499],[173.308817,61.550755],[173.493993,61.542894],[173.522246,61.722356],[173.490851,61.709232],[173.497596,61.730669],[173.470539,61.744841],[173.467083,61.752718],[173.484578,61.763203],[173.418381,61.771084],[173.441629,61.768947],[173.419533,61.780884],[173.422225,61.793129],[173.411623,61.796238],[173.386097,61.809573],[173.383887,61.821308],[173.486614,61.764743],[173.503602,61.733022],[173.485307,61.773002],[173.529323,61.737681],[173.551293,61.764767],[173.568531,61.767028],[173.582721,61.766255],[173.600707,61.763122],[173.60939,61.765764],[173.597829,61.773918],[173.605524,61.781401],[173.590065,61.782101],[173.582376,61.783985],[173.573264,61.796809],[173.59529,61.795861],[173.583481,61.78485],[173.607681,61.781106],[173.612857,61.765937],[173.526168,61.723278],[173.834815,61.644702],[174.137078,61.777722],[174.031881,61.776109],[174.093972,61.816472],[174.054012,61.836834],[174.032487,61.837314],[174.023021,61.839311],[174.017933,61.842178],[174.016115,61.845061],[174.009068,61.845624],[174.016532,61.845903],[174.023192,61.840412],[174.060297,61.836869],[174.024923,61.844993],[173.973547,61.874475],[173.965745,61.880746],[173.962805,61.892218],[173.956029,61.897071],[173.951388,61.909019],[173.953858,61.912518],[174.236285,61.803995],[174.141435,61.77916],[174.583136,61.820778],[174.762911,61.893887],[174.631019,61.975606],[174.865478,61.935676],[174.76296,61.896514],[174.767881,61.894442],[175.255585,62.026971],[175.258099,62.168989],[175.296083,62.094955],[175.414678,62.106796],[175.306254,62.061384],[175.283172,62.046628],[177.018227,62.526464],[176.892725,62.509925],[176.914758,62.516428],[177.626734,62.587384],[179.154389,62.286966],[179.137246,62.455786],[179.409716,62.496145],[179.632461,62.68764],[179.565655,62.838628],[179.351993,62.883752],[179.270071,62.987266],[179.462489,63.054632],[179.453153,63.115281],[178.884078,63.443854],[178.796392,63.60064],[178.783904,63.740058],[178.700459,63.945076],[178.681511,63.982165],[178.65595,64.017184],[178.700196,63.930871],[178.401167,63.976779],[178.028586,63.913649],[178.09042,63.922354],[178.097955,63.92071],[178.102766,63.916048],[178.110014,63.916279],[177.938381,63.832906],[177.847062,63.832987],[177.891002,63.806408],[177.8389,63.825202],[177.842836,63.838826],[177.864811,63.84497],[177.950444,63.843694],[177.97072,63.91181],[178.456003,64.023837],[178.413354,64.034742],[178.649532,64.02248],[178.288861,64.394957],[178.232599,64.433404],[178.33297,64.324677],[178.119953,64.227808],[178.162888,64.194667],[178.22812,64.187202],[178.252777,64.175638],[178.262594,64.160686],[178.297568,64.16608],[178.32346,64.154673],[178.330488,64.14641],[178.288173,64.119179],[178.266029,64.119727],[178.246727,64.123966],[178.260555,64.111145],[178.260557,64.107592],[178.253158,64.10183],[178.176138,64.095279],[178.173969,64.088336],[178.193532,64.079269],[178.196249,64.070485],[178.193353,64.065969],[178.181602,64.060724],[178.192418,64.073442],[178.171721,64.088621],[178.174642,64.096151],[178.253109,64.103227],[178.24592,64.12509],[178.327309,64.148812],[177.888654,64.226795],[177.621553,64.348324],[177.633031,64.316232],[177.628869,64.300639],[177.414531,64.507659],[177.537262,64.735145],[177.088794,64.705651],[176.830692,64.554455],[176.730577,64.52412],[176.726189,64.592782],[176.552255,64.66623],[176.242572,64.606755],[176.040277,64.41468],[176.374716,64.306436],[176.40657,64.249789],[176.321951,64.280592],[176.338593,64.26347],[176.335071,64.249665],[176.296317,64.246992],[176.285466,64.235534],[176.248191,64.229456],[176.246115,64.224358],[176.26579,64.221437],[176.267508,64.217815],[176.23688,64.208706],[176.25633,64.201336],[176.2573,64.198829],[176.255788,64.197755],[176.250612,64.196761],[176.234442,64.199606],[176.224479,64.195021],[176.2503,64.193609],[176.258855,64.191771],[176.264019,64.188176],[176.262699,64.184288],[176.257876,64.182523],[176.23303,64.183285],[176.225168,64.176515],[176.236807,64.141565],[176.223172,64.178155],[176.235005,64.184681],[176.262655,64.18508],[176.22264,64.19354],[176.244698,64.228097],[176.334445,64.264271],[175.9939,64.39467],[176.189895,64.60902],[176.439505,64.685707],[176.167597,64.892498],[175.701945,64.732323],[174.844577,64.678827],[174.710689,64.455248],[174.597734,64.408402],[174.266129,64.398221],[174.156001,64.462319],[174.160555,64.44551],[174.056938,64.399153],[174.146086,64.458919],[174.045743,64.460135],[174.112335,64.535517],[174.464483,64.555784],[174.338745,64.566684],[174.351745,64.692858],[174.234646,64.742824],[174.135762,64.720173],[173.907153,64.724657],[173.883553,64.734607],[173.853153,64.736382],[173.85009,64.739107],[173.850377,64.752463],[173.889005,64.769188],[173.863573,64.793606],[173.81882,64.790265],[173.771906,64.79983],[173.863568,64.795283],[173.892921,64.768874],[173.853037,64.739316],[173.882299,64.735908],[173.912585,64.724946],[174.198828,64.747204],[174.117039,64.758146],[174.100224,64.762855],[174.087039,64.770434],[173.925016,64.941127],[173.818818,64.979706],[173.665863,64.986993],[173.582395,65.015378],[173.634669,65.002337],[173.547477,65.091792],[173.707038,65.264521],[173.562332,65.287937],[173.529065,65.297739],[173.494827,65.312136],[173.600583,65.287252],[173.452448,65.356551],[173.294333,65.500172],[173.377237,65.437413],[173.409021,65.480424],[173.269582,65.509956],[172.990389,65.467274],[172.863249,65.322715],[172.623426,65.22303],[172.523397,65.204321],[172.392847,65.218555],[172.338321,65.127228],[172.312317,65.119097],[172.265262,65.131769],[172.246485,65.121603],[172.240774,65.124014],[172.259291,65.101391],[172.247125,65.079458],[171.751252,64.889203],[171.697245,64.879816],[171.642228,64.879527],[171.591084,64.884196],[171.616972,64.865065],[171.61518,64.849846],[171.607604,64.844562],[171.46147,64.82941],[171.539956,64.823891],[171.551195,64.819676],[171.566344,64.807579],[171.558799,64.796355],[171.413607,64.767397],[171.56309,64.803128],[171.475522,64.819239],[171.459513,64.829153],[171.467616,64.837562],[171.591798,64.885876],[171.740322,64.889847],[172.249695,65.102282],[172.236311,65.118498],[172.176831,65.128109],[172.169021,65.141111],[172.322004,65.126395],[172.374438,65.219836],[172.803565,65.315204],[172.989686,65.475579],[173.284107,65.513714],[173.409961,65.484952],[173.43286,65.420408],[173.627169,65.375965],[173.637916,65.315219],[173.730638,65.307849],[173.727663,65.228272],[173.585376,65.09821],[173.648958,65.097324],[173.585376,65.079071],[173.628121,65.017945],[173.890358,64.976066],[173.990479,64.939023],[174.13039,64.770501],[174.322943,64.733458],[174.529104,64.658768],[175.728073,64.749009],[176.056332,64.937693],[176.449231,64.795228],[176.684743,64.854947],[177.076982,64.752821],[177.343612,64.808244],[177.009366,65.036015],[176.669632,64.975423],[176.333388,65.024736],[176.421382,65.038479],[176.387706,65.087059],[176.479828,65.181272],[176.578658,65.195259],[176.667241,65.186154],[176.40911,65.072191],[176.604319,65.004874],[176.950896,65.067869],[177.219271,65.008034],[177.27242,64.916481],[177.587817,64.929635],[177.481138,64.852805],[177.491719,64.843398],[177.550363,64.845957],[177.577515,64.835886],[177.406299,64.814784],[177.554087,64.797501],[177.632863,64.696252],[178.831102,64.659699],[178.553005,64.560532],[179.13706,64.760015],[179.512497,64.796429],[179.860479,65.001933],[180.332039,65.139281],[180.462394,65.237818],[180.518837,65.413929],[180.467411,65.390625],[180.361799,65.399782],[180.328643,65.413787],[180.198696,65.38134],[180.154748,65.397525],[180.134371,65.37993],[180.045154,65.361526],[180.128209,65.296971],[180.0,65.36026],[180.144348,65.399524],[180.305782,65.418842],[180.454289,65.393706],[180.455967,65.407644],[180.556965,65.443937],[180.526815,65.416969],[180.72806,65.527422],[180.66165,65.569595],[180.725662,65.630281],[180.539619,65.629855],[180.239701,65.773604],[180.295278,65.802219],[180.204882,65.944654],[180.249803,66.099299],[180.363433,66.173657],[180.469178,66.121529],[180.362226,66.110847],[180.703125,66.12779],[180.80394,66.1944],[180.603175,66.319301],[180.839035,66.263363],[180.930259,66.367487],[180.955693,66.267732],[180.892395,66.250138],[181.156539,66.156552],[181.474563,66.392875],[181.549094,66.356667],[181.518936,66.132959],[181.339568,66.090587],[181.248084,65.977476],[181.076067,66.041406],[181.178814,65.941807],[181.117806,65.908622],[181.595172,65.701781],[181.457894,65.514066],[181.466852,65.489641],[182.569635,65.467408],[182.678712,65.486884],[182.820696,65.571797],[182.850168,65.583571],[182.891359,65.589714],[182.904179,65.600968],[182.933176,65.602999],[182.996765,65.642688],[183.082075,65.668365],[183.133845,65.657592],[183.013686,65.646039],[183.015141,65.633068],[183.191442,65.609472],[183.200204,65.593749],[182.980131,65.617896],[183.006085,65.606702],[182.925392,65.601218],[182.901323,65.589624],[182.858714,65.583759],[182.84185,65.579458],[182.839841,65.576511],[184.032207,65.480165],[183.956268,65.448145],[184.084,65.409769],[184.14135,65.281318],[183.957382,65.399276],[184.266991,65.139928],[184.108866,65.000892],[184.645252,64.830167],[184.570312,64.774274],[185.217082,64.763778],[185.935101,64.539666],[186.007541,64.414902],[186.369878,64.312997],[186.700865,64.43573],[186.721224,64.478351],[186.63596,64.584669],[186.657336,64.603018],[186.78404,64.521052],[186.745785,64.416392],[186.811513,64.442137],[186.8444,64.437982],[186.645015,64.372862],[186.628217,64.294429],[186.877034,64.231607],[187.163994,64.299993],[187.209946,64.426814],[186.981591,64.43866],[187.038543,64.490126],[187.239359,64.506951],[187.275023,64.39801],[187.408248,64.371959],[187.770278,64.403573],[187.572551,64.544451],[187.228674,64.611942],[187.03125,64.568917],[187.174599,64.656111],[186.934092,64.651489],[187.259997,64.760735],[187.088991,64.837612],[186.889474,64.757277],[186.814777,64.773249],[187.040055,64.86296],[187.240133,64.832899],[187.611374,64.922817],[187.916695,65.085114],[187.766474,65.207391],[187.759193,65.217266],[187.770846,65.224411],[187.294272,65.202729],[187.397188,65.265659],[187.734375,65.260045],[187.798465,65.206076],[187.791131,65.336934],[187.918611,65.484445],[187.643803,65.422293],[187.557311,65.465468],[187.721999,65.458262],[187.599878,65.533209],[187.643986,65.575089],[187.367936,65.614438],[187.364142,65.663196],[187.235669,65.667744],[187.162762,65.68718],[187.182277,65.699403],[187.685112,65.676898],[187.790983,65.584938],[187.743211,65.54481],[188.260937,65.512207],[187.93025,65.475757],[188.796283,65.542734],[188.954414,65.466323],[189.020748,65.587746],[188.766506,65.645821],[188.670722,65.716287],[188.741265,65.721002],[188.603318,65.75737],[188.581475,65.815635],[188.516986,65.826376],[188.510775,65.841649],[188.762187,65.767039],[188.822052,65.703454],[189.417797,65.604877],[189.525474,65.804942],[189.407121,65.840358],[189.579982,65.934837],[189.99065,66.04661],[190.277249,66.004737],[190.347203,66.077727],[190.272441,66.152511],[189.830812,66.135955],[189.653326,66.187258],[189.968742,66.189679],[189.727683,66.297265],[189.430393,66.217177],[189.387517,66.240724],[189.277635,66.238101],[189.231735,66.250514],[189.15231,66.27846],[189.463962,66.232222],[189.651481,66.308854],[188.948825,66.557795],[188.776127,66.484482],[188.588942,66.498278],[188.602775,66.492277],[188.600142,66.482561],[188.586623,66.480981],[188.56912,66.487866],[188.549258,66.480027],[188.587341,66.45707],[188.589679,66.447465],[188.579695,66.435784],[188.539384,66.424722],[188.516141,66.425123],[188.519696,66.415665],[188.495087,66.410943],[188.504084,66.399386],[188.499051,66.396561],[188.490986,66.396257],[188.49408,66.412251],[188.517665,66.416109],[188.512234,66.426039],[188.577591,66.436074],[188.546033,66.481157],[188.587677,66.499773],[188.919371,66.56286],[195.454731,66.56286],[195.010419,66.373517],[194.959934,66.429257],[194.614378,66.410638],[194.124695,66.240066],[194.147435,66.212772],[194.30309,66.203213],[194.568191,66.136088],[194.576259,66.119517],[194.584327,66.119838],[194.590992,66.123205],[194.596919,66.123593],[194.627484,66.120551],[194.634891,66.111659],[194.681668,66.113099],[194.685673,66.129731],[194.695246,66.115606],[194.683009,66.112781],[194.638746,66.110601],[194.575512,66.118348],[194.459114,66.157352],[193.907989,66.109281],[193.752831,66.170033],[193.014258,65.964494],[193.076048,65.95231],[193.05661,65.954109],[193.117006,65.938628],[193.125332,65.927988],[193.140608,65.927314],[193.15687,65.920619],[193.15589,65.917777],[192.818869,65.832869],[192.736358,65.902125],[192.415511,65.792891],[192.487273,65.72552],[191.931903,65.643365],[192.274476,65.778456],[191.884651,65.663385],[191.932697,65.576823],[192.536731,65.413658],[193.963635,65.244897],[193.63806,65.266331],[193.4523,65.117278],[193.049712,65.162181],[193.6145,64.886902],[193.521914,64.734689],[193.780399,64.582138],[194.989489,64.433813],[195.141142,64.456922],[195.047928,64.484023],[195.078039,64.524529],[195.040384,64.51054],[194.994889,64.537727],[195.067224,64.553842],[195.113478,64.474723],[195.565743,64.564247],[196.350592,64.568263],[196.850219,64.397575],[196.969593,64.512723],[196.614972,64.580345],[196.870744,64.656205],[196.955366,64.540173],[197.163743,64.490466],[197.212159,64.324546],[197.370079,64.386581],[197.457255,64.531779],[198.327619,64.786065],[198.209636,64.808505],[198.238504,64.844236],[198.249959,64.849404],[198.252319,64.847146],[198.261278,64.847604],[198.282877,64.841546],[198.291617,64.847857],[198.289451,64.851878],[198.2692,64.851498],[198.252626,64.857589],[198.252024,64.861139],[198.257815,64.864148],[198.254578,64.857841],[198.293751,64.851683],[198.293574,64.846424],[198.289952,64.842172],[198.277216,64.840689],[198.255765,64.846724],[198.237979,64.832448],[198.24647,64.828369],[198.282189,64.828712],[198.288895,64.825372],[198.301875,64.829269],[198.315547,64.827861],[198.329398,64.832648],[198.332584,64.830728],[198.227025,64.809991],[198.298434,64.809118],[198.466229,64.738047],[198.825967,64.928106],[199.054427,64.823141],[199.164735,64.851508],[199.096641,64.823128],[199.218464,64.714386],[199.199597,64.612591],[198.910613,64.540463],[199.006436,64.517689],[198.925375,64.4923],[198.606276,64.530514],[198.468153,64.416163],[198.800649,64.414836],[198.725862,64.390815],[199.0413,64.218055],[199.062002,64.054379],[199.20444,63.873468],[199.217495,63.894064],[199.217348,63.872522],[199.262806,63.875247],[199.292692,63.8608],[199.308036,63.861791],[199.313392,63.871021],[199.338498,63.875944],[199.352634,63.869537],[199.257223,63.844399],[199.210983,63.869542],[199.22036,63.756845],[198.860714,63.502209],[197.83339,63.404917],[197.993622,63.484379],[197.686102,63.541224],[197.728102,63.486472],[197.574645,63.402765],[197.606529,63.409383],[197.612708,63.395644],[197.650944,63.40036],[197.732216,63.376073],[197.580064,63.396652],[197.552618,63.367212],[197.568812,63.365666],[197.565413,63.356056],[197.588349,63.355676],[197.598602,63.353555],[197.609833,63.33815],[197.607228,63.334248],[197.603196,63.332985],[197.585408,63.336939],[197.585138,63.32431],[197.573879,63.318819],[197.577857,63.313847],[197.604478,63.319166],[197.616251,63.319721],[197.619861,63.318218],[197.62001,63.316585],[197.613632,63.311332],[197.619604,63.317669],[197.599524,63.31329],[197.582166,63.312568],[197.57509,63.314314],[197.545818,63.370845],[197.41208,63.270863],[197.437081,63.268435],[197.440026,63.27194],[197.430426,63.277475],[197.429951,63.281364],[197.433923,63.283553],[197.446221,63.285369],[197.492225,63.284246],[197.499491,63.274583],[197.172766,63.203674],[196.956922,63.061657],[196.664112,63.03281],[196.715692,62.983676],[196.464339,63.103727],[196.514858,63.110968],[196.439972,63.104637],[196.381352,63.066843],[196.440478,63.136023],[196.299093,63.100492],[196.317564,63.115093],[196.187028,63.116877],[196.089048,63.084851],[196.052627,63.083742],[196.030392,63.089654],[195.863902,62.995058],[195.946965,63.067931],[196.024622,63.090339],[196.092167,63.087088],[196.155534,63.115569],[196.174188,63.217119],[195.593876,63.216149],[195.413423,63.121662],[195.416748,63.071194],[195.519691,63.056903],[195.479897,63.04874],[195.549691,63.003485],[195.580079,63.010492],[195.599663,63.007214],[195.625059,62.988786],[195.62522,62.98367],[195.598997,62.967312],[195.608715,62.960734],[195.316683,63.020742],[195.232595,62.954212],[195.422516,62.878477],[195.426644,62.864728],[195.423861,62.85563],[195.225213,62.953674],[195.146145,62.817587],[195.181256,62.796856],[195.253342,62.792213],[195.116058,62.784882],[195.131548,62.724095],[195.170029,62.715061],[195.154785,62.690712],[195.168274,62.648178],[195.193497,62.614441],[195.292664,62.617962],[195.138351,62.570438],[195.215475,62.574735],[195.161451,62.47893],[195.314248,62.466006],[195.392253,62.508259],[195.375758,62.539788],[195.401673,62.557632],[195.427118,62.561184],[195.370844,62.585248],[195.389223,62.594593],[195.417502,62.603374],[195.424197,62.60302],[195.386536,62.591958],[195.431435,62.562412],[195.390355,62.501913],[195.455674,62.510287],[195.457782,62.511964],[195.449705,62.517126],[195.450366,62.519696],[195.476132,62.521675],[195.474265,62.524491],[195.454349,62.52628],[195.448013,62.528924],[195.460843,62.528606],[195.457571,62.536711],[195.482164,62.547251],[195.451102,62.550308],[195.445088,62.552797],[195.444411,62.554959],[195.446151,62.557345],[195.448694,62.55783],[195.468096,62.555114],[195.456804,62.561003],[195.470094,62.56308],[195.45772,62.565285],[195.455152,62.568046],[195.480555,62.581605],[195.51479,62.558056],[195.462314,62.52839],[195.449886,62.52879],[195.473559,62.526205],[195.477776,62.5231],[195.441524,62.480816],[195.460266,62.48738],[195.461478,62.501284],[195.472546,62.509585],[195.48184,62.511547],[195.463155,62.48702],[195.423348,62.475139],[195.468312,62.390292],[195.35602,62.420599],[195.321178,62.380695],[195.273427,62.365352],[195.233585,62.37262],[195.235342,62.356987],[195.20915,62.348974],[195.223103,62.34043],[195.221157,62.33676],[195.207376,62.349552],[195.232464,62.373458],[195.333564,62.398979],[195.305691,62.440797],[195.14431,62.471225],[195.157472,62.532269],[194.967995,62.540151],[194.658908,62.351383],[194.67615,62.33417],[194.71206,62.338774],[194.701233,62.355349],[194.711691,62.36189],[194.733485,62.367178],[194.752397,62.366086],[194.79276,62.35092],[194.824274,62.352414],[194.836612,62.345872],[194.844216,62.330539],[194.791896,62.319356],[194.822047,62.301608],[194.860361,62.302281],[194.902735,62.285523],[194.935311,62.316851],[195.006496,62.305364],[195.032107,62.281713],[195.004192,62.270552],[195.035171,62.259428],[195.033636,62.256025],[195.027863,62.252828],[195.00684,62.252102],[195.018286,62.241705],[195.04911,62.243669],[195.037075,62.251463],[195.04263,62.260191],[195.050369,62.264007],[195.140865,62.262619],[194.970653,62.226607],[195.013749,62.198049],[195.002341,62.155709],[195.09761,62.157125],[195.111758,62.132959],[195.095731,62.126307],[195.062248,62.12876],[195.043515,62.120364],[195.078668,62.108299],[195.089558,62.088844],[195.04925,62.063164],[194.997311,62.058699],[195.126633,62.018106],[194.992182,62.05857],[195.084621,62.090171],[195.038298,62.11914],[195.055813,62.13143],[195.106611,62.138574],[194.993414,62.145818],[194.90364,62.220396],[195.004942,62.291086],[194.895548,62.278922],[194.812386,62.300281],[194.789302,62.318807],[194.828909,62.348778],[194.788857,62.349866],[194.736673,62.365982],[194.713685,62.337826],[194.687067,62.33347],[194.665468,62.333543],[194.643252,62.357414],[194.329654,62.154014],[194.240535,62.006063],[194.382147,61.847341],[194.459307,61.864087],[194.499138,61.856949],[194.505013,61.843252],[194.527313,61.843389],[194.529518,61.874114],[194.532579,61.844659],[194.564043,61.844515],[194.56874,61.841876],[194.570446,61.836983],[194.581943,61.837963],[194.587314,61.836616],[194.620003,61.819257],[194.624625,61.830761],[194.630922,61.83312],[194.636747,61.832575],[194.651602,61.822787],[194.657837,61.823783],[194.665796,61.831046],[194.674261,61.833323],[194.679824,61.832449],[194.688506,61.823716],[194.69635,61.823563],[194.621186,61.817674],[194.567634,61.833274],[194.563983,61.843528],[194.507059,61.84129],[194.457497,61.862704],[194.21327,61.812217],[193.905197,61.814677],[193.988082,61.721437],[194.190196,61.684796],[193.836171,61.653788],[193.817647,61.563722],[193.904393,61.49143],[194.14008,61.532027],[194.269668,61.482576],[194.216651,61.451067],[194.28451,61.390915],[194.457503,61.446069],[194.510049,61.454261],[194.551058,61.451379],[194.476443,61.438521],[194.573283,61.429243],[194.525879,61.3981],[194.593524,61.338508],[194.346712,61.327337],[194.46093,61.088815],[194.563274,61.085616],[194.528684,61.128627],[194.532179,61.132259],[194.547425,61.133739],[194.560773,61.125435],[194.560305,61.134047],[194.565209,61.14233],[194.633191,61.081459],[194.677597,61.174536],[194.860828,61.155851],[194.849154,61.195651],[194.933375,61.212189],[194.888473,61.215926],[194.864018,61.246804],[194.862674,61.253479],[194.893424,61.269422],[194.914668,61.273559],[194.919208,61.270824],[194.935034,61.226344],[194.950156,61.227046],[194.963976,61.245524],[194.981606,61.252203],[194.994163,61.249028],[195.006033,61.230033],[195.039187,61.227178],[195.010725,61.256369],[195.048558,61.300878],[195.081248,61.307522],[195.098185,61.305944],[195.116049,61.277372],[195.119756,61.294209],[195.176565,61.308672],[195.126762,61.311679],[195.11632,61.315569],[195.119585,61.327372],[195.17836,61.338476],[195.18573,61.337397],[195.188128,61.33463],[195.183567,61.322055],[195.205984,61.309562],[195.219727,61.325303],[195.22628,61.325599],[195.241356,61.320207],[195.118633,61.275949],[195.049818,61.299249],[195.049646,61.227041],[194.932521,61.224977],[194.913159,61.27068],[194.868042,61.25194],[194.938686,61.209358],[194.881831,61.151417],[194.947975,61.160977],[194.948503,61.148009],[194.813486,61.125189],[194.853849,61.101075],[194.894034,61.113796],[194.943075,61.099365],[194.966988,61.137413],[194.98746,61.138582],[195.015,61.133088],[195.003358,61.147519],[195.043205,61.164366],[195.081982,61.16903],[195.049245,61.175811],[195.047547,61.179034],[195.051355,61.182023],[195.103007,61.195081],[195.109117,61.194209],[195.117188,61.185547],[195.057727,61.183562],[195.04878,61.178158],[195.083034,61.170313],[195.08319,61.167929],[194.945883,61.096344],[194.874701,61.08891],[194.983566,61.051162],[195.019347,61.108674],[195.224072,61.149101],[195.339848,61.126303],[195.267378,61.165123],[195.279269,61.170732],[195.317548,61.165521],[195.384687,61.187589],[195.38063,61.203509],[195.390319,61.221749],[195.364408,61.209548],[195.355405,61.210137],[195.346034,61.214394],[195.340301,61.229449],[195.305662,61.226316],[195.291962,61.240952],[195.311698,61.255511],[195.354774,61.245956],[195.367564,61.260206],[195.339893,61.269501],[195.336977,61.28081],[195.382203,61.296446],[195.242551,61.320109],[195.398469,61.327759],[195.410124,61.327433],[195.412967,61.324099],[195.40961,61.303891],[195.431738,61.311358],[195.458475,61.314201],[195.443486,61.342229],[195.452377,61.356432],[195.466207,61.359844],[195.48465,61.345904],[195.501174,61.354223],[195.447866,61.380406],[195.444203,61.415878],[195.614073,61.497244],[195.635176,61.435023],[195.453675,61.41641],[195.506338,61.352284],[195.460829,61.312358],[195.40921,61.303046],[195.371668,61.322655],[195.387406,61.29059],[195.339947,61.273046],[195.377301,61.264547],[195.373492,61.256661],[195.349768,61.241763],[195.296275,61.24176],[195.382272,61.239939],[195.400633,61.218061],[195.389359,61.166965],[195.374413,61.177699],[195.318243,61.161937],[195.275459,61.16601],[195.334128,61.137239],[195.344605,61.128209],[195.341179,61.122157],[195.216197,61.141775],[195.155219,61.049149],[195.060515,61.10202],[195.09252,60.995763],[194.881812,61.01411],[194.819237,60.949021],[195.190505,60.893627],[195.363879,60.944268],[195.465225,60.846993],[196.235672,60.851313],[196.585675,60.727204],[196.240073,60.574381],[196.182304,60.62273],[196.218471,60.754492],[196.000227,60.769893],[195.892674,60.667828],[195.51491,60.559145],[195.574195,60.51654],[195.568498,60.477073],[195.427058,60.457549],[195.46895,60.386763],[195.377442,60.372623],[195.333073,60.286814],[195.612985,60.076666],[195.957102,60.026842],[195.871122,59.979727],[195.923291,59.974111],[195.94296,59.93891],[195.952194,59.939855],[195.937459,59.955077],[195.945262,59.964702],[195.990835,59.978313],[196.072307,59.970804],[196.076821,59.944559],[196.105161,59.96565],[196.125814,59.962931],[196.130183,59.982333],[196.145399,59.98737],[196.251279,59.979693],[196.257376,59.977242],[196.260785,59.971437],[196.256295,59.966581],[196.269464,59.963411],[196.257965,59.953823],[196.262954,59.955919],[196.299381,59.954906],[196.30165,59.976413],[196.313696,59.978568],[196.321531,59.972857],[196.300498,59.95296],[196.250203,59.951799],[196.148134,59.986658],[196.12753,59.961342],[196.081993,59.943772],[196.069167,59.943672],[196.062517,59.948735],[196.070178,59.969744],[195.992582,59.975197],[195.954225,59.936476],[195.779636,59.944557],[195.940785,59.82232],[196.624551,59.814499],[197.458461,59.981636],[197.545643,60.193343],[197.401602,60.245458],[197.355978,60.243019],[197.35142,60.233031],[197.328599,60.232337],[197.34041,60.227228],[197.346233,60.206044],[197.342088,60.202042],[197.333863,60.201919],[197.334699,60.198296],[197.323524,60.201313],[197.264554,60.299591],[197.444858,60.266655],[197.469058,60.316661],[197.408671,60.313452],[197.336273,60.343273],[197.602217,60.380964],[197.552441,60.409186],[197.550509,60.443148],[197.527609,60.451936],[197.503376,60.436131],[197.479757,60.433376],[197.463383,60.436157],[197.454281,60.440159],[197.451439,60.447097],[197.481071,60.46477],[197.471706,60.468128],[197.459659,60.462446],[197.442668,60.458841],[197.437638,60.458509],[197.416169,60.460779],[197.401752,60.468377],[197.393634,60.488144],[197.4128,60.462917],[197.470515,60.46875],[197.47852,60.467373],[197.484364,60.463429],[197.465759,60.436713],[197.514402,60.451937],[197.534346,60.452926],[197.54817,60.447915],[197.590246,60.404962],[197.729358,60.603965],[197.896544,60.683163],[197.68438,60.781062],[197.693412,60.795714],[197.728303,60.809067],[197.685884,60.810018],[197.68065,60.814475],[197.685459,60.824459],[197.654392,60.817616],[197.634197,60.82134],[197.62528,60.860856],[197.592854,60.847161],[197.528035,60.862194],[197.539608,60.902084],[197.589112,60.850073],[197.604138,60.861169],[197.637906,60.861015],[197.64563,60.859769],[197.730086,60.808985],[197.687585,60.78079],[197.754393,60.768232],[197.754512,60.771907],[197.766697,60.777917],[197.762726,60.783345],[197.767051,60.793345],[197.790084,60.796225],[197.7904,60.788563],[197.799927,60.79341],[197.794999,60.801027],[197.799476,60.80678],[197.786398,60.810641],[197.786398,60.814034],[197.787987,60.814754],[197.792889,60.81532],[197.796831,60.814806],[197.81844,60.808155],[197.820914,60.812675],[197.810078,60.81758],[197.812217,60.820921],[197.822031,60.813127],[197.818892,60.807544],[197.787306,60.813906],[197.800736,60.807338],[197.800444,60.79311],[197.755843,60.76927],[197.960994,60.682547],[197.898706,60.660766],[198.04794,60.682645],[197.782949,60.551549],[197.541845,60.298668],[197.640489,60.243999],[197.679286,60.25969],[197.720837,60.255615],[197.708138,60.286477],[197.729621,60.309247],[197.69847,60.324158],[197.70355,60.329585],[197.732937,60.331815],[197.776183,60.316319],[197.781304,60.326471],[197.7792,60.316854],[197.770462,60.315199],[197.703045,60.328683],[197.732061,60.3085],[197.723654,60.255167],[197.645026,60.240884],[197.77408,60.202613],[197.813589,60.246992],[197.93514,60.258433],[197.981077,60.238732],[197.97908,60.23324],[197.953215,60.225072],[197.994443,60.219048],[197.993929,60.247939],[198.014962,60.262163],[198.033137,60.263464],[198.045453,60.261582],[198.054785,60.255949],[198.065533,60.254897],[198.045951,60.240985],[198.018885,60.262262],[197.99811,60.24803],[197.998952,60.220868],[197.995602,60.218243],[197.989184,60.217105],[197.815627,60.24606],[197.836205,60.212268],[197.76408,60.191864],[197.739974,60.199277],[197.881096,60.113886],[197.917127,60.148314],[197.904507,60.152079],[197.903907,60.159012],[197.893186,60.160495],[197.88563,60.165634],[197.886989,60.171915],[197.931667,60.143871],[197.950074,60.155102],[197.965868,60.157433],[197.97647,60.15513],[197.987271,60.149303],[197.878068,60.111552],[197.801602,60.138473],[197.776965,60.048952],[197.844952,60.050128],[197.78479,60.03633],[198.297844,59.498212],[198.045477,59.379324],[198.05858,59.262194],[197.964507,59.232877],[198.018992,59.14798],[198.088207,59.091077],[198.13637,59.062353],[198.190934,59.118588],[198.370095,59.130691],[198.482678,59.102684],[198.157571,59.034189],[198.226725,58.767202],[198.323502,58.774332],[198.113349,58.655261],[197.823843,58.64718],[197.863319,58.632277],[198.247363,58.57902],[198.264624,58.612761],[198.236204,58.618929],[198.239209,58.637622],[198.249453,58.642417],[198.285137,58.613144],[198.22803,58.551297],[198.288551,58.55289],[198.806976,58.78343],[198.715326,58.776258],[198.689592,58.794247],[198.697396,58.804009],[199.046589,58.882559],[199.17749,58.828687],[199.654696,59.071352],[199.745992,58.990006],[199.671953,58.943188],[199.993122,58.879098],[200.092141,58.767583],[200.248865,58.841954],[200.230753,58.932473],[200.395552,58.953307],[200.349362,58.839358],[200.586956,58.775621],[200.940055,58.423471],[201.155154,58.398226],[201.30323,58.490807],[201.117812,58.709527],[201.215496,58.754964],[201.222335,58.888245],[201.258945,58.925629],[201.221557,58.931956],[201.216141,58.956641],[201.122931,58.972847],[201.104541,59.021362],[201.251733,58.971173],[201.238536,58.987025],[201.265862,58.996265],[201.23992,58.998902],[201.226473,59.008834],[201.267828,59.009228],[201.255844,59.024117],[201.290522,59.034053],[201.326954,59.013295],[201.294001,59.054971],[201.343951,59.054905],[201.3297,59.012746],[201.319343,59.013134],[201.302245,59.021134],[201.292679,59.031777],[201.283108,59.004013],[201.230109,59.007701],[201.274623,58.996243],[201.262136,58.967702],[201.191652,58.964064],[201.224364,58.959131],[201.267044,58.925055],[201.245531,58.875521],[201.385225,58.913533],[201.568383,59.056841],[201.45614,59.140302],[201.424841,59.253906],[201.632197,59.040195],[201.516415,58.998466],[201.580983,58.968365],[201.436507,58.80552],[201.816486,58.612792],[202.917006,58.874777],[202.977483,58.963534],[203.117265,59.004578],[203.130823,59.101363],[203.239159,59.179636],[203.625396,59.261796],[203.740546,59.243672],[203.762863,59.235635],[203.774271,59.226919],[203.251017,59.177878],[203.147138,59.007617],[203.267429,59.026032],[203.023372,58.945886],[202.94343,58.711622],[202.526517,58.489126],[202.459974,58.274246],[202.558966,58.206897],[202.683829,58.256479],[202.674578,58.224274],[202.825126,58.202675],[202.849974,58.183594],[202.471497,58.196144],[202.287447,57.621596],[202.390588,57.609965],[202.363508,57.635063],[202.370702,57.663315],[202.390438,57.669731],[202.437685,57.480469],[202.598475,57.488126],[202.588996,57.519871],[202.559553,57.541441],[202.559821,57.550362],[202.698714,57.592628],[202.785331,57.600978],[202.909449,57.560584],[202.924678,57.58029],[203.00472,57.571906],[202.900162,57.556817],[202.786378,57.598569],[202.564192,57.551307],[202.608837,57.495253],[202.598445,57.481924],[202.5,57.46317],[202.356415,57.48853],[202.342346,57.446683],[202.435663,57.437739],[202.440263,57.42543],[202.291953,57.304688],[202.301301,57.291794],[202.302822,57.281744],[202.314438,57.282015],[202.350912,57.275993],[202.395062,57.266388],[202.410679,57.255917],[202.300576,57.280637],[202.288607,57.306951],[202.434939,57.424886],[202.334386,57.445169],[202.309961,57.566065],[201.92394,57.374868],[201.997276,57.332555],[201.943422,57.306262],[201.809621,57.269384],[201.889961,57.354591],[201.763577,57.319446],[201.706005,57.292605],[201.677169,57.273029],[201.771748,57.303127],[201.750499,57.244527],[201.617571,57.245081],[201.302355,56.942951],[201.435199,56.724818],[201.559984,56.707686],[201.613692,56.686991],[201.658327,56.687749],[201.67216,56.681211],[201.614155,56.684337],[201.440347,56.718793],[201.323993,56.797956],[201.007326,56.825148],[201.166216,56.895998],[200.735233,56.704211],[200.785372,56.702978],[200.789492,56.689969],[199.852754,56.400307],[199.643188,56.277486],[199.410394,55.979223],[199.438409,55.996149],[199.466678,55.99179],[199.475747,55.983891],[199.418221,55.912825],[199.759706,55.85224],[199.679984,55.818582],[199.747464,55.76761],[199.207744,55.885262],[199.345782,55.72752],[199.204036,55.721913],[198.976088,55.897438],[199.145563,55.929799],[199.123818,55.999369],[198.194657,55.893086],[197.4081,55.452752],[197.496599,55.462645],[197.552158,55.305728],[197.525062,55.372565],[197.357391,55.39216],[197.100924,55.269075],[197.143371,55.181109],[196.915937,55.174938],[196.997601,55.247736],[196.57706,55.067405],[196.702894,55.110222],[196.736959,54.953436],[196.65334,54.926255],[196.73448,54.916605],[196.611847,54.857111],[196.656325,54.807828],[196.972479,54.946559],[196.785613,55.026837],[196.81665,55.133121],[197.090437,55.018219],[197.032988,55.000825],[197.118238,54.933065],[197.445387,54.956869],[197.412087,55.141218],[197.276458,55.217123],[197.331993,55.296569],[197.438722,55.297843],[197.365938,55.274534],[197.651628,55.106744],[197.478611,55.115252],[197.521404,55.054436],[197.702546,55.085071],[197.768095,55.022199],[197.823044,55.15365],[197.923335,55.172508],[197.860691,55.112619],[197.942088,55.071608],[198.03967,55.105976],[197.961217,55.228045],[198.121524,55.223027],[198.407287,55.617694],[198.608256,55.626896],[198.862725,55.530013],[198.639437,55.592993],[198.507377,55.486469],[198.509506,55.356958],[198.762243,55.355637],[199.098213,55.52578],[199.330064,55.459943],[199.337806,55.519228],[199.284186,55.527244],[199.257896,55.524263],[199.217883,55.528835],[199.406076,55.608454],[199.497745,55.475877],[199.532285,55.583912],[199.644964,55.609119],[199.58019,55.662049],[199.86988,55.663099],[199.846799,55.73793],[199.944719,55.69601],[199.974831,55.790925],[200.317174,55.837502],[200.309974,55.857552],[200.374552,55.973529],[200.586589,56.013824],[200.378746,55.96689],[200.313715,55.85784],[200.416936,55.802219],[200.291384,55.65866],[200.399495,55.641222],[200.252162,55.599134],[200.402663,55.564512],[200.506369,55.767941],[200.469708,55.887225],[200.544591,55.896304],[200.583492,55.786582],[200.643747,55.876099],[201.091938,55.919112],[201.109475,55.962107],[201.050463,55.984572],[201.01031,56.018663],[200.882093,56.073929],[200.878125,56.122337],[201.092397,55.973259],[201.230924,56.019096],[201.328179,55.949652],[201.360887,56.01869],[201.274093,56.048865],[201.350476,56.08813],[201.276129,56.154479],[201.362624,56.112834],[201.449198,56.170702],[201.377079,56.201477],[201.539607,56.194132],[201.39962,56.050149],[201.505317,56.070033],[201.439906,56.024766],[201.566666,55.99183],[201.509636,56.113511],[201.599039,56.062224],[201.546966,56.132382],[201.616692,56.189557],[201.648728,56.125111],[201.885064,56.241343],[201.665932,56.17712],[201.702247,56.211585],[201.594345,56.240621],[201.803152,56.287317],[201.562309,56.344798],[201.466672,56.252157],[201.30036,56.261264],[201.593764,56.453043],[201.869749,56.459983],[201.866574,56.521547],[202.139567,56.472659],[202.15956,56.567275],[201.865611,56.540367],[202.20454,56.673484],[202.532876,56.622262],[202.399746,56.722507],[202.600083,56.763215],[202.534204,56.815477],[202.527873,56.844084],[202.54944,56.861685],[202.557544,56.86573],[202.797871,56.761096],[202.85946,56.789925],[202.822281,56.856701],[202.916525,56.818638],[203.067867,56.916932],[203.046747,56.98325],[203.170247,56.895202],[203.226158,57.037141],[203.441442,56.976301],[203.377667,57.060468],[203.562326,57.081592],[203.511774,57.119385],[203.664138,57.171845],[203.595709,57.224942],[203.682022,57.291576],[203.466588,57.328653],[203.809817,57.481252],[203.977202,57.434751],[203.90625,57.524833],[203.968249,57.568302],[204.268705,57.543717],[204.225152,57.641037],[204.412374,57.663467],[204.405565,57.785965],[204.698367,57.724937],[204.661163,57.824891],[204.917087,57.873106],[204.883037,57.945099],[204.960148,58.01981],[205.433475,58.023482],[205.386991,58.118513],[205.537189,58.0794],[205.518849,58.19174],[205.659765,58.081509],[205.661336,58.159099],[205.786475,58.132615],[205.702599,58.191426],[205.822657,58.188866],[205.85332,58.231202],[205.763837,58.253706],[205.895398,58.282205],[205.647629,58.284973],[206.027735,58.390295],[205.933326,58.418856],[205.915669,58.490613],[206.068654,58.494542],[206.10235,58.610313],[206.407312,58.633159],[206.750807,58.851585],[206.291993,59.0767],[205.935197,59.07305],[205.839636,59.02133],[205.845353,58.998748],[205.838156,58.994524],[205.825989,59.119889],[205.734648,59.139902],[206.056022,59.360909],[205.906095,59.344081],[205.860378,59.37094],[206.270559,59.435172],[206.266284,59.505301],[206.137148,59.542866],[206.41721,59.553916],[206.439717,59.605369],[206.289595,59.633836],[206.402998,59.697308],[206.438643,59.623582],[206.522524,59.644114],[206.536029,59.794731],[206.663914,59.721593],[206.576689,59.641309],[206.782611,59.635482],[206.951046,59.695294],[207.009817,59.810015],[206.758362,59.827471],[206.789683,59.863027],[207.302937,59.923879],[207.429535,60.070659],[207.322047,60.165675],[207.102409,60.246198],[207.072271,60.293874],[206.844278,60.247417],[207.05426,60.302254],[207.445264,60.222244],[207.764604,60.394353],[207.6824,60.495942],[207.880548,60.577477],[207.581391,60.627088],[207.896018,60.584805],[208.15222,60.733967],[208.14397,60.745756],[208.121647,60.754361],[208.112821,60.764861],[208.293695,60.713281],[208.201337,60.841706],[208.261215,60.941012],[208.240159,60.946915],[208.21173,60.944548],[208.197113,60.947771],[208.12271,60.986467],[208.125,61.0226],[208.09471,61.024636],[208.086183,61.030272],[208.064223,61.018722],[208.04732,61.014856],[208.038326,61.013921],[208.014747,61.018119],[208.182261,61.064199],[208.136888,60.985636],[208.258306,60.949064],[208.279349,60.907712],[208.834069,61.045547],[209.068342,61.221041],[209.060693,61.229292],[209.032036,61.222031],[209.019317,61.22376],[209.017594,61.255744],[209.010514,61.249663],[209.002142,61.246741],[208.980062,61.251101],[209.015931,61.257508],[209.044161,61.244918],[209.020893,61.225302],[209.062911,61.23032],[209.070577,61.218932],[209.055497,61.207423],[209.069293,61.203674],[209.307389,61.258556],[209.389072,61.406207],[209.427104,61.435334],[209.479911,61.454305],[209.462525,61.470143],[209.480283,61.461594],[209.482542,61.454164],[209.478392,61.445886],[209.378165,61.34953],[209.453931,61.408333],[209.527207,61.401987],[209.511133,61.461738],[209.438344,61.480899],[209.415215,61.501551],[209.42458,61.530377],[209.482835,61.549497],[209.447768,61.502768],[209.516334,61.466247],[209.543071,61.411915],[209.441496,61.286937],[209.536517,61.245677],[209.69659,61.253546],[209.670999,61.279539],[209.720459,61.320272],[209.714384,61.256528],[210.015358,61.238146],[210.239045,61.444284],[210.403163,61.495353],[210.58054,61.510505],[210.466019,61.496946],[210.465302,61.48006],[211.041709,61.521837],[211.276255,61.48123],[211.314919,61.426894],[211.366631,61.423238],[211.408109,61.400808],[211.407641,61.392218],[211.027899,61.512208],[210.622177,61.468855],[210.29601,61.381503],[210.291942,61.311464],[209.925285,61.157113],[210.390393,60.984354],[210.814894,60.94322],[211.039282,60.85552],[211.011917,60.824381],[210.91341,60.900487],[210.232757,60.968462],[209.946626,60.917677],[209.985867,60.903192],[209.997559,60.870396],[209.986192,60.870739],[209.622354,61.039667],[208.58951,60.720444],[208.735787,60.545196],[208.717962,60.335],[208.621787,60.364552],[208.587658,60.222933],[208.297102,60.033633],[208.138358,59.756111],[208.585346,59.598847],[208.504407,59.634194],[208.91146,59.786046],[209.008397,59.811071],[209.091383,59.791962],[208.798002,59.643791],[208.842837,59.592784],[208.808021,59.562511],[208.54619,59.534281],[208.628297,59.507705],[208.656761,59.463477],[208.525316,59.50202],[208.709273,59.409633],[208.353037,59.48508],[208.279175,59.452223],[208.313615,59.394705],[208.257509,59.453768],[208.113227,59.424341],[208.237275,59.322747],[208.077763,59.359188],[208.022375,59.254647],[208.409266,59.161973],[208.592677,59.280763],[208.876474,59.211352],[208.678561,59.310026],[208.914833,59.269769],[208.97137,59.325301],[209.029588,59.277682],[208.983644,59.218357],[209.036782,59.196522],[209.116412,59.26597],[209.047572,59.310053],[209.418046,59.443798],[209.337117,59.54097],[209.43953,59.595384],[209.501977,59.600739],[209.43047,59.528033],[209.523425,59.459397],[209.783137,59.73603],[209.638211,59.459562],[209.91567,59.578141],[209.838642,59.621267],[209.901075,59.610063],[209.865798,59.693593],[209.965052,59.613129],[210.057599,59.657136],[210.079964,59.691973],[210.08092,59.710793],[210.070905,59.728738],[209.92252,59.760458],[209.922197,59.843632],[210.260214,59.638187],[210.240772,59.79253],[210.129759,59.85196],[210.251904,59.823206],[210.30757,59.952097],[210.384398,59.878727],[210.347851,59.770705],[210.426555,59.757311],[210.357928,59.738185],[210.47679,59.70296],[210.374729,59.820131],[210.613185,59.982743],[210.588531,60.129874],[210.712849,60.013836],[210.710696,59.866928],[210.792139,60.007358],[210.94182,60.058101],[210.875615,59.964415],[211.364719,59.916222],[211.452499,60.032057],[211.573006,59.948289],[211.659151,60.186675],[211.761093,60.11588],[211.912652,60.21404],[211.785096,60.146652],[211.812305,60.213267],[211.701683,60.207991],[211.785904,60.260352],[211.551356,60.179114],[211.661241,60.23495],[211.588864,60.273615],[211.675576,60.245335],[211.791329,60.300107],[211.735517,60.361507],[212.061923,60.442883],[211.902222,60.4538],[212.039491,60.501009],[211.9057,60.520578],[211.965499,60.560811],[211.898031,60.59787],[211.720932,60.43082],[211.731803,60.48923],[211.616469,60.451349],[211.673249,60.498443],[211.54984,60.54514],[211.331821,60.446277],[211.290879,60.443831],[211.474161,60.563883],[211.598761,60.593995],[211.675906,60.524667],[211.810296,60.609094],[211.706318,60.675977],[211.77398,60.763932],[211.570625,60.615398],[211.637094,60.766929],[211.480186,60.766402],[211.315589,60.646997],[211.330056,60.719325],[211.548375,60.800302],[211.282882,60.785806],[211.662248,60.806545],[211.598631,60.845616],[211.693654,60.8346],[211.734457,60.914439],[211.675505,60.955402],[211.810449,60.968563],[211.834964,61.06954],[211.569797,60.967631],[211.600994,61.05759],[211.857174,61.127582],[211.931762,61.000841],[212.29168,61.277479],[212.238622,61.206408],[212.306446,61.20006],[211.933993,60.931472],[212.174585,60.812601],[212.256093,60.832528],[212.169834,60.876084],[212.268489,60.942308],[212.397373,60.848681],[212.405503,60.949918],[212.311922,60.955453],[212.451669,61.149609],[212.524501,61.067672],[212.450902,60.906512],[212.504192,61.012432],[212.588749,61.015329],[212.528288,60.956646],[212.619004,60.976938],[212.544612,60.922062],[212.616856,60.87169],[212.776221,61.010967],[212.82018,60.93071],[212.834858,60.989635],[213.016937,61.007668],[212.942506,60.94434],[213.021457,60.929567],[213.39356,61.141177],[213.81434,61.13654],[213.740441,61.099775],[213.776472,61.090662],[213.803837,61.077902],[213.37846,61.082432],[213.51669,61.002282],[213.333378,61.035027],[213.280599,60.966767],[213.408629,60.927868],[213.238209,60.946365],[213.368845,60.884678],[213.361774,60.818002],[213.763611,60.880358],[213.905593,60.832725],[213.29996,60.743427],[213.334869,60.693745],[213.507547,60.669937],[213.721457,60.777175],[213.689434,60.716568],[213.840274,60.724177],[213.943267,60.796931],[214.021582,60.746326],[213.738963,60.62815],[214.091272,60.703704],[213.989017,60.618413],[214.380164,60.66993],[214.035499,60.463257],[214.541504,60.435334],[214.411053,60.402712],[214.493583,60.361295],[214.330127,60.361924],[214.442701,60.301406],[214.483003,60.351529],[214.54389,60.355377],[214.51039,60.29954],[214.669039,60.243031],[215.026397,60.218937],[214.918952,60.229722],[215.13118,60.438159],[215.164283,60.45825],[215.247675,60.46544],[215.258458,60.47938],[215.343169,60.447651],[215.172385,60.45476],[215.043225,60.283604],[215.627333,60.166712],[215.793212,60.187927],[215.801883,60.28445],[215.839573,60.30782],[215.890772,60.319391],[215.924877,60.33419],[215.963154,60.345109],[215.807071,60.284222],[215.809742,60.193514],[215.772932,60.17582],[215.686525,60.161949],[215.945195,60.049703],[215.746066,60.02237],[216.123916,59.986839],[216.54262,60.074965],[216.372811,60.079312],[216.390462,60.149963],[216.721398,60.177408],[216.770566,60.132411],[216.762987,60.186512],[216.862375,60.208495],[216.780017,60.133137],[216.448626,60.045865],[217.49332,60.103006],[218.398035,59.961496],[218.63333,60.02743],[218.461231,60.085378],[218.552013,60.086543],[218.460564,60.14808],[218.655542,60.083012],[218.850288,60.163757],[218.671388,60.059351],[218.71889,59.9703],[218.802363,59.991874],[218.806639,59.976325],[218.516553,59.913914],[219.119465,59.737887],[219.680991,59.69205],[220.15309,59.805329],[219.982584,59.775695],[220.11166,59.806991],[220.078988,59.833425],[220.044117,59.885778],[220.041926,59.901349],[220.135437,59.807243],[220.219802,59.828712],[220.469379,60.045408],[220.747548,59.859815],[220.955186,59.852263],[221.085869,59.812574],[220.700338,59.819845],[220.771714,59.60655],[220.697686,59.561691],[220.640793,59.595465],[220.719132,59.619601],[220.636938,59.759181],[220.688524,59.85189],[220.51186,59.992231],[220.363289,59.873425],[220.528575,59.701304],[220.360562,59.567146],[220.303628,59.619505],[220.143868,59.534829],[220.671546,59.352684],[220.623416,59.380995],[220.927341,59.437541],[220.941301,59.436753],[220.942132,59.421009],[220.951155,59.431947],[220.960332,59.433688],[220.971964,59.429236],[220.968756,59.418184],[220.983469,59.41772],[221.123888,59.510207],[221.10356,59.420667],[220.740369,59.364194],[221.382045,59.125868],[221.351454,59.141538],[221.471062,59.19928],[221.52304,59.199955],[221.552951,59.177468],[221.584957,59.192441],[221.655316,59.194226],[221.823493,59.1787],[221.701638,59.33524],[221.759966,59.380841],[221.912477,59.393759],[221.714889,59.340535],[221.802686,59.205951],[221.835395,59.238281],[221.917006,59.236094],[221.91332,59.172013],[221.839332,59.160257],[221.671501,59.190777],[221.553548,59.174665],[221.512454,59.191332],[221.395054,59.122332],[221.925456,58.962213],[222.330913,58.613894],[222.504228,58.674986],[222.343778,58.608424],[222.905102,58.381295],[223.082982,58.399082],[223.112248,58.341503],[223.123705,58.382719],[223.193732,58.389752],[223.148641,58.422693],[223.148154,58.431327],[223.165436,58.432781],[223.20428,58.391837],[223.12317,58.311502],[223.321072,58.29781],[223.267747,58.25921],[223.319743,58.210266],[223.432241,58.24475],[223.403465,58.332221],[223.630826,58.302518],[223.587986,58.380542],[223.515868,58.396491],[223.508332,58.32593],[223.407673,58.390749],[223.501862,58.389277],[223.469788,58.452247],[223.716104,58.315277],[223.961815,58.38295],[223.901222,58.512506],[223.764367,58.508807],[223.858744,58.548053],[223.718506,58.657058],[223.478685,58.593868],[223.650237,58.687123],[223.485724,58.754972],[223.548151,58.665426],[223.345547,58.816015],[223.511484,58.793949],[223.438031,58.832273],[222.98499,58.904217],[222.86983,58.843021],[222.954507,58.914427],[223.08626,58.939252],[222.939481,59.059751],[223.332357,58.892658],[223.289365,59.00799],[223.410698,58.907585],[223.478887,58.96682],[223.51163,58.837005],[223.715284,58.828116],[223.599915,58.822444],[223.785497,58.749774],[223.85741,58.779337],[223.875846,58.934295],[223.753959,58.918522],[223.648941,58.940421],[223.847579,58.944013],[223.846155,59.006264],[223.617228,59.089396],[223.81563,59.072528],[223.940673,58.853119],[224.080059,58.90514],[224.210827,58.892409],[223.911594,58.819396],[224.165278,58.599153],[224.06429,58.588364],[224.161638,58.479408],[224.081679,58.379847],[224.524447,58.375492],[224.502389,58.502781],[224.686665,58.24508],[224.909971,58.239863],[224.946465,58.346602],[224.761219,58.618529],[224.860266,58.617018],[224.749963,58.776886],[224.636235,58.787009],[224.759674,58.781506],[224.597937,58.972699],[224.617698,59.101404],[224.36393,59.264156],[224.700593,59.085301],[224.445459,59.31791],[224.599018,59.287698],[224.651692,59.497163],[224.683676,59.201747],[224.719182,59.234273],[224.805796,59.267856],[224.849632,59.271408],[224.896531,59.259179],[224.905373,59.252674],[224.71787,59.224947],[224.855146,58.838655],[224.976949,58.731267],[224.998925,58.840541],[225.077626,58.892136],[225.059517,58.924404],[225.066595,58.936658],[225.046926,58.957075],[225.039209,58.969111],[225.028746,59.002358],[225.142857,58.928633],[225.068101,58.931751],[225.09294,58.900524],[225.081087,58.855984],[225.01092,58.811589],[225.026616,58.805308],[225.050859,58.81869],[225.086052,58.823587],[225.11332,58.820782],[225.040995,58.80147],[225.094113,58.659385],[225.009761,58.676424],[225.211959,58.494946],[225.224447,58.391322],[225.780224,58.205169],[225.896103,58.235312],[225.855035,58.303415],[226.029948,58.501644],[226.312722,58.543998],[226.327314,58.576946],[226.502284,58.679952],[226.615459,58.734772],[226.650882,58.740522],[226.656062,58.774514],[226.709957,58.814533],[226.814078,58.84736],[226.715229,58.807078],[226.653759,58.738233],[226.325134,58.557248],[226.417319,58.563345],[226.060146,58.492952],[225.984241,58.401631],[226.016101,58.311795],[225.918801,58.279891],[225.917871,58.121556],[226.111535,57.974051],[226.214169,58.008788],[226.182832,58.051136],[226.265956,58.140007],[226.224668,58.057335],[226.289271,57.995317],[226.666933,58.17677],[226.783036,58.190604],[226.819227,58.184041],[226.841814,58.194116],[226.867294,58.192424],[226.99299,58.228926],[227.003021,58.226847],[227.045426,58.305924],[227.021436,58.228408],[226.338637,58.015052],[226.318426,57.930401],[226.237687,57.995213],[226.15004,57.933546],[226.32952,57.786279],[226.411592,57.926842],[226.841863,57.906777],[226.89107,57.850042],[226.425987,57.917874],[226.404728,57.772225],[226.810025,57.614017],[226.814004,57.698373],[226.908402,57.69839],[226.821278,57.637482],[226.890486,57.547355],[227.16205,57.505852],[226.931489,57.509271],[226.348846,57.716339],[226.325858,57.628762],[226.411776,57.566135],[226.438089,57.561634],[226.520851,57.584764],[226.655366,57.594743],[226.483495,57.5445],[226.532028,57.422205],[226.650519,57.446091],[226.5429,57.357178],[226.943524,57.353856],[226.743367,57.292826],[226.783113,57.251533],[226.500426,57.292517],[226.424417,57.184751],[226.688063,57.10638],[226.82788,57.176796],[226.813923,57.091846],[227.003659,57.010271],[227.191599,57.101656],[227.211088,56.97136],[227.045945,56.982541],[227.432817,56.756806],[227.479766,56.749321],[227.493642,56.787848],[227.544974,56.784519],[227.557645,56.819875],[227.631713,56.826936],[227.443042,56.71436],[227.752769,56.6858],[227.634923,56.538126],[227.820465,56.380834],[228.019987,56.369808],[228.100858,56.225376],[228.481398,56.224002],[228.027233,56.173682],[228.069856,55.976082],[227.932709,55.943726],[227.90229,55.847796],[227.989411,55.787222],[227.714019,55.764681],[227.814663,55.587989],[228.043094,55.502987],[228.063409,55.591372],[227.964097,55.678163],[228.105363,55.600204],[228.18248,55.670232],[228.112886,55.745356],[228.175154,55.719193],[228.233333,55.821266],[228.080526,55.863802],[228.254586,55.884333],[228.159908,55.92694],[228.156367,55.948937],[228.262654,55.8882],[228.476528,56.004731],[228.656694,55.96747],[229.098031,56.213067],[228.783661,55.982977],[229.0101,55.797885],[229.144069,55.833409],[229.13761,55.843841],[229.14892,55.858683],[229.145099,55.871613],[229.151447,55.883482],[229.181365,55.906497],[229.211475,55.904749],[229.147608,55.834043],[229.030734,55.782836],[229.093138,55.712023],[229.251085,55.754879],[229.297622,55.754092],[229.104496,55.706458],[229.124641,55.558708],[229.290354,55.599106],[229.295993,55.635241],[229.358177,55.659252],[229.323916,55.54775],[229.128011,55.543048],[229.12169,55.331599],[229.27471,55.305418],[229.381529,55.3887],[229.312765,55.32263],[229.377587,55.299602],[229.072487,55.300673],[228.906817,55.185629],[229.020068,55.085848],[229.179447,55.196469],[229.236028,55.094096],[229.286002,55.15134],[229.424539,55.236235],[229.439727,55.270578],[229.506939,55.326875],[229.51975,55.328486],[229.44085,55.23391],[229.290711,55.121024],[229.474303,55.152745],[229.284485,55.110351],[229.312118,55.018942],[229.151245,55.119347],[228.992744,55.029307],[229.079261,54.981619],[229.021728,54.923319],[229.065795,54.80184],[229.258443,54.816506],[229.251282,54.961555],[229.307955,54.79973],[229.258899,54.792151],[229.334111,54.770476],[229.366855,54.819746],[229.302347,54.85231],[229.323684,54.943598],[229.399048,54.972083],[229.319586,54.86773],[229.355659,54.842217],[229.370482,54.819471],[229.36847,54.816227],[229.535785,54.910688],[229.475379,54.867592],[229.518372,54.837341],[229.733913,54.994954],[229.887169,55.252515],[230.004509,55.282226],[229.859406,55.552465],[229.82408,55.757923],[230.02428,55.93608],[230.023092,55.955542],[230.041259,56.003725],[230.055255,56.009908],[230.030369,55.939445],[229.99598,55.883748],[229.861605,55.751504],[230.055675,55.28814],[229.83424,55.08654],[229.885569,54.989838],[230.232365,55.378162],[230.160213,55.372812],[230.233549,55.471966],[230.18715,55.629883],[230.2989,55.407969],[230.3655,55.457838],[230.538066,55.468822],[230.33583,55.432239],[229.993075,55.010942],[230.338091,54.976196],[230.013754,54.914127],[230.05153,54.959933],[229.987364,54.976135],[229.823006,54.847507],[229.945184,54.888335],[229.78256,54.723966],[229.916385,54.689656],[230.022935,54.61016],[230.100512,54.615491],[230.021362,54.603076],[229.771207,54.716377],[229.612114,54.6469],[229.883862,54.4186],[229.924477,54.487064],[230.017022,54.507148],[229.89617,54.405054],[230.015694,54.303321],[229.568792,54.636837],[229.617326,54.557639],[229.553983,54.492188],[229.614756,54.462615],[229.509861,54.429529],[229.537577,54.335758],[229.712048,54.347401],[229.675292,54.437824],[229.757056,54.399662],[229.762231,54.27251],[229.851943,54.283112],[229.696127,54.240011],[229.869082,54.148453],[230.20461,54.263976],[230.378005,54.186974],[230.419095,54.219599],[230.482803,54.243583],[230.561933,54.252851],[230.598196,54.2926],[230.710427,54.334517],[231.014156,54.408174],[231.137067,54.40542],[231.15048,54.426044],[231.16391,54.434996],[231.225369,54.453271],[231.250379,54.450963],[231.248368,54.468126],[231.256729,54.477065],[231.286577,54.496845],[231.315348,54.503652],[231.31816,54.512682],[231.323562,54.515904],[231.342091,54.518616],[231.360058,54.516711],[231.363542,54.50942],[231.360494,54.50112],[231.364367,54.498608],[231.426006,54.497536],[231.433421,54.514867],[231.448338,54.529265],[231.466256,54.533174],[231.496101,54.537209],[231.511986,54.55019],[231.525702,54.557976],[231.565197,54.567648],[231.565742,54.582409],[231.581639,54.595208],[231.571897,54.598421],[231.565489,54.609023],[231.568795,54.630999],[231.576205,54.634737],[231.59736,54.639323],[231.607198,54.661373],[231.614277,54.664762],[231.635803,54.667969],[231.64498,54.690088],[231.679688,54.706752],[231.568638,54.568449],[231.426624,54.497054],[231.363957,54.496999],[231.323773,54.514475],[231.322841,54.506244],[231.258327,54.475536],[231.256255,54.450763],[231.138485,54.404149],[230.64901,54.305487],[230.55576,54.246337],[230.424744,54.214507],[230.391321,54.175439],[230.060796,54.183574],[230.161292,54.041285],[230.331509,53.953656],[230.338514,53.925057],[230.380991,53.898613],[230.386195,53.893768],[230.385932,53.881503],[230.148309,54.033349],[230.048876,54.155036],[229.945491,54.14684],[229.927422,53.890663],[230.727296,53.363015],[230.765316,53.50907],[230.724244,53.51345],[230.699718,53.522322],[230.65123,53.564119],[230.767079,53.518654],[230.760288,53.612305],[230.691628,53.647243],[230.969158,53.753402],[230.900397,53.77748],[230.912619,53.832901],[231.029694,53.771624],[230.972809,53.897851],[231.038688,53.798115],[231.08281,53.853647],[231.053621,53.77081],[231.327888,54.023996],[231.390704,54.029433],[231.287383,53.883427],[231.515185,53.826195],[231.323865,53.853172],[231.192633,53.771624],[231.163004,53.646714],[231.236238,53.547044],[231.462237,53.427527],[231.631816,53.50899],[231.871522,53.48558],[231.938593,53.391418],[232.072232,53.329555],[232.179342,53.202707],[231.963047,53.370786],[231.88405,53.338661],[231.920181,53.398911],[231.83858,53.455627],[231.63719,53.476795],[231.476476,53.406868],[231.515464,53.392088],[231.513296,53.330702],[231.187955,53.56742],[231.012454,53.541527],[231.077738,53.444853],[231.130809,53.481275],[231.165123,53.469467],[231.095103,53.429458],[231.148651,53.270014],[231.522087,53.14533],[231.443036,53.087796],[231.569705,53.098723],[231.449107,53.065907],[231.500221,52.927744],[231.589292,52.94081],[231.499461,52.920929],[231.567206,52.813636],[231.757311,52.798662],[231.866133,52.92766],[231.95267,52.917227],[231.863312,52.87666],[231.868852,52.768025],[232.004718,52.7868],[232.053511,52.738525],[232.112568,52.75673],[232.170774,52.734375],[232.052635,52.728545],[231.884491,52.759038],[231.753006,52.571828],[231.80064,52.483542],[231.623041,52.350603],[231.676443,52.280614],[231.622871,52.283834],[231.617833,52.265448],[231.705072,52.256042],[231.758692,52.305105],[231.851992,52.416514],[231.794528,52.461994],[231.895275,52.472303],[231.887647,52.597535],[231.953669,52.651556],[231.896555,52.551711],[232.019552,52.519623],[231.914282,52.43531],[231.974155,52.31868],[231.998662,52.447014],[232.036442,52.477845],[231.993614,52.31771],[232.117473,52.372418],[232.05548,52.444894],[232.107893,52.500357],[232.165503,52.510939],[232.286677,52.45188],[232.072303,52.444168],[232.160141,52.341366],[232.07416,52.348309],[232.118006,52.198849],[232.278988,52.358305],[232.241691,52.270959],[232.509923,52.337631],[232.461031,52.39716],[232.582106,52.409745],[232.513601,52.451926],[232.368392,52.60514],[232.657335,52.418063],[232.757602,52.581565],[233.038119,52.716398],[232.915985,52.875573],[233.032785,52.839126],[233.080179,52.711321],[232.7702,52.535475],[232.75708,52.451608],[232.891138,52.333587],[233.223661,52.39438],[233.034121,52.311293],[233.324667,52.047446],[233.33302,51.963136],[232.966736,52.310474],[232.529871,52.18829],[232.618128,52.102818],[232.391271,52.032925],[232.53694,52.127572],[232.392339,52.120954],[232.331645,51.951354],[232.117409,51.89687],[232.12203,51.669792],[232.312806,51.632213],[232.199539,51.531655],[232.34093,51.517329],[232.542053,51.684479],[232.340484,51.706947],[232.543415,51.694293],[232.547703,51.778072],[232.643715,51.868842],[232.548473,51.664338],[232.74739,51.678027],[232.495426,51.623194],[232.435662,51.479221],[232.681401,51.441442],[232.748223,51.408395],[232.568215,51.437961],[232.520177,51.402902],[232.443464,51.401534],[232.534172,51.435882],[232.43408,51.472789],[232.218202,51.320747],[232.639057,51.406554],[232.459839,51.319636],[232.62905,51.306434],[232.65419,51.337891],[232.728158,51.342127],[232.761298,51.339312],[232.802564,51.350522],[232.824849,51.347515],[232.633031,51.304079],[232.743332,51.310043],[232.807093,51.324345],[232.882155,51.39098],[232.940074,51.351987],[232.86462,51.360278],[232.842265,51.317733],[232.530368,51.265657],[232.42035,51.263003],[232.402338,51.264645],[232.6229,51.295612],[232.413563,51.30587],[232.231747,51.249148],[232.211974,51.163321],[232.346234,51.086805],[232.494471,51.095823],[232.385356,51.143665],[232.567708,51.134259],[232.587723,51.209542],[232.75338,51.207404],[232.598156,51.201481],[232.596277,51.132284],[233.082493,51.185166],[232.865304,51.121539],[233.080001,51.110984],[233.090008,51.097727],[232.444998,51.12474],[232.804589,51.093138],[232.533072,51.089181],[232.661512,51.038067],[232.657776,51.055711],[233.181877,51.1029],[233.202918,51.080201],[233.342182,51.196532],[233.225144,51.074637],[233.354359,51.05654],[233.293639,50.991908],[233.225894,51.067748],[232.675092,51.039965],[232.809081,51.020284],[232.825634,50.965309],[232.50055,51.098797],[232.475341,51.013411],[232.97321,50.816486],[233.104218,50.884776],[232.802438,50.919501],[232.874964,50.9536],[232.955159,50.958722],[232.932791,51.008152],[232.962982,50.958304],[232.862253,50.931148],[233.098966,50.894285],[233.216629,51.020535],[233.191103,50.944851],[233.361921,50.933157],[233.159261,50.911417],[233.336228,50.864697],[233.488372,50.941134],[233.478652,51.039419],[233.537817,50.943796],[233.818089,50.929189],[233.540064,50.873635],[233.582452,50.900524],[233.507232,50.925448],[233.419017,50.845014],[233.814955,50.875834],[233.807818,50.780155],[233.981514,50.811991],[233.805389,50.711344],[233.866935,50.669993],[234.354414,50.776213],[234.315703,50.875209],[234.4551,50.93931],[234.362736,51.072133],[234.384711,51.197075],[234.282852,51.286041],[234.389974,51.204349],[234.37449,51.09211],[234.450881,51.094723],[234.503573,50.938221],[234.352936,50.854519],[234.386561,50.759475],[234.265234,50.662112],[233.700097,50.63075],[233.805197,50.579292],[234.062294,50.636801],[233.715678,50.515223],[233.905764,50.484985],[233.91013,50.504741],[233.933437,50.519902],[234.055805,50.557505],[233.916199,50.484288],[234.276356,50.526725],[234.180471,50.492656],[234.342689,50.428358],[234.472142,50.673147],[234.577886,50.719808],[234.481583,50.664356],[234.405831,50.450195],[234.56279,50.448311],[234.637118,50.554345],[234.806371,50.401634],[235.101652,50.636477],[235.113668,50.727743],[235.017848,50.809065],[235.140245,50.944456],[235.101259,50.947183],[235.036335,51.012042],[234.926592,51.155731],[234.930212,51.161424],[234.94609,51.168767],[235.211086,50.894249],[235.08352,50.800851],[235.168848,50.731954],[235.140071,50.591279],[234.949255,50.480148],[234.91981,50.325211],[235.030821,50.375422],[234.992018,50.446149],[235.057293,50.385343],[235.038172,50.337458],[235.17275,50.306929],[235.327345,50.433726],[235.643204,50.488155],[235.264186,50.325233],[235.409718,50.241836],[235.194091,50.07534],[235.347047,50.078246],[235.280324,50.03528],[235.321899,49.96505],[235.156683,50.06381],[235.247493,49.963565],[235.718984,49.740148],[235.92153,49.799146],[235.963805,49.93187],[236.034268,49.804966],[236.096998,49.877194],[236.023888,49.918594],[235.988847,49.994383],[236.197882,50.093524],[236.011789,50.208675],[236.231031,50.204945],[236.149364,50.162859],[236.257202,50.088537],[236.025656,49.981416],[236.131626,49.917009],[236.052896,49.774703],[236.107021,49.748759],[236.159507,49.686168],[236.283024,49.786135],[236.194937,49.623963],[236.474349,49.705472],[236.210385,49.602792],[236.244696,49.480706],[236.111974,49.729754],[235.983342,49.751921],[235.925148,49.641879],[236.035237,49.508943],[236.484336,49.387027],[236.508248,49.518569],[236.728478,49.58513],[236.742344,49.663413],[236.825534,49.707602],[236.732317,49.331293],[237.044592,49.300589],[237.136627,49.454669],[237.066043,49.316278],[237.162569,49.283197],[236.73547,49.264461],[237.102102,49.201314],[236.835395,49.065187],[236.831429,49.010119],[236.972024,48.97359],[236.955575,49.046267],[237.132851,49.088945],[237.126316,49.027668],[237.227295,49.010953],[237.268669,48.97271],[237.177083,48.941826],[237.254232,48.92926],[237.206061,48.893042],[237.35311,48.784176],[237.327113,48.731979],[237.512018,48.749891],[237.488464,48.666949],[237.573769,48.600132],[237.439191,48.582457],[237.530545,48.475519],[237.491311,48.361149],[237.626378,48.286343],[237.468841,48.249479],[237.463127,48.183462],[237.638472,48.054369],[237.521636,48.176911],[237.615812,48.227541],[237.65625,48.097935],[237.710222,48.051648],[237.792041,48.04476],[237.796538,48.034657],[237.822739,48.036883],[237.842161,48.029467],[237.850068,48.016557],[237.693266,47.949543],[237.604431,47.806413],[237.634588,47.654421],[237.564354,47.661835],[237.662853,47.601442],[237.579347,47.575913],[237.675884,47.349454],[237.555272,47.301312],[237.582571,47.295983],[237.638051,47.261296],[237.452274,47.317511],[237.470212,47.282834],[237.422561,47.184965],[237.315485,47.0982],[237.184451,47.177968],[237.174197,47.095521],[237.157782,47.163926],[237.091927,47.140255],[237.096019,47.024016],[237.074008,47.146237],[237.013562,47.040559],[236.983417,47.066228],[237.043405,47.106292],[237.062668,47.181604],[236.974842,47.109375],[236.913536,47.098078],[237.061586,47.197716],[236.938778,47.20236],[236.908475,47.211315],[236.981576,47.261534],[236.930459,47.210351],[237.06469,47.205624],[237.172988,47.405724],[237.227937,47.168269],[237.264689,47.345033],[237.372451,47.409589],[237.304688,47.282087],[237.451892,47.285156],[237.407143,47.336797],[237.50439,47.510417],[237.44516,47.590314],[237.304485,47.527567],[237.377488,47.567746],[237.290766,47.612138],[237.391086,47.568195],[237.347618,47.744395],[237.411691,47.690408],[237.529863,47.756961],[237.395709,47.94013],[237.435798,47.822003],[237.391435,47.856739],[237.246724,47.667634],[237.03588,47.584499],[236.880501,47.390201],[237.15574,47.433988],[236.840916,47.353376],[236.961994,47.550876],[237.095087,47.646297],[237.143621,47.826375],[237.195139,47.851589],[237.214623,47.686971],[237.388052,47.887112],[237.19949,48.086356],[237.24593,48.144688],[237.115386,48.105939],[237.172904,48.04255],[237.160197,48.002107],[237.112718,47.991339],[237.08451,48.095796],[237.025035,48.097036],[236.95856,48.080726],[236.995773,48.023333],[236.816947,48.146672],[236.898514,48.185208],[236.665961,48.112859],[236.020967,48.165241],[235.267947,48.380643],[235.340294,48.326865],[235.265625,48.164062],[235.321725,47.965878],[235.574713,47.737556],[235.818817,47.138045],[235.819427,46.926651],[235.895167,46.933594],[235.890875,47.042132],[236.053686,46.968068],[236.214959,46.978734],[236.307892,46.957918],[236.016697,46.922669],[235.975319,46.838497],[235.889375,46.912525],[235.84145,46.906349],[235.913345,46.737759],[236.112908,46.750636],[236.238534,46.679691],[236.073596,46.672114],[236.10214,46.59585],[236.039344,46.636051],[236.105473,46.547993],[236.056432,46.474544],[236.149206,46.420015],[236.159574,46.394102],[236.065347,46.458408],[236.03881,46.360825],[235.934624,46.649094],[235.911961,46.263728],[236.002191,46.31275],[236.126137,46.24123],[236.291715,46.31928],[236.54774,46.266462],[236.694388,46.155756],[236.834592,46.191904],[236.882893,46.189678],[237.075671,46.096339],[237.107159,46.106787],[237.080694,46.12042],[237.077911,46.129148],[237.084539,46.213914],[237.093728,46.236843],[237.107356,46.237887],[237.085569,46.212341],[237.109462,46.107311],[237.09309,46.096709],[237.21403,45.947354],[237.219522,45.855004],[237.260563,45.872136],[237.282477,45.868548],[237.210909,45.814365],[237.254008,45.648734],[237.731128,45.554764],[238.022746,45.627567],[238.046453,45.646273],[238.056696,45.650602],[238.063667,45.649055],[238.00378,45.616215],[237.803199,45.550053],[237.689097,45.539621],[237.206383,45.615144],[237.130848,45.691126],[237.204713,45.864147],[237.086061,46.084151],[236.827549,46.181882],[236.617932,46.138381],[236.46689,46.236021],[236.13404,46.188647],[236.187771,46.16953],[236.195779,46.118437],[236.214214,46.105893],[236.214861,46.097669],[236.186714,46.113988],[236.177411,46.168241],[236.124106,46.122177],[235.995356,46.239646],[235.924288,46.234321],[236.083281,46.013878],[236.002815,45.945216],[236.015951,45.766621],[236.054932,45.656416],[236.082773,45.706926],[236.112455,45.700601],[236.106877,45.714993],[236.121399,45.732368],[236.117375,45.690428],[236.054952,45.655462],[236.034444,45.570173],[236.102907,45.559701],[236.12491,45.457451],[236.041837,45.502395],[236.065596,45.556773],[236.051538,45.565084],[236.035349,45.567171],[236.020062,45.486291],[236.068419,45.402765],[235.990384,45.338313],[236.066309,45.171674],[235.987691,45.076935],[235.91714,44.611449],[235.952222,44.632301],[235.988806,44.626644],[236.028513,44.573829],[236.051861,44.622932],[236.061786,44.618771],[236.083737,44.595693],[236.015726,44.566185],[235.952659,44.625092],[235.917459,44.607955],[235.91722,44.427448],[235.952043,44.449447],[236.038881,44.410503],[235.916051,44.414463],[235.852399,44.019343],[235.865677,44.017276],[235.874389,44.01026],[235.889457,43.966626],[235.939572,43.976839],[235.883902,43.965151],[235.86854,44.011277],[235.861923,44.017185],[235.85207,44.0172],[235.781468,43.671108],[235.861025,43.750789],[235.918299,43.702975],[236.029057,43.694724],[236.069636,43.680986],[236.098896,43.652094],[236.201625,43.674589],[236.287083,43.657117],[236.312543,43.673499],[236.333395,43.682981],[236.340933,43.683365],[236.346765,43.678875],[236.346994,43.664263],[236.338257,43.650799],[236.3275,43.642432],[236.325878,43.637648],[236.331053,43.636467],[236.343451,43.643658],[236.373007,43.651084],[236.425296,43.639089],[236.434184,43.630998],[236.423952,43.616712],[236.416894,43.611617],[236.388799,43.612962],[236.38111,43.596276],[236.452505,43.593655],[236.38034,43.596196],[236.379038,43.603929],[236.390238,43.61505],[236.420855,43.615322],[236.426168,43.637247],[236.325196,43.636232],[236.341406,43.681993],[236.287109,43.656282],[236.100122,43.650141],[236.057431,43.683369],[235.934412,43.691999],[235.862026,43.735594],[235.652387,43.358934],[235.806188,43.467463],[235.846168,43.364605],[235.779134,43.284865],[235.778799,43.423655],[235.680594,43.288369],[235.622466,43.344098],[235.572907,43.12409],[235.590228,43.14391],[235.641472,43.16659],[235.65028,43.16418],[235.657609,43.156114],[235.660218,43.145639],[235.563876,43.11461],[235.433573,42.841768],[235.59879,42.626193],[235.569564,42.422584],[235.617773,42.463448],[235.672629,42.48321],[235.685112,42.480998],[235.690551,42.495487],[235.69935,42.502797],[235.703233,42.503551],[235.687103,42.480443],[235.630363,42.464649],[235.609954,42.432135],[235.570855,42.421359],[235.567249,42.322217],[235.64797,42.100049],[235.798596,42.074966],[235.729869,42.044404],[235.877027,41.870353],[235.795769,41.941455],[235.745991,41.770413],[235.840175,41.735026],[235.905878,41.553994],[235.943099,41.546396],[235.9623,41.519297],[235.997005,41.523887],[236.008222,41.503656],[236.025776,41.512529],[236.033769,41.51198],[236.037236,41.505559],[236.036108,41.490076],[236.052949,41.479132],[236.056442,41.472662],[236.052151,41.466668],[236.064873,41.461145],[236.073293,41.438599],[236.069836,41.395591],[236.142481,41.34587],[236.146219,41.340112],[236.141895,41.32717],[236.149918,41.317271],[236.145608,41.278777],[236.125198,41.301754],[236.143798,41.340847],[236.069057,41.394434],[236.072299,41.437152],[236.03448,41.48953],[236.033843,41.509653],[236.004315,41.502239],[235.995173,41.522968],[235.963751,41.516822],[235.940523,41.543579],[235.923693,41.537712],[235.834398,41.138827],[235.884682,41.000944],[235.759775,40.769243],[235.850723,40.873066],[235.916495,40.831892],[235.817169,40.800394],[235.784433,40.676172],[235.731765,40.699302],[235.771785,40.745346],[235.764595,40.758106],[235.755095,40.76525],[235.691435,40.65282],[235.835595,40.596187],[235.846748,40.571568],[235.840563,40.518021],[235.907003,40.506382],[235.911417,40.501006],[235.910359,40.497677],[235.890334,40.479409],[235.898438,40.467634],[236.011808,40.45199],[236.065006,40.422314],[236.081063,40.378989],[236.087282,40.343783],[236.10985,40.347098],[236.145935,40.344251],[236.176847,40.320803],[236.08637,40.341695],[236.059344,40.42463],[235.904106,40.461862],[235.690145,40.648531],[235.590497,40.444485],[235.636613,40.265075],[236.149782,39.829339],[236.241457,39.545715],[236.173275,39.347604],[236.308097,39.050359],[236.271677,38.917833],[236.665704,38.565197],[236.919958,38.443255],[236.87019,38.449964],[236.937871,38.298689],[236.941704,38.335967],[237.029889,38.309936],[237.172935,38.09005],[237.004846,38.240484],[237.060894,38.126467],[236.975998,37.994591],[237.066714,38.083023],[237.470997,37.814671],[237.528404,37.835506],[237.521729,37.859048],[237.480142,37.883544],[237.475248,37.896046],[237.562024,37.880288],[237.487743,38.130415],[237.748445,38.069287],[237.67459,38.185645],[237.685121,38.195141],[237.865835,38.042908],[237.934134,38.109514],[237.935768,38.117988],[237.919066,38.123443],[237.916742,38.136553],[237.928712,38.157172],[237.941937,38.157996],[237.930334,38.169408],[237.969998,38.224878],[237.9634,38.190402],[237.932076,38.170155],[237.943994,38.157785],[237.919825,38.125819],[237.962766,38.171646],[238.022295,38.188087],[238.036198,38.183393],[238.039092,38.171853],[238.04892,38.176001],[238.063661,38.167721],[238.089604,38.184541],[238.06475,38.166367],[237.963215,38.170075],[237.940033,38.139593],[238.10196,38.050301],[238.2982,38.123187],[238.341602,38.200668],[238.275141,38.288929],[238.324492,38.234198],[238.351237,38.332671],[238.359057,38.35149],[238.380609,38.193754],[238.336778,38.177564],[238.396798,38.165494],[238.444032,38.241059],[238.487743,38.245359],[238.433744,38.294801],[238.422427,38.310708],[238.421457,38.320312],[238.488013,38.253824],[238.489739,38.247269],[238.482623,38.238911],[238.442821,38.237854],[238.401678,38.166098],[238.383461,38.162698],[238.338955,38.17526],[238.32934,38.171214],[238.29954,38.106734],[238.362739,38.090199],[238.432891,38.134787],[238.488879,38.122297],[238.422306,38.126609],[238.445094,38.060504],[238.504954,38.092699],[238.665279,37.951046],[238.48267,38.052719],[238.440621,37.827872],[238.415662,38.028596],[238.341203,38.055838],[238.288301,38.006502],[237.851915,38.021837],[237.759505,38.05836],[237.570097,37.964961],[237.689364,37.895365],[237.658639,37.803569],[237.673303,37.807088],[237.751934,37.786789],[237.761708,37.772884],[237.720551,37.79249],[237.667753,37.782238],[237.782015,37.759666],[237.892996,37.49954],[238.020815,37.460293],[237.981679,37.422344],[237.621749,37.605686],[237.589842,37.811208],[237.485243,37.781073],[237.482446,37.522398],[237.662647,37.117228],[237.893308,36.955561],[238.090723,36.970434],[238.209925,36.807482],[238.261126,36.832206],[238.142024,36.610909],[238.022944,36.579405],[238.095901,36.306303],[238.49663,36.000175],[238.710579,35.663303],[239.112867,35.433832],[239.138234,35.210137],[239.361584,35.132869],[239.327826,34.903134],[239.415741,34.690726],[239.363646,34.558111],[239.546618,34.441738],[240.437688,34.414955],[240.871485,34.100931],[241.192649,34.00068],[241.457454,34.038907],[241.552773,33.979531],[241.588324,33.740873],[241.732171,33.702816],[241.749829,33.709126],[241.716735,33.710787],[241.723533,33.765905],[241.752781,33.714809],[241.870803,33.76817],[242.068564,33.605709],[242.11795,33.595484],[242.072279,33.619351],[242.093408,33.612779],[242.110448,33.646428],[242.131641,33.651228],[242.101009,33.605392],[242.218318,33.539864],[242.285124,33.46011],[242.489738,33.337364],[242.727868,33.090877],[242.755361,32.666149],[242.790906,32.740854],[242.882162,32.671366],[242.894802,32.587509],[242.833645,32.697235],[242.771468,32.695942],[242.857817,32.631401],[242.96039,32.284948],[243.07705,32.226954],[243.120052,32.017337],[243.381631,31.852613],[243.389755,31.7709],[243.369999,31.69496],[243.381024,31.773917],[243.254856,31.743277],[243.349892,31.664291],[243.308382,31.553491],[243.63962,31.241213],[243.667299,30.961132],[243.939808,30.799568],[243.950984,30.472246],[243.998161,30.359969],[243.97437,30.452673],[244.043336,30.447103],[244.001234,30.496495],[244.007614,30.508125],[244.064615,30.4582],[244.013758,30.390016],[244.186589,30.303468],[244.187603,29.950425],[244.297621,29.900566],[244.301413,29.755136],[244.810324,29.427769],[245.033243,29.374346],[245.37302,29.089697],[245.412999,28.964055],[245.586424,28.875934],[245.652912,28.729775],[245.835699,28.641928],[245.955074,28.462251],[245.874601,28.256337],[245.933501,28.255661],[245.953651,28.191742],[245.942274,28.094992],[245.940663,28.200317],[245.886009,28.117816],[245.96469,28.042171],[245.919168,27.977705],[245.906555,28.033643],[245.880466,28.037024],[245.914903,27.970902],[245.888335,27.926218],[245.866156,28.083763],[245.726897,27.896417],[245.851352,27.952116],[245.814993,27.751786],[245.883095,27.705943],[245.960746,27.73104],[245.931909,27.803918],[245.971056,27.740425],[246.034285,27.748085],[246.039309,27.866599],[246.155017,27.594796],[246.100016,27.551252],[246.055744,27.62324],[246.090886,27.710542],[246.058127,27.758099],[246.04367,27.659954],[245.939112,27.692372],[245.898759,27.603828],[245.698817,27.749812],[245.681899,27.878134],[245.501365,27.772957],[244.944517,27.861973],[244.972909,27.740629],[245.487028,27.416058],[245.565356,27.176073],[246.149619,26.968945],[246.390718,26.714314],[246.542081,26.830606],[246.734514,26.752196],[246.835658,26.992995],[246.861217,26.858119],[246.755637,26.785875],[246.813672,26.755976],[246.831872,26.79588],[246.847156,26.789627],[246.854604,26.801319],[246.873287,26.795961],[246.932717,26.604102],[247.319833,26.314324],[247.591079,26.245335],[247.70519,26.057472],[247.726598,26.102113],[247.734643,26.102628],[247.754742,26.087278],[247.924492,25.727407],[247.908559,25.47357],[247.97521,25.474447],[247.911728,25.462018],[247.921958,25.241768],[247.815691,24.960442],[247.85577,24.803432],[247.861125,24.948799],[247.902832,25.001693],[247.922916,24.724658],[247.943621,24.830238],[247.971567,24.839286],[247.968566,24.7387],[248.034901,24.735944],[248.045102,24.749051],[248.028885,24.752164],[248.03621,24.759619],[248.013391,24.801991],[248.009366,24.847935],[248.180954,24.509756],[248.241716,24.515532],[248.195599,24.543326],[248.185992,24.558455],[248.185195,24.598182],[248.343893,24.568912],[248.41622,24.414601],[248.439475,24.461183],[249.677743,23.554688],[250.015253,22.880323],[250.157425,22.901708],[250.540679,23.195787],[250.587201,23.386109],[250.532265,23.554688],[250.304123,23.661042],[250.173764,24.060531],[250.015186,24.044089],[249.987334,24.164898],[249.717609,24.354339],[249.660398,24.316287],[249.695679,24.175538],[249.583218,24.109128],[249.568041,24.171298],[249.627838,24.148308],[249.674738,24.174461],[249.43806,24.21264],[249.319067,24.357074],[249.259743,24.617643],[249.343076,24.806823],[249.092415,25.147166],[248.982735,25.515529],[248.880172,25.527107],[248.694622,25.772819],[248.558423,26.517678],[248.434916,26.558546],[248.438538,26.697398],[248.178636,26.896131],[248.184773,26.716929],[248.322706,26.58873],[248.219399,26.566528],[248.09125,26.719169],[248.12778,26.82992],[247.985013,26.974982],[248.047184,27.096203],[247.786997,27.204532],[247.642081,27.550054],[247.297682,27.753159],[247.213784,28.196596],[247.126999,28.283744],[247.154496,28.439842],[246.896215,28.505494],[246.779397,28.824569],[246.644969,28.802342],[246.562497,28.959739],[246.46509,28.906711],[246.362874,29.283355],[245.791324,29.744963],[245.614501,29.776816],[245.436033,30.00995],[245.332783,30.191331],[245.369847,30.488379],[245.28957,30.909337],[245.1101,31.144768],[245.221777,31.636818],[245.192645,31.811069],[245.150392,31.862085],[245.084013,31.861371],[245.052443,31.889835],[245.049506,31.914426],[245.000601,31.905812],[244.965266,31.942271],[244.963988,31.946458],[244.96718,31.949554],[244.99921,31.907682],[245.049731,31.916545],[245.087948,31.867509],[245.152991,31.866664],[245.289236,31.770584],[245.410764,31.755253],[245.824421,31.499214],[245.974704,31.492198],[246.035271,31.645953],[246.344141,31.491508],[246.376166,31.327038],[246.898061,31.198553],[246.908645,30.69354],[247.240209,30.197426],[247.252674,29.914593],[247.619192,29.48562],[247.589525,29.344584],[247.767431,29.306551],[247.826424,28.970736],[248.150856,28.796237],[248.047408,28.759063],[248.289179,28.457564],[248.564703,28.371033],[248.540864,28.316722],[248.894592,27.935892],[249.026868,27.970742],[249.116884,27.839323],[249.152536,27.986319],[249.146701,27.912605],[249.482166,27.85619],[249.40909,27.84418],[249.420193,27.786749],[249.384096,27.779719],[249.393376,27.728019],[249.393397,27.756089],[249.447535,27.7314],[249.372029,27.623965],[249.409207,27.439395],[249.486569,27.409112],[249.440078,27.369838],[249.555516,27.301734],[249.478338,27.290291],[249.713779,27.147429],[250.028562,27.106236],[250.178496,26.752113],[250.332253,26.672789],[250.505348,26.670689],[250.506349,26.678074],[250.443389,26.690277],[250.435205,26.699886],[250.516629,26.74367],[250.72444,26.51845],[250.740053,26.320207],[250.749577,26.474329],[250.908294,26.285309],[250.877565,26.243863],[250.897629,26.214088],[250.888986,26.186095],[250.788107,26.342159],[250.710594,26.13942],[250.751492,26.315475],[250.563632,25.997854],[250.601132,25.679522],[250.625273,25.776298],[250.717259,25.714891],[250.710647,25.649526],[250.644314,25.668934],[250.605374,25.63779],[250.839236,25.56096],[250.738939,25.700614],[250.895232,25.570164],[251.062021,25.671964],[251.016893,25.541816],[250.880359,25.546602],[250.956245,25.463488],[251.074993,25.456079],[251.133322,25.575505],[251.222623,25.54696],[251.20793,25.417395],[251.246015,25.458917],[251.259495,25.395432],[251.328124,25.402583],[251.379384,25.340076],[251.337119,25.368262],[251.249071,25.364507],[251.45811,25.305334],[251.421947,25.322398],[251.430029,25.341861],[251.6123,25.185007],[251.592749,25.277714],[251.652987,25.28391],[251.681942,25.194054],[251.933725,25.082131],[252.072532,24.738369],[251.932939,24.784737],[251.996687,24.657784],[252.358234,24.451786],[252.446888,24.521572],[252.511972,24.32524],[252.215788,24.512066],[252.195718,24.497379],[252.792869,24.120847],[252.855965,24.142317],[253.011862,23.944375],[252.808618,24.09613],[253.108816,23.840776],[253.570388,23.176571],[253.594524,23.213982],[253.61263,23.220444],[253.672363,23.172526],[253.620383,23.20955],[253.596983,23.207565],[253.580771,23.178155],[254.301674,22.472126],[254.265397,22.71031],[254.338248,22.70788],[254.282247,22.678173],[254.386112,22.214001],[254.529853,22.129464],[254.550367,22.02637],[254.364526,22.182251],[254.362802,21.975547],[254.549967,21.633331],[254.559005,21.64368],[254.568917,21.639819],[254.556469,21.665318],[254.557414,21.672408],[254.560273,21.675692],[254.599156,21.673463],[254.560156,21.674266],[254.572605,21.639306],[254.554471,21.624581],[254.811703,21.458817],[254.763554,21.059198],[254.461493,20.769106],[254.654078,20.758966],[254.755182,20.58208],[254.384171,20.471258],[254.313191,20.367087],[254.97067,19.384534],[255.202055,19.298514],[255.189864,19.233312],[255.306211,19.172859],[255.644307,19.115433],[255.709784,19.076718],[255.668391,19.017123],[256.042019,18.87032],[256.261583,18.686715],[256.298583,18.754069],[256.321598,18.774036],[256.375457,18.794958],[256.262929,18.684105],[256.505779,18.328096],[257.807873,17.912886],[257.861817,17.939231],[257.794169,18.014022],[257.81988,18.04194],[257.862108,17.940435],[258.036452,17.967844],[258.214237,17.866869],[258.346755,17.662022],[258.798833,17.427169],[258.938614,17.265023],[260.010203,16.909032],[260.347353,16.694542],[261.270052,16.503512],[261.284637,16.517748],[261.303749,16.523294],[261.301263,16.525977],[261.321148,16.521124],[261.335516,16.536143],[261.404558,16.549302],[261.41236,16.54623],[261.423347,16.554268],[261.455974,16.558526],[261.460673,16.573029],[261.509069,16.577625],[261.511897,16.590726],[261.517272,16.59557],[261.496647,16.614872],[261.498235,16.621578],[261.505383,16.627105],[261.49432,16.651856],[261.495808,16.666054],[261.556813,16.565187],[261.585337,16.62522],[261.621343,16.668096],[261.675544,16.687659],[261.556907,16.563262],[261.272828,16.500233],[261.450738,16.31278],[261.818061,16.255127],[262.209209,15.984533],[262.217106,15.993611],[262.20675,16.000694],[262.211339,16.01704],[262.265625,16.06529],[262.211925,15.982172],[262.765435,15.930798],[263.442732,15.656583],[263.761587,15.681679],[264.564686,15.97589],[264.832426,16.196575],[265.252371,16.209127],[264.895227,16.235601],[264.926314,16.265904],[265.010933,16.24417],[265.072252,16.240853],[265.151325,16.256459],[265.183537,16.273602],[264.934126,16.280722],[265.119838,16.435593],[265.228141,16.330802],[265.198582,16.272603],[265.324256,16.364874],[265.41959,16.336336],[265.376877,16.267215],[265.438645,16.299868],[265.432352,16.22191],[265.322216,16.230036],[265.37463,16.264682],[265.274722,16.210997],[266.030863,15.992839],[265.556967,16.215847],[265.620723,16.296596],[265.78697,16.187062],[265.876091,16.222816],[265.914607,16.124323],[266.125951,16.056892],[266.140227,15.995668],[266.061922,15.988593],[267.22672,15.153502],[267.145746,15.157011],[267.773855,14.53062],[268.464478,14.043661],[268.817293,13.925811],[269.465495,13.905475],[270.063843,13.661454],[270.192737,13.524256],[270.700383,13.484586],[271.171924,13.256894],[271.216475,13.291532],[271.232303,13.294487],[271.1949,13.247269],[271.522604,13.171949],[271.28365,13.263846],[271.523742,13.262505],[271.576494,13.166046],[271.637244,13.231068],[271.650952,13.174371],[272.101471,13.152992],[272.073347,13.198367],[272.220732,13.291849],[272.134701,13.355033],[272.113757,13.396365],[272.160913,13.446978],[272.254813,13.353012],[272.361841,13.471313],[272.466024,13.343256],[272.59772,13.417839],[272.486212,13.269716],[272.573145,13.108784],[272.756106,13.046429],[272.616389,12.937887],[272.746875,12.952524],[272.726298,12.895411],[272.778333,12.9066],[272.819391,12.888896],[272.839291,12.842449],[272.526893,12.939515],[272.423401,13.087302],[272.310006,12.909708],[272.51581,12.766154],[272.512699,12.78136],[272.477296,12.809042],[272.45746,12.84116],[272.495865,12.849615],[272.684694,12.646309],[272.651054,12.605928],[272.835898,12.519938],[272.850859,12.463033],[272.874835,12.460529],[272.874737,12.452471],[272.891008,12.446821],[272.909593,12.426423],[272.912377,12.41756],[272.833206,12.468124],[272.818214,12.460236],[273.241033,12.224818],[273.482498,11.775941],[274.330091,11.059799],[274.242757,11.023848],[274.285746,10.924743],[274.115777,10.949982],[274.049318,10.890134],[274.343102,10.762652],[274.300118,10.610239],[274.346011,10.642425],[274.373731,10.623135],[274.188491,10.516992],[274.228106,10.44911],[274.124402,10.355864],[274.332419,9.902035],[274.702487,9.807317],[274.890451,9.554344],[274.990692,9.741168],[275.136552,9.825122],[275.068886,9.836956],[275.078483,9.925361],[274.816681,10.0232],[274.730458,10.138874],[274.751999,10.24508],[274.710518,10.268747],[274.687322,10.320009],[274.644447,10.313959],[274.640933,10.316191],[274.640504,10.325115],[274.691024,10.321625],[274.7516,10.252558],[274.772887,10.266492],[274.786025,10.181137],[275.257787,9.970018],[275.368178,9.785818],[275.323126,9.6262],[275.467081,9.518189],[275.748427,9.500165],[276.481639,8.943716],[276.381348,8.990231],[276.472903,8.873791],[276.390812,8.873543],[276.501326,8.85746],[276.363575,8.817802],[276.453671,8.813409],[276.264884,8.624611],[276.433161,8.440316],[276.7215,8.386302],[276.715786,8.541162],[276.5206,8.72035],[276.652727,8.734728],[276.875108,8.60058],[276.821615,8.606599],[276.862729,8.549733],[276.888489,8.556586],[276.910097,8.550184],[276.916637,8.543417],[276.848587,8.547482],[276.907888,8.449814],[276.855661,8.366153],[277.025864,8.241453],[277.108821,8.033817],[277.163314,8.292904],[277.292229,8.343747],[277.51755,8.270754],[277.462708,8.306638],[277.603702,8.367746],[277.583039,8.285098],[277.65004,8.28859],[277.662863,8.314953],[277.63298,8.326591],[277.623929,8.337624],[277.62979,8.344583],[277.737818,8.290907],[277.755764,8.300945],[277.772807,8.359723],[277.780312,8.360296],[277.779592,8.371857],[277.783854,8.375605],[277.790167,8.377793],[277.854355,8.343314],[277.776444,8.286921],[277.843315,8.162958],[277.885577,8.216579],[277.873549,8.234541],[277.862294,8.237741],[277.853663,8.248735],[277.860502,8.24956],[277.857087,8.257355],[277.860255,8.263114],[278.073676,8.244353],[278.038803,8.192883],[278.225733,8.129823],[278.239878,8.223637],[278.325957,8.073736],[278.259663,8.080337],[278.28297,8.030429],[278.368017,7.94024],[278.358961,7.98729],[278.373512,8.000273],[278.366539,8.001585],[278.365136,8.006355],[278.395225,7.994272],[278.415653,7.768643],[278.558526,7.67811],[278.778978,7.611285],[278.750327,7.752193],[278.830325,7.808891],[278.776988,7.874321],[278.774475,7.883958],[278.801416,7.895741],[278.778193,7.902189],[278.767413,7.916557],[278.763314,7.930029],[278.747053,7.927824],[278.764716,7.931332],[278.800846,7.900886],[278.803369,7.887433],[278.784141,7.870763],[278.897609,7.843261],[278.909562,7.848807],[278.881312,7.872798],[278.877247,7.917363],[278.911471,7.857866],[278.920027,7.920117],[278.960071,7.947525],[278.983246,7.825509],[278.909567,7.773556],[279.049277,7.554253],[279.112131,7.204359],[279.563138,7.241456],[279.657995,7.319938],[279.632521,7.356509],[279.633761,7.390995],[279.739666,7.426154],[279.682824,7.416646],[279.73937,7.43569],[279.838475,7.410738],[280.001161,7.465806],[279.953549,7.635253],[279.488724,8.100657],[279.501831,8.241932],[279.612746,8.329539],[279.813163,8.324505],[280.133126,8.552978],[280.215968,8.576481],[280.301628,8.647982],[280.244246,8.60971],[280.141188,8.650013],[280.247359,8.692185],[280.259741,8.848537],[280.435469,8.90261],[280.338502,9.061248],[280.455789,8.929998],[280.563344,9.018136],[280.881081,9.000045],[280.875039,9.091371],[280.885872,9.096819],[280.912634,9.094792],[280.919364,9.113142],[280.928771,9.121343],[280.940956,9.126421],[280.938581,9.134599],[280.944465,9.140625],[280.947007,9.140625],[280.89564,8.992893],[281.089126,8.924926],[281.160918,8.812832],[281.193475,8.869884],[281.190701,8.79637],[281.213766,8.809524],[281.216014,8.833902],[281.226702,8.83545],[281.335815,8.706343],[281.381834,8.753768],[281.579296,8.346973],[281.633108,8.39493],[281.582714,8.530151],[281.598179,8.567697],[281.630746,8.422069],[281.656301,8.506468],[281.767927,8.437075],[281.764738,8.542662],[281.792668,8.434808],[281.746636,8.436572],[281.751374,8.378355],[281.837483,8.470029],[281.89942,8.411015],[281.878447,8.484536],[281.893602,8.512669],[281.863724,8.513018],[281.849133,8.598617],[281.979045,8.402977],[281.922412,8.419034],[281.975047,8.270369],[282.116583,8.22246],[282.209084,8.122675],[282.208084,8.114231],[282.198255,8.103095],[282.222891,8.100832],[282.216713,8.081899],[282.223338,8.089921],[282.235342,8.091263],[282.232642,8.105343],[282.239664,8.119646],[282.257848,8.129299],[282.245483,8.14495],[282.247914,8.160803],[282.259285,8.164266],[282.25978,8.170885],[282.264751,8.183476],[282.270144,8.184035],[282.258789,8.128945],[282.237585,8.090303],[282.217393,8.080152],[282.196175,8.102561],[282.206264,8.123697],[282.11111,8.215095],[282.025671,8.236206],[282.095484,8.191482],[282.146179,8.108185],[282.120671,8.104399],[281.844128,8.418215],[281.810916,8.280319],[281.691585,8.257039],[281.725081,8.072597],[281.550891,8.060711],[281.817656,7.515692],[282.319513,7.038385],[282.297512,6.8416],[282.413975,6.816272],[282.473265,6.647444],[282.594685,6.6859],[282.673592,6.552039],[282.60065,6.228496],[282.527134,6.297464],[282.516961,6.191566],[282.759953,5.76474],[282.65625,5.61635],[282.511079,5.608699],[282.460523,5.487721],[282.618842,5.446114],[282.65331,4.777784],[282.742881,4.734057],[282.770752,4.667381],[282.799946,4.697198],[282.81227,4.700262],[282.821581,4.699269],[282.825408,4.692871],[282.770614,4.665652],[282.675673,4.745433],[282.683651,4.43485],[282.560428,4.310107],[282.647506,4.22097],[282.750539,4.234092],[282.77884,4.156891],[282.793494,4.173433],[282.835316,4.185416],[282.897974,4.176098],[282.895577,4.211983],[282.906147,4.229911],[282.914846,4.22874],[282.923599,4.211511],[282.941552,4.213698],[282.962319,4.206148],[282.977805,4.179719],[282.961426,4.308392],[282.966493,4.313475],[282.976793,4.31086],[282.967571,4.320945],[282.96774,4.327176],[282.987492,4.340995],[282.999269,4.371966],[283.005367,4.376181],[282.994345,4.390498],[282.992225,4.40467],[282.99441,4.411359],[283.006654,4.419092],[282.993082,4.427518],[282.989962,4.437147],[282.995357,4.44308],[283.01242,4.44346],[282.990144,4.454271],[282.984657,4.462775],[283.007673,4.48298],[283.01456,4.443778],[282.98203,4.178666],[282.976153,4.178277],[282.94657,4.209501],[282.923473,4.208648],[282.917479,4.212539],[282.909961,4.228632],[282.903162,4.174885],[282.776151,4.156282],[282.738038,4.232204],[282.563737,4.141009],[282.575737,4.048229],[282.642922,4.053432],[282.561121,4.027338],[282.641359,3.926672],[282.729531,4.101709],[282.832684,4.051583],[282.74996,3.987215],[282.784598,3.981846],[282.795803,3.971656],[282.802384,3.947343],[282.682832,3.950737],[282.750933,3.828165],[282.879266,3.932234],[282.985687,3.91917],[282.852214,3.809291],[282.874547,3.719687],[282.803017,3.744283],[282.890552,3.659238],[282.670343,3.530516],[282.675835,3.518324],[282.723184,3.527792],[282.751899,3.515546],[282.7238,3.396309],[282.66483,3.512206],[282.652249,3.327676],[282.634952,3.449864],[282.604714,3.332506],[282.518978,3.31711],[282.517741,3.310061],[282.54153,3.314703],[282.590013,3.292048],[282.616121,3.20437],[282.544904,3.308003],[282.457368,3.239454],[282.532075,3.187931],[282.520128,3.110569],[282.455655,3.085018],[282.472633,3.062477],[282.472492,3.051409],[282.481013,3.044557],[282.481148,3.009467],[282.503276,3.003287],[282.512573,2.990566],[282.51867,2.999652],[282.550145,3.001944],[282.555534,2.996177],[282.557361,3.003186],[282.56988,3.00821],[282.602694,3.001259],[282.605234,2.998257],[282.598044,2.986987],[282.589257,2.984795],[282.596136,2.977787],[282.596825,2.968553],[282.610798,2.966555],[282.619249,2.955944],[282.633911,2.954574],[282.652403,2.947281],[282.649024,2.934602],[282.66712,2.935651],[282.680363,2.918877],[282.729004,2.911408],[282.730849,2.907057],[282.723196,2.898343],[282.734587,2.891995],[282.729082,2.875878],[282.741969,2.881157],[282.769853,2.874134],[282.775356,2.869845],[282.77027,2.851423],[282.77961,2.84978],[282.78114,2.845559],[282.775897,2.838569],[282.766706,2.834897],[282.753888,2.840735],[282.77333,2.869285],[282.731225,2.871209],[282.725005,2.87909],[282.732782,2.891565],[282.721727,2.89703],[282.728446,2.910703],[282.697433,2.909624],[282.647498,2.934508],[282.651469,2.945568],[282.61532,2.95585],[282.60943,2.96593],[282.596293,2.966318],[282.584141,2.983261],[282.602573,3.000401],[282.51163,2.989475],[282.477583,3.007883],[282.453993,3.085271],[282.485147,3.184313],[282.458578,3.209813],[282.295356,2.969789],[282.391321,2.988281],[282.328202,2.96556],[282.394268,2.846576],[282.294555,2.862635],[282.326594,2.815576],[282.234848,2.792565],[282.272531,2.777927],[282.285832,2.79135],[282.297585,2.791093],[282.303708,2.78672],[282.200191,2.74432],[282.212751,2.692789],[282.219464,2.689335],[282.230217,2.702792],[282.251498,2.705853],[282.261221,2.689898],[282.209791,2.683018],[282.212302,2.650143],[282.230602,2.660108],[282.235227,2.659033],[282.257064,2.628338],[282.255799,2.608714],[282.194018,2.638235],[282.250486,2.507931],[282.249126,2.497561],[282.240871,2.490853],[282.126959,2.628935],[282.021579,2.585152],[281.988384,2.651299],[281.882823,2.392693],[281.921783,2.515237],[281.865595,2.644282],[281.876123,2.475443],[281.845947,2.508102],[281.853274,2.683286],[281.79085,2.668036],[281.801822,2.648072],[281.812769,2.658984],[281.811995,2.6522],[281.822521,2.649314],[281.818568,2.646997],[281.831736,2.64101],[281.834099,2.635689],[281.806604,2.624402],[281.830566,2.544858],[281.823886,2.535439],[281.827774,2.530568],[281.825025,2.521319],[281.832628,2.51471],[281.837004,2.496147],[281.833776,2.479724],[281.764773,2.508552],[281.805011,2.4705],[281.793631,2.461206],[281.802842,2.4477],[281.800676,2.444897],[281.796945,2.447286],[281.794487,2.441553],[281.809281,2.427057],[281.81205,2.413598],[281.805083,2.401943],[281.809204,2.398897],[281.804049,2.400435],[281.808151,2.426497],[281.795463,2.435054],[281.79315,2.442076],[281.794577,2.446576],[281.796979,2.449154],[281.801411,2.447499],[281.792163,2.459529],[281.754922,2.457148],[281.675721,2.378588],[281.630193,2.52074],[281.604229,2.401363],[281.510739,2.54379],[281.550428,2.402143],[281.4284,2.447786],[281.288332,2.170179],[281.369127,2.05202],[281.327772,1.975866],[281.371017,2.011033],[281.455173,1.900755],[281.454077,1.755076],[281.404557,1.768015],[281.401979,1.727296],[281.397867,1.72147],[281.393285,1.720453],[281.380909,1.729819],[281.379743,1.718331],[281.370175,1.716084],[281.372867,1.708899],[281.372175,1.704424],[281.360511,1.70184],[281.360232,1.698622],[281.367437,1.695452],[281.368401,1.690487],[281.364172,1.678244],[281.355657,1.67457],[281.358553,1.701581],[281.379148,1.730003],[281.384409,1.730868],[281.39555,1.721768],[281.398963,1.727817],[281.395708,1.794676],[281.235562,1.733561],[281.261727,1.796919],[281.165318,1.81355],[280.992483,1.65679],[281.169129,1.688038],[281.413606,1.376809],[281.172014,1.682727],[280.990703,1.635665],[281.096319,1.540893],[281.133106,1.565082],[281.138774,1.554111],[281.167271,1.560796],[281.179634,1.550164],[281.128938,1.501541],[281.23798,1.392838],[281.162667,1.40625],[281.12154,1.314797],[281.196345,1.312395],[281.21174,1.29898],[281.038862,1.216014],[281.065496,1.195693],[281.014913,1.084916],[281.08613,1.086307],[281.153025,1.05048],[281.011397,1.084378],[281.005437,1.079381],[281.017009,1.070447],[281.017267,1.052014],[280.975631,1.022642],[281.020297,1.11509],[280.948161,1.221915],[280.823571,1.090881],[280.607774,1.083838],[280.374115,0.993646],[280.365986,0.949954],[280.344079,0.928537],[280.344348,0.901833],[280.342581,0.932658],[280.36688,0.967492],[280.35023,0.99707],[279.948619,0.824816],[279.899458,0.67849],[279.994112,0.605654],[279.943566,0.464967],[280.0541,0.205271],[280.009731,0.170205],[279.963585,0.369236],[279.935357,0.055296],[279.506767,-0.385517],[279.605469,-0.632115],[279.701908,-0.653817],[279.615373,-0.662638],[279.547219,-0.610846],[279.41696,-0.926858],[279.170141,-0.955886],[279.08711,-1.059183],[279.263084,-1.356724],[279.144755,-1.599772],[279.264299,-2.056376],[279.10155,-2.217793],[279.057435,-2.218722],[279.012803,-2.184729],[278.98667,-2.189567],[279.697769,-2.723119],[279.757951,-2.724681],[279.713797,-2.606318],[279.826871,-2.596087],[279.780425,-2.534928],[279.802338,-2.498418],[279.849763,-2.572152],[279.893926,-2.52782],[280.002408,-2.289055],[280.023561,-2.333907],[280.039746,-2.324358],[280.023496,-2.306239],[280.033633,-2.285156],[280.046892,-2.315225],[280.059407,-2.292837],[280.081667,-2.306327],[280.082221,-2.285156],[280.106684,-2.287743],[280.058509,-2.398345],[280.121167,-2.451309],[280.040944,-2.515602],[280.108512,-2.506678],[280.017511,-2.51973],[280.101457,-2.574359],[280.153676,-2.321713],[280.130029,-2.095918],[280.156917,-2.075893],[280.204378,-2.090671],[280.19042,-2.057407],[280.196748,-2.037583],[280.33752,-1.860027],[280.401409,-1.828587],[280.426899,-1.834116],[280.431456,-1.844004],[280.34007,-1.859455],[280.261122,-2.027825],[280.203511,-2.096955],[280.156028,-2.095794],[280.167418,-2.397448],[280.227339,-2.519956],[280.223174,-2.441613],[280.315214,-2.508662],[280.152658,-3.02608],[279.969653,-3.314787],[279.965429,-3.346446],[280.004123,-3.387161],[280.003435,-3.410572],[279.972923,-3.357909],[279.817595,-3.442371],[279.690162,-3.403222],[279.494053,-3.504563],[278.744516,-4.276833],[278.671678,-4.68403],[278.86023,-4.905482],[278.864372,-4.888819],[278.870103,-4.884143],[278.961126,-4.854872],[278.867181,-4.889712],[278.938435,-5.047674],[278.830571,-5.080776],[278.804088,-5.21158],[279.101907,-5.501534],[279.160849,-5.856964],[279.290859,-5.849258],[279.293049,-5.902924],[279.162133,-5.864872],[279.126108,-5.774151],[279.053295,-5.845982],[278.928254,-5.783231],[278.849267,-5.987051],[279.20611,-6.294584],[280.025544,-6.760742],[280.313048,-7.123802],[280.53391,-7.716667],[281.011742,-8.208242],[281.065484,-8.438626],[281.237371,-8.598922],[281.23766,-8.77302],[281.441386,-9.131673],[281.389698,-9.17652],[281.444872,-9.246585],[281.436183,-9.184416],[281.503424,-9.188712],[281.475527,-9.277159],[281.590764,-9.362787],[281.630574,-9.628242],[281.77349,-9.797324],[281.81428,-10.109505],[282.338289,-10.949944],[282.406433,-11.183733],[282.342801,-11.289446],[282.651815,-11.472975],[282.789211,-11.647774],[282.829299,-12.073516],[283.200576,-12.361231],[283.196063,-12.509499],[283.788324,-13.377681],[283.749418,-13.853354],[283.632563,-13.802316],[283.604378,-13.908642],[283.717164,-13.910069],[283.705552,-14.163033],[283.861099,-14.234009],[283.862401,-14.350022],[284.025096,-14.470128],[284.082388,-14.660998],[284.48115,-14.905041],[284.628616,-15.15332],[284.769149,-15.206179],[284.857632,-15.412387],[285.945819,-15.952685],[286.29742,-16.245013],[286.548206,-16.281396],[287.251112,-16.639724],[287.543038,-16.700439],[287.891235,-17.020652],[288.490926,-17.268451],[288.613732,-17.40887],[288.618274,-17.708528],[289.087483,-17.944602],[289.690372,-18.435161],[289.639255,-18.794257],[289.875498,-19.99033],[289.787806,-20.812088],[289.861162,-20.88436],[289.82118,-21.023755],[289.942474,-21.437004],[289.778272,-22.095774],[289.710179,-22.914067],[289.59976,-23.080329],[289.516154,-23.099009],[289.485151,-23.024027],[289.419322,-23.082273],[289.394906,-23.251711],[289.371293,-23.516729],[289.519084,-23.466547],[289.607847,-23.612931],[289.473264,-23.861635],[289.41901,-24.551765],[289.553225,-25.366657],[289.347998,-25.537247],[289.26232,-25.81683],[289.372139,-25.994692],[289.369924,-26.348002],[289.166039,-26.877375],[289.191614,-27.05619],[289.02537,-27.17226],[289.101022,-27.621183],[288.959681,-27.663616],[288.814347,-28.118759],[288.837567,-28.359215],[288.683857,-28.566263],[288.703355,-28.680359],[288.478721,-28.917608],[288.506976,-29.202662],[288.690683,-29.420673],[288.65388,-29.756158],[288.72674,-29.89497],[288.580763,-30.003394],[288.609084,-30.178642],[288.472839,-30.293337],[288.34649,-30.272683],[288.28125,-30.604353],[288.332216,-31.165488],[288.493376,-31.760463],[288.456537,-32.197776],[288.590822,-32.394944],[288.44672,-33.010189],[288.254025,-33.100163],[288.348674,-33.325991],[288.289659,-33.42493],[288.395359,-33.543119],[287.990078,-34.132423],[288.025563,-34.345206],[287.819038,-34.898734],[287.851555,-35.059482],[287.811411,-34.96613],[287.792708,-35.11286],[287.59591,-35.256029],[287.68122,-35.374568],[287.564309,-35.327731],[287.382881,-35.556989],[287.431465,-35.79977],[287.213464,-35.976988],[287.129159,-36.38595],[287.181941,-36.381355],[287.266674,-36.404219],[287.309517,-36.432344],[287.324363,-36.493395],[287.488314,-36.606802],[287.324099,-36.500731],[287.263681,-36.406559],[287.129009,-36.391276],[286.997259,-36.577148],[287.005879,-36.7348],[286.896453,-36.723972],[286.908963,-36.624085],[286.877849,-36.613296],[286.870059,-36.744461],[286.781185,-36.772766],[286.920444,-36.817932],[287.053658,-36.97361],[287.076531,-37.158759],[287.226099,-37.200854],[287.262262,-37.238106],[287.272038,-37.268102],[287.294582,-37.250636],[287.376391,-37.228266],[287.408565,-37.224624],[287.43612,-37.232837],[287.443659,-37.231681],[287.454565,-37.235377],[287.273162,-37.273177],[287.337265,-37.378836],[287.321764,-37.474731],[287.399174,-37.502205],[287.40696,-37.511826],[287.403932,-37.518507],[287.397263,-37.523534],[287.40506,-37.528932],[287.411281,-37.554834],[287.31645,-37.478079],[287.254491,-37.23759],[287.023564,-37.140588],[287.044418,-36.979203],[286.875471,-36.823394],[286.808036,-37.169266],[286.553579,-37.25609],[286.412699,-37.145239],[286.31413,-37.336768],[286.409436,-37.45994],[286.318304,-37.628457],[286.347651,-37.726707],[286.563047,-38.13253],[286.469431,-38.387376],[286.511253,-38.656859],[286.564428,-38.751754],[286.583173,-38.774084],[286.562191,-38.733566],[286.652619,-38.695528],[286.684782,-38.693153],[286.805939,-38.703329],[286.817479,-38.693675],[286.823698,-38.693395],[286.826131,-38.695484],[286.828807,-38.706323],[286.5805,-38.751831],[286.772592,-39.25074],[286.764788,-39.206913],[286.828326,-39.173476],[286.756486,-39.391355],[286.827645,-39.447763],[286.735068,-39.454304],[286.746,-39.538088],[286.594737,-39.69381],[286.596111,-39.869528],[286.65938,-39.811263],[286.715334,-39.856037],[286.723647,-39.787169],[286.727474,-39.782208],[286.744869,-39.777787],[286.736082,-39.743204],[286.750635,-39.724791],[286.763689,-39.71983],[286.739466,-39.827203],[286.74614,-39.821453],[286.751333,-39.809878],[286.755429,-39.806583],[286.782349,-39.818615],[286.788905,-39.79324],[286.809577,-39.782825],[286.845755,-39.80518],[286.876995,-39.785993],[286.89026,-39.787694],[286.895844,-39.793179],[286.879243,-39.787416],[286.855897,-39.804655],[286.839243,-39.806279],[286.807012,-39.78517],[286.782236,-39.823369],[286.752257,-39.810555],[286.717057,-39.874897],[286.621015,-39.87812],[286.713426,-39.94601],[286.740216,-39.870257],[286.824439,-39.886227],[286.74226,-39.872461],[286.715709,-39.948183],[286.53261,-39.851373],[286.294043,-40.002967],[286.357748,-40.08671],[286.284911,-40.243411],[286.309482,-40.230456],[286.402242,-40.300574],[286.420594,-40.282957],[286.544095,-40.268695],[286.677468,-40.336306],[286.402031,-40.302431],[286.310675,-40.239321],[286.250301,-40.286473],[286.222548,-40.459449],[286.293145,-40.561365],[286.165527,-40.666425],[286.152674,-40.919303],[286.053851,-40.986185],[286.163631,-41.273068],[286.139324,-41.462141],[286.209512,-41.587461],[286.325526,-41.602549],[286.289941,-41.49253],[286.396721,-41.605842],[286.523438,-41.513951],[286.584685,-41.495897],[286.625054,-41.504029],[286.639757,-41.517312],[286.414165,-41.625999],[286.468287,-41.64001],[286.484818,-41.659523],[286.351926,-41.602443],[286.240028,-41.746761],[286.65287,-41.813572],[286.643344,-41.793623],[286.592514,-41.777254],[286.593631,-41.766668],[286.74431,-41.787894],[286.753933,-41.714093],[286.843391,-41.808584],[286.876397,-41.777562],[286.828343,-41.74091],[286.847684,-41.702551],[286.864158,-41.75523],[286.962609,-41.705069],[286.902796,-41.591926],[287.018717,-41.488079],[287.260874,-41.532774],[287.430321,-41.715648],[287.61425,-41.660156],[287.668454,-41.393536],[287.722986,-41.392284],[287.682335,-41.653327],[287.535715,-41.724159],[287.351908,-41.730497],[287.122137,-41.913837],[287.387977,-42.043094],[287.571876,-41.974932],[287.53465,-42.14351],[287.651709,-42.170806],[287.53879,-42.201609],[287.624128,-42.254103],[287.529192,-42.299526],[287.612218,-42.488024],[287.418567,-42.187928],[287.162297,-42.294281],[287.376708,-42.520292],[287.510383,-42.553467],[287.187302,-42.507506],[287.163428,-42.833666],[287.285601,-42.913923],[287.245374,-42.955542],[287.276317,-42.970808],[287.284572,-42.987012],[287.339821,-42.991085],[287.347274,-42.995711],[287.349169,-43.001442],[287.342276,-43.013852],[287.342898,-42.994182],[287.283733,-42.987856],[287.18931,-42.93315],[287.280378,-43.086329],[287.140912,-43.029184],[287.128411,-43.233036],[286.944857,-43.32015],[286.907067,-43.434836],[286.987604,-43.580165],[287.124802,-43.610942],[286.950623,-43.737148],[287.163068,-43.769998],[287.182478,-43.654437],[287.167309,-43.763001],[287.245862,-43.834909],[287.029187,-43.778215],[287.055604,-43.85209],[287.136135,-43.873426],[287.130589,-43.896734],[287.146706,-43.882835],[287.154306,-43.880946],[287.165647,-43.883122],[287.226498,-43.9367],[287.163792,-43.884481],[287.145643,-43.901103],[287.126228,-43.897123],[287.051672,-43.853416],[287.020535,-43.773716],[286.86197,-44.018544],[286.912953,-44.082929],[286.815885,-44.054542],[286.810435,-44.153092],[286.739817,-44.102042],[286.716973,-44.162593],[286.827919,-44.20074],[286.896664,-44.126065],[286.892828,-44.229097],[286.816997,-44.24975],[287.14295,-44.292199],[287.091189,-44.376437],[287.236615,-44.381097],[287.325168,-44.512012],[287.355601,-44.413409],[287.442787,-44.326938],[287.393379,-44.472656],[287.45841,-44.530573],[287.34446,-44.540795],[287.311226,-44.77618],[286.893822,-44.953114],[286.64265,-44.955779],[286.725201,-45.151042],[286.57479,-45.188355],[286.561176,-45.261241],[286.515938,-45.195882],[286.487108,-45.225269],[286.579402,-45.276169],[286.673388,-45.294059],[286.794052,-45.240162],[287.087232,-45.425846],[287.179718,-45.378413],[287.307375,-45.409924],[287.166415,-45.484599],[287.016116,-45.454316],[286.801421,-45.291858],[286.672041,-45.346753],[286.672206,-45.354597],[286.68758,-45.358795],[286.69791,-45.377514],[286.698944,-45.411935],[286.683118,-45.359738],[286.668712,-45.354059],[286.671113,-45.349488],[286.619636,-45.387175],[286.628696,-45.434538],[286.614243,-45.486812],[286.60722,-45.407243],[286.523438,-45.446429],[286.436985,-45.781211],[286.723174,-45.592844],[286.72098,-45.646933],[286.861953,-45.657014],[286.624988,-45.696958],[286.468679,-45.825567],[286.500239,-45.87086],[286.364415,-45.974973],[286.388079,-46.220806],[286.325748,-46.329653],[286.595073,-46.013173],[286.664054,-46.035311],[286.443043,-46.273],[286.465535,-46.296469],[286.494198,-46.282675],[286.497496,-46.290972],[286.526569,-46.289082],[286.544225,-46.300316],[286.247307,-46.404519],[286.28019,-46.488529],[286.193163,-46.576066],[286.078026,-46.550457],[286.041354,-46.6096],[286.155465,-46.679722],[286.082562,-46.738075],[285.992976,-46.633502],[286.106398,-46.477175],[286.155529,-46.527726],[286.274861,-46.2328],[286.1377,-46.134685],[286.037556,-46.157148],[286.009012,-46.226701],[286.045325,-46.2194],[286.061506,-46.22459],[286.171875,-46.348772],[286.023946,-46.28165],[286.058358,-46.22615],[285.95972,-46.235023],[286.00122,-46.183356],[285.70942,-46.261095],[285.557799,-46.199214],[285.845468,-46.223451],[286.061795,-46.079329],[285.98263,-45.987736],[285.947865,-46.122972],[285.863351,-46.149766],[285.821988,-46.136737],[285.720211,-46.149206],[285.681753,-46.140275],[285.943197,-46.107347],[285.942953,-46.016649],[285.755435,-46.042063],[285.729703,-46.035491],[285.697208,-46.009456],[285.895465,-46.015411],[285.994936,-45.936705],[285.744728,-45.903249],[285.939364,-45.860849],[285.949876,-45.845321],[285.923573,-45.811824],[285.732551,-45.874152],[285.659049,-45.795119],[285.557738,-45.814964],[285.61947,-45.867087],[285.538731,-45.846429],[285.661259,-45.963332],[285.573681,-46.046628],[285.581753,-45.940985],[285.519458,-45.958144],[285.475772,-45.839463],[285.301438,-45.900643],[285.315708,-45.816615],[285.158776,-45.900708],[285.086927,-45.860606],[285.062159,-45.860833],[285.215347,-45.953354],[284.923463,-45.877191],[284.941508,-45.971842],[285.027678,-45.953144],[285.089263,-45.969391],[284.966508,-45.99049],[284.995919,-46.006148],[285.188843,-45.998684],[284.94097,-46.039417],[284.984995,-46.112888],[285.133742,-46.110217],[285.330716,-45.904741],[285.293402,-46.032958],[285.425073,-46.028725],[285.438837,-46.049805],[285.249928,-46.054688],[285.246184,-46.166848],[285.367659,-46.170949],[285.265437,-46.227262],[285.170055,-46.154453],[285.098955,-46.181715],[285.145213,-46.300316],[284.998475,-46.214692],[284.926979,-46.266742],[285.002619,-46.290786],[284.89569,-46.290257],[285.128256,-46.372116],[284.824958,-46.303985],[284.829926,-46.382686],[284.648848,-46.431729],[284.679515,-46.499661],[284.496471,-46.524967],[284.541806,-46.617684],[284.407596,-46.584139],[284.359415,-46.803853],[284.508879,-46.955357],[284.687509,-46.935535],[284.746862,-46.902804],[284.746057,-46.853721],[284.721908,-46.819125],[284.739656,-46.873257],[284.612202,-46.878905],[284.704213,-46.813043],[284.58243,-46.802168],[284.679448,-46.726035],[284.522239,-46.713939],[284.418022,-46.80674],[284.46253,-46.714031],[284.808686,-46.636966],[284.814821,-46.567013],[284.849166,-46.637365],[284.962394,-46.578143],[284.984152,-46.511533],[285.106954,-46.435879],[284.9542,-46.625644],[285.032352,-46.745557],[285.2088,-46.811298],[285.194045,-46.771091],[285.271686,-46.747246],[285.226274,-46.779727],[285.365072,-46.876029],[285.57486,-46.894096],[285.617295,-46.849252],[285.380226,-46.843645],[285.361395,-46.840405],[285.323895,-46.813066],[285.327597,-46.820311],[285.306251,-46.812306],[285.575996,-46.766479],[285.437481,-46.718925],[285.705628,-46.73298],[285.935032,-46.981357],[285.992001,-46.947103],[286.022983,-46.960518],[285.950995,-47.049135],[285.855704,-47.00395],[285.805225,-47.118548],[285.910134,-47.168739],[285.985927,-47.137322],[285.996445,-47.098365],[286.023717,-47.098124],[286.028986,-47.076589],[286.042241,-47.072415],[285.991722,-47.221174],[285.980935,-47.159793],[285.90603,-47.192937],[285.9567,-47.271691],[285.918798,-47.267932],[285.972039,-47.35226],[285.961437,-47.377213],[285.851162,-47.185445],[285.856778,-47.362589],[285.806567,-47.351811],[285.819814,-47.215221],[285.758716,-47.186707],[285.511532,-47.413306],[285.541626,-47.463312],[285.581374,-47.393209],[285.681685,-47.443831],[285.772875,-47.379428],[285.792372,-47.389732],[285.692819,-47.451997],[285.57988,-47.454901],[285.577951,-47.480268],[285.68602,-47.537194],[285.628382,-47.501047],[285.940736,-47.427572],[285.719824,-47.512635],[285.742542,-47.589196],[285.88275,-47.580785],[285.975624,-47.513858],[286.101501,-47.491144],[285.903138,-47.576731],[286.030648,-47.604632],[285.745072,-47.623846],[285.970886,-47.629439],[285.748304,-47.641022],[285.785548,-47.722492],[285.935154,-47.726837],[285.842888,-47.751592],[285.759925,-47.718833],[285.71475,-47.632283],[285.585263,-47.676653],[285.51106,-47.684346],[285.481985,-47.665276],[285.457642,-47.677135],[285.433881,-47.637512],[285.521735,-47.678379],[285.652258,-47.605682],[285.580073,-47.521834],[285.5462,-47.605768],[285.499153,-47.512588],[285.394689,-47.584963],[285.4729,-47.62647],[285.378241,-47.616766],[285.322414,-47.720671],[285.441177,-47.684211],[285.363567,-47.740181],[285.48683,-47.765803],[285.591165,-47.695403],[285.494527,-47.767778],[285.528667,-47.791236],[285.680542,-47.726909],[285.734103,-47.750621],[285.634541,-47.753507],[285.848236,-47.782202],[285.99462,-47.750128],[286.11183,-47.833365],[286.287533,-47.771187],[286.280845,-47.663577],[286.380531,-47.603846],[286.299024,-47.691216],[286.327765,-47.767043],[286.489418,-47.774742],[286.429796,-47.806093],[286.555693,-47.840921],[286.50693,-47.905869],[286.570541,-47.944703],[286.714019,-47.932891],[286.791649,-47.954904],[286.799772,-47.975801],[286.600938,-47.970402],[286.392822,-47.865856],[286.408541,-48.000133],[286.524408,-47.977704],[286.441075,-48.020413],[286.678286,-48.174935],[286.751447,-48.130045],[286.751208,-48.035596],[286.776411,-48.016073],[286.770517,-48.148681],[286.66952,-48.224411],[286.850381,-48.185977],[286.732967,-48.241431],[286.668944,-48.225403],[286.619913,-48.176592],[286.559491,-48.165715],[286.546923,-48.313818],[286.465761,-48.188753],[286.40882,-48.251971],[286.434733,-48.11694],[286.289062,-48.08699],[286.255326,-48.147267],[286.289678,-48.024746],[286.203156,-48.0551],[286.191386,-48.097265],[286.16604,-48.107642],[286.178283,-48.020395],[286.084566,-48.038691],[286.009825,-48.023506],[285.947978,-47.98035],[286.014586,-48.012509],[286.012471,-47.972021],[285.858223,-47.981435],[285.874418,-48.00473],[285.870726,-48.030618],[285.902279,-48.05851],[285.888234,-48.075884],[285.862524,-48.03921],[285.852109,-47.981462],[285.740783,-48.000056],[285.854264,-48.2233],[285.943592,-48.192913],[285.864101,-48.234312],[285.80658,-48.178608],[285.785017,-48.254978],[285.71392,-48.000446],[285.511327,-47.927827],[285.393563,-47.994493],[285.459806,-48.09099],[285.635979,-48.003616],[285.529742,-48.087201],[285.743611,-48.193017],[285.774186,-48.333602],[285.901619,-48.302659],[286.087961,-48.314059],[285.854411,-48.317303],[285.803328,-48.350139],[286.162818,-48.405789],[286.019019,-48.431523],[285.998191,-48.515206],[286.083201,-48.579769],[285.853287,-48.46631],[285.641208,-48.586813],[285.698284,-48.675832],[285.825634,-48.639384],[285.741948,-48.712639],[285.839157,-48.688859],[286.030338,-48.716616],[285.726043,-48.757447],[285.676276,-48.704808],[285.607618,-48.783045],[285.657921,-48.862879],[285.596567,-48.879353],[285.703643,-48.930647],[285.57971,-48.98877],[285.697723,-49.183986],[285.637793,-49.174966],[285.608751,-49.388238],[285.833909,-49.543427],[285.905042,-49.26799],[285.843737,-49.199211],[285.992082,-49.212009],[286.21264,-49.345259],[286.233548,-49.403269],[285.993533,-49.257023],[285.925921,-49.504869],[286.092688,-49.509871],[286.353925,-49.713915],[286.303759,-49.802336],[286.102597,-49.551929],[285.986576,-49.645778],[286.018224,-49.56322],[285.926782,-49.539182],[285.692191,-49.646308],[285.720692,-49.766728],[285.75089,-49.735115],[285.979391,-49.719711],[285.975145,-49.774142],[285.682627,-49.782313],[285.72456,-49.906227],[285.977336,-49.982749],[286.02593,-49.906955],[286.088309,-49.91709],[286.11923,-49.85889],[286.186972,-49.830642],[286.100609,-49.914485],[286.195742,-49.915482],[285.987947,-49.995712],[286.14254,-50.03877],[286.026286,-50.073081],[285.788027,-49.942169],[285.641325,-49.987285],[285.83718,-50.207577],[285.934069,-50.197146],[286.148767,-50.289205],[285.919899,-50.221294],[285.834504,-50.281972],[285.755626,-50.14854],[285.664245,-50.183927],[285.740121,-50.125906],[285.642479,-50.12813],[285.634825,-50.050658],[285.567764,-50.015612],[285.444217,-50.06241],[285.387249,-50.101708],[285.445855,-50.069623],[285.523124,-50.06761],[285.616983,-50.086303],[285.593983,-50.106151],[285.59089,-50.082945],[285.475637,-50.079274],[285.499154,-50.141842],[285.426746,-50.10385],[285.294389,-50.201534],[285.426309,-50.174432],[285.365855,-50.235377],[285.534833,-50.265249],[285.451392,-50.2953],[285.645281,-50.405064],[285.711514,-50.241501],[285.747754,-50.317202],[285.673607,-50.405588],[285.753763,-50.447068],[285.935288,-50.364437],[286.0347,-50.366028],[285.841425,-50.431769],[286.137147,-50.557868],[286.028445,-50.533336],[286.013477,-50.597542],[286.00457,-50.53125],[285.70202,-50.469212],[285.911827,-50.578583],[285.772212,-50.58587],[285.869151,-50.757633],[285.948068,-50.692304],[285.87402,-50.766413],[285.971136,-50.850949],[286.178631,-50.774732],[286.232949,-50.52247],[286.290014,-50.488871],[286.368701,-50.491217],[286.440552,-50.377258],[286.425848,-50.470642],[286.253037,-50.542763],[286.649543,-50.679581],[286.22956,-50.660264],[286.211915,-50.800363],[286.283182,-50.827433],[286.122506,-50.844451],[286.300301,-50.956883],[286.130037,-50.938149],[286.11601,-50.868206],[285.769251,-50.920716],[285.807262,-51.057629],[285.903285,-50.956004],[285.960237,-50.948289],[285.855466,-51.065048],[285.887749,-51.193372],[285.998969,-51.206096],[286.00734,-51.11043],[286.111158,-51.256238],[286.251636,-51.173664],[286.17812,-51.06494],[286.325931,-51.141755],[286.33637,-51.280567],[286.280979,-51.188495],[286.213804,-51.223124],[286.316768,-51.290894],[286.320329,-51.43021],[286.440704,-51.449944],[286.363961,-51.458845],[286.419003,-51.539201],[286.31961,-51.477728],[286.415519,-51.618446],[286.100958,-51.368667],[286.0258,-51.503906],[286.124174,-51.578127],[286.142471,-51.532118],[286.194078,-51.529949],[286.217631,-51.549312],[286.14114,-51.549723],[286.18552,-51.590619],[286.115356,-51.587928],[286.089914,-51.57041],[286.079499,-51.624215],[286.262792,-51.648012],[286.173714,-51.666183],[286.293879,-51.794075],[286.379298,-51.643386],[286.389047,-51.719983],[286.541859,-51.680955],[286.405038,-51.751247],[286.503344,-51.79671],[286.629062,-52.042161],[286.408142,-51.802642],[286.360443,-51.863712],[286.443955,-52.029109],[286.699664,-52.161456],[286.693806,-51.846052],[286.600267,-51.63843],[286.738395,-51.883353],[286.771127,-52.101262],[286.869282,-52.079204],[286.88115,-51.935396],[287.088272,-51.851307],[287.019696,-51.798602],[286.902557,-51.886131],[286.789689,-51.892703],[286.96355,-51.82663],[286.927001,-51.75418],[286.85523,-51.786247],[286.835935,-51.769708],[286.918607,-51.750329],[286.961441,-51.769943],[286.972952,-51.804857],[287.000745,-51.781701],[286.910016,-51.696039],[286.86167,-51.719451],[286.716409,-51.692507],[286.778492,-51.647442],[286.71015,-51.611148],[286.70843,-51.571574],[286.798372,-51.601379],[286.805461,-51.679109],[286.910212,-51.676227],[287.031419,-51.772981],[287.1818,-51.760399],[287.265806,-51.841347],[287.474069,-51.738756],[287.001071,-51.510049],[286.966165,-51.559695],[286.886933,-51.60454],[286.94643,-51.49459],[286.795964,-51.511254],[286.74019,-51.467623],[286.920496,-51.41368],[286.968492,-51.497025],[287.293284,-51.570061],[287.332055,-51.654528],[287.317281,-51.572284],[287.547398,-51.7766],[287.486415,-51.836619],[287.539211,-51.920009],[287.334614,-51.971678],[287.525637,-52.216797],[287.44974,-52.383052],[287.302011,-52.412119],[287.483683,-52.454879],[287.441752,-52.487142],[287.264885,-52.434223],[287.071562,-52.505255],[287.008965,-52.491032],[287.283023,-52.351311],[287.377421,-52.383331],[287.474313,-52.219995],[287.28786,-52.09191],[287.229642,-51.948391],[287.100304,-51.980541],[287.086344,-52.082855],[287.042908,-52.046331],[287.085489,-52.221919],[287.162024,-52.087392],[287.235344,-52.057995],[287.261881,-52.082452],[287.184196,-52.08771],[287.098998,-52.297032],[287.004143,-52.305173],[287.068881,-52.225466],[286.999151,-52.180054],[286.86699,-52.231887],[286.99574,-52.060236],[286.636631,-52.221493],[286.266285,-52.044321],[286.449539,-52.214424],[286.400022,-52.298759],[286.450698,-52.389904],[286.36011,-52.450161],[286.456416,-52.470925],[286.480121,-52.436218],[286.492539,-52.425039],[286.50411,-52.424916],[286.459136,-52.478127],[286.534821,-52.489223],[286.548079,-52.515437],[286.420023,-52.524637],[286.47516,-52.58817],[286.378663,-52.551371],[286.437555,-52.591613],[286.335414,-52.640307],[286.449392,-52.657769],[286.341408,-52.6488],[286.291901,-52.778405],[286.642442,-52.658296],[286.608786,-52.559379],[286.763059,-52.704436],[286.699216,-52.786316],[286.80546,-52.788717],[286.42758,-52.812239],[286.638387,-52.877352],[286.629541,-52.904988],[286.395533,-52.832709],[286.435446,-52.88798],[286.264108,-52.866502],[286.200563,-52.925905],[286.460145,-52.89512],[286.588281,-52.972978],[286.642898,-52.90302],[286.825052,-52.903973],[286.764016,-52.981271],[286.612326,-52.980311],[286.715372,-53.011028],[286.55161,-53.021883],[286.791651,-53.113011],[286.793847,-53.020269],[286.843394,-53.022765],[286.880767,-53.111124],[287.060945,-53.002467],[287.061883,-52.910156],[286.939607,-52.85121],[287.32788,-52.680875],[287.187307,-52.611916],[287.096436,-52.6687],[287.077554,-52.591999],[287.150162,-52.60849],[287.175576,-52.592765],[287.103365,-52.585535],[287.135864,-52.54212],[287.390299,-52.523909],[287.335888,-52.556652],[287.427996,-52.589487],[287.598951,-52.509157],[287.61911,-52.55653],[287.437036,-52.604224],[287.568091,-52.675751],[287.676435,-52.532812],[288.440559,-52.56354],[288.629324,-52.804028],[288.825022,-52.809155],[288.882546,-52.910156],[288.64464,-53.122137],[288.25616,-53.211627],[288.25124,-53.449613],[288.184206,-53.51983],[288.00461,-53.567163],[287.945729,-53.541765],[288.235603,-53.438133],[288.129143,-53.225603],[287.978758,-53.2344],[287.981713,-53.378581],[287.821774,-53.439434],[287.783823,-53.449059],[287.715204,-53.42876],[287.886922,-53.387792],[287.88212,-53.254154],[287.69117,-53.254275],[287.521764,-53.399994],[287.888319,-53.683597],[288.122218,-53.682772],[288.147701,-53.748201],[288.705753,-53.896288],[289.02644,-53.785787],[289.089285,-53.632887],[289.011936,-53.388647],[289.218357,-52.937624],[289.113435,-52.910156],[289.265397,-52.784254],[289.198384,-52.786765],[289.117536,-52.734375],[289.789105,-52.652218],[290.146726,-52.488002],[290.330057,-52.538253],[290.52624,-52.384659],[290.544362,-52.264853],[290.788749,-52.196365],[291.567607,-52.398082],[291.635803,-52.342981],[291.39495,-52.659546],[291.230838,-52.542204],[291.220602,-52.603253],[290.842389,-52.690228],[290.57031,-52.453187],[290.397648,-52.544285],[290.409394,-52.645191],[290.302549,-52.750095],[290.078405,-52.845418],[289.859766,-52.7305],[289.561754,-52.779122],[289.719566,-52.805061],[289.698885,-52.912319],[289.909491,-52.930385],[289.7512,-53.062811],[289.659796,-53.065492],[289.679034,-52.967381],[289.580711,-53.013848],[289.531822,-53.286302],[289.634286,-53.302815],[289.550725,-53.378313],[289.784363,-53.4776],[290.425362,-53.346261],[290.667715,-53.398312],[290.653587,-53.518129],[289.823216,-53.802504],[289.922392,-54.068099],[290.077912,-54.163705],[291.03572,-54.446869],[290.868901,-54.452093],[290.867972,-54.570656],[290.739755,-54.543312],[290.623845,-54.639089],[290.660319,-54.722385],[290.615664,-54.646973],[290.530948,-54.688424],[290.486161,-54.67591],[290.800614,-54.449965],[290.545027,-54.346383],[290.451475,-54.340752],[290.506448,-54.443142],[290.403074,-54.404638],[290.415407,-54.497819],[290.375274,-54.3536],[290.152779,-54.287587],[290.282898,-54.501499],[290.27936,-54.584142],[290.23154,-54.604466],[290.228111,-54.54427],[290.210762,-54.557478],[290.149692,-54.578421],[290.254183,-54.518852],[290.19866,-54.467212],[290.089216,-54.514539],[290.182017,-54.44475],[290.0316,-54.383095],[290.012465,-54.268992],[289.801761,-54.315394],[289.962991,-54.38387],[289.856915,-54.430811],[289.067049,-54.117887],[289.176353,-54.19615],[289.089846,-54.16165],[289.126201,-54.256036],[289.473796,-54.303612],[289.48615,-54.389608],[289.896505,-54.55765],[289.698094,-54.502054],[289.763634,-54.58397],[289.440734,-54.402246],[289.292259,-54.537733],[289.37815,-54.607433],[289.280551,-54.55152],[289.231883,-54.628563],[289.289246,-54.434877],[289.425254,-54.355346],[289.201795,-54.32627],[289.062652,-54.369815],[289.0595,-54.518345],[288.630047,-54.37339],[288.574936,-54.400809],[288.663361,-54.426401],[288.617494,-54.463556],[288.385286,-54.395439],[288.513176,-54.478133],[288.415266,-54.473241],[288.458784,-54.509361],[288.272135,-54.397291],[288.129662,-54.437332],[288.484895,-54.548511],[288.244222,-54.489257],[288.344093,-54.569996],[288.200757,-54.542511],[288.098265,-54.444389],[288.006256,-54.453786],[288.050776,-54.533465],[287.998724,-54.499042],[287.979084,-54.510622],[288.03588,-54.564615],[288.093843,-54.544046],[288.117402,-54.600937],[288.024599,-54.602023],[288.113389,-54.641027],[288.360074,-54.583416],[288.305364,-54.629527],[288.345959,-54.660996],[288.385937,-54.572779],[288.462774,-54.657915],[288.473526,-54.602802],[288.491002,-54.583417],[288.505492,-54.583771],[288.511384,-54.689508],[288.676857,-54.617884],[288.554539,-54.563975],[288.670919,-54.568783],[288.657214,-54.509723],[288.819453,-54.576297],[288.748032,-54.618188],[288.862601,-54.623442],[288.689524,-54.651698],[288.811086,-54.702029],[288.960201,-54.650534],[288.94209,-54.601081],[289.091059,-54.624407],[288.982605,-54.670392],[289.074232,-54.677316],[288.950786,-54.758223],[288.974987,-54.780572],[289.090453,-54.701461],[289.080637,-54.669871],[289.242737,-54.69005],[289.051247,-54.755867],[289.202533,-54.765205],[289.433464,-54.710058],[289.372616,-54.679064],[289.444573,-54.629014],[289.564421,-54.641544],[289.526104,-54.698856],[289.151831,-54.816787],[289.264617,-54.852852],[289.417865,-54.773151],[289.653086,-54.85452],[289.688522,-54.751795],[289.770763,-54.687742],[289.823777,-54.696755],[289.681567,-54.860054],[289.831128,-54.874203],[289.769186,-54.840495],[289.928493,-54.794003],[289.904528,-54.86253],[290.0323,-54.854435],[290.012688,-54.725888],[290.063128,-54.68153],[290.078989,-54.846754],[290.231646,-54.833719],[290.216169,-54.728025],[290.235004,-54.834807],[290.311412,-54.837168],[290.293532,-54.704206],[290.335709,-54.800626],[290.408591,-54.770179],[290.329839,-54.844799],[290.955935,-54.967446],[291.294493,-54.913462],[291.191831,-54.840101],[291.418039,-54.893901],[291.737583,-54.795806],[292.723469,-54.870397],[292.733333,-54.943611],[292.021611,-54.893477],[291.621157,-54.94754],[291.826969,-54.993104],[291.841115,-55.149299],[291.943411,-55.175617],[291.8842,-55.224117],[292.13464,-55.189029],[292.268081,-55.238966],[292.143345,-55.257459],[292.386276,-55.278752],[292.498018,-55.176977],[292.580622,-55.200849],[292.56373,-55.317404],[292.733333,-55.33147],[292.733333,-55.710375],[292.616178,-55.705774],[292.677918,-55.640267],[292.618471,-55.565655],[292.502144,-55.621816],[292.584106,-55.647302],[292.581798,-55.718889],[292.463235,-55.645229],[292.489835,-55.711136],[292.417055,-55.727236],[292.733333,-55.78784],[292.576047,-55.826405],[292.733333,-55.887943],[292.649544,-55.929934],[292.733333,-55.978688],[292.733333,-60.0],[146.88974,-60.0],[146.888675,-43.548909],[147.002265,-43.479169],[146.917358,-43.446192],[146.920599,-43.41716],[147.017113,-43.443785],[147.06018,-43.357101],[147.019581,-43.334019],[147.006902,-43.342942],[146.972152,-43.327137],[147.100327,-43.290764],[146.964787,-43.191106],[147.038924,-43.053252],[146.984829,-43.189563],[147.093783,-43.168954],[147.167168,-43.283356],[147.260147,-43.229267],[147.272628,-43.016851],[147.344011,-43.052355],[147.325584,-42.833972],[147.256636,-42.815355],[147.207232,-42.74052],[147.155181,-42.752262],[147.142191,-42.768389],[147.103096,-42.782306],[147.198752,-42.725417],[147.404489,-42.885039],[147.408458,-42.939393],[147.484839,-42.911435],[147.469727,-43.026777],[147.431008,-43.027857],[147.409095,-42.962723],[147.391399,-42.97611],[147.417159,-43.054526],[147.55379,-42.986467],[147.505741,-42.862633],[147.612887,-42.845973],[147.479542,-42.825525],[147.436971,-42.785133],[147.447626,-42.75686],[147.595325,-42.786247],[147.669023,-42.901845],[147.816561,-42.900682],[147.846842,-43.012893],[147.924464,-43.018036],[147.77331,-43.05453],[147.675886,-42.934748],[147.626683,-43.073343],[147.741099,-43.097371],[147.694319,-43.167495],[147.787773,-43.237319],[147.874968,-43.206368],[147.846411,-43.154829],[147.862833,-43.108804],[147.89588,-43.191125],[148.011655,-43.22208],[147.926314,-43.022003],[148.002813,-42.960399],[147.976352,-42.870359],[147.812289,-42.890625],[147.962675,-42.679415],[147.861374,-42.558687],[148.011528,-42.509985],[148.018301,-42.315404],[147.95862,-42.352321],[147.933786,-42.342695],[148.070431,-42.111854],[148.234399,-42.097264],[148.120106,-42.077125],[148.153778,-42.005493],[148.245751,-41.991663],[148.156588,-42.073013],[148.220588,-42.068947],[148.300963,-42.12985],[148.253651,-42.247898],[148.348066,-42.222423],[148.263829,-41.814604],[148.316861,-41.576132],[148.237323,-41.459928],[148.359894,-41.281669],[148.272735,-41.339168],[148.248666,-41.329323],[148.339,-41.260463],[148.252334,-41.050689],[148.350081,-40.992827],[148.223336,-40.84543],[147.939942,-40.738886],[147.888357,-40.880472],[147.665956,-40.82189],[147.423621,-41.012257],[147.281889,-40.941734],[147.136498,-41.037156],[147.015994,-40.980814],[146.786052,-41.053604],[146.958403,-41.183034],[146.912134,-41.213922],[147.010032,-41.272384],[146.982878,-41.313112],[147.072741,-41.331881],[147.127024,-41.41081],[147.128095,-41.440274],[146.971858,-41.309371],[146.897765,-41.202692],[146.922743,-41.169576],[146.770645,-41.162312],[146.820267,-41.137975],[146.768692,-41.07858],[146.563925,-41.147059],[146.603704,-41.154684],[146.577912,-41.18498],[146.601104,-41.214285],[146.6022,-41.222151],[146.598108,-41.243],[146.532175,-41.117888],[146.370281,-41.171057],[146.381217,-41.230873],[146.356935,-41.15819],[146.247853,-41.172751],[146.125698,-41.161932],[145.505445,-40.85062],[145.308164,-40.846939],[145.260804,-40.71154],[145.269418,-40.750374],[145.266324,-40.789771],[145.256517,-40.800475],[145.123718,-40.831745],[145.017633,-40.731092],[144.766273,-40.739113],[144.096992,-40.047671],[144.10916,-39.668548],[143.948897,-39.578224],[143.86954,-39.705081],[143.532508,-38.855345],[143.841341,-38.690979],[144.037304,-38.474939],[144.486521,-38.258328],[144.612952,-38.292283],[144.673474,-38.26659],[144.66617,-38.257487],[144.642424,-38.269782],[144.620741,-38.263787],[144.706805,-38.210755],[144.689778,-38.118898],[144.360621,-38.115805],[144.908794,-37.871169],[144.894735,-37.827896],[144.91495,-37.80999],[145.118405,-38.142788],[144.939169,-38.343542],[144.653283,-38.308061],[144.924903,-38.499853],[145.235265,-38.409786],[145.196105,-38.303751],[145.263657,-38.225966],[145.482276,-38.232307],[145.542559,-38.387398],[145.415605,-38.405142],[145.371107,-38.537813],[145.607372,-38.68202],[145.729138,-38.636222],[145.823609,-38.643621],[145.843854,-38.696666],[145.730194,-38.646821],[145.92211,-38.909742],[146.046649,-38.810845],[146.190017,-38.868397],[146.158039,-38.849051],[146.14757,-38.796617],[146.344242,-39.123359],[146.423903,-39.131031],[146.476137,-38.788372],[146.298836,-38.905659],[146.189444,-38.733425],[146.888463,-38.631418],[147.576069,-38.081001],[147.970997,-37.890123],[147.450953,-38.077111],[147.727299,-37.918156],[147.741488,-37.857745],[147.678978,-37.88397],[147.656073,-37.849051],[147.806057,-37.84911],[147.857281,-37.896932],[148.083315,-37.860846],[148.131986,-37.776763],[148.092466,-37.857889],[148.509651,-37.767215],[149.483804,-37.776168],[149.766094,-37.57383],[149.693823,-37.52359],[149.726872,-37.515487],[149.676102,-37.491811],[149.691988,-37.483087],[149.676185,-37.473465],[149.67584,-37.468526],[149.678552,-37.464508],[149.742256,-37.527697],[149.808553,-37.487706],[149.766887,-37.563714],[149.975172,-37.506779],[149.918782,-37.242818],[150.052315,-37.262441],[150.006335,-37.141369],[149.859941,-37.097545],[149.948879,-37.017683],[149.876748,-36.893092],[149.94032,-36.902884],[149.991752,-36.725271],[149.972491,-36.701728],[149.958557,-36.719393],[149.929961,-36.720633],[149.92023,-36.7168],[150.068745,-36.553871],[150.030107,-36.3477],[150.14883,-36.266629],[150.137705,-36.212985],[150.108983,-36.23014],[150.071736,-36.22797],[150.061462,-36.209731],[150.133027,-36.212944],[150.133622,-36.07323],[150.071919,-36.087105],[150.044521,-36.062545],[150.165041,-36.013657],[150.162094,-35.908004],[150.079548,-35.907578],[150.068288,-35.902158],[150.066122,-35.892604],[150.235564,-35.835324],[150.118623,-35.694533],[150.138327,-35.617587],[150.139771,-35.702554],[150.276773,-35.72373],[150.260302,-35.622899],[150.324487,-35.639312],[150.423481,-35.369831],[150.493954,-35.36817],[150.452043,-35.227823],[150.511867,-35.268807],[150.593473,-35.18962],[150.550419,-35.102451],[150.650022,-35.094779],[150.593823,-35.183028],[150.695183,-35.2011],[150.764669,-35.124545],[150.698743,-35.121492],[150.663012,-35.019596],[150.786076,-34.992746],[150.773044,-35.079102],[150.833821,-35.075027],[150.769532,-34.901074],[150.494508,-34.868392],[150.718376,-34.874275],[150.825706,-34.783054],[150.904361,-34.596835],[150.812242,-34.507068],[150.921408,-34.494226],[150.927637,-34.317635],[151.171875,-34.089007],[151.091875,-34.087592],[151.082241,-34.056198],[151.230369,-34.026866],[151.138327,-34.035679],[151.117674,-33.992473],[151.250182,-34.001886],[151.286054,-33.89217],[151.280984,-33.832933],[151.267363,-33.869898],[151.188951,-33.874686],[151.185534,-33.846164],[151.150594,-33.871911],[151.153629,-33.841888],[151.119369,-33.86453],[151.093802,-33.824233],[151.077302,-33.839193],[151.084188,-33.822076],[151.063198,-33.825263],[151.048882,-33.824066],[151.046487,-33.82114],[151.307997,-33.808222],[151.335598,-33.582247],[151.303839,-33.665845],[151.294023,-33.571769],[151.159789,-33.659802],[151.247105,-33.57849],[151.214965,-33.571268],[151.175715,-33.513586],[151.158165,-33.57383],[151.118981,-33.589155],[151.125584,-33.597562],[151.125349,-33.620437],[151.117682,-33.627623],[151.115028,-33.512845],[151.15922,-33.462891],[151.142633,-33.47486],[151.120586,-33.465042],[151.104565,-33.482883],[151.091419,-33.480942],[151.080107,-33.448421],[151.076957,-33.460736],[151.07305,-33.462844],[151.065836,-33.461206],[151.030092,-33.427603],[151.031154,-33.405775],[150.993319,-33.400363],[150.986637,-33.378821],[150.980016,-33.39909],[150.965289,-33.412476],[150.952466,-33.414705],[150.955358,-33.424899],[150.951117,-33.428579],[150.942783,-33.425966],[150.938933,-33.415208],[150.927948,-33.433166],[150.894518,-33.427529],[150.901014,-33.4357],[150.876908,-33.453513],[150.89772,-33.450551],[150.904037,-33.462892],[150.905881,-33.47015],[150.904415,-33.473135],[150.89983,-33.475095],[150.871806,-33.473398],[150.890425,-33.486484],[150.872936,-33.50271],[150.871421,-33.472025],[150.904787,-33.469968],[150.874823,-33.453117],[150.897621,-33.434741],[150.892246,-33.43014],[150.901765,-33.418656],[150.939047,-33.41272],[150.951621,-33.425925],[150.950327,-33.413556],[150.977336,-33.396661],[150.980958,-33.372448],[151.032624,-33.403768],[151.071113,-33.461027],[151.079561,-33.445877],[151.09725,-33.481097],[151.157616,-33.416591],[151.199168,-33.535878],[151.194488,-33.48974],[151.213715,-33.472559],[151.232147,-33.473219],[151.230356,-33.456506],[151.237684,-33.453654],[151.258591,-33.570904],[151.271395,-33.560974],[151.26598,-33.555337],[151.26742,-33.547531],[151.260256,-33.543942],[151.26372,-33.52943],[151.350447,-33.515018],[151.300711,-33.495986],[151.320272,-33.431077],[151.38204,-33.471866],[151.362634,-33.522738],[151.335903,-33.522441],[151.34536,-33.546818],[151.415609,-33.524255],[151.505041,-33.352722],[151.445364,-33.292113],[151.508431,-33.218133],[151.56402,-33.242358],[151.521085,-33.261969],[151.502376,-33.344667],[151.572795,-33.29049],[151.665835,-33.089003],[151.567415,-33.176296],[151.492445,-33.080758],[151.613445,-33.082554],[151.614713,-32.962024],[151.659293,-33.084509],[151.804095,-32.915798],[151.784735,-32.925516],[151.764367,-32.924935],[151.712746,-32.870265],[151.784726,-32.892099],[151.683437,-32.823009],[151.681397,-32.81732],[151.683916,-32.813589],[151.706309,-32.803095],[151.695483,-32.794525],[151.693999,-32.79116],[151.695883,-32.787686],[151.807583,-32.82762],[151.789154,-32.857388],[151.785163,-32.919867],[152.115359,-32.792668],[152.188296,-32.711676],[152.064058,-32.698252],[152.071621,-32.732156],[152.051674,-32.752948],[152.019762,-32.746366],[151.965695,-32.776585],[151.922576,-32.782748],[152.043101,-32.737519],[151.990174,-32.7195],[151.944174,-32.739053],[151.933447,-32.740097],[151.930437,-32.736857],[151.97847,-32.705012],[151.942389,-32.675963],[151.96968,-32.666091],[151.939374,-32.614276],[151.960748,-32.536751],[151.974426,-32.660403],[152.170713,-32.636217],[152.14668,-32.678434],[152.205155,-32.701301],[152.330279,-32.531053],[152.539705,-32.443771],[152.459321,-32.379497],[152.533741,-32.379918],[152.570043,-32.214345],[152.507504,-32.176461],[152.498093,-32.342164],[152.475758,-32.235873],[152.39448,-32.196463],[152.403224,-32.265066],[152.394839,-32.276472],[152.362087,-32.185233],[152.50909,-32.174043],[152.598477,-31.945173],[152.481785,-31.910522],[152.425247,-31.939065],[152.420228,-31.938712],[152.41537,-31.928574],[152.614318,-31.858742],[152.661291,-31.889194],[152.75385,-31.845441],[152.850083,-31.641749],[152.757002,-31.717942],[152.727985,-31.70312],[152.938645,-31.473909],[152.897719,-31.425251],[152.901801,-31.406288],[152.886632,-31.420796],[152.873613,-31.422361],[152.829467,-31.406158],[152.785977,-31.435797],[152.76282,-31.441061],[152.840035,-31.365823],[152.871843,-31.417958],[152.888385,-31.388456],[152.888064,-31.402226],[152.908334,-31.406346],[152.913579,-31.42485],[153.066512,-31.055673],[153.088354,-30.912287],[153.028065,-30.872528],[153.036487,-30.932896],[152.987249,-30.994474],[152.943221,-31.027009],[152.922987,-31.000667],[152.909727,-31.023054],[152.847952,-31.069121],[152.920117,-30.999213],[152.978014,-31.000453],[153.031526,-30.924853],[153.009909,-30.654269],[152.984389,-30.702402],[153.003206,-30.656698],[152.964664,-30.704821],[152.941923,-30.711682],[152.911933,-30.703382],[152.912496,-30.698353],[153.02028,-30.648674],[153.0007,-30.459124],[153.031799,-30.499236],[153.155147,-30.305072],[153.371492,-29.428268],[153.293898,-29.522572],[153.288504,-29.382375],[152.94747,-29.698173],[152.920423,-29.695677],[152.895742,-29.661702],[152.897985,-29.645981],[152.928221,-29.604442],[152.902039,-29.578181],[152.893058,-29.586797],[152.902743,-29.601423],[152.90335,-29.613592],[152.899104,-29.621814],[152.888545,-29.625014],[152.862983,-29.616289],[152.856839,-29.642173],[152.850557,-29.643074],[152.843311,-29.639533],[152.863141,-29.614334],[152.899181,-29.619002],[152.891037,-29.5875],[152.902612,-29.577138],[152.92867,-29.595928],[152.930615,-29.610343],[152.898803,-29.659446],[152.948642,-29.693953],[153.162351,-29.452119],[153.110358,-29.424575],[153.188522,-29.463686],[153.23218,-29.368336],[153.354982,-29.376881],[153.347113,-29.40752],[153.357746,-29.423179],[153.373137,-29.425733],[153.345876,-29.290659],[153.585423,-28.875138],[153.531353,-28.873722],[153.526395,-28.899173],[153.512594,-28.904549],[153.483031,-28.944126],[153.472115,-28.953364],[153.462318,-28.956269],[153.461372,-28.991702],[153.422925,-29.018407],[153.415071,-29.017102],[153.40986,-29.012651],[153.40444,-28.9996],[153.395926,-29.003484],[153.518603,-28.868809],[153.576939,-28.838771],[153.577276,-28.867354],[153.592369,-28.876004],[153.638771,-28.636236],[153.55257,-28.529569],[153.57179,-28.200229],[153.550658,-28.170759],[153.564112,-28.208762],[153.553229,-28.23775],[153.508827,-28.267473],[153.486494,-28.273077],[153.463273,-28.271299],[153.460581,-28.27502],[153.461827,-28.28664],[153.459084,-28.294443],[153.45383,-28.298057],[153.43757,-28.300781],[153.55247,-28.164925],[153.456777,-28.097543],[153.399817,-27.871528],[153.381045,-27.89199],[153.368591,-27.896986],[153.358512,-27.893612],[153.357319,-27.912267],[153.346868,-27.919786],[153.360448,-27.797541],[153.411935,-27.790282],[153.352947,-27.698975],[153.310198,-27.713386],[153.240237,-27.697316],[153.340024,-27.690092],[153.190491,-27.353613],[153.162763,-27.40134],[153.111249,-27.443156],[153.088316,-27.450065],[153.053506,-27.442036],[153.056907,-27.469113],[153.053166,-27.474383],[153.043926,-27.47789],[153.035425,-27.464643],[153.034056,-27.477064],[153.03019,-27.48212],[153.00421,-27.476935],[153.022682,-27.500185],[153.010266,-27.522457],[153.005069,-27.524187],[152.993504,-27.523531],[152.969999,-27.506861],[152.967075,-27.515517],[152.972358,-27.525983],[152.970963,-27.533329],[152.97456,-27.538872],[152.973667,-27.544742],[152.893585,-27.580141],[152.903998,-27.543698],[152.971669,-27.504714],[153.008144,-27.521454],[152.99456,-27.488191],[153.009223,-27.469673],[153.050061,-27.440225],[153.108817,-27.440239],[153.160653,-27.378382],[153.063443,-27.28214],[153.033097,-27.299569],[153.01678,-27.288741],[153.118168,-27.232378],[153.03361,-27.191551],[153.023714,-27.126028],[153.145895,-27.077329],[153.068585,-27.051878],[153.071647,-26.914927],[153.207533,-27.084961],[153.131476,-26.814506],[153.117657,-26.882122],[153.10092,-26.897705],[153.081247,-26.896948],[153.139275,-26.67953],[153.122993,-26.681881],[153.043988,-26.627323],[153.10217,-26.640802],[153.120146,-26.379626],[153.062212,-26.397523],[153.044667,-26.395897],[153.037793,-26.387721],[153.192476,-25.931575],[153.110541,-25.924828],[153.071368,-25.81318],[153.047966,-25.80835],[153.059282,-25.913433],[153.019461,-25.986212],[153.020667,-25.829405],[152.922016,-25.828852],[152.986423,-25.771616],[152.87522,-25.692104],[152.863716,-25.553076],[152.958001,-25.432544],[152.845794,-25.499648],[152.775135,-25.51141],[152.762175,-25.510562],[152.75071,-25.501778],[152.731961,-25.46769],[152.739307,-25.492386],[152.728357,-25.519795],[152.707339,-25.536992],[152.726165,-25.552011],[152.727712,-25.555738],[152.725594,-25.559515],[152.71868,-25.562174],[152.713086,-25.560587],[152.680514,-25.541401],[152.675071,-25.534771],[152.725578,-25.557062],[152.705905,-25.537138],[152.728781,-25.516571],[152.737902,-25.49114],[152.729138,-25.470357],[152.729385,-25.468368],[152.734461,-25.465402],[152.849735,-25.485799],[152.909933,-25.427037],[152.886671,-25.427089],[152.878104,-25.424534],[152.862872,-25.41044],[152.862208,-25.420446],[152.852212,-25.420272],[152.853879,-25.407586],[152.895871,-25.409492],[152.924988,-25.431131],[152.909066,-25.287956],[152.660923,-25.259116],[152.61595,-25.18353],[152.538559,-25.226279],[152.5544,-25.175921],[152.535409,-25.174285],[152.527439,-25.165386],[152.529228,-25.156749],[152.63289,-25.153115],[152.459068,-24.952137],[152.413713,-24.757525],[152.361938,-24.859685],[152.253844,-24.943465],[152.226562,-24.947824],[152.193776,-24.939242],[152.178538,-24.944976],[152.361593,-24.858513],[152.395355,-24.747631],[152.195742,-24.651662],[152.215109,-24.669309],[152.165083,-24.703372],[152.062112,-24.514704],[152.055724,-24.527888],[152.028335,-24.532018],[151.909952,-24.508108],[152.054297,-24.517721],[151.887433,-24.149454],[151.881082,-24.177896],[151.855467,-24.205873],[151.752954,-24.122919],[151.764069,-24.015067],[151.715344,-24.08507],[151.728863,-24.023061],[151.611671,-23.978979],[151.68037,-24.054814],[151.681456,-24.104046],[151.565668,-24.036112],[151.563709,-24.111545],[151.443406,-24.026275],[151.444063,-24.088329],[151.232811,-23.815361],[151.184042,-23.913752],[151.167749,-23.915954],[151.220051,-23.83245],[151.093315,-23.654144],[151.221918,-23.799825],[151.316859,-23.759904],[151.23466,-23.482798],[151.222008,-23.510068],[151.205575,-23.527989],[151.193388,-23.532226],[151.016284,-23.453156],[151.077803,-23.639014],[150.973807,-23.556515],[150.930868,-23.678665],[150.842161,-23.563555],[150.700126,-23.624698],[150.704863,-23.508173],[150.634189,-23.519493],[150.66115,-23.49257],[150.629772,-23.482108],[150.553526,-23.378906],[150.542764,-23.391154],[150.530178,-23.393588],[150.492333,-23.359635],[150.479968,-23.318592],[150.460602,-23.340703],[150.455572,-23.342843],[150.448458,-23.340795],[150.4223,-23.246791],[150.370213,-23.266989],[150.357842,-23.265316],[150.341576,-23.24735],[150.341156,-23.239719],[150.374838,-23.209573],[150.39194,-23.203125],[150.357175,-23.263147],[150.420367,-23.243417],[150.427076,-23.250307],[150.43569,-23.287334],[150.453669,-23.317053],[150.448709,-23.337107],[150.480041,-23.315833],[150.494375,-23.358771],[150.557521,-23.379717],[150.633445,-23.481672],[150.661548,-23.487196],[150.667781,-23.501076],[150.861907,-23.500493],[150.740218,-23.293573],[150.831738,-23.255458],[150.722255,-22.905835],[150.800608,-22.932953],[150.836487,-22.685154],[150.778183,-22.525086],[150.750195,-22.634301],[150.711815,-22.636396],[150.704269,-22.626796],[150.653351,-22.478766],[150.763421,-22.468904],[150.668879,-22.345846],[150.663457,-22.451822],[150.626405,-22.327898],[150.529705,-22.401968],[150.649825,-22.537374],[150.566511,-22.519889],[150.634111,-22.656975],[150.179625,-22.362251],[150.043302,-22.125743],[149.913748,-22.344594],[150.063456,-22.656294],[149.812579,-22.383164],[149.632828,-22.573526],[149.709536,-22.387754],[149.579397,-22.40756],[149.657915,-22.356089],[149.626361,-22.300022],[149.565812,-22.299444],[149.532305,-22.341204],[149.504259,-22.33855],[149.603401,-22.272446],[149.43594,-21.84425],[149.484962,-21.53273],[149.4637,-21.538509],[149.452818,-21.58413],[149.447045,-21.587872],[149.338937,-21.473858],[149.301103,-21.502347],[149.303918,-21.527271],[149.294929,-21.534576],[149.312679,-21.259528],[149.252379,-21.244303],[149.202616,-21.315417],[149.171574,-21.321522],[149.212831,-21.145451],[149.101658,-21.148649],[149.195484,-21.126134],[149.221395,-21.148219],[149.226074,-21.063638],[149.08829,-20.976014],[149.032173,-20.987952],[149.021741,-21.006934],[149.015046,-21.011515],[149.007252,-21.010711],[149.045963,-20.902917],[148.826109,-20.896348],[148.841972,-20.791622],[148.633857,-20.548208],[148.715974,-20.497968],[148.674175,-20.44032],[148.763417,-20.479627],[148.797096,-20.422158],[148.931621,-20.535564],[148.769507,-20.235628],[148.679789,-20.278304],[148.557102,-20.065873],[148.444556,-20.066093],[148.447918,-20.175749],[148.345555,-20.152953],[148.230869,-20.04757],[148.266658,-20.025557],[148.26094,-19.975187],[148.112334,-19.941647],[148.08527,-19.8569],[148.004668,-19.926001],[147.873455,-19.895053],[147.825943,-19.710861],[147.752457,-19.706869],[147.811504,-19.83374],[147.770361,-19.857401],[147.440985,-19.622518],[147.41483,-19.622393],[147.367898,-19.672377],[147.347597,-19.6875],[147.344586,-19.687357],[147.392542,-19.638371],[147.412027,-19.621685],[147.420605,-19.618891],[147.438229,-19.619427],[147.505482,-19.64906],[147.522382,-19.664714],[147.588118,-19.652374],[147.514566,-19.594154],[147.574309,-19.600615],[147.524543,-19.545846],[147.537999,-19.527636],[147.490809,-19.471165],[147.447755,-19.356368],[147.414458,-19.3145],[147.439365,-19.42081],[147.135393,-19.406837],[147.125977,-19.460388],[147.016908,-19.182176],[146.95665,-19.307896],[146.822357,-19.29068],[146.767528,-19.184794],[146.454864,-19.074875],[146.262091,-18.862479],[146.339578,-18.526618],[146.277687,-18.507196],[146.291405,-18.541598],[146.282007,-18.596134],[146.275709,-18.598978],[146.232489,-18.589087],[146.287308,-18.533929],[146.200575,-18.525251],[146.007386,-18.191048],[146.149533,-17.649909],[146.031585,-17.520674],[146.073056,-17.394997],[145.92177,-17.217625],[145.964343,-17.169883],[145.889109,-17.042829],[145.957489,-16.896374],[145.849157,-16.871434],[145.774785,-16.995484],[145.771898,-16.867275],[145.412176,-16.465818],[145.451278,-16.283224],[145.418303,-16.293612],[145.345644,-16.255477],[145.487989,-16.277796],[145.475878,-16.077983],[145.353259,-15.926523],[145.322515,-15.570682],[145.193338,-15.461301],[145.357456,-15.276369],[145.26644,-15.254797],[145.219801,-15.130119],[145.352203,-14.952532],[145.279984,-14.952985],[145.230067,-14.831664],[145.043584,-14.813243],[144.909933,-14.613382],[144.682436,-14.551184],[144.523662,-14.168779],[144.338777,-14.306869],[144.195691,-14.26119],[144.142689,-14.409283],[143.942403,-14.501293],[143.941586,-14.516044],[143.946928,-14.518631],[143.954637,-14.514516],[143.9605,-14.515616],[143.980559,-14.542767],[143.983544,-14.550854],[143.981744,-14.555132],[143.976894,-14.558285],[143.789926,-14.414062],[143.532154,-13.758337],[143.598005,-13.435901],[143.502832,-13.123576],[143.544714,-12.842136],[143.35629,-12.928424],[143.438462,-12.612148],[143.240122,-12.524407],[143.246905,-12.379476],[143.07979,-12.342631],[143.068095,-12.136403],[143.243576,-11.967521],[143.165177,-11.989644],[143.096947,-11.891075],[142.971081,-11.930849],[142.853874,-11.836915],[142.868829,-11.383063],[142.74765,-10.991764],[142.672277,-10.974638],[142.658634,-11.055495],[142.639885,-10.97888],[142.67592,-10.955251],[142.580808,-10.961515],[142.620889,-10.918771],[142.588287,-10.866691],[142.567297,-10.975952],[142.532449,-10.921602],[142.527419,-10.981702],[142.423547,-10.989323],[142.609944,-10.750933],[142.438681,-10.708384],[142.352645,-10.882754],[142.134016,-10.949263],[142.124715,-11.22484],[141.016667,-9.126251],[141.138757,-9.234625],[141.340118,-9.130219],[141.62707,-9.212247],[142.045928,-9.168218],[142.049189,-9.025617],[141.961716,-8.970421],[141.90235,-8.846289],[142.027636,-8.913475],[142.042209,-8.840424],[142.058712,-8.825418],[142.072666,-8.823108],[142.054527,-8.785278],[142.067115,-8.781324],[142.102314,-8.910571],[142.208967,-8.885623],[142.221144,-9.061357],[142.260043,-9.055977],[142.255248,-9.040974],[142.257869,-9.033733],[142.295657,-8.998397],[142.300504,-8.995677],[142.309259,-8.998989],[142.317454,-8.98792],[142.340002,-8.978575],[142.348707,-8.980596],[142.214273,-9.146464],[142.569498,-9.323324],[143.24844,-8.993794],[143.184901,-9.037902],[143.373292,-9.007695],[143.401497,-8.753803],[143.108447,-8.453869],[142.758359,-8.314254],[142.447302,-8.367058],[142.36223,-8.182901],[142.195328,-8.194268],[142.348233,-8.145678],[142.516647,-8.33005],[142.669451,-8.265147],[142.976089,-8.337053],[143.698774,-8.226812],[143.46234,-8.077727],[143.390366,-7.99517],[143.336318,-7.844692],[143.317432,-7.962504],[143.307004,-7.967325],[143.292753,-7.960454],[143.284595,-7.969443],[143.278417,-7.970909],[143.272722,-7.968278],[143.271555,-7.945941],[143.316854,-7.960204],[143.25355,-7.880987],[143.25947,-7.796339],[143.247348,-7.797933],[143.238936,-7.810236],[143.232682,-7.809658],[143.213855,-7.791075],[143.213096,-7.757619],[143.203703,-7.764759],[143.19459,-7.764152],[143.197589,-7.780493],[143.181977,-7.782321],[143.190663,-7.789569],[143.190951,-7.793506],[143.173067,-7.801441],[143.170597,-7.77057],[143.174172,-7.800457],[143.182064,-7.779884],[143.197146,-7.779492],[143.192913,-7.763955],[143.213186,-7.756109],[143.220621,-7.758399],[143.235961,-7.808682],[143.245088,-7.796625],[143.290504,-7.780362],[143.256775,-7.78732],[143.245891,-7.780831],[143.239779,-7.765574],[143.288176,-7.774581],[143.29191,-7.779653],[143.289909,-7.783265],[143.265182,-7.802024],[143.259346,-7.880111],[143.34814,-7.834858],[143.486194,-8.000831],[143.86523,-8.045992],[143.744083,-7.907118],[143.772878,-7.887277],[143.921313,-7.996934],[143.745985,-7.542493],[143.695884,-7.5303],[143.629081,-7.458684],[143.639856,-7.427962],[143.691672,-7.426585],[143.686649,-7.368994],[143.638396,-7.362636],[143.579044,-7.270654],[143.509498,-7.300993],[143.505593,-7.296714],[143.506224,-7.265229],[143.498476,-7.25862],[143.497376,-7.281835],[143.490325,-7.303236],[143.48686,-7.30449],[143.47957,-7.297699],[143.470662,-7.305335],[143.465267,-7.304132],[143.498884,-7.256947],[143.508064,-7.265785],[143.508515,-7.299665],[143.575059,-7.264807],[143.631844,-7.294224],[143.699033,-7.379787],[143.698179,-7.434328],[143.643602,-7.466113],[143.765297,-7.526228],[143.905817,-7.712839],[144.087376,-7.762946],[144.023657,-7.70109],[144.02719,-7.668945],[144.004881,-7.65722],[144.011482,-7.626722],[143.991883,-7.629714],[143.985942,-7.626053],[143.989295,-7.603271],[143.960266,-7.621622],[143.895309,-7.609743],[143.871002,-7.585519],[143.875275,-7.57519],[143.867004,-7.5715],[143.865921,-7.561117],[143.857687,-7.558594],[143.85597,-7.544736],[143.84602,-7.546213],[143.837393,-7.538555],[143.856511,-7.542859],[143.895873,-7.608524],[143.927541,-7.59437],[143.957244,-7.619141],[143.979084,-7.597438],[143.996948,-7.606354],[143.987538,-7.623379],[144.014472,-7.626287],[144.006718,-7.654808],[144.031062,-7.668647],[144.026556,-7.696526],[144.11015,-7.780848],[144.178851,-7.750866],[144.12198,-7.658406],[144.120025,-7.595821],[144.037717,-7.578903],[144.027805,-7.547566],[144.005283,-7.544657],[143.986189,-7.509689],[144.003729,-7.486937],[144.018029,-7.482797],[144.017031,-7.478164],[143.998304,-7.47651],[143.977816,-7.467737],[143.978334,-7.457388],[144.017782,-7.476945],[144.0434,-7.578375],[144.109944,-7.558594],[144.195144,-7.737415],[144.251111,-7.724727],[144.162404,-7.617569],[144.249028,-7.58796],[144.261251,-7.449476],[144.181413,-7.315085],[144.188975,-7.279886],[144.165428,-7.249925],[144.160649,-7.203518],[144.174846,-7.19654],[144.160402,-7.186296],[144.151513,-7.167555],[144.156494,-7.147014],[144.131441,-7.14797],[144.102004,-7.131914],[144.08697,-7.137765],[144.07984,-7.136376],[143.997134,-7.10272],[143.982782,-7.079466],[144.155376,-7.142607],[144.177952,-7.197137],[144.170467,-7.251528],[144.190883,-7.269505],[144.19898,-7.25635],[144.217376,-7.254627],[144.214061,-7.232561],[144.238596,-7.210989],[144.217867,-7.256857],[144.195971,-7.262436],[144.185076,-7.315146],[144.349776,-7.460783],[144.462908,-7.418636],[144.437721,-7.421407],[144.410373,-7.405831],[144.405206,-7.380721],[144.422079,-7.378739],[144.405072,-7.370729],[144.40711,-7.346849],[144.3521,-7.358787],[144.336422,-7.355977],[144.328347,-7.343202],[144.390996,-7.34131],[144.411055,-7.344496],[144.424078,-7.37808],[144.411842,-7.40335],[144.464496,-7.413177],[144.484748,-7.49693],[144.554426,-7.479896],[144.459593,-7.394126],[144.457119,-7.327875],[144.512849,-7.430731],[144.573347,-7.349195],[144.623003,-7.457276],[144.655787,-7.425883],[144.620013,-7.40927],[144.63185,-7.361938],[144.659783,-7.419556],[144.638639,-7.462188],[144.676486,-7.492119],[144.673381,-7.452203],[144.681797,-7.445108],[144.696408,-7.444847],[144.673048,-7.424861],[144.672096,-7.420142],[144.6757,-7.410561],[144.67886,-7.406585],[144.676681,-7.399625],[144.698418,-7.444072],[144.688522,-7.469247],[144.752033,-7.403554],[144.737719,-7.382812],[144.752018,-7.345964],[144.745533,-7.337191],[144.738461,-7.35289],[144.732377,-7.357316],[144.727422,-7.356504],[144.714228,-7.309278],[144.730503,-7.356334],[144.743657,-7.329595],[144.758681,-7.319054],[144.770642,-7.315082],[144.775176,-7.298541],[144.79827,-7.306402],[144.756001,-7.661766],[144.830143,-7.67026],[144.811436,-7.527301],[144.876234,-7.380859],[144.81979,-7.55516],[145.018969,-7.557338],[144.856884,-7.593219],[144.850812,-7.652641],[144.866387,-7.650463],[144.874769,-7.654538],[144.886493,-7.63727],[144.914659,-7.632012],[144.862255,-7.723861],[144.897139,-7.672597],[144.876808,-7.753137],[144.955534,-7.804551],[144.966503,-7.801454],[144.927821,-7.769495],[144.92203,-7.756798],[144.923476,-7.717246],[144.928614,-7.706782],[144.93873,-7.704142],[144.999799,-7.820535]]]]}}