{"type":"Feature","properties":{"name":"Western Arctic Federal Marine Bioregion (Canada)","source":"Fisheries and Oceans Canada (DFO), Marine Planning and Conservation Directorate, Federal Marine Bioregions","source_url":"https://open.canada.ca/data/en/dataset/23eb8b56-dac8-4efc-be7c-b8fa11ba62e9","source_record":"23eb8b56-dac8-4efc-be7c-b8fa11ba62e9","license":"Open Government Licence - Canada","components":["Western Arctic"],"retrieved":"2026-10-07","note":"Reprojected from Canada Albers Equal Area Conic (NAD83) to WGS84, the Albers edges densified at 2 km first. Interior rings that are islands are dropped: land is excluded by sst_daily holding ocean cells only, not by the geometry. Parts holding no 0.05-degree cell centre are dropped. This is Canada's own marine-planning framework, not a maritime limit: the dataset describes its boundaries as fuzzy and revisable on ecosystem grounds. Longitudes are 0-360, as everywhere else in this project.","simplify_tolerance_deg":0.005,"dfo_area_km2":539807,"cells":87134,"cells_moved_by_simplification":136},"geometry":{"type":"MultiPolygon","coordinates":[[[[236.98173,76.02898],[237.00733,76.01837],[237.03553,76.01928],[237.02481,76.01141],[237.03064,76.00941],[237.06476,76.01019],[237.05123,76.00122],[237.06051,75.99964],[237.09002,76.01209],[237.07404,76.01657],[237.07727,76.02517],[237.06717,76.02857],[237.01342,76.03198],[237.17195,76.05101],[237.22615,76.03915],[237.14128,76.04213],[237.09404,76.03385],[237.09706,76.02677],[237.09014,76.02192],[237.1241,76.01192],[237.20791,76.02741],[237.20835,76.03398],[237.28865,76.02306],[237.3182,76.04177],[237.40314,76.0493],[237.32093,76.0632],[237.30107,76.06162],[237.33079,76.05393],[237.23965,76.05895],[237.51328,76.09181],[237.51879,76.08908],[237.50507,76.08202],[237.51674,76.07892],[237.48926,76.07204],[237.5015,76.0622],[237.49694,76.0547],[237.42463,76.03998],[237.42749,76.03288],[237.41982,76.02872],[237.29086,76.01874],[237.39102,76.00913],[237.40164,75.99897],[237.37168,75.99287],[237.38922,75.98356],[237.28678,75.97456],[237.3228,75.96816],[237.32211,75.95877],[237.33303,75.95542],[237.36651,75.95225],[237.35755,75.92453],[237.32805,75.91306],[237.3463,75.90801],[237.31769,75.90396],[237.49028,75.89478],[237.56352,75.87175],[237.66408,75.86235],[237.70226,75.87285],[237.69939,75.8895],[237.70945,75.89939],[237.69071,75.90724],[237.69451,75.91351],[237.6613,75.92243],[237.64733,75.91699],[237.64221,75.92956],[237.78815,75.96948],[237.81986,75.97166],[237.82547,75.98129],[237.88393,75.97743],[237.89695,75.98745],[237.87441,75.99417],[237.89335,76.00405],[237.89503,76.01068],[237.88575,76.01554],[237.94544,76.03272],[238.1653,76.04405],[238.21112,76.04037],[238.19413,76.03343],[238.19831,76.02876],[238.27446,76.01803],[238.34662,76.02152],[238.46448,76.00031],[238.46968,75.99104],[238.53029,75.98993],[238.51834,75.98374],[238.53868,75.97802],[238.53506,75.97109],[238.60708,75.95659],[238.57489,75.94496],[238.64779,75.93817],[238.66117,75.92698],[238.72066,75.90765],[238.73498,75.90767],[238.72988,75.92161],[238.73505,75.93581],[238.74029,75.94769],[238.76204,75.95483],[238.76383,75.97422],[238.83241,75.976],[238.85094,75.98249],[238.84642,75.98785],[238.88482,75.98789],[238.94542,76.00271],[238.95156,75.99883],[238.93849,75.99261],[238.96801,75.99638],[239.02495,75.98475],[239.00453,75.97214],[239.00235,75.96436],[239.01216,75.95601],[239.00521,75.94592],[239.10094,75.95522],[239.09136,75.96103],[239.09285,75.97085],[239.51651,75.86688],[239.5202,75.84409],[239.54334,75.83033],[239.60305,75.82548],[239.64782,75.81296],[239.73859,75.81554],[240.69666,75.58156],[240.80879,75.56692],[240.92738,75.57259],[241.02479,75.56001],[241.04374,75.56495],[241.1009,75.55138],[241.08686,75.5418],[241.1072,75.5334],[241.14823,75.54131],[241.2304,75.53727],[241.29659,75.51064],[241.44437,75.50018],[242.51639,75.19682],[242.70902,75.17007],[242.93236,75.15869],[243.00371,75.14732],[243.08766,75.15152],[243.17038,75.12969],[243.309,75.11723],[243.35688,75.11993],[243.36542,75.1427],[243.41859,75.15863],[243.42159,75.17273],[243.43398,75.17863],[243.50123,75.18651],[243.55794,75.17657],[243.65611,75.19865],[243.73603,75.18566],[243.67975,75.17896],[243.67441,75.17123],[243.68328,75.1676],[243.75337,75.18465],[243.7853,75.17965],[243.76655,75.16785],[243.76067,75.15345],[243.70327,75.12486],[243.71994,75.10633],[243.91495,75.11337],[243.95481,75.10813],[243.91581,75.09368],[243.80166,75.0781],[243.75927,75.06373],[243.98041,75.03095],[244.12576,74.99487],[244.21985,74.99026],[244.32268,74.9689],[244.36834,74.97384],[244.48026,75.01131],[244.48924,75.02827],[244.48079,75.05094],[244.4288,75.0841],[244.43796,75.0942],[244.40603,75.10661],[244.49045,75.12243],[244.614,75.09943],[244.72114,75.13249],[244.74545,75.1567],[244.80768,75.15762],[244.8276,75.14784],[244.82425,75.14043],[244.84089,75.11614],[244.83509,75.09905],[244.79744,75.07243],[244.81982,75.01511],[244.83581,74.99446],[244.94738,74.9662],[245.00566,74.96379],[245.13625,74.97826],[245.19907,74.99008],[245.24296,75.00807],[245.39979,75.03009],[245.48352,75.05695],[245.56492,75.06017],[245.63167,75.09917],[245.65767,75.10386],[245.73263,75.17316],[245.67443,75.19475],[245.62001,75.22578],[245.61281,75.2574],[245.5741,75.26798],[245.41712,75.27678],[245.4225,75.28445],[245.46831,75.29761],[245.507,75.2978],[245.64342,75.28368],[245.74235,75.2328],[245.85281,75.2187],[245.90453,75.25018],[245.90999,75.26949],[245.94723,75.31047],[245.93894,75.31944],[245.95461,75.32684],[245.95524,75.33897],[245.97841,75.34561],[245.98699,75.36407],[245.94741,75.39708],[245.93964,75.41269],[245.95373,75.44222],[245.97907,75.45393],[246.04235,75.45246],[246.04507,75.43813],[246.07551,75.40789],[246.09601,75.40327],[246.10839,75.38683],[246.14017,75.37489],[246.31535,75.38855],[246.51189,75.42688],[246.58563,75.40353],[246.52641,75.38216],[246.41958,75.36034],[246.25601,75.34197],[246.19703,75.31913],[246.1186,75.21113],[246.09468,75.1958],[246.08999,75.182],[246.09742,75.17529],[246.16678,75.17051],[246.17093,75.15752],[246.09504,75.14532],[246.07026,75.11877],[246.06202,75.08205],[246.07084,75.06784],[246.09602,75.0551],[246.2372,75.05723],[246.28178,75.06541],[246.29638,75.05793],[246.35012,75.05599],[246.36072,75.05917],[246.36232,75.06902],[246.4217,75.06603],[246.46632,75.0776],[246.51935,75.07195],[246.80027,75.08288],[246.85144,75.0979],[246.86136,75.11815],[246.85534,75.12079],[246.8808,75.14655],[246.89721,75.14157],[246.88919,75.13459],[246.91098,75.12582],[246.91255,75.11262],[246.9618,75.09335],[247.13201,75.10543],[247.22619,75.12058],[247.32718,75.14194],[247.30993,75.15126],[247.32592,75.16724],[247.29057,75.20094],[247.29658,75.22156],[247.33043,75.26176],[247.37101,75.26485],[247.40038,75.26596],[247.44509,75.24219],[247.39554,75.22324],[247.38913,75.20786],[247.39278,75.19947],[247.44931,75.18203],[247.5795,75.18247],[247.59559,75.19524],[247.58378,75.20465],[247.62083,75.21131],[247.71912,75.20714],[247.65078,75.17431],[247.55842,75.15549],[247.58734,75.13217],[247.6279,75.1252],[247.83877,75.12769],[247.93849,75.14708],[248.14315,75.13601],[248.14917,75.13952],[248.14596,75.14764],[248.17228,75.15011],[248.19334,75.16281],[248.24365,75.16257],[248.25666,75.17389],[248.25198,75.18112],[248.27241,75.18867],[248.32207,75.16437],[248.31592,75.16129],[248.32679,75.1567],[248.33059,75.14473],[248.37471,75.15082],[248.44474,75.14261],[248.46362,75.14968],[248.40386,75.16617],[248.4645,75.17415],[248.5243,75.15722],[248.62496,75.17717],[248.70067,75.19725],[248.73501,75.21433],[248.78395,75.24699],[248.76928,75.25499],[248.78301,75.26456],[248.84636,75.25788],[248.96382,75.27397],[248.97091,75.27146],[248.96511,75.26454],[248.97568,75.26121],[249.11808,75.24141],[249.08622,75.22742],[248.99945,75.22238],[248.99902,75.2005],[248.94319,75.19142],[248.99681,75.17947],[248.95705,75.16367],[248.91715,75.16159],[248.85202,75.13696],[248.76468,75.1284],[248.76794,75.1177],[248.74435,75.10803],[248.6697,75.11585],[248.64044,75.11083],[248.732,75.09032],[248.71398,75.07726],[248.63005,75.07082],[248.65126,75.06289],[248.58503,75.06091],[248.5099,75.07253],[248.4367,75.06228],[248.43122,75.05535],[248.48612,75.03537],[248.48285,75.02504],[248.32932,74.99194],[248.17511,74.99264],[248.12499,75.00359],[247.92601,75.0117],[247.53057,75.00138],[247.15955,74.98129],[246.90063,74.94216],[246.84812,74.9205],[246.70265,74.88281],[246.67563,74.86247],[246.64049,74.85316],[246.51673,74.83582],[246.42389,74.84297],[246.37631,74.83201],[246.01802,74.79831],[245.91581,74.7822],[245.86459,74.76511],[245.80583,74.76109],[245.5797,74.69291],[245.5771,74.67205],[245.60888,74.64649],[245.75541,74.59337],[245.98167,74.52567],[246.22029,74.47632],[246.26795,74.45879],[246.55529,74.42014],[246.9701,74.39909],[247.30884,74.40258],[247.59963,74.41695],[247.78891,74.44486],[247.95154,74.45358],[248.0669,74.47598],[248.14019,74.47593],[248.35784,74.49593],[248.39964,74.51323],[248.46096,74.52025],[248.60886,74.56364],[248.73078,74.56135],[248.75564,74.56795],[248.78478,74.58849],[248.8791,74.58883],[248.92855,74.60632],[249.02648,74.61392],[249.05156,74.62026],[249.05696,74.626],[249.05255,74.63508],[249.06475,74.64155],[249.12598,74.6404],[249.18955,74.65019],[249.23668,74.66145],[249.2531,74.67909],[249.44564,74.70806],[249.45212,74.71334],[249.40654,74.75088],[249.36356,74.76658],[249.36212,74.77295],[249.54692,74.79608],[249.55578,74.79385],[249.5405,74.78921],[249.55302,74.7845],[249.61187,74.79915],[249.7205,74.79943],[249.61565,74.81898],[249.67253,74.827],[249.64303,74.83779],[249.65928,74.84219],[249.7243,74.8475],[249.87152,74.83421],[249.93318,74.83785],[249.95919,74.82336],[249.97574,74.82297],[250.03536,74.85162],[250.11489,74.86916],[250.20899,74.8744],[250.4006,74.85859],[250.49389,74.86188],[250.55203,74.88767],[250.59915,74.89727],[250.63503,74.89341],[250.64459,74.90321],[250.62003,74.9114],[250.65319,74.92849],[250.65399,74.94238],[250.66275,74.94603],[250.76717,74.954],[250.96081,74.9901],[251.07617,74.99473],[251.10316,75.00355],[251.06173,75.01935],[251.08145,75.03343],[251.06839,75.04188],[251.20789,75.07055],[251.41567,75.04861],[251.42418,75.04129],[251.41844,75.03152],[251.49262,75.01488],[251.50438,75.00322],[251.49325,74.99187],[251.51888,74.97675],[251.51681,74.97061],[251.20443,74.98629],[251.49104,74.96477],[251.49967,74.96178],[251.47726,74.95229],[251.49311,74.93539],[251.60334,74.9154],[251.66107,74.91425],[251.95786,74.93538],[252.0857,74.93328],[251.982,74.94117],[252.09058,74.95876],[252.07169,74.98393],[252.02746,74.99149],[252.02283,74.99925],[252.05661,75.01318],[252.0968,75.0191],[252.12543,75.01391],[252.08744,75.00297],[252.11194,74.99999],[252.26006,75.02033],[252.27001,75.02277],[252.25392,75.02949],[252.30607,75.03892],[252.28468,75.04568],[252.28797,75.06069],[252.25233,75.06686],[252.25157,75.07712],[252.27258,75.08358],[252.2496,75.09285],[252.28641,75.09761],[252.33205,75.08477],[252.34615,75.06735],[252.33762,75.06194],[252.36453,75.049],[252.30341,75.02163],[252.3375,75.01022],[252.33814,74.99108],[252.36708,74.97356],[252.57301,74.93825],[252.64336,74.93243],[252.7142,74.93774],[252.79814,74.90942],[253.0757,74.92607],[253.13339,74.94735],[253.24874,74.97071],[253.25334,74.97727],[253.2403,74.98904],[253.24606,74.99194],[253.28758,74.99261],[253.32466,75.00359],[253.47012,74.99869],[253.59895,75.00417],[253.8085,75.02446],[253.85383,75.03889],[253.98111,75.04715],[254.02207,75.05659],[255.12219,75.11569],[255.20456,75.10838],[255.28059,75.0861],[255.29781,75.06953],[255.34448,75.06837],[255.57206,75.03074],[255.67727,75.03305],[255.80421,75.02065],[255.84856,75.0368],[255.90196,75.03491],[255.9617,75.04635],[256.15131,75.05838],[256.33517,75.1237],[256.35175,75.13954],[256.43407,75.15902],[256.40738,75.18073],[256.34934,75.19794],[256.33809,75.20623],[256.34845,75.21718],[256.33634,75.2232],[256.25282,75.23528],[256.25371,75.24258],[256.2814,75.25427],[256.26401,75.26567],[256.26823,75.27952],[256.2504,75.30694],[256.1868,75.33544],[256.1834,75.34101],[256.20005,75.35435],[256.19373,75.36182],[256.08529,75.38264],[256.08316,75.39183],[256.03845,75.40383],[255.88136,75.42999],[256.65362,75.75527],[256.79488,75.74577],[256.9551,75.75263],[257.08978,75.74541],[257.41811,75.77081],[257.52161,75.80044],[257.55608,75.83179],[257.55705,75.8398],[257.54218,75.84801],[257.5724,75.85632],[257.58133,75.86914],[257.65244,75.88018],[257.701,75.89689],[257.76494,75.898],[257.84479,75.87498],[257.73238,75.85699],[257.69044,75.83825],[257.64416,75.81413],[257.66637,75.79605],[257.66056,75.782],[257.7109,75.77595],[257.88893,75.78835],[257.87218,75.78472],[257.87203,75.77119],[257.79375,75.75815],[257.77155,75.7432],[257.86059,75.73092],[257.91824,75.7138],[257.8714,75.70559],[257.65208,75.73112],[257.45337,75.7141],[257.42778,75.70497],[257.52652,75.70354],[257.48114,75.69816],[257.49,75.68693],[257.34547,75.67106],[257.35655,75.65265],[257.33882,75.63801],[257.31232,75.6305],[257.18493,75.63493],[257.16445,75.63251],[257.15308,75.62136],[257.20401,75.59247],[257.27441,75.58297],[257.27956,75.57389],[257.25124,75.54328],[257.2844,75.53525],[257.35985,75.53359],[257.35976,75.49876],[257.37965,75.49613],[257.46842,75.50001],[257.50352,75.52055],[257.57973,75.53645],[257.82716,75.55411],[258.01088,75.54597],[258.4828,75.58897],[258.51145,75.59768],[258.67216,75.60083],[258.66778,75.58764],[258.64545,75.57712],[258.6672,75.57294],[258.69835,75.5827],[258.81981,75.58682],[258.84556,75.59491],[258.88024,75.58911],[258.96178,75.60148],[259.20788,75.61342],[259.39213,75.63021],[259.45334,75.64407],[259.54187,75.63525],[259.61491,75.6514],[259.75536,75.64538],[259.77598,75.65012],[259.72655,75.65294],[259.97813,75.66649],[260.02492,75.67502],[260.25487,75.66617],[260.1962,75.65208],[260.23759,75.64557],[260.14662,75.62015],[260.18598,75.6135],[260.26581,75.61905],[260.29182,75.61476],[260.31019,75.59324],[260.16815,75.58169],[260.10891,75.56307],[259.96162,75.55115],[260.01821,75.54269],[260.00225,75.53065],[259.73585,75.52376],[259.71271,75.51912],[259.77243,75.50829],[259.96792,75.5011],[259.99182,75.49808],[259.99192,75.48655],[259.70616,75.47375],[259.96808,75.46766],[259.95558,75.46239],[259.91868,75.45186],[259.84953,75.44697],[259.29512,75.43049],[259.28831,75.42821],[259.45707,75.41941],[259.46083,75.41028],[259.51031,75.40427],[259.4973,75.39003],[259.57722,75.38769],[259.58805,75.38289],[259.58743,75.37117],[259.52556,75.36224],[259.44402,75.36625],[259.43552,75.36265],[259.45031,75.35058],[259.41041,75.3431],[259.30952,75.35285],[259.42055,75.37289],[259.34746,75.37585],[259.29903,75.35992],[259.23063,75.35184],[259.37604,75.32942],[259.38602,75.32467],[259.38205,75.31631],[259.39831,75.30833],[259.49676,75.29194],[259.699,75.29913],[259.74486,75.30886],[259.81389,75.29832],[259.73359,75.2722],[259.62334,75.26221],[259.69961,75.24588],[259.79521,75.25273],[260.00393,75.23862],[259.94232,75.22681],[259.79697,75.22131],[259.60554,75.22465],[259.5481,75.21766],[259.47013,75.19393],[259.62546,75.16237],[259.5889,75.15227],[259.64477,75.11301],[259.63038,75.08408],[259.64032,75.04476],[259.63494,75.02954],[259.70168,75.00963],[259.90501,74.98763],[260.45866,74.97273],[260.53254,74.99331],[260.65862,74.98687],[260.84279,75.00341],[260.89139,74.99591],[261.04256,74.99875],[261.07561,75.00788],[261.06505,75.016],[261.07904,75.02206],[261.04599,75.03005],[261.07064,75.04905],[261.09305,75.05034],[261.11599,75.04095],[261.18631,74.3137],[261.15034,74.30954],[261.18704,74.30582],[261.21241,74.0306],[261.17296,74.00937],[260.99578,73.98961],[260.98242,73.98308],[260.99526,73.97692],[260.9552,73.95598],[260.72422,73.93816],[260.57752,73.90973],[260.62441,73.87591],[260.79748,73.85174],[260.85166,73.83597],[260.86199,73.82854],[260.85865,73.82316],[261.09798,73.8119],[261.15268,73.81959],[261.23174,73.81599],[261.2369,73.75801],[260.90922,73.75531],[260.87863,73.74594],[260.85411,73.71964],[260.80473,73.72111],[260.77573,73.74376],[260.68256,73.77247],[260.64415,73.79231],[260.65097,73.80353],[260.59146,73.79688],[260.53356,73.8273],[260.46674,73.83895],[260.29968,73.84963],[260.27081,73.8641],[260.28151,73.8696],[260.23567,73.87076],[260.21379,73.88882],[260.17575,73.90205],[260.23395,73.93611],[260.04747,73.9511],[259.90757,73.9397],[259.79766,73.9145],[259.75685,73.9174],[259.73031,73.89803],[259.733,73.89239],[259.71041,73.87102],[259.71025,73.86319],[259.72253,73.8599],[259.77105,73.85921],[259.78088,73.84704],[259.73514,73.8437],[259.74398,73.83871],[259.86193,73.82902],[260.04312,73.84479],[260.04806,73.84619],[260.03437,73.84979],[260.02996,73.86243],[260.07763,73.87899],[260.10773,73.87788],[260.11687,73.87356],[260.10913,73.87021],[260.11793,73.86244],[260.1371,73.87266],[260.12312,73.88296],[260.1446,73.89232],[260.1869,73.87688],[260.13669,73.85469],[260.1551,73.84349],[260.07447,73.82426],[260.03788,73.79639],[260.03743,73.78834],[259.96474,73.76782],[259.93223,73.77456],[259.92664,73.78517],[259.90284,73.79428],[259.85711,73.80411],[259.72445,73.80777],[259.66421,73.82001],[259.6188,73.8475],[259.50216,73.85539],[259.47269,73.86375],[259.37555,73.84775],[259.35152,73.85081],[259.31058,73.82487],[259.18834,73.81856],[259.16005,73.82452],[259.1603,73.83785],[259.12709,73.82952],[259.14685,73.82137],[259.1368,73.81464],[259.05014,73.81464],[259.01368,73.8062],[258.99238,73.79831],[258.99622,73.77976],[258.97507,73.77209],[259.03487,73.77479],[259.04263,73.76735],[258.9851,73.74457],[258.8861,73.73213],[258.91279,73.72143],[258.98979,73.71956],[258.93685,73.69728],[258.9691,73.67164],[259.04122,73.68165],[259.15821,73.66384],[259.15064,73.65702],[259.1552,73.64993],[259.1417,73.64105],[259.10112,73.63189],[259.09656,73.62448],[259.27472,73.60917],[259.32398,73.6145],[259.3778,73.59569],[259.43443,73.59953],[259.45185,73.59236],[259.46923,73.58357],[259.47423,73.56679],[259.41032,73.52392],[259.39792,73.50167],[259.51953,73.45094],[259.49768,73.44475],[259.42376,73.45019],[259.42273,73.45598],[259.3539,73.4667],[259.29409,73.49359],[259.25793,73.53534],[259.18358,73.55518],[259.16235,73.57261],[259.13878,73.57908],[259.14324,73.5927],[259.09179,73.60536],[259.03266,73.5898],[258.80526,73.60752],[258.76226,73.59609],[258.762,73.58208],[258.75351,73.57461],[258.75759,73.56457],[258.7494,73.55937],[258.66694,73.54992],[258.57135,73.55195],[258.52426,73.53284],[258.52573,73.52038],[258.51673,73.51498],[258.4709,73.50867],[258.49532,73.50202],[258.49102,73.49277],[258.38775,73.49319],[258.48169,73.46396],[258.43733,73.45874],[258.45257,73.44807],[258.54436,73.44781],[258.53666,73.44168],[258.58116,73.4145],[258.62007,73.41852],[258.72196,73.39918],[258.71687,73.3817],[258.72697,73.35902],[258.75576,73.35881],[258.87941,73.32911],[259.00144,73.32626],[258.99153,73.31586],[258.99021,73.29845],[258.99797,73.29308],[259.0977,73.26671],[259.18624,73.26005],[259.22431,73.27226],[259.43374,73.27997],[259.49898,73.31006],[259.56429,73.31231],[259.58462,73.32201],[259.62541,73.31264],[259.6732,73.32413],[259.64448,73.33506],[259.65072,73.34077],[259.61682,73.36481],[259.74726,73.36346],[259.74756,73.35355],[259.81491,73.32638],[259.8248,73.31051],[259.85058,73.29738],[259.85467,73.28568],[259.90875,73.26874],[259.92058,73.26106],[259.92252,73.24991],[259.83093,73.23424],[259.74407,73.27956],[259.6373,73.26839],[259.66316,73.28705],[259.65537,73.29199],[259.62687,73.28657],[259.56263,73.25715],[259.573,73.24335],[259.56819,73.23872],[259.47515,73.2255],[259.47879,73.21867],[259.5239,73.22109],[259.55886,73.20093],[259.49962,73.19729],[259.48015,73.18732],[259.51081,73.18967],[259.52284,73.18063],[259.44963,73.18059],[259.44677,73.17036],[259.42082,73.15537],[259.41976,73.13931],[259.45281,73.12639],[259.48863,73.13127],[259.51142,73.12315],[259.51727,73.1176],[259.49679,73.1086],[259.49395,73.08457],[259.50147,73.07918],[259.57571,73.07593],[259.58411,73.07992],[259.58147,73.09316],[259.61418,73.10277],[259.62899,73.12052],[259.69511,73.13163],[259.75636,73.11693],[259.70122,73.10557],[259.70167,73.09588],[259.74827,73.10163],[259.82927,73.09453],[259.83782,73.08977],[259.82852,73.0842],[259.85001,73.07701],[259.80928,73.07632],[259.78286,73.05633],[259.80907,73.04317],[259.87997,73.05907],[259.88576,73.05511],[259.87563,73.05097],[259.88253,73.04467],[259.85815,73.0345],[259.89187,73.03112],[259.86148,73.01707],[259.89866,72.9981],[259.84008,73.00055],[259.83488,72.98927],[259.87968,72.98469],[259.87672,72.9747],[259.88656,72.97102],[259.96977,72.96189],[259.94718,72.94912],[259.97343,72.93361],[259.92153,72.92612],[259.91267,72.91685],[259.94615,72.89734],[260.02458,72.88585],[259.94798,72.89196],[259.91823,72.88021],[259.87873,72.88986],[259.84927,72.87855],[259.78085,72.87041],[259.6882,72.87115],[259.67354,72.87757],[259.67671,72.90182],[259.77473,72.92593],[259.75976,72.95125],[259.74399,72.95863],[259.72888,72.95978],[259.69928,72.94523],[259.72715,72.93246],[259.72899,72.92547],[259.72057,72.92586],[259.635,72.94995],[259.59615,72.98274],[259.65341,72.99907],[259.60614,73.00969],[259.66815,73.00922],[259.71514,73.0207],[259.69914,73.03684],[259.65092,73.05488],[259.64478,73.04916],[259.64927,73.04413],[259.63666,73.03963],[259.65286,73.02832],[259.64258,73.02372],[259.61413,73.03119],[259.55042,73.01928],[259.54609,73.00934],[259.57715,72.99624],[259.53343,72.9862],[259.5407,72.97737],[259.52283,72.97011],[259.53151,72.96098],[259.51692,72.95242],[259.53286,72.94827],[259.57106,72.95693],[259.63062,72.94301],[259.57754,72.93593],[259.57138,72.92241],[259.58296,72.90832],[259.62521,72.89608],[259.60956,72.88849],[259.61068,72.87395],[259.63569,72.86938],[259.62148,72.86149],[259.66928,72.85435],[259.68734,72.83782],[259.68594,72.82155],[259.70174,72.8084],[259.70101,72.79946],[259.66761,72.77543],[259.62076,72.76742],[259.64263,72.754],[259.56927,72.73338],[259.486,72.75435],[259.38849,72.74554],[259.42467,72.74188],[259.42156,72.73098],[259.43503,72.72072],[259.40753,72.71527],[259.34404,72.73093],[259.34194,72.73608],[259.36501,72.74979],[259.33192,72.75974],[259.27063,72.75505],[259.23484,72.74211],[259.18019,72.74768],[259.15901,72.74077],[259.21362,72.72877],[259.21819,72.71272],[259.19357,72.70183],[259.17117,72.70669],[259.17027,72.69363],[259.16086,72.69013],[259.07379,72.69224],[259.02321,72.70287],[259.00116,72.69875],[259.01128,72.69074],[258.97722,72.68896],[258.93084,72.70698],[258.84976,72.70712],[258.79589,72.71599],[258.73249,72.71261],[258.66938,72.72847],[258.64545,72.74734],[258.60728,72.75024],[258.6538,72.75549],[258.69674,72.74435],[258.73989,72.7456],[258.72266,72.76374],[258.74877,72.77669],[258.74854,72.7829],[258.68218,72.80578],[258.66252,72.80358],[258.71939,72.77856],[258.68998,72.77195],[258.55186,72.79666],[258.5756,72.81576],[258.53225,72.85075],[258.51751,72.85087],[258.5289,72.8658],[258.43601,72.89696],[258.44048,72.91399],[258.47601,72.91308],[258.47961,72.91936],[258.43221,72.92349],[258.40644,72.91301],[258.40534,72.90525],[258.37541,72.90113],[258.32645,72.90874],[258.26396,72.93197],[258.23809,72.95337],[258.2578,72.9654],[258.29116,72.97086],[258.24331,72.97794],[258.26375,72.98704],[258.24558,72.99391],[258.24797,73.01195],[258.23345,73.01592],[258.20599,73.00571],[258.1678,73.01906],[258.13347,73.01597],[258.13565,73.03195],[258.11167,73.04567],[258.12979,73.0512],[258.1237,73.05716],[258.0558,73.04748],[258.00367,73.07483],[257.88015,73.08842],[257.81133,73.07641],[257.77405,73.08918],[257.63336,73.06472],[257.57765,73.04142],[257.49491,73.02086],[257.50161,73.00598],[257.47057,72.99076],[257.46352,72.98276],[257.46923,72.97134],[257.42655,72.94804],[257.42636,72.9153],[257.40372,72.89706],[257.39589,72.87672],[257.3446,72.85644],[257.30201,72.82809],[257.2775,72.82478],[257.27222,72.82107],[257.27869,72.80117],[257.25421,72.79992],[257.27164,72.78652],[257.26452,72.76753],[257.26919,72.76143],[257.30064,72.7526],[257.29165,72.74512],[257.30028,72.73728],[257.28647,72.72927],[257.30152,72.71389],[257.33194,72.70669],[257.333,72.69109],[257.37391,72.68331],[257.41277,72.65201],[257.50009,72.63345],[257.56565,72.60073],[257.59742,72.60168],[257.60779,72.58505],[257.65535,72.58338],[257.65132,72.57116],[257.67915,72.57773],[257.74768,72.55765],[257.78182,72.53786],[257.82723,72.53874],[257.84279,72.52237],[257.85954,72.52794],[257.93373,72.52453],[257.96589,72.50799],[258.05154,72.49746],[258.10143,72.47632],[258.10687,72.47107],[258.09843,72.46727],[258.06845,72.4739],[258.06126,72.46019],[258.06388,72.45367],[258.08663,72.45717],[258.08541,72.44507],[258.11353,72.41764],[258.09961,72.40602],[258.1491,72.38282],[258.11485,72.36236],[258.19057,72.31544],[258.24545,72.30414],[258.22913,72.294],[258.29534,72.29187],[258.31906,72.28199],[258.33266,72.28742],[258.33405,72.30135],[258.4208,72.29951],[258.54711,72.26391],[258.54161,72.24785],[258.50682,72.24399],[258.51226,72.23918],[258.6013,72.24151],[258.62097,72.24347],[258.60261,72.25477],[258.60928,72.26138],[258.60575,72.27392],[258.62469,72.28438],[258.62273,72.2902],[258.66839,72.29956],[258.68965,72.32186],[258.72888,72.32001],[258.74021,72.33514],[258.81657,72.33333],[258.85498,72.30968],[258.86141,72.29725],[258.90298,72.28079],[258.97163,72.27419],[258.93399,72.25629],[258.99693,72.25221],[258.98972,72.2431],[258.96188,72.24155],[258.95458,72.23382],[258.9901,72.21944],[259.00251,72.19089],[259.0362,72.18415],[259.06548,72.16794],[259.08911,72.16553],[259.0804,72.18298],[259.17172,72.18809],[259.22868,72.20211],[259.27271,72.19349],[259.31634,72.20141],[259.34811,72.18459],[259.3893,72.18273],[259.41442,72.16941],[259.39615,72.16265],[259.40059,72.15785],[259.4355,72.15558],[259.44132,72.14589],[259.53914,72.12047],[259.5369,72.11437],[259.50387,72.11727],[259.49873,72.1113],[259.55405,72.07747],[259.57023,72.05557],[259.6638,72.02888],[259.69691,71.9932],[259.75621,71.96836],[259.85726,71.94801],[259.9276,71.91253],[259.94738,71.88346],[260.0475,71.86575],[260.1085,71.87205],[260.18802,71.86593],[260.17242,71.85415],[260.17637,71.84123],[260.20171,71.81784],[260.25356,71.79193],[260.27834,71.7944],[260.30753,71.78029],[260.33844,71.77972],[260.34064,71.74662],[260.40967,71.71006],[260.40094,71.69739],[260.40392,71.67412],[260.45052,71.63403],[260.62189,71.59539],[260.60657,71.61297],[260.62334,71.6149],[260.65794,71.58949],[260.64522,71.57762],[260.65769,71.56406],[260.62423,71.5602],[260.61742,71.55241],[260.63904,71.55268],[260.65266,71.54214],[260.64886,71.52095],[260.69904,71.48918],[260.70342,71.46047],[260.73334,71.43719],[260.72434,71.42292],[260.72797,71.41617],[260.78645,71.36635],[260.93745,71.36919],[260.9968,71.40405],[261.04995,71.4039],[261.08588,71.37573],[261.14989,71.3466],[261.19543,71.31414],[261.23769,71.31132],[261.29632,71.29411],[261.33428,71.29846],[261.32578,71.30552],[261.33781,71.31321],[261.4601,71.30747],[261.56859,71.33786],[261.59038,71.35953],[261.68204,71.39804],[261.69449,71.41005],[261.81885,71.43545],[261.80675,71.44037],[261.88161,71.47465],[261.90127,71.49529],[261.92324,71.50205],[261.94959,71.52767],[261.94457,71.53302],[261.96158,71.5369],[261.96639,71.55417],[261.92733,71.54902],[261.91061,71.56022],[261.90062,71.54899],[261.88735,71.55],[261.86789,71.55794],[261.87505,71.56888],[261.86844,71.57464],[261.83388,71.58742],[261.82967,71.59759],[261.78484,71.60003],[261.77888,71.61381],[261.75762,71.62259],[261.73157,71.61982],[261.71442,71.63717],[261.72563,71.65166],[261.65336,71.6556],[261.63743,71.66315],[261.62855,71.67914],[261.63745,71.68876],[261.62235,71.69839],[261.59437,71.70109],[261.61884,71.70561],[261.62598,71.72661],[261.58147,71.72674],[261.53758,71.74492],[261.52784,71.72567],[261.51266,71.73278],[261.52982,71.75659],[261.51929,71.77275],[261.59151,71.81137],[261.6178,71.84228],[261.68658,71.86612],[261.7021,71.88391],[261.71317,71.87073],[261.74343,71.87544],[261.74918,71.9021],[261.73936,71.90298],[261.73186,71.89043],[261.71886,71.88962],[261.72056,71.89927],[261.75107,71.91632],[261.76387,71.89427],[261.79268,71.90168],[261.78229,71.88357],[261.70426,71.82432],[261.69316,71.81693],[261.67422,71.81915],[261.68083,71.80356],[261.66397,71.79853],[261.66827,71.78333],[261.65926,71.77646],[261.68198,71.76588],[261.65004,71.75746],[261.64512,71.74909],[261.80184,71.66495],[261.83077,71.65476],[261.92032,71.65647],[262.04565,71.67964],[262.07813,71.66654],[262.13506,71.65977],[262.24341,71.66479],[262.30439,71.6414],[262.40117,71.63097],[262.46613,71.63504],[262.50558,71.62456],[262.68913,71.65163],[262.76886,71.67762],[262.80989,71.6792],[262.92306,71.70973],[262.94647,71.72256],[262.96229,71.74708],[262.99231,71.75319],[263.03834,71.78358],[263.0356,71.79996],[263.06637,71.80994],[263.05575,71.81178],[263.06439,71.81583],[263.09912,71.82453],[263.11304,71.81386],[263.17559,71.81535],[263.24072,71.82941],[263.2596,71.86286],[263.33085,71.8656],[263.34077,71.85986],[263.32446,71.84974],[263.26868,71.83954],[263.28155,71.82633],[263.27282,71.82252],[263.27831,71.80597],[263.47858,71.84374],[263.52845,71.90189],[263.52965,71.92219],[263.54066,71.93859],[263.5278,71.95227],[263.46896,71.95211],[263.30403,71.91572],[263.27591,71.92042],[263.27061,71.93218],[263.29759,71.94798],[263.41601,71.97097],[263.44812,71.9572],[263.51073,71.9686],[263.53421,71.98476],[263.54161,72.01419],[264.79033,71.90392],[264.82002,71.89667],[264.77706,71.87634],[264.80214,71.86274],[264.80018,71.85474],[264.83291,71.84396],[264.90822,71.85644],[265.0379,71.86],[264.91594,71.85287],[264.85891,71.84039],[264.77794,71.83922],[264.77979,71.82398],[264.72585,71.76455],[264.75878,71.74535],[264.79303,71.73869],[264.57297,71.73141],[264.56775,71.73249],[264.60346,71.73727],[264.5242,71.73739],[264.45914,71.70826],[264.50595,71.70569],[264.44314,71.70325],[264.41398,71.69374],[264.41355,71.68644],[264.35761,71.68201],[264.3701,71.66555],[264.32113,71.65346],[264.34518,71.63716],[264.25944,71.64459],[264.16554,71.63385],[264.1047,71.61103],[264.1602,71.59295],[264.08346,71.57582],[264.08047,71.55799],[264.16707,71.5429],[264.18534,71.52676],[264.18079,71.51871],[264.18895,71.51701],[264.46246,71.49905],[264.5329,71.5041],[264.7009,71.53385],[264.82513,71.52965],[264.69733,71.52788],[264.64517,71.51947],[264.57613,71.50308],[264.5553,71.48115],[264.50636,71.47685],[264.49054,71.46113],[264.50351,71.44991],[264.4777,71.45002],[264.46257,71.43477],[264.46454,71.42544],[264.49846,71.41793],[264.48998,71.41189],[264.49971,71.4086],[264.56901,71.39242],[264.55513,71.38927],[264.56036,71.38752],[264.60153,71.38395],[264.54432,71.3791],[264.55442,71.36738],[264.53383,71.36117],[264.52305,71.36719],[264.4832,71.36117],[264.43326,71.36641],[264.46547,71.34976],[264.50525,71.34551],[264.50714,71.33117],[264.48145,71.32626],[264.47592,71.30909],[264.48305,71.29824],[264.45495,71.30629],[264.41385,71.29477],[264.35181,71.29617],[264.29036,71.3231],[264.21516,71.34068],[264.15596,71.37421],[264.16612,71.39216],[264.16037,71.39709],[264.11018,71.41684],[264.02428,71.42164],[263.98824,71.43224],[263.90098,71.41849],[263.89979,71.42577],[263.89047,71.42584],[263.86102,71.40915],[263.82035,71.40002],[263.79057,71.3605],[263.7543,71.33889],[263.74309,71.32113],[263.74807,71.31277],[263.73389,71.29997],[263.71419,71.30282],[263.69339,71.29149],[263.68286,71.30295],[263.65475,71.30906],[263.61226,71.30783],[263.52737,71.28139],[263.55459,71.2803],[263.54503,71.27419],[263.56933,71.25753],[263.58097,71.27189],[263.61407,71.27752],[263.58542,71.26285],[263.5753,71.24006],[263.58047,71.21506],[263.56569,71.20657],[263.65772,71.15805],[263.63533,71.14874],[263.63717,71.16247],[263.62379,71.17021],[263.58275,71.17836],[263.46638,71.14193],[263.50345,71.11274],[263.55937,71.08777],[263.59297,71.08086],[263.62893,71.09659],[263.60639,71.10462],[263.61444,71.13102],[263.62201,71.13207],[263.67144,71.09919],[263.64202,71.09021],[263.63414,71.07477],[263.54738,71.0524],[263.54292,71.04592],[263.5577,71.02999],[263.51954,70.99228],[263.48213,70.9087],[263.43485,70.87719],[263.40254,70.8407],[263.40258,70.81399],[263.41717,70.79875],[263.52291,70.76222],[263.56606,70.75711],[263.63886,70.68793],[263.84815,70.62231],[263.87249,70.62502],[263.86638,70.63747],[263.87104,70.64714],[263.90613,70.66921],[263.93772,70.66998],[264.10218,70.71403],[264.24504,70.72472],[264.09787,70.70118],[264.06376,70.68921],[264.02626,70.66348],[263.95479,70.64881],[263.9661,70.63804],[263.95677,70.61826],[263.9732,70.6053],[264.04849,70.57985],[264.2126,70.5599],[264.23201,70.54377],[264.22777,70.53982],[264.02939,70.56538],[264.01549,70.58021],[263.96637,70.58715],[263.98159,70.5954],[263.97377,70.59709],[263.93663,70.59736],[263.88507,70.58027],[263.87764,70.56644],[263.88401,70.56084],[263.86264,70.53992],[263.82237,70.53898],[263.80407,70.55053],[263.80042,70.57306],[263.78254,70.57754],[263.73532,70.53924],[263.70638,70.50308],[263.69271,70.46606],[263.70189,70.45595],[263.69566,70.42776],[263.6722,70.41881],[263.60944,70.42978],[263.51393,70.37951],[263.47561,70.34221],[263.45073,70.291],[263.45113,70.25034],[263.47051,70.20527],[263.49759,70.1736],[263.49632,70.13816],[263.54467,70.08726],[263.6814,70.02205],[263.71189,69.99476],[263.76302,69.97128],[263.78936,69.96492],[263.82936,69.97342],[263.94352,69.95035],[263.91784,69.94395],[263.93129,69.93871],[263.92479,69.92877],[263.9004,69.94478],[263.89347,69.93346],[263.90447,69.92681],[263.8832,69.91797],[263.94101,69.92267],[263.94303,69.90922],[263.95501,69.9003],[263.90732,69.89922],[263.89852,69.89152],[263.93836,69.87396],[263.93319,69.86862],[263.90429,69.86673],[263.87629,69.87628],[263.88239,69.88415],[263.86841,69.8887],[263.84999,69.87031],[263.81591,69.86764],[263.94842,69.84216],[263.96871,69.82151],[264.07142,69.78377],[264.06436,69.79622],[264.0802,69.80105],[264.1248,69.78947],[264.1497,69.77207],[264.15467,69.7838],[264.14759,69.79191],[264.16188,69.79374],[264.16451,69.80338],[264.17704,69.80839],[264.19731,69.81009],[264.23606,69.79268],[264.22741,69.7882],[264.19423,69.79885],[264.19492,69.78904],[264.21377,69.77678],[264.18618,69.78044],[264.18132,69.77739],[264.18816,69.76609],[264.21689,69.76838],[264.22175,69.76664],[264.21431,69.75829],[264.23946,69.74797],[264.24668,69.75311],[264.23199,69.75927],[264.26033,69.76452],[264.27024,69.77427],[264.26039,69.7837],[264.2669,69.79431],[264.31487,69.80649],[264.3152,69.79394],[264.35257,69.78104],[264.36735,69.78927],[264.36623,69.8082],[264.34677,69.82046],[264.35622,69.82928],[264.38041,69.81618],[264.3926,69.79856],[264.37828,69.78144],[264.44525,69.75825],[264.407,69.75813],[264.63172,69.68104],[264.67086,69.68364],[264.74305,69.6611],[264.85441,69.64498],[264.862,69.64142],[264.83551,69.63765],[264.89823,69.62726],[264.91365,69.61125],[264.92613,69.62373],[264.96215,69.61755],[265.00859,69.62496],[265.01489,69.62093],[265.00606,69.61078],[265.01812,69.60133],[265.03803,69.61207],[265.05406,69.60883],[265.07064,69.58619],[265.18377,69.56487],[265.21079,69.56973],[265.2928,69.61237],[265.28351,69.6214],[265.28379,69.6335],[265.23657,69.65606],[265.24078,69.66044],[265.21934,69.67277],[265.26557,69.66231],[265.26994,69.66486],[265.25827,69.67067],[265.26361,69.67735],[265.32214,69.67658],[265.36839,69.68937],[265.41252,69.6882],[265.4233,69.6931],[265.42197,69.70997],[265.46579,69.73024],[265.44238,69.70971],[265.46115,69.70532],[265.43971,69.70192],[265.42972,69.68677],[265.3889,69.67952],[265.38494,69.67173],[265.39894,69.66091],[265.38611,69.64914],[265.40196,69.63971],[265.39916,69.63375],[265.42946,69.6402],[265.45886,69.65851],[265.45549,69.65117],[265.4655,69.64054],[265.45848,69.62952],[265.50904,69.5848],[265.51791,69.56228],[265.57556,69.5329],[265.58055,69.51787],[265.64367,69.50062],[265.66921,69.46956],[265.70339,69.45431],[265.74554,69.44575],[265.77906,69.45012],[265.75305,69.4401],[265.80725,69.44622],[265.85897,69.43953],[265.87538,69.44786],[266.11083,69.4432],[266.15505,69.45691],[266.16133,69.46197],[266.14981,69.4724],[266.15183,69.4852],[266.19026,69.49955],[266.23587,69.48336],[266.3137,69.52549],[266.3765,69.52784],[266.41493,69.54075],[266.41853,69.53027],[266.42483,69.53714],[266.46347,69.53227],[266.47895,69.53826],[266.47917,69.53073],[266.48901,69.52916],[266.48454,69.52596],[266.54768,69.50564],[266.53947,69.49602],[266.54955,69.48419],[266.58734,69.48295],[266.56336,69.47876],[266.5436,69.46341],[266.55159,69.45636],[266.48255,69.41733],[266.43666,69.37061],[266.46862,69.38419],[266.49432,69.36945],[266.51547,69.37706],[266.51052,69.37134],[266.51888,69.37114],[266.49665,69.356],[266.51026,69.35536],[266.55489,69.38038],[266.5322,69.35749],[266.54192,69.35684],[266.5733,69.36972],[266.56153,69.37424],[266.58257,69.38709],[266.59493,69.38553],[266.57833,69.37544],[266.59332,69.3716],[266.62407,69.38584],[266.65778,69.38502],[266.61038,69.36207],[266.59084,69.36726],[266.57431,69.35512],[266.57894,69.35103],[266.55947,69.32905],[266.45666,69.30975],[266.3767,69.26926],[266.47362,69.30388],[266.32582,69.23276],[266.25743,69.20527],[266.23622,69.20539],[266.17595,69.17244],[266.16805,69.17696],[266.15552,69.17004],[266.15167,69.18463],[266.20761,69.22875],[266.15398,69.21956],[266.15278,69.23211],[266.13667,69.23247],[266.21403,69.27534],[266.20302,69.27665],[266.14679,69.25079],[266.1495,69.26244],[266.13902,69.26603],[266.14269,69.27062],[266.17065,69.27968],[266.21261,69.30934],[266.20856,69.31366],[266.25307,69.331],[266.28219,69.33],[266.31742,69.35595],[266.35216,69.36181],[266.4204,69.41298],[266.4456,69.41605],[266.49082,69.44497],[266.4784,69.44767],[266.47021,69.43919],[266.45618,69.45192],[266.31771,69.41826],[266.21052,69.35931],[266.2008,69.35972],[266.19316,69.37177],[266.16084,69.35585],[266.14084,69.3546],[266.14686,69.36468],[266.12832,69.35955],[266.11798,69.37341],[266.06682,69.37334],[265.78375,69.34265],[265.73744,69.3286],[265.72049,69.30061],[265.76521,69.28727],[265.72976,69.25664],[265.74867,69.24264],[265.71377,69.19488],[265.72007,69.18671],[265.69468,69.17235],[265.70473,69.16581],[265.75698,69.15094],[265.7846,69.12901],[265.83767,69.14151],[265.94358,69.15002],[266.00851,69.17167],[266.01208,69.16462],[265.96494,69.14628],[265.91847,69.11698],[265.90627,69.11757],[265.93089,69.13601],[265.90077,69.12462],[265.87072,69.12372],[265.84974,69.1101],[265.83499,69.08876],[265.87966,69.07904],[265.85793,69.05674],[265.84941,69.06056],[265.80837,69.04199],[265.75029,69.05272],[265.69193,69.04723],[265.69031,69.03283],[265.6583,69.01545],[265.6699,69.01349],[265.64736,69.00759],[265.64233,68.99705],[265.65338,68.99372],[265.64401,68.98153],[265.62638,68.97864],[265.6276,68.9702],[265.6,68.95536],[265.54854,68.95512],[265.56317,68.96393],[265.53034,68.96956],[265.54453,68.97563],[265.5274,68.98392],[265.49236,68.96715],[265.50382,68.98439],[265.47304,68.98752],[265.44836,68.97723],[265.42619,68.98433],[265.4265,68.972],[265.41758,68.96392],[265.42723,68.9542],[265.45829,68.94674],[265.45967,68.92826],[265.43846,68.92348],[265.44631,68.90347],[265.46099,68.91069],[265.4859,68.89974],[265.46415,68.88537],[265.47408,68.87108],[265.41205,68.82961],[265.42185,68.82537],[265.41671,68.81002],[265.42455,68.79822],[265.4066,68.78549],[265.41303,68.77573],[265.38547,68.75718],[265.45767,68.76887],[265.46288,68.76664],[265.44023,68.75773],[265.48571,68.76457],[265.49637,68.75668],[265.49041,68.75206],[265.51351,68.73744],[265.56057,68.74838],[265.59467,68.73773],[265.59669,68.72656],[265.61406,68.73014],[265.63252,68.74582],[265.6685,68.74431],[265.75219,68.76532],[265.79146,68.76198],[265.7928,68.74989],[265.87782,68.76103],[265.8549,68.7652],[265.92792,68.76641],[265.97717,68.80122],[266.03646,68.81462],[266.10571,68.84701],[266.08758,68.85602],[266.12306,68.86879],[266.12838,68.86311],[266.15659,68.86921],[266.18919,68.89176],[266.2162,68.89738],[266.18859,68.90591],[266.18949,68.89975],[266.15849,68.8836],[266.06662,68.85772],[266.10838,68.88537],[266.10002,68.88806],[265.99207,68.84332],[265.98973,68.85198],[265.96824,68.85184],[265.97154,68.86145],[265.94885,68.8597],[265.99637,68.8833],[265.94551,68.87497],[265.93944,68.882],[265.94651,68.90397],[265.98718,68.92684],[266.0295,68.93077],[266.0517,68.94437],[266.04637,68.94936],[266.05126,68.9535],[266.07142,68.95705],[266.06743,68.96068],[266.07612,68.96507],[266.06894,68.96913],[266.11033,68.9954],[266.10124,68.99946],[266.10574,69.01204],[266.08296,69.00893],[266.12268,69.032],[266.1135,69.03742],[266.11955,69.04476],[266.09924,69.04236],[266.14417,69.06498],[266.21243,69.08179],[266.1897,69.06045],[266.11679,69.02123],[266.14672,69.02186],[266.11575,69.00228],[266.1672,69.01992],[266.1839,69.01682],[266.15373,68.99291],[266.18388,69.00221],[266.15943,68.9788],[266.18463,68.96957],[266.22474,68.98394],[266.23764,68.97944],[266.29192,68.99067],[266.29986,68.98249],[266.28056,68.97143],[266.34425,68.98634],[266.36225,68.98095],[266.35568,68.96905],[266.37902,68.97417],[266.37119,68.96135],[266.34683,68.94938],[266.37801,68.94746],[266.36073,68.93277],[266.36526,68.9118],[266.38394,68.88426],[266.43142,68.86437],[266.42541,68.85431],[266.43456,68.84475],[266.37338,68.80318],[266.38314,68.7941],[266.37886,68.78997],[266.35452,68.78256],[266.37755,68.77261],[266.30583,68.7522],[266.34497,68.73092],[266.31632,68.72326],[266.32174,68.71233],[266.29453,68.68344],[266.29653,68.66313],[266.27968,68.64433],[266.28304,68.63818],[266.27651,68.62856],[266.25301,68.62114],[266.31123,68.62074],[266.37012,68.63791],[266.39219,68.63344],[266.38111,68.62768],[266.40609,68.62961],[266.42264,68.62101],[266.49344,68.61854],[266.68631,68.64471],[266.46644,68.60018],[266.58766,68.57755],[266.54318,68.58243],[266.4391,68.57382],[266.54734,68.56646],[266.52512,68.55703],[266.41197,68.56275],[266.41038,68.55362],[266.37458,68.54181],[266.36614,68.53288],[266.37202,68.52514],[266.3462,68.53279],[266.32854,68.52083],[266.2836,68.52267],[266.2677,68.5146],[266.27352,68.50892],[266.15199,68.48156],[266.13061,68.48691],[266.08231,68.48183],[266.09074,68.47435],[266.02014,68.46819],[266.0192,68.46203],[265.98889,68.45908],[265.91773,68.42959],[265.88199,68.40217],[265.82642,68.38736],[265.81399,68.37722],[265.81205,68.33565],[265.82137,68.32385],[265.81362,68.31899],[265.82669,68.31727],[265.84478,68.29206],[265.82735,68.27321],[265.6885,68.23599],[265.65765,68.2371],[265.66112,68.23096],[265.57504,68.20255],[265.54998,68.18245],[265.5195,68.17919],[265.52,68.17212],[265.50744,68.16742],[265.42353,68.15677],[265.41011,68.13928],[265.33808,68.11157],[265.32951,68.10371],[265.33854,68.08988],[265.31947,68.08351],[265.32255,68.07532],[265.30581,68.0628],[265.27843,68.06135],[265.26586,68.05048],[265.18048,68.04174],[265.11654,68.04691],[265.10792,68.0548],[265.1163,68.06381],[265.103,68.06913],[265.00871,68.05082],[264.93445,68.08024],[264.92767,68.10002],[264.80071,68.0478],[264.73115,68.03538],[264.72386,68.03505],[264.7268,68.04194],[264.74073,68.049],[264.77494,68.05498],[264.75181,68.06607],[264.79394,68.08471],[264.76001,68.08743],[264.74504,68.07236],[264.65884,68.08367],[264.63596,68.06322],[264.62379,68.074],[264.53654,68.07221],[264.54712,68.05958],[264.57263,68.06112],[264.5837,68.04941],[264.57972,68.04112],[264.60195,68.03323],[264.60876,68.02123],[264.59215,68.01686],[264.58957,68.007],[264.5762,68.00108],[264.58489,67.99413],[264.5577,67.9864],[264.56006,67.97616],[264.52483,67.96989],[264.48532,67.92653],[264.44101,67.91553],[264.49098,67.9088],[264.505,67.8599],[264.48473,67.83558],[264.46806,67.82777],[264.46116,67.80869],[264.43195,67.79976],[264.40304,67.80934],[264.38873,67.79722],[264.4177,67.78193],[264.37543,67.78191],[264.32273,67.75793],[264.30733,67.74053],[264.32819,67.73243],[264.32048,67.72133],[264.34517,67.70118],[264.37171,67.70072],[264.39166,67.68963],[264.43562,67.68922],[264.44518,67.67933],[264.43944,67.67169],[264.46417,67.65496],[264.52091,67.65793],[264.56683,67.63353],[264.57293,67.61603],[264.58833,67.60668],[264.68467,67.562],[264.71076,67.52927],[264.70543,67.51708],[264.65447,67.49049],[264.63599,67.49044],[264.61247,67.47043],[264.63082,67.4602],[264.65292,67.45962],[264.65128,67.44109],[264.66531,67.39767],[264.69423,67.3764],[264.70921,67.34578],[264.74844,67.32696],[264.85825,67.29954],[264.8579,67.28468],[264.83154,67.27585],[264.883,67.26288],[264.85174,67.26243],[264.79155,67.27984],[264.75911,67.2732],[264.77611,67.2506],[264.77597,67.23392],[264.69431,67.17239],[264.63397,67.15413],[264.63502,67.1653],[264.59713,67.16745],[264.57384,67.15406],[264.52248,67.14499],[264.52805,67.15331],[264.52181,67.16738],[264.54352,67.18441],[264.51207,67.19738],[264.55038,67.20829],[264.52117,67.21124],[264.49255,67.22494],[264.43939,67.22017],[264.41271,67.20578],[264.34976,67.20469],[264.33026,67.18493],[264.28912,67.1842],[264.30004,67.19148],[264.32941,67.19223],[264.38703,67.23961],[264.37,67.23886],[264.32311,67.20582],[264.25961,67.18961],[264.23164,67.17242],[264.18979,67.1728],[264.16451,67.16296],[264.20169,67.18628],[264.2217,67.18641],[264.26731,67.22381],[264.33099,67.24938],[264.42767,67.31365],[264.43881,67.3095],[264.47186,67.32628],[264.47771,67.33231],[264.45683,67.34408],[264.49936,67.36168],[264.44821,67.38917],[264.44932,67.39513],[264.40325,67.37723],[264.40325,67.35643],[264.34177,67.33435],[264.33064,67.33827],[264.33833,67.34846],[264.3281,67.36497],[264.29824,67.36147],[264.29043,67.36728],[264.31582,67.37846],[264.27881,67.39495],[264.28289,67.38565],[264.26743,67.37098],[264.25607,67.37169],[264.2593,67.38035],[264.24455,67.36874],[264.27445,67.36196],[264.22662,67.34533],[264.23622,67.33957],[264.19306,67.33376],[264.17902,67.31796],[264.13799,67.30028],[263.90449,67.2233],[263.87503,67.22727],[263.89658,67.24257],[263.89708,67.25194],[263.87602,67.25038],[263.88999,67.26072],[263.88478,67.26861],[263.89593,67.27798],[263.85344,67.26432],[263.79497,67.26814],[263.79369,67.26034],[263.76381,67.24818],[263.77124,67.26444],[263.75908,67.27105],[263.79633,67.28805],[263.79474,67.29945],[263.77906,67.30987],[263.78622,67.32648],[263.80854,67.34067],[263.84265,67.34708],[263.85453,67.3599],[263.82882,67.36555],[263.87328,67.37468],[263.9157,67.4256],[263.91519,67.43816],[263.94052,67.43135],[263.94731,67.45183],[263.90605,67.44849],[263.92394,67.48359],[263.89788,67.47782],[263.90048,67.47193],[263.87299,67.44623],[263.8578,67.45278],[263.82004,67.42869],[263.81638,67.41649],[263.80619,67.42132],[263.80965,67.43487],[263.78653,67.42571],[263.78243,67.44209],[263.7686,67.43883],[263.77466,67.4465],[263.75994,67.44528],[263.75993,67.45373],[263.74476,67.45982],[263.69616,67.44964],[263.69299,67.42626],[263.67559,67.41903],[263.68214,67.43952],[263.67381,67.4558],[263.62911,67.45575],[263.6396,67.4777],[263.66582,67.48604],[263.65907,67.49138],[263.66312,67.50039],[263.64938,67.50855],[263.61122,67.46794],[263.63035,67.49991],[263.62506,67.50734],[263.59943,67.49901],[263.59864,67.48824],[263.57998,67.48532],[263.56601,67.47106],[263.54699,67.46731],[263.5764,67.51314],[263.55436,67.52454],[263.60384,67.52952],[263.58824,67.53786],[263.59437,67.55286],[263.5579,67.54863],[263.54167,67.55696],[263.57969,67.55894],[263.63249,67.57427],[263.64655,67.56428],[263.6624,67.59092],[263.68089,67.59566],[263.63062,67.61516],[263.58251,67.62009],[263.63371,67.61865],[263.6863,67.60377],[263.71163,67.6194],[263.70808,67.63556],[263.71819,67.64446],[263.69773,67.64882],[263.67446,67.68857],[263.68619,67.71123],[263.70755,67.71351],[263.72254,67.68502],[263.7398,67.68629],[263.73816,67.66431],[263.76141,67.64055],[263.85594,67.62603],[263.86437,67.6518],[263.85158,67.66594],[263.87771,67.7074],[263.84374,67.69185],[263.85435,67.70646],[263.83509,67.7063],[263.81602,67.66225],[263.80542,67.68193],[263.81636,67.6897],[263.80679,67.69773],[263.84857,67.72624],[263.85216,67.74803],[263.88149,67.75844],[263.8373,67.7507],[263.81372,67.76806],[263.81364,67.78566],[263.79652,67.81252],[263.81362,67.83275],[263.79585,67.83834],[263.80879,67.84958],[263.80959,67.86102],[263.84155,67.87516],[263.84963,67.88675],[263.84908,67.9208],[263.8692,67.942],[263.86773,67.95683],[263.90102,67.98012],[263.89581,67.98688],[263.91121,67.99015],[263.89608,67.99808],[263.93836,68.01879],[263.95331,68.03439],[263.94823,68.04024],[263.92018,68.03101],[263.898,68.03675],[263.91425,68.04735],[263.92248,68.04088],[263.9358,68.04617],[263.94504,68.06784],[264.00549,68.11836],[264.00154,68.12491],[263.98155,68.12317],[263.99253,68.13252],[263.97365,68.13605],[263.98258,68.15153],[263.94522,68.14647],[263.93247,68.15423],[263.93453,68.16593],[263.96208,68.19343],[264.05123,68.2303],[264.06507,68.2605],[264.1192,68.28502],[264.12216,68.30015],[264.07276,68.286],[264.08061,68.27815],[264.07693,68.27328],[264.02243,68.25651],[263.8299,68.23155],[263.81964,68.22152],[263.75984,68.20935],[263.74191,68.2099],[263.73664,68.22053],[263.72322,68.20312],[263.58458,68.16821],[263.49843,68.12221],[263.49088,68.10399],[263.45638,68.08973],[263.48388,68.09011],[263.51299,68.11155],[263.5426,68.11426],[263.55093,68.10804],[263.53483,68.08939],[263.54637,68.07821],[263.53237,68.07379],[263.58407,68.06393],[263.58103,68.05586],[263.51879,68.06275],[263.51243,68.04866],[263.48997,68.04338],[263.45828,68.06622],[263.46307,68.07844],[263.40827,68.07654],[263.40322,68.07368],[263.42417,68.06523],[263.37879,68.06581],[263.36964,68.0544],[263.4046,68.05381],[263.35708,68.03764],[263.34249,68.02221],[263.32563,68.01702],[263.30291,68.02884],[263.28095,68.02125],[263.23799,68.04059],[263.23756,68.05774],[263.25839,68.07584],[263.19716,68.10093],[263.22896,68.09414],[263.23754,68.09777],[263.22955,68.10879],[263.26234,68.10338],[263.24434,68.09015],[263.35643,68.09778],[263.33552,68.10942],[263.33487,68.12084],[263.37006,68.1157],[263.37725,68.12432],[263.4113,68.13378],[263.41987,68.14152],[263.38912,68.13808],[263.41498,68.17182],[263.47573,68.18026],[263.51223,68.20232],[263.53053,68.23473],[263.55425,68.25262],[263.54646,68.25908],[263.55883,68.27467],[263.54792,68.28129],[263.54892,68.29069],[263.61706,68.32575],[263.47297,68.28264],[263.46473,68.26851],[263.43529,68.26352],[263.44196,68.25658],[263.39192,68.24563],[263.39016,68.2337],[263.43222,68.20605],[263.4278,68.18766],[263.39797,68.19706],[263.41359,68.19946],[263.40612,68.20753],[263.35685,68.21511],[263.32669,68.24096],[263.34931,68.25336],[263.37173,68.24838],[263.4153,68.25736],[263.372,68.26554],[263.36281,68.2651],[263.3723,68.25617],[263.35844,68.25792],[263.34246,68.27242],[263.34973,68.28448],[263.33866,68.29543],[263.31304,68.28593],[263.2598,68.28287],[263.27887,68.276],[263.26945,68.26961],[263.2267,68.29217],[263.21224,68.29],[263.22426,68.28113],[263.23568,68.283],[263.24158,68.27376],[263.20436,68.27106],[263.19152,68.2632],[263.12161,68.27458],[263.1808,68.25014],[263.12208,68.26133],[263.10234,68.25422],[263.03153,68.27743],[263.02459,68.27131],[263.00926,68.28443],[263.02014,68.29271],[263.00265,68.30051],[262.98188,68.29908],[262.99253,68.2847],[262.96652,68.28497],[262.98269,68.27416],[262.97753,68.26855],[262.92345,68.28389],[262.95963,68.28548],[262.94174,68.29877],[262.94334,68.31368],[262.98506,68.31907],[263.06441,68.29059],[263.02926,68.31764],[263.0139,68.34791],[263.02189,68.35521],[263.00498,68.36303],[263.00061,68.35285],[262.97251,68.35399],[262.93923,68.37649],[262.90142,68.37966],[262.89439,68.38406],[262.89914,68.38852],[262.83715,68.40777],[262.84159,68.41384],[262.88302,68.40505],[262.85439,68.42515],[262.82773,68.4247],[262.80081,68.4517],[262.774,68.45512],[262.76287,68.46445],[262.78141,68.46195],[262.78861,68.46992],[262.68979,68.50029],[262.71401,68.50413],[262.68658,68.51348],[262.62407,68.50747],[262.58547,68.51628],[262.58159,68.51068],[262.55049,68.52243],[262.55877,68.51235],[262.47602,68.52291],[262.48229,68.51369],[262.4502,68.51784],[262.45436,68.50377],[262.42831,68.49388],[262.41118,68.49821],[262.43343,68.47526],[262.39608,68.47191],[262.4159,68.45759],[262.48189,68.44569],[262.47575,68.45743],[262.48887,68.46031],[262.52117,68.44243],[262.50453,68.43854],[262.52364,68.43334],[262.49868,68.43059],[262.5237,68.42075],[262.48646,68.42339],[262.43287,68.44182],[262.43704,68.43072],[262.41425,68.43854],[262.40954,68.44917],[262.37286,68.45775],[262.38067,68.47102],[262.35787,68.48457],[262.37094,68.48769],[262.38712,68.47899],[262.38067,68.49483],[262.39389,68.49429],[262.39633,68.50054],[262.36174,68.52543],[262.30755,68.53626],[262.31945,68.53911],[262.31628,68.54521],[262.29095,68.54952],[262.29863,68.54288],[262.25811,68.53644],[262.26111,68.52829],[262.25489,68.5281],[262.22466,68.55219],[262.21483,68.55419],[262.21724,68.54602],[262.15704,68.56647],[262.15097,68.5656],[262.16994,68.55906],[262.17314,68.55022],[262.14221,68.55137],[262.1593,68.53631],[262.14168,68.53396],[262.1101,68.555],[262.08664,68.55911],[262.09518,68.56578],[262.07579,68.5684],[262.07158,68.55087],[262.12577,68.53234],[262.01728,68.54741],[262.02979,68.53358],[262.01337,68.52873],[261.99749,68.53489],[262.00038,68.52811],[262.04899,68.49546],[262.07584,68.4871],[262.07103,68.48353],[262.07762,68.47914],[262.12234,68.4688],[262.12465,68.47528],[262.17015,68.47548],[262.19194,68.46422],[262.16407,68.45767],[262.13907,68.4693],[262.137,68.46168],[262.11518,68.45324],[262.13367,68.44852],[262.11997,68.44285],[262.13958,68.43015],[262.19083,68.42068],[262.22302,68.42437],[262.27229,68.40061],[262.30257,68.40149],[262.30757,68.39842],[262.27277,68.38963],[262.30871,68.36663],[262.30233,68.36164],[262.21191,68.39519],[262.14631,68.40516],[262.14201,68.39358],[262.15344,68.38682],[262.10959,68.39399],[262.10139,68.38893],[262.10555,68.37852],[262.08774,68.37478],[262.10783,68.36255],[262.13187,68.369],[262.1408,68.35942],[262.17663,68.34881],[262.10919,68.35641],[262.11279,68.34851],[262.09609,68.34548],[262.07572,68.36457],[262.05216,68.37279],[262.06131,68.3568],[262.03527,68.35945],[262.00291,68.37633],[261.9623,68.36637],[261.92489,68.38056],[261.9168,68.37252],[261.93625,68.36075],[261.89894,68.36097],[261.98291,68.33837],[261.97254,68.33484],[261.9767,68.33017],[261.94546,68.32851],[261.90345,68.33866],[261.92288,68.32689],[261.91353,68.31629],[261.85936,68.35491],[261.85434,68.35246],[261.86476,68.345],[261.85478,68.33988],[261.87384,68.32719],[261.84478,68.32948],[261.8637,68.31198],[261.81417,68.3198],[261.8391,68.30318],[261.79904,68.30763],[261.79032,68.31309],[261.7998,68.32026],[261.79216,68.32643],[261.74995,68.33447],[261.69614,68.38062],[261.71398,68.35531],[261.63904,68.39824],[261.63146,68.39615],[261.64782,68.38248],[261.64349,68.37982],[261.59403,68.37613],[261.58694,68.38736],[261.51087,68.43089],[261.49003,68.42194],[261.48465,68.41351],[261.48912,68.39807],[261.55008,68.3804],[261.56444,68.35223],[261.51532,68.37007],[261.4807,68.39435],[261.476,68.39075],[261.48674,68.37255],[261.51992,68.34639],[261.51863,68.33901],[261.50912,68.33983],[261.468,68.36046],[261.46409,68.37613],[261.44985,68.37841],[261.45596,68.3589],[261.44783,68.35908],[261.4337,68.36342],[261.4386,68.37115],[261.41875,68.38583],[261.37809,68.39659],[261.37258,68.38883],[261.34298,68.38781],[261.31031,68.40846],[261.30568,68.40463],[261.31263,68.39455],[261.32594,68.3863],[261.31254,68.373],[261.34381,68.35276],[261.34733,68.34624],[261.34054,68.34118],[261.4206,68.31161],[261.42417,68.29982],[261.47077,68.27183],[261.53627,68.25204],[261.51225,68.23656],[261.49971,68.24485],[261.45332,68.24992],[261.50518,68.23266],[261.50357,68.22159],[261.51627,68.2101],[261.58784,68.21274],[261.63336,68.2005],[261.66146,68.20166],[261.70832,68.18349],[261.70858,68.15371],[261.72444,68.13864],[261.7187,68.12906],[261.68396,68.12517],[261.69124,68.11257],[261.71,68.1164],[261.71187,68.10843],[261.68647,68.10416],[261.66357,68.11006],[261.64324,68.08967],[261.63016,68.09818],[261.6334,68.10516],[261.57759,68.14042],[261.61071,68.16652],[261.57,68.19977],[261.54875,68.20089],[261.50038,68.17679],[261.50528,68.16183],[261.49929,68.1536],[261.44057,68.16695],[261.43604,68.16038],[261.51773,68.11342],[261.53678,68.09321],[261.56121,68.09633],[261.5975,68.04866],[261.54335,68.03409],[261.52222,68.0471],[261.46942,68.05997],[261.46653,68.06675],[261.48167,68.07506],[261.4764,68.08153],[261.48458,68.08571],[261.45407,68.09245],[261.45831,68.10016],[261.4321,68.11669],[261.41833,68.11025],[261.41612,68.09688],[261.37174,68.09259],[261.37986,68.08713],[261.37315,68.07957],[261.35581,68.08263],[261.34831,68.09292],[261.33256,68.08227],[261.33607,68.07323],[261.29514,68.08944],[261.26989,68.08488],[261.27822,68.07623],[261.25386,68.05381],[261.27996,68.04763],[261.28076,68.03481],[261.2918,68.02511],[261.27182,68.02418],[261.29204,68.01687],[261.29512,68.01193],[261.28221,68.00735],[261.30873,67.98467],[261.31014,67.96936],[261.37107,67.94055],[261.29301,67.96943],[261.28744,67.96488],[261.29576,67.95852],[261.35368,67.9271],[261.38427,67.92175],[261.37747,67.92954],[261.38835,67.92992],[261.4757,67.87931],[261.50396,67.87066],[261.52941,67.86855],[261.5416,67.88616],[261.56704,67.87648],[261.58026,67.87968],[261.61701,67.83508],[261.6776,67.7993],[261.66802,67.79622],[261.67722,67.79058],[261.65565,67.79467],[261.62452,67.78789],[261.56268,67.79564],[261.59911,67.76984],[261.60868,67.76008],[261.60382,67.75762],[261.55141,67.79205],[261.50823,67.79516],[261.55722,67.7652],[261.56034,67.74193],[261.5423,67.75162],[261.54237,67.76401],[261.51223,67.77855],[261.4849,67.78633],[261.38928,67.78574],[261.34944,67.81689],[261.31346,67.81997],[261.30877,67.79503],[261.32204,67.79046],[261.28314,67.77875],[261.30149,67.77322],[261.27661,67.77096],[261.27157,67.76687],[261.28083,67.75896],[261.25257,67.76298],[261.24428,67.74778],[261.21836,67.745],[261.16469,67.75841],[261.18711,67.76313],[261.15821,67.77193],[261.13712,67.75258],[261.12745,67.75957],[261.11143,67.74888],[261.12044,67.7421],[261.10979,67.73643],[261.09902,67.70782],[261.11704,67.68945],[261.06755,67.71032],[261.05403,67.72748],[261.02032,67.73379],[260.98548,67.71435],[261.00346,67.68497],[260.97118,67.70669],[260.98347,67.73354],[260.92876,67.73445],[260.91135,67.74985],[260.91463,67.75571],[260.8975,67.74725],[260.90711,67.74302],[260.87995,67.74497],[260.87987,67.71583],[260.83731,67.7369],[260.81444,67.71398],[260.75139,67.74113],[260.73259,67.76334],[260.72428,67.75383],[260.7312,67.72863],[260.72435,67.72491],[260.70185,67.76488],[260.70954,67.77],[260.69316,67.7744],[260.69734,67.78123],[260.67356,67.7773],[260.68447,67.76855],[260.64646,67.77003],[260.67824,67.75283],[260.66163,67.74814],[260.64428,67.75387],[260.62976,67.77992],[260.63443,67.79365],[260.57893,67.8075],[260.58168,67.79774],[260.56675,67.79898],[260.57698,67.77987],[260.52818,67.80224],[260.53511,67.8078],[260.52275,67.81281],[260.49682,67.80143],[260.46027,67.81876],[260.45446,67.80934],[260.43294,67.81443],[260.43677,67.80747],[260.3988,67.79166],[260.37793,67.80504],[260.36718,67.8023],[260.3619,67.82252],[260.29828,67.8155],[260.24906,67.84421],[260.22937,67.83465],[260.24288,67.81983],[260.23709,67.81476],[260.18141,67.80574],[260.13977,67.829],[260.09551,67.83652],[260.08599,67.83381],[260.10063,67.82364],[260.08582,67.81427],[259.99557,67.83287],[259.98358,67.83027],[259.99133,67.82487],[259.98378,67.81971],[259.95298,67.81698],[259.94182,67.82752],[259.92405,67.82397],[259.92343,67.83774],[259.90484,67.83094],[259.91045,67.82659],[259.90561,67.82454],[259.86951,67.83488],[259.87993,67.84247],[259.79608,67.85528],[259.77977,67.84903],[259.77732,67.83558],[259.76305,67.85563],[259.68264,67.85543],[259.6645,67.84357],[259.62447,67.85805],[259.56295,67.85406],[259.55752,67.85013],[259.56627,67.84386],[259.53137,67.84247],[259.52803,67.8322],[259.50372,67.83014],[259.49819,67.80803],[259.45568,67.77267],[259.39922,67.75964],[259.37955,67.73109],[259.36706,67.76133],[259.37468,67.79137],[259.41292,67.80815],[259.42939,67.84482],[259.41317,67.85142],[259.37696,67.83198],[259.34642,67.83765],[259.32952,67.82626],[259.34212,67.85954],[259.30565,67.8555],[259.31182,67.83899],[259.29681,67.84011],[259.28562,67.82991],[259.31281,67.82339],[259.2844,67.82271],[259.27133,67.7947],[259.26428,67.79574],[259.26565,67.82227],[259.19192,67.80442],[259.18945,67.79739],[259.1501,67.80559],[259.14426,67.79955],[259.11778,67.80217],[259.11942,67.79212],[259.13533,67.783],[259.12732,67.77801],[259.13048,67.77056],[259.08048,67.7727],[259.07431,67.76065],[259.04744,67.75747],[259.04368,67.76304],[259.01857,67.74959],[259.0017,67.75265],[259.0052,67.76526],[258.98063,67.75551],[258.9636,67.76249],[258.96119,67.752],[258.89492,67.73483],[258.89109,67.73878],[258.91726,67.77143],[258.94125,67.77587],[258.93711,67.78763],[258.92701,67.79035],[258.93675,67.79729],[258.92925,67.80129],[258.91157,67.79787],[258.91063,67.7833],[258.89034,67.77698],[258.87198,67.78411],[258.87309,67.77241],[258.88652,67.77057],[258.86023,67.75725],[258.84082,67.76732],[258.84761,67.77389],[258.83953,67.78292],[258.82621,67.76565],[258.81061,67.78374],[258.78338,67.78834],[258.77845,67.78002],[258.79796,67.76466],[258.78267,67.76318],[258.78227,67.75072],[258.79423,67.74789],[258.76905,67.74013],[258.75955,67.72767],[258.73064,67.72525],[258.70588,67.74332],[258.67435,67.73637],[258.68155,67.72154],[258.70677,67.70557],[258.66597,67.72096],[258.65088,67.71902],[258.63241,67.72635],[258.62129,67.74351],[258.59679,67.74729],[258.57707,67.73472],[258.57936,67.72516],[258.62788,67.71712],[258.62169,67.70412],[258.60904,67.69861],[258.59794,67.7027],[258.61877,67.70881],[258.57568,67.71368],[258.59807,67.6915],[258.58554,67.68677],[258.54103,67.71046],[258.53531,67.70946],[258.54132,67.6948],[258.47927,67.6968],[258.47474,67.67627],[258.49075,67.65269],[258.39112,67.7165],[258.3616,67.72067],[258.34288,67.69774],[258.31662,67.69816],[258.30698,67.70917],[258.2996,67.69816],[258.29142,67.70532],[258.28647,67.73919],[258.2754,67.73789],[258.27521,67.7448],[258.23437,67.73379],[258.22149,67.70863],[258.19072,67.70486],[258.18781,67.71877],[258.17283,67.72925],[258.15754,67.72632],[258.15021,67.73584],[258.1685,67.75001],[258.19448,67.75052],[258.20023,67.75775],[258.18322,67.76397],[258.13935,67.74977],[258.13337,67.75106],[258.13621,67.7579],[258.11795,67.75943],[258.0995,67.74733],[258.08448,67.76402],[258.0756,67.75707],[258.06865,67.76083],[258.07052,67.76855],[258.08409,67.76816],[258.09359,67.78761],[258.06156,67.7962],[258.0656,67.80774],[258.02566,67.79281],[258.03484,67.78963],[258.02714,67.78435],[258.0345,67.77023],[258.01735,67.76581],[258.02408,67.75949],[257.97631,67.76164],[257.98907,67.75244],[257.96688,67.7438],[257.93635,67.74554],[257.92608,67.75764],[257.91084,67.75609],[257.90228,67.76691],[257.91003,67.77197],[257.87852,67.77756],[257.87187,67.77741],[257.86969,67.76298],[257.80639,67.74295],[257.80828,67.72758],[257.8005,67.71813],[257.80789,67.70425],[257.87043,67.67852],[257.83171,67.68876],[257.7893,67.68839],[257.79285,67.70684],[257.76595,67.73138],[257.74606,67.73992],[257.73263,67.73545],[257.73333,67.71863],[257.72084,67.72091],[257.68313,67.75081],[257.66453,67.74557],[257.64598,67.75072],[257.63623,67.76562],[257.58347,67.79302],[257.52733,67.78693],[257.53122,67.79526],[257.49516,67.7982],[257.496,67.80795],[257.47966,67.80166],[257.41042,67.80493],[257.36555,67.7953],[257.37714,67.80408],[257.34196,67.81353],[257.33222,67.80762],[257.27786,67.82468],[257.2463,67.82114],[257.21141,67.82826],[257.1627,67.84609],[257.15049,67.85876],[257.16318,67.87341],[257.1305,67.87094],[257.11786,67.8845],[257.12641,67.89313],[257.09875,67.90021],[257.08342,67.91708],[257.05635,67.92837],[256.98688,67.90022],[256.95537,67.89363],[256.91671,67.89892],[256.90077,67.92933],[256.90619,67.95604],[256.89709,67.96126],[256.81958,67.96911],[256.81772,67.96228],[256.80012,67.96163],[256.72128,67.99274],[256.71377,68.01611],[256.68901,68.00666],[256.64394,68.01465],[256.65341,68.02777],[256.63127,68.03422],[256.6474,68.04359],[256.64554,68.04903],[256.62047,68.05507],[256.63765,68.0703],[256.63199,68.08939],[256.63867,68.09376],[256.61043,68.10793],[256.68321,68.10355],[256.69179,68.11058],[256.67605,68.12463],[256.63956,68.13644],[256.60783,68.16614],[256.57877,68.16034],[256.56167,68.17036],[256.51278,68.15099],[256.47139,68.11309],[256.48513,68.09962],[256.49972,68.09894],[256.48369,68.08539],[256.50343,68.07764],[256.48272,68.06749],[256.42875,68.05956],[256.39838,68.07542],[256.37665,68.06357],[256.32163,68.09077],[256.32174,68.0669],[256.28739,68.04516],[256.2134,68.03003],[256.14595,68.02597],[256.10206,68.0309],[256.04941,68.05518],[256.02216,68.05635],[256.01664,68.04854],[256.0216,68.0396],[256.00687,68.02653],[256.00998,67.99333],[256.00046,67.98619],[256.00639,67.97267],[256.01989,67.97034],[256.027,67.9467],[255.96828,67.92133],[255.95181,67.90697],[255.95595,67.90354],[255.91628,67.8913],[255.91601,67.8792],[255.89551,67.8808],[255.94816,67.91577],[255.94436,67.93245],[255.95589,67.95065],[255.9922,67.95987],[255.98418,67.9751],[255.99946,67.99842],[255.99502,68.01619],[256.00736,68.04467],[256.00288,68.04877],[255.97939,68.05241],[255.9799,68.04367],[255.92746,68.03936],[255.89156,68.02577],[255.86341,68.03258],[255.86556,68.02628],[255.83407,68.01744],[255.80137,68.02209],[255.79297,68.03036],[255.74257,68.03192],[255.73706,68.03406],[255.74139,68.03977],[255.72985,68.04036],[255.74402,68.04962],[255.71614,68.04629],[255.71652,68.05752],[255.70621,68.06292],[255.66292,68.06685],[255.65679,68.06318],[255.6811,68.06098],[255.69146,68.04596],[255.6706,68.03988],[255.63768,68.05107],[255.64811,68.04098],[255.58157,68.0301],[255.56968,68.03892],[255.54808,68.0228],[255.51143,68.02328],[255.51019,68.03606],[255.48629,68.03492],[255.49363,68.04153],[255.47767,68.05186],[255.49978,68.06982],[255.49569,68.07815],[255.46535,68.07781],[255.43559,68.09218],[255.44022,68.10045],[255.43282,68.11446],[255.44953,68.12095],[255.4544,68.102],[255.47838,68.10314],[255.49301,68.12012],[255.45227,68.13312],[255.42904,68.12136],[255.42489,68.13064],[255.44084,68.14281],[255.43672,68.14622],[255.38327,68.14628],[255.3634,68.13679],[255.34438,68.14152],[255.36874,68.17592],[255.42482,68.21244],[255.41861,68.22049],[255.43457,68.24345],[255.41822,68.26036],[255.38588,68.25032],[255.28882,68.26072],[255.27225,68.24952],[255.23742,68.25139],[255.21828,68.23408],[255.20988,68.24277],[255.22027,68.25826],[255.20849,68.27264],[255.14802,68.23878],[255.12237,68.24217],[255.11424,68.25037],[255.10987,68.23833],[255.09508,68.23587],[255.06082,68.25075],[255.07485,68.26009],[255.06045,68.2866],[255.07648,68.28896],[255.08124,68.27334],[255.09466,68.2675],[255.0903,68.27771],[255.09662,68.27974],[255.12249,68.27259],[255.11871,68.28673],[255.16502,68.28694],[255.16863,68.2967],[255.18381,68.3017],[255.17515,68.31206],[255.19967,68.31579],[255.18586,68.33805],[255.11259,68.35865],[255.13107,68.3477],[255.13252,68.32885],[255.09577,68.33692],[255.08877,68.3298],[255.11181,68.3201],[255.06631,68.32026],[255.08053,68.30453],[255.06629,68.30201],[255.05063,68.31341],[255.047,68.339],[255.03627,68.35326],[255.02521,68.31933],[254.97423,68.31573],[254.96347,68.32695],[254.95487,68.32534],[254.95944,68.30109],[255.01863,68.28036],[255.02122,68.26726],[255.00084,68.26292],[254.98402,68.27349],[254.96384,68.26539],[254.95255,68.27571],[254.92451,68.27225],[254.90167,68.28846],[254.90569,68.31338],[254.88492,68.30228],[254.86468,68.30328],[254.86495,68.3222],[254.84493,68.31641],[254.79982,68.32021],[254.77955,68.33875],[254.7231,68.35516],[254.7125,68.36166],[254.71278,68.37145],[254.68156,68.37429],[254.67464,68.38374],[254.69685,68.41181],[254.669,68.40571],[254.69448,68.41832],[254.69838,68.42781],[254.68638,68.43208],[254.65803,68.4127],[254.6207,68.41813],[254.60099,68.41181],[254.60116,68.42255],[254.63383,68.4376],[254.63692,68.45417],[254.57387,68.41942],[254.52958,68.42703],[254.49042,68.40735],[254.46497,68.40826],[254.46866,68.43131],[254.52151,68.44942],[254.49922,68.45778],[254.54075,68.46232],[254.54842,68.45398],[254.56876,68.46445],[254.56239,68.47806],[254.59013,68.47134],[254.61104,68.48061],[254.60453,68.48768],[254.65212,68.48843],[254.69492,68.46059],[254.72554,68.45968],[254.72018,68.49448],[254.68246,68.49947],[254.69946,68.51887],[254.66607,68.52163],[254.61485,68.5088],[254.58741,68.54118],[254.61637,68.55306],[254.60959,68.5681],[254.57236,68.58563],[254.56891,68.58942],[254.57996,68.59389],[254.56935,68.6048],[254.54075,68.6083],[254.50895,68.63914],[254.52238,68.64226],[254.51144,68.65482],[254.44992,68.69506],[254.49048,68.68361],[254.51291,68.69721],[254.51413,68.70341],[254.50154,68.7049],[254.55879,68.71965],[254.56495,68.73597],[254.45232,68.78989],[254.29298,68.84437],[254.22941,68.88158],[254.0157,68.89215],[254.00504,68.89601],[254.00706,68.90378],[253.98009,68.91401],[253.89993,68.92086],[253.88267,68.93336],[253.85002,68.93957],[253.79937,68.94272],[253.75926,68.92502],[253.78008,68.91296],[253.72423,68.90926],[253.67415,68.89534],[253.51858,68.87297],[253.47326,68.85562],[253.41859,68.85128],[253.42536,68.84729],[253.39797,68.84443],[253.35175,68.81828],[253.20062,68.81954],[253.15369,68.79736],[252.82334,68.738],[252.71272,68.70304],[252.58624,68.69814],[252.50102,68.67779],[252.04341,68.63536],[251.94916,68.64016],[251.75068,68.63312],[251.64136,68.60493],[251.61237,68.57322],[251.59435,68.56858],[251.57141,68.53071],[251.53638,68.49914],[251.50271,68.48786],[251.4919,68.47281],[251.47769,68.4707],[251.48875,68.46468],[251.48235,68.45908],[251.43388,68.43599],[251.44004,68.43028],[251.41209,68.40243],[251.26176,68.34246],[251.27444,68.34005],[251.26681,68.3329],[251.28532,68.30608],[251.26451,68.2905],[251.23564,68.28329],[251.23857,68.27732],[251.18615,68.27179],[251.19455,68.26688],[251.18333,68.25994],[251.25432,68.24306],[251.25298,68.2332],[251.28925,68.2307],[251.31381,68.2354],[251.29777,68.24127],[251.32884,68.25065],[251.34428,68.24483],[251.34917,68.25285],[251.39476,68.26385],[251.44199,68.25114],[251.45064,68.25777],[251.44652,68.27051],[251.49065,68.27951],[251.53171,68.30743],[251.55633,68.31326],[251.58801,68.30337],[251.58855,68.29246],[251.57179,68.28335],[251.58047,68.27516],[251.59252,68.27554],[251.62931,68.30071],[251.63771,68.29462],[251.63843,68.27883],[251.62855,68.27507],[251.63747,68.2701],[251.63682,68.25672],[251.62373,68.2541],[251.62735,68.24715],[251.59405,68.22662],[251.57935,68.19633],[251.58545,68.18668],[251.57284,68.18634],[251.57426,68.18],[251.6364,68.17181],[251.63204,68.19316],[251.61179,68.21784],[251.64319,68.22368],[251.69452,68.24927],[251.69371,68.23961],[251.67685,68.22497],[251.71587,68.20322],[251.70534,68.18214],[251.68381,68.16411],[251.70025,68.16072],[251.71502,68.16832],[251.71952,68.162],[251.65646,68.12955],[251.63612,68.13388],[251.66453,68.14684],[251.65494,68.1609],[251.60049,68.15748],[251.607,68.14341],[251.59318,68.13505],[251.62228,68.11349],[251.67898,68.11929],[251.78663,68.15922],[251.86533,68.17556],[251.90283,68.16543],[251.91553,68.17245],[251.92933,68.16228],[251.93376,68.16893],[252.02936,68.16831],[252.02682,68.15922],[251.99381,68.15402],[252.00059,68.14616],[252.0454,68.1436],[252.10995,68.14456],[252.12813,68.1563],[252.12083,68.1656],[252.12543,68.16993],[252.20134,68.18237],[252.43934,68.16453],[252.42924,68.17174],[252.4362,68.17566],[252.37773,68.18344],[252.35586,68.19585],[252.29052,68.19875],[252.27619,68.20761],[252.28368,68.21011],[252.27278,68.22338],[252.27969,68.22791],[252.27634,68.23936],[252.18266,68.24206],[252.12421,68.25668],[252.14638,68.25727],[252.13373,68.26971],[252.10278,68.27296],[252.13246,68.2888],[252.15482,68.2808],[252.14233,68.2923],[252.14194,68.30299],[252.1286,68.30644],[252.15232,68.31133],[252.14058,68.32696],[252.18698,68.34467],[252.29587,68.33263],[252.38769,68.35414],[252.39541,68.35198],[252.38139,68.34414],[252.40382,68.34375],[252.41358,68.35189],[252.44244,68.34061],[252.45142,68.34718],[252.44408,68.35627],[252.45122,68.3567],[252.47031,68.35097],[252.47616,68.33897],[252.50217,68.33948],[252.51268,68.32065],[252.53965,68.3292],[252.53767,68.31425],[252.57764,68.3212],[252.57593,68.31296],[252.60867,68.32783],[252.64836,68.32806],[252.66132,68.32272],[252.68311,68.32722],[252.70822,68.31383],[252.71246,68.32444],[252.76367,68.28642],[252.70826,68.30663],[252.77495,68.25868],[252.79325,68.27456],[252.8632,68.27161],[252.87949,68.28832],[252.89473,68.28745],[252.88052,68.29266],[252.88355,68.30801],[252.93446,68.31757],[252.97212,68.34829],[252.99309,68.3463],[252.98108,68.36041],[252.99042,68.37205],[253.01797,68.36819],[253.01181,68.38026],[253.01476,68.40234],[253.03197,68.42155],[253.07166,68.42841],[253.09541,68.41971],[253.03944,68.41426],[253.02355,68.38219],[253.04591,68.37801],[253.03689,68.36704],[253.0539,68.36231],[253.0648,68.3815],[253.07642,68.38554],[253.21643,68.37267],[253.19654,68.38251],[253.21133,68.41676],[253.23744,68.40786],[253.23318,68.39887],[253.23925,68.39609],[253.26971,68.39291],[253.31016,68.37338],[253.29378,68.36995],[253.2861,68.35587],[253.29117,68.35247],[253.33576,68.35216],[253.34283,68.36163],[253.37016,68.37006],[253.36143,68.3507],[253.37677,68.3442],[253.37933,68.33051],[253.39698,68.32709],[253.39094,68.31266],[253.41872,68.30939],[253.43935,68.29201],[253.4647,68.28893],[253.48714,68.29654],[253.49483,68.31271],[253.46551,68.31889],[253.44385,68.34241],[253.4447,68.35537],[253.50132,68.36761],[253.5483,68.40547],[253.5301,68.41593],[253.47092,68.41412],[253.42609,68.42565],[253.41815,68.43532],[253.43391,68.44321],[253.39836,68.45448],[253.37756,68.47302],[253.46881,68.47526],[253.47243,68.4715],[253.46373,68.46726],[253.46889,68.46059],[253.44137,68.45894],[253.49694,68.44498],[253.5042,68.46142],[253.53885,68.46671],[253.53699,68.49059],[253.43923,68.48935],[253.43336,68.49933],[253.48769,68.50571],[253.49192,68.51215],[253.61639,68.50645],[253.60149,68.5127],[253.61098,68.51827],[253.6027,68.51936],[253.42168,68.52766],[253.64247,68.53799],[253.68254,68.5559],[253.73102,68.55941],[253.73714,68.56453],[253.7251,68.56802],[253.756,68.57636],[253.79171,68.57082],[253.8254,68.57731],[253.80242,68.56394],[253.8601,68.56671],[253.86931,68.56833],[253.8371,68.57548],[253.86365,68.59276],[253.90349,68.58991],[253.9746,68.60023],[253.96445,68.61571],[253.95586,68.61521],[253.96478,68.62174],[254.10226,68.6413],[254.13384,68.63951],[254.16746,68.62496],[254.18568,68.63518],[254.23397,68.63135],[254.19476,68.62676],[254.19356,68.62149],[254.22665,68.61047],[254.26488,68.62096],[254.27473,68.63207],[254.37211,68.63641],[254.34749,68.62743],[254.35604,68.61716],[254.34907,68.60769],[254.36674,68.59133],[254.33807,68.59363],[254.33236,68.59689],[254.33758,68.60348],[254.31708,68.60769],[254.29485,68.60153],[254.31317,68.58513],[254.28039,68.58052],[254.22654,68.55331],[254.26633,68.5387],[254.24966,68.5321],[254.29941,68.50758],[254.30634,68.52243],[254.29429,68.53857],[254.32985,68.53618],[254.335,68.52666],[254.31525,68.52241],[254.32113,68.51517],[254.31952,68.47726],[254.28971,68.45492],[254.30025,68.45127],[254.30475,68.43854],[254.26482,68.42472],[254.2611,68.41522],[254.22542,68.41062],[254.22767,68.42303],[254.21202,68.43735],[254.21145,68.46329],[254.201,68.4639],[254.19169,68.45671],[254.17966,68.46001],[254.18539,68.44601],[254.17956,68.43178],[254.16311,68.43403],[254.18006,68.42078],[254.1458,68.42398],[254.10289,68.41457],[254.07377,68.41897],[254.07019,68.42696],[254.04574,68.41979],[254.05163,68.4114],[254.01256,68.3921],[253.96267,68.40652],[253.92107,68.38485],[253.88659,68.37986],[253.83713,68.3497],[253.77478,68.32659],[253.77737,68.3434],[253.79159,68.35511],[253.84085,68.36619],[253.85843,68.37926],[253.82701,68.39732],[253.79832,68.40024],[253.67303,68.33958],[253.66905,68.34711],[253.6471,68.35183],[253.56879,68.34036],[253.54673,68.31435],[253.55466,68.31048],[253.57665,68.3251],[253.58713,68.31451],[253.58774,68.29305],[253.56348,68.28676],[253.56739,68.30508],[253.54458,68.29915],[253.55403,68.27654],[253.51096,68.24189],[253.51205,68.2325],[253.54645,68.21986],[253.63218,68.21163],[253.60895,68.20481],[253.63698,68.20451],[253.67707,68.18651],[253.64147,68.17995],[253.63776,68.18792],[253.623,68.18952],[253.61232,68.17708],[253.61758,68.16852],[253.57114,68.16489],[253.56411,68.16915],[253.57345,68.17471],[253.56532,68.18605],[253.57086,68.19377],[253.47657,68.22845],[253.47117,68.23119],[253.47597,68.2399],[253.45691,68.24972],[253.40571,68.25593],[253.37729,68.22923],[253.39763,68.21141],[253.38835,68.19443],[253.39663,68.17635],[253.35526,68.1739],[253.33408,68.19248],[253.3388,68.19887],[253.30763,68.1968],[253.3008,68.20615],[253.32866,68.21592],[253.33752,68.22758],[253.31301,68.21709],[253.25604,68.21485],[253.22124,68.23164],[253.22666,68.22542],[253.21895,68.20646],[253.25481,68.19634],[253.25299,68.1895],[253.26524,68.18323],[253.24491,68.17685],[253.25644,68.16807],[253.25042,68.15922],[253.28186,68.14687],[253.28228,68.12683],[253.25219,68.13933],[253.27374,68.1191],[253.276,68.11288],[253.25765,68.10892],[253.28136,68.09737],[253.27021,68.09518],[253.19254,68.12821],[253.16005,68.12343],[253.16199,68.10956],[253.12034,68.12382],[253.08921,68.11451],[253.07718,68.12122],[253.04961,68.11977],[253.0739,68.08915],[252.98156,68.11246],[252.97232,68.10198],[252.94038,68.10757],[252.92944,68.09026],[252.86845,68.08425],[252.86969,68.10577],[252.90191,68.12456],[252.86723,68.13335],[252.84783,68.13081],[252.85107,68.11548],[252.79764,68.10007],[252.74921,68.06526],[252.70544,68.05378],[252.68331,68.05909],[252.61748,68.04198],[252.44559,68.06412],[252.38002,68.06082],[252.39628,68.05111],[252.37598,68.05021],[252.37806,68.04565],[252.32452,68.05147],[252.33144,68.04542],[252.3205,68.04085],[252.32093,68.02668],[252.27336,68.02441],[252.26713,68.02183],[252.28629,68.0117],[252.26037,68.00931],[252.29777,67.99605],[252.29064,67.98658],[252.25083,67.9861],[252.2608,67.96987],[252.278,67.9659],[252.36652,67.96251],[252.37327,67.9574],[252.3572,67.94739],[252.36468,67.9413],[252.35244,67.93775],[252.36792,67.93411],[252.36382,67.92582],[252.33324,67.92007],[252.30388,67.89546],[252.22497,67.88518],[252.17943,67.85982],[252.1412,67.86594],[252.1252,67.84804],[252.09665,67.85255],[252.07293,67.86716],[252.02692,67.81075],[251.97137,67.78281],[251.98449,67.77821],[251.97298,67.75907],[251.9797,67.74355],[252.03203,67.71472],[252.04894,67.68993],[252.07963,67.70055],[252.08921,67.68738],[252.08203,67.68254],[252.09176,67.67608],[252.11628,67.67508],[252.12572,67.66422],[252.1653,67.66286],[252.19745,67.63466],[252.25416,67.61839],[252.26098,67.6149],[252.25848,67.60719],[252.27923,67.59599],[252.34158,67.57163],[252.33901,67.55257],[252.32364,67.54717],[252.38803,67.52983],[252.43415,67.50379],[252.40857,67.47988],[252.38769,67.47929],[252.402,67.46388],[252.39446,67.45584],[252.38177,67.46209],[252.3678,67.45821],[252.38637,67.40053],[252.36856,67.39114],[252.34284,67.40782],[252.29629,67.40511],[252.36098,67.34669],[252.35166,67.34109],[252.36256,67.34124],[252.38632,67.32191],[252.39322,67.32372],[252.38505,67.34171],[252.39162,67.34657],[252.41348,67.33456],[252.42386,67.30505],[252.41436,67.30156],[252.42193,67.29359],[252.41614,67.28658],[252.42786,67.27854],[252.42589,67.26453],[252.45086,67.25414],[252.46527,67.26655],[252.48008,67.26617],[252.47255,67.24815],[252.44646,67.24379],[252.46129,67.23111],[252.49605,67.21999],[252.48092,67.21228],[252.4832,67.20585],[252.53422,67.1926],[252.55092,67.17652],[252.64973,67.13416],[252.66842,67.13695],[252.67582,67.16054],[252.69983,67.15225],[252.71587,67.13387],[252.73342,67.13071],[252.84898,67.14569],[252.91241,67.14343],[252.85285,67.14145],[252.84553,67.13876],[252.8526,67.13496],[252.79024,67.12968],[252.73056,67.11281],[252.77578,67.09687],[252.78666,67.08514],[252.77902,67.08293],[252.72738,67.09425],[252.72301,67.08296],[252.70726,67.0788],[252.61883,67.07704],[252.69928,67.04435],[252.69256,67.03185],[252.64834,67.06185],[252.63623,67.05533],[252.60003,67.06289],[252.57858,67.05915],[252.63741,67.02971],[252.73839,67.00774],[252.7699,66.98006],[252.80926,66.9708],[252.82588,66.94562],[252.82326,66.92469],[252.89161,66.88579],[252.85984,66.87893],[252.86425,66.86512],[252.92331,66.8341],[252.94174,66.8213],[252.93862,66.81619],[252.89741,66.81635],[252.86655,66.8315],[252.87253,66.83406],[252.86875,66.84434],[252.85048,66.86594],[252.81521,66.89395],[252.77617,66.91201],[252.71353,66.92673],[252.67581,66.95139],[252.57651,66.98133],[252.55609,66.97588],[252.57264,66.96352],[252.60392,66.95956],[252.58546,66.95815],[252.61355,66.95373],[252.59926,66.94993],[252.59919,66.94367],[252.63467,66.90574],[252.61786,66.89911],[252.58412,66.90882],[252.59926,66.89609],[252.61501,66.89445],[252.5931,66.89191],[252.59993,66.88769],[252.59601,66.88078],[252.51453,66.89196],[252.53144,66.87794],[252.54104,66.88071],[252.54297,66.87244],[252.51204,66.87567],[252.56359,66.85884],[252.56846,66.85546],[252.56321,66.85191],[252.58986,66.84109],[252.61685,66.81522],[252.56823,66.82555],[252.56907,66.83221],[252.55141,66.8384],[252.53161,66.85983],[252.51514,66.85503],[252.53538,66.84308],[252.50664,66.83849],[252.5321,66.8301],[252.49724,66.82991],[252.4696,66.8424],[252.44754,66.83939],[252.49465,66.87511],[252.44744,66.89994],[252.42546,66.90341],[252.4205,66.90169],[252.43841,66.87973],[252.43247,66.86973],[252.41272,66.9014],[252.393,66.91345],[252.40488,66.89901],[252.39143,66.89896],[252.39768,66.88598],[252.37832,66.89621],[252.3682,66.91852],[252.3267,66.94961],[252.33133,66.96063],[252.38473,66.94839],[252.42489,66.92457],[252.42783,66.9146],[252.49038,66.9304],[252.51222,66.91672],[252.54258,66.91958],[252.50983,66.9401],[252.51821,66.94644],[252.51169,66.96247],[252.48678,66.98588],[252.51282,66.99069],[252.49518,67.00707],[252.49634,67.02926],[252.47214,67.03452],[252.45901,67.02946],[252.42222,67.06184],[252.40133,67.06545],[252.3934,67.07624],[252.36867,67.07804],[252.34953,67.06783],[252.38385,67.00388],[252.39738,66.99616],[252.4005,66.98155],[252.38737,66.97138],[252.3948,66.96458],[252.35325,66.96692],[252.29899,66.99127],[252.3034,67.00185],[252.26304,67.01566],[252.25146,67.00491],[252.26002,66.97647],[252.2381,66.95882],[252.28029,66.9189],[252.277,66.90684],[252.32105,66.8524],[252.30494,66.8545],[252.32777,66.81156],[252.31815,66.79233],[252.30861,66.78954],[252.3277,66.78258],[252.33352,66.75619],[252.28724,66.75517],[252.26934,66.74698],[252.22638,66.77328],[252.21088,66.77279],[252.28692,66.71926],[252.36816,66.70749],[252.40585,66.65809],[252.46418,66.63542],[252.46933,66.62158],[252.46155,66.59642],[252.4744,66.57667],[252.57355,66.546],[252.59849,66.5274],[252.58504,66.51381],[252.6317,66.48473],[252.71483,66.4605],[252.77769,66.42338],[252.79768,66.39745],[252.77617,66.3961],[252.84427,66.37154],[252.8003,66.34756],[252.77884,66.35225],[252.71629,66.38843],[252.6749,66.41946],[252.66015,66.4445],[252.62738,66.45003],[252.59282,66.46774],[252.57164,66.49046],[252.53464,66.51182],[252.53566,66.52381],[252.50506,66.54653],[252.46511,66.55695],[252.47735,66.5347],[252.45609,66.5291],[252.43876,66.53434],[252.38392,66.57646],[252.27747,66.63232],[252.33917,66.63682],[252.29681,66.65756],[252.26786,66.68588],[252.21403,66.71252],[252.21403,66.72643],[252.20303,66.73813],[252.14773,66.76832],[252.13678,66.76494],[252.15722,66.75326],[252.15587,66.74271],[252.1774,66.7233],[252.15172,66.71844],[252.16531,66.70471],[252.15546,66.69731],[252.16097,66.69019],[252.14799,66.68233],[252.17848,66.66343],[252.13614,66.66928],[252.1312,66.67381],[252.1381,66.67864],[252.0553,66.73697],[252.08002,66.73334],[252.07543,66.75661],[252.08465,66.77031],[252.0843,66.79003],[252.0746,66.80347],[252.0309,66.82235],[252.03804,66.83921],[251.99283,66.83432],[251.97321,66.84034],[251.98565,66.84827],[251.97646,66.85007],[251.85876,66.83845],[251.77992,66.85158],[251.90329,66.85361],[251.90954,66.8622],[251.8958,66.88263],[251.90404,66.89039],[251.89626,66.89927],[251.91916,66.9185],[251.83339,66.97313],[251.67193,66.98912],[251.67878,67.00185],[251.6335,67.03456],[251.54228,67.06966],[251.52881,67.06871],[251.53589,67.05921],[251.53386,67.03575],[251.50075,67.02919],[251.45752,67.06447],[251.45039,67.10381],[251.38939,67.15203],[251.43493,67.15271],[251.52788,67.09492],[251.72734,67.02698],[251.81959,67.00812],[251.82825,67.01285],[251.81237,67.05377],[251.8252,67.05589],[251.84773,67.04275],[251.84836,67.05984],[251.87134,67.05292],[251.85324,67.0771],[251.86935,67.08247],[251.91557,67.07045],[251.94156,67.05196],[251.98155,67.06792],[251.97797,67.07952],[251.99182,67.08249],[251.98173,67.08899],[252.00147,67.08923],[252.0493,67.06407],[252.08099,67.06322],[252.099,67.05082],[252.13412,67.04971],[252.14813,67.03898],[252.13994,67.08128],[252.12188,67.0923],[252.11241,67.14859],[252.13728,67.13037],[252.14017,67.13526],[252.11559,67.17455],[252.09413,67.18193],[252.08769,67.20433],[252.06709,67.21783],[252.07554,67.22951],[252.09707,67.23078],[252.05753,67.24607],[252.03251,67.2798],[252.04295,67.28416],[252.01349,67.29688],[252.01422,67.28687],[252.00521,67.28426],[251.88413,67.32993],[251.88857,67.33565],[251.86772,67.34125],[251.86446,67.35375],[251.84225,67.3643],[251.79835,67.3643],[251.77282,67.39659],[251.76293,67.39471],[251.76878,67.38644],[251.76406,67.38005],[251.73775,67.38832],[251.74334,67.41248],[251.73253,67.41784],[251.72462,67.40842],[251.73267,67.3838],[251.72344,67.3754],[251.72943,67.36874],[251.71283,67.3613],[251.727,67.35016],[251.7316,67.33781],[251.72465,67.33573],[251.75365,67.31502],[251.72562,67.30349],[251.69427,67.30446],[251.65992,67.32136],[251.66785,67.33495],[251.66068,67.35232],[251.61822,67.36744],[251.64255,67.37205],[251.64112,67.37955],[251.66452,67.37544],[251.65709,67.38959],[251.66318,67.39243],[251.68892,67.38814],[251.67145,67.412],[251.68391,67.4063],[251.70897,67.37267],[251.71521,67.37318],[251.71336,67.39691],[251.69641,67.42881],[251.62959,67.45138],[251.6056,67.4303],[251.56963,67.4401],[251.59765,67.42065],[251.59447,67.41091],[251.57116,67.39789],[251.58103,67.39307],[251.57345,67.37483],[251.58921,67.36706],[251.58785,67.36137],[251.52688,67.34994],[251.52512,67.37295],[251.50355,67.40145],[251.48208,67.46139],[251.50165,67.48902],[251.43302,67.58327],[251.42948,67.59438],[251.4391,67.6037],[251.38334,67.63114],[251.35576,67.62923],[251.34766,67.64246],[251.33308,67.64248],[251.31755,67.62521],[251.30624,67.62571],[251.29713,67.61057],[251.30981,67.60629],[251.29767,67.59389],[251.29787,67.56544],[251.2896,67.55765],[251.29663,67.54333],[251.28346,67.53538],[251.28014,67.45884],[251.26634,67.45071],[251.26868,67.44225],[251.22579,67.36571],[251.16653,67.35496],[251.15874,67.36055],[251.16041,67.38818],[251.1421,67.41685],[251.12402,67.42239],[251.08267,67.40168],[251.0975,67.38156],[251.08668,67.38294],[251.07371,67.40041],[251.09791,67.43307],[251.09457,67.4379],[251.06002,67.43593],[251.01345,67.45805],[251.01311,67.48417],[251.00281,67.48828],[251.0853,67.52029],[251.11021,67.53743],[251.06258,67.54899],[251.04983,67.61518],[251.02717,67.64294],[251.02064,67.66876],[250.99275,67.67743],[251.01571,67.67992],[250.97332,67.69596],[250.96705,67.70975],[250.94796,67.72063],[250.96814,67.72793],[250.78169,67.74951],[250.74154,67.72932],[250.71709,67.72618],[250.6459,67.74684],[250.59743,67.75043],[250.63856,67.76736],[250.59961,67.77637],[250.5786,67.755],[250.53219,67.75475],[250.50445,67.73309],[250.53219,67.72799],[250.51309,67.7155],[250.51681,67.70675],[250.49049,67.69584],[250.47082,67.70277],[250.4394,67.69423],[250.35648,67.71014],[250.30397,67.72932],[250.28608,67.72413],[250.27978,67.74802],[250.32732,67.73904],[250.30683,67.75476],[250.33292,67.74541],[250.37051,67.74808],[250.39799,67.74071],[250.36159,67.7592],[250.35452,67.75523],[250.27914,67.77388],[250.28356,67.77731],[250.27543,67.79208],[250.28657,67.79858],[250.34574,67.80463],[250.24414,67.83145],[250.20904,67.85997],[250.21388,67.86753],[250.20847,67.87083],[250.14361,67.88165],[250.16174,67.8857],[250.0622,67.89566],[250.04146,67.88645],[250.09752,67.85312],[250.08114,67.84251],[250.04269,67.84259],[250.0137,67.87646],[250.04893,67.94941],[249.99699,67.99561],[249.95373,68.00928],[249.88867,68.01122],[249.89957,68.00441],[249.85002,68.00986],[249.84922,68.00139],[249.83716,67.99559],[249.90746,67.98347],[249.84704,67.9893],[249.81607,67.98383],[249.83437,67.9787],[249.80866,67.96764],[249.82812,67.9431],[249.89881,67.91967],[249.87728,67.91624],[249.85664,67.92474],[249.85386,67.91106],[249.83546,67.9222],[249.80562,67.92428],[249.83075,67.92752],[249.78761,67.97845],[249.7644,67.97878],[249.77962,67.97198],[249.76338,67.97124],[249.79405,67.95508],[249.73254,67.97082],[249.66236,67.96535],[249.71363,67.9435],[249.64871,67.94858],[249.65488,67.95193],[249.64581,67.96047],[249.61983,67.95333],[249.62921,67.95053],[249.6234,67.94808],[249.58372,67.95017],[249.57671,67.94617],[249.60289,67.93581],[249.57313,67.93484],[249.55692,67.94237],[249.50935,67.923],[249.53291,67.91716],[249.47487,67.91743],[249.49333,67.90772],[249.46879,67.90417],[249.46828,67.89775],[249.41267,67.88775],[249.38863,67.89728],[249.39348,67.88874],[249.29759,67.87181],[249.26778,67.84986],[249.2469,67.85461],[249.25077,67.85004],[249.23839,67.84952],[249.2411,67.8434],[249.22328,67.83096],[249.17128,67.80437],[249.14478,67.79996],[249.13004,67.80829],[249.10091,67.78928],[248.96716,67.76626],[248.93882,67.76328],[248.95464,67.79009],[248.93104,67.79217],[248.86267,67.78056],[248.8529,67.77139],[248.79486,67.75764],[248.84585,67.77931],[248.84161,67.78297],[248.85172,67.78592],[248.84547,67.79082],[248.86182,67.79784],[248.77063,67.79604],[248.86604,67.82292],[248.8763,67.83346],[248.87239,67.8417],[248.80389,67.8427],[248.72472,67.82075],[248.70758,67.8241],[248.67607,67.80606],[248.6834,67.80066],[248.65132,67.79735],[248.65149,67.78677],[248.6245,67.76369],[248.62446,67.75243],[248.64076,67.74294],[248.67217,67.74811],[248.63958,67.73747],[248.61471,67.74485],[248.58069,67.72784],[248.53465,67.73161],[248.51695,67.7237],[248.51216,67.72576],[248.5541,67.75803],[248.49023,67.76881],[248.47675,67.74761],[248.42133,67.74489],[248.45417,67.73006],[248.47414,67.73189],[248.46934,67.71304],[248.44479,67.72153],[248.45481,67.72635],[248.40913,67.73511],[248.37464,67.73141],[248.3276,67.74364],[248.31132,67.74002],[248.20496,67.75467],[248.20674,67.76239],[248.18337,67.76527],[248.0787,67.75198],[248.08156,67.74542],[248.11816,67.73831],[248.08537,67.72804],[248.09701,67.71651],[248.15559,67.70429],[248.15639,67.68911],[248.11808,67.67841],[248.0847,67.69984],[248.03519,67.68801],[248.04997,67.71903],[248.01364,67.73507],[248.03237,67.75307],[248.00269,67.75712],[247.93343,67.74633],[247.93002,67.73684],[247.82786,67.72903],[247.72659,67.74084],[247.64901,67.73831],[247.69548,67.70406],[247.66734,67.69009],[247.61485,67.69454],[247.55943,67.68212],[247.52671,67.68597],[247.32856,67.67186],[247.25261,67.68101],[246.99071,67.67329],[246.89709,67.67972],[246.8766,67.69902],[246.84456,67.70843],[246.74265,67.71368],[246.69456,67.69959],[246.40642,67.7001],[246.30387,67.69185],[246.14317,67.69816],[246.09319,67.71507],[246.04076,67.71236],[246.03174,67.71814],[246.04305,67.72305],[246.01871,67.72769],[245.98983,67.7224],[245.9323,67.72989],[245.91898,67.72389],[245.80183,67.73793],[245.78438,67.7293],[245.72996,67.72862],[245.71574,67.73589],[245.71761,67.74223],[245.67878,67.73811],[245.58567,67.7618],[245.56802,67.75796],[245.56937,67.76798],[245.54703,67.7805],[245.50235,67.787],[245.4973,67.79217],[245.50261,67.80093],[245.4423,67.78271],[245.37042,67.77963],[245.3441,67.79405],[245.35537,67.80267],[245.34422,67.80776],[245.2772,67.82166],[245.07667,67.80991],[245.05704,67.79783],[244.99939,67.79652],[244.93759,67.81357],[244.84483,67.78632],[244.90167,67.8085],[244.91503,67.8269],[244.88625,67.83216],[244.84621,67.8242],[244.81091,67.83062],[244.76332,67.85424],[244.72527,67.85489],[244.79084,67.86708],[244.73474,67.86495],[244.71975,67.87352],[244.79118,67.88786],[244.79376,67.89626],[244.64523,67.87772],[244.62365,67.88711],[244.56936,67.88899],[244.56101,67.89785],[244.50822,67.89786],[244.47279,67.87989],[244.4679,67.90009],[244.47888,67.91264],[244.47458,67.91639],[244.25123,67.91254],[244.51524,67.93241],[244.68063,67.95618],[244.72849,67.9777],[244.813,67.98055],[244.81944,67.98269],[244.8199,67.99661],[244.8712,67.99723],[244.91638,68.01215],[244.89992,68.02305],[244.83615,68.01382],[244.78498,68.02917],[244.78078,68.04457],[244.79179,68.05962],[244.78506,68.07828],[244.79268,68.09866],[244.81339,68.10549],[244.8392,68.13184],[244.86382,68.13607],[244.81754,68.17506],[244.75559,68.19065],[244.83819,68.19114],[245.10696,68.15144],[245.18248,68.1685],[245.17018,68.17521],[245.18137,68.18269],[245.17311,68.19479],[245.18849,68.188],[245.27396,68.1881],[245.24883,68.21182],[245.11532,68.26707],[244.98403,68.28536],[244.98194,68.29112],[245.07868,68.28306],[245.16919,68.26481],[245.19241,68.25349],[245.38308,68.23803],[245.42193,68.23814],[245.41952,68.24484],[245.53697,68.262],[245.61942,68.25469],[245.6415,68.23578],[245.67561,68.22773],[245.77128,68.23438],[245.78684,68.24101],[245.78718,68.24855],[245.77587,68.25345],[245.89917,68.23567],[245.99959,68.2409],[246.00887,68.24382],[245.98904,68.26043],[245.99415,68.26691],[245.95435,68.29418],[246.00942,68.317],[246.0254,68.34465],[246.06635,68.35324],[246.06505,68.36975],[246.04168,68.3819],[246.09098,68.38589],[246.10665,68.39204],[246.1114,68.40494],[246.04789,68.43798],[246.0151,68.42754],[246.00926,68.41513],[246.03223,68.40094],[246.02245,68.39323],[245.95321,68.3889],[245.93872,68.39368],[245.93633,68.40267],[245.92305,68.39871],[245.90405,68.4114],[245.91502,68.41908],[245.89983,68.42936],[245.87487,68.42895],[245.92632,68.43681],[245.9336,68.42448],[245.96504,68.43749],[245.95369,68.43966],[245.95402,68.45274],[245.93746,68.46233],[245.94112,68.46771],[245.93022,68.46918],[245.92889,68.48888],[245.90663,68.50989],[245.90876,68.52264],[245.90031,68.52974],[245.86996,68.52514],[245.84205,68.53189],[245.84322,68.53735],[245.82511,68.53444],[245.82788,68.56798],[245.7987,68.56607],[245.72999,68.58745],[245.69695,68.58815],[245.65854,68.6114],[245.57416,68.62171],[245.57935,68.63186],[245.54921,68.63793],[245.57715,68.63649],[245.58041,68.64326],[245.55882,68.65756],[245.54373,68.65431],[245.54256,68.66097],[245.52286,68.66607],[245.5413,68.66718],[245.53103,68.67545],[245.55367,68.67553],[245.53444,68.67993],[245.53607,68.68491],[245.55497,68.6851],[245.4602,68.71757],[245.46259,68.72642],[245.33331,68.74829],[245.29428,68.74197],[245.23566,68.74847],[245.22998,68.75182],[245.26268,68.75808],[245.21541,68.75813],[245.22132,68.76277],[245.2082,68.76675],[245.24302,68.77411],[245.20514,68.77734],[245.19498,68.78376],[245.2184,68.7841],[245.21046,68.78886],[245.22044,68.79159],[245.18237,68.79733],[245.23431,68.80152],[245.08858,68.83366],[245.08354,68.8372],[245.09255,68.84155],[245.05997,68.85376],[245.03298,68.848],[245.01995,68.85654],[245.04864,68.86111],[245.02821,68.87073],[244.92977,68.88011],[244.93598,68.85781],[244.92241,68.85265],[244.84201,68.87458],[244.82967,68.88765],[244.78482,68.9035],[244.72441,68.90254],[244.66234,68.92627],[244.59062,68.93031],[244.48989,68.95203],[244.48498,68.96126],[244.39801,68.98287],[244.34504,68.97342],[244.23896,68.99623],[244.09295,69.01286],[244.07545,69.01067],[244.17227,68.98836],[244.24472,68.94842],[244.18173,68.95212],[244.17364,68.94885],[244.18904,68.94103],[244.18679,68.93422],[244.11616,68.93301],[243.99026,68.96448],[243.78598,68.99281],[243.74228,68.98416],[243.74691,68.98044],[243.72748,68.97755],[243.73227,68.96995],[243.72344,68.96529],[243.67369,68.95856],[243.68233,68.95112],[243.74468,68.94168],[243.92941,68.8932],[243.93653,68.87984],[243.88172,68.87713],[243.91558,68.8551],[244.07278,68.82539],[244.02642,68.80477],[243.99988,68.80457],[243.82373,68.82881],[243.77106,68.84223],[243.76509,68.84506],[243.78039,68.8512],[243.76759,68.85507],[243.60993,68.89133],[243.58778,68.88596],[243.60373,68.87066],[243.58131,68.86279],[243.52667,68.87183],[243.48015,68.86316],[243.40407,68.87908],[243.35176,68.8691],[243.2204,68.90325],[243.20945,68.90135],[243.21291,68.89149],[243.17406,68.88264],[243.07751,68.94041],[243.02487,68.94766],[243.00743,68.94421],[243.00689,68.93829],[243.03536,68.90945],[243.01359,68.90697],[242.95778,68.92085],[242.95056,68.91067],[242.90302,68.903],[242.89472,68.89465],[242.75222,68.92651],[242.7362,68.9244],[242.62806,68.9631],[242.6075,68.95964],[242.39125,68.98412],[242.30514,68.97888],[242.22851,68.99519],[242.16168,68.99384],[242.11022,69.0074],[241.99248,69.0209],[241.7967,69.08257],[241.69841,69.1033],[241.64154,69.10307],[241.59963,69.11279],[241.49192,69.15645],[241.41021,69.20659],[241.2976,69.23532],[241.0914,69.26475],[240.95688,69.26956],[240.75694,69.30293],[240.58418,69.30216],[240.43114,69.31132],[240.22935,69.34476],[240.0394,69.34544],[239.92014,69.37895],[239.72844,69.40366],[239.59457,69.43981],[239.43564,69.51029],[239.29844,69.55736],[239.2346,69.60347],[239.20468,69.60933],[239.15881,69.63303],[239.0401,69.66345],[238.85991,69.68784],[238.8001,69.70741],[238.72851,69.71929],[238.68165,69.74491],[238.61767,69.76344],[238.38483,69.77024],[238.33212,69.78042],[238.32084,69.79142],[238.27997,69.8013],[238.11407,69.80715],[238.1218,69.81343],[238.07288,69.80398],[238.06155,69.8047],[238.09357,69.81207],[238.05204,69.8114],[238.0222,69.80269],[237.91762,69.81325],[237.88074,69.79436],[237.82634,69.79158],[237.75392,69.81174],[237.66879,69.81086],[237.64966,69.82739],[237.62797,69.81398],[237.55157,69.79998],[237.40708,69.80262],[237.37367,69.82022],[237.34715,69.81671],[237.32406,69.824],[237.33603,69.81214],[237.33056,69.80176],[237.31254,69.80276],[237.2876,69.81686],[237.29616,69.82091],[237.24466,69.8203],[237.23476,69.81644],[237.25306,69.81021],[237.25107,69.79898],[237.18427,69.78821],[237.11371,69.79834],[237.05487,69.81623],[237.04732,69.82839],[237.03241,69.82669],[236.9632,69.81123],[236.95424,69.7923],[236.93655,69.78459],[236.846,69.76448],[236.89959,69.74334],[236.90335,69.73749],[236.89107,69.71574],[236.8971,69.69807],[236.91708,69.67957],[236.83966,69.6079],[236.87192,69.58673],[236.86278,69.56619],[236.87256,69.55615],[236.83628,69.53086],[236.78679,69.51348],[236.846,69.52447],[236.83384,69.48947],[236.81198,69.48461],[236.77676,69.48812],[236.76672,69.4961],[236.71374,69.49368],[236.7781,69.51121],[236.58892,69.47598],[236.54979,69.44142],[236.56691,69.43408],[236.55871,69.42336],[236.5632,69.41731],[236.59987,69.40315],[236.59456,69.40051],[236.54787,69.40024],[236.52369,69.38844],[236.54606,69.39015],[236.50091,69.37003],[236.48405,69.37005],[236.5133,69.38223],[236.27038,69.33289],[236.24621,69.3368],[236.27463,69.33711],[236.30919,69.35701],[236.26883,69.35478],[236.27508,69.36181],[236.23655,69.37197],[236.21781,69.36575],[236.21289,69.34984],[236.183,69.34148],[236.12708,69.36257],[236.11075,69.35159],[236.08623,69.35114],[236.0862,69.35983],[236.07393,69.3561],[236.09363,69.37284],[236.06403,69.36606],[236.05593,69.37315],[236.03737,69.36348],[236.02125,69.36874],[236.04874,69.38186],[236.01367,69.39321],[235.98874,69.38587],[235.97477,69.36215],[235.98488,69.36611],[236.02234,69.33859],[235.98971,69.3228],[235.98155,69.33286],[235.94267,69.34683],[235.95524,69.3792],[235.93927,69.37531],[235.90839,69.34652],[235.85014,69.33247],[235.64769,69.33898],[235.61595,69.33366],[235.63241,69.34309],[235.61941,69.35367],[235.68987,69.34141],[235.59784,69.36215],[235.55121,69.35659],[235.50637,69.36457],[235.48929,69.38577],[235.45962,69.39765],[235.46491,69.40491],[235.49496,69.40952],[235.54896,69.40685],[235.57012,69.39768],[235.56177,69.41023],[235.56734,69.41909],[235.54686,69.44614],[235.55533,69.47454],[235.7492,69.55155],[235.79255,69.60221],[235.69074,69.60537],[235.73779,69.61684],[235.74882,69.60665],[235.7904,69.61107],[235.79719,69.62362],[235.82329,69.63787],[235.86277,69.64039],[235.90173,69.66163],[235.96849,69.67977],[235.94956,69.68746],[235.88803,69.68318],[235.89545,69.69346],[235.94483,69.69075],[235.95793,69.69661],[235.92731,69.70351],[235.93749,69.71614],[235.93193,69.7201],[235.86818,69.71371],[235.85939,69.72283],[235.86523,69.73145],[235.82567,69.71499],[235.81491,69.71857],[235.82275,69.72703],[235.81232,69.7265],[235.74549,69.70053],[235.72057,69.70002],[235.73199,69.69647],[235.71936,69.69427],[235.6345,69.69631],[235.62432,69.70011],[235.62266,69.71196],[235.5489,69.70377],[235.50034,69.72332],[235.52247,69.74505],[235.52105,69.76856],[235.50899,69.7794],[235.51667,69.7881],[235.54088,69.78404],[235.54277,69.78958],[235.53506,69.79895],[235.51005,69.80094],[235.53588,69.80607],[235.5651,69.82389],[235.57569,69.83953],[235.62168,69.84915],[235.59092,69.85005],[235.58086,69.84266],[235.57262,69.85407],[235.55074,69.85913],[235.5684,69.87316],[235.55878,69.87698],[235.57138,69.88742],[235.5668,69.89231],[235.49795,69.89617],[235.52749,69.91056],[235.56541,69.90805],[235.58922,69.93461],[235.57283,69.95173],[235.47419,69.95651],[235.48264,69.965],[235.53918,69.96832],[235.53573,69.98674],[235.57368,69.99246],[235.57931,69.98874],[235.57339,69.97804],[235.60695,69.98522],[235.6045,69.99475],[235.58375,69.99999],[235.5447,69.99342],[235.53494,69.99495],[235.541,69.99999],[235.49843,69.9991],[235.53167,70.01269],[235.51668,70.02138],[235.54316,70.01738],[235.54231,70.00775],[235.61421,70.01425],[235.63416,70.00685],[235.64666,70.01293],[235.6433,70.02609],[235.65774,70.03247],[235.64908,70.04021],[235.60435,70.03705],[235.61763,70.0427],[235.61388,70.04946],[235.66373,70.04842],[235.64858,70.05528],[235.64945,70.0624],[235.62305,70.07122],[235.63618,70.07755],[235.60122,70.08566],[235.58694,70.10193],[235.5599,70.09746],[235.56715,70.10317],[235.55883,70.10932],[235.62848,70.12854],[235.6119,70.13285],[235.60889,70.14191],[235.57363,70.14292],[235.41428,70.11453],[235.42829,70.12503],[235.48547,70.13775],[235.46942,70.15007],[235.36289,70.13056],[235.31709,70.14309],[235.40171,70.15395],[235.41629,70.16491],[235.48609,70.17619],[235.49604,70.18449],[235.47834,70.1851],[235.47348,70.18816],[235.48213,70.19116],[235.47193,70.19908],[235.44667,70.20014],[235.39921,70.17834],[235.33324,70.19277],[235.29669,70.17836],[235.24325,70.18377],[235.25275,70.16646],[235.30992,70.14469],[235.24199,70.11511],[235.24107,70.10867],[235.25671,70.1007],[235.31403,70.10983],[235.32607,70.10014],[235.25844,70.08703],[235.28796,70.07973],[235.33372,70.0942],[235.35186,70.08676],[235.35631,70.09765],[235.37054,70.10221],[235.43506,70.10465],[235.42791,70.09872],[235.47104,70.09821],[235.49705,70.08871],[235.49416,70.07924],[235.43365,70.08471],[235.41706,70.08146],[235.42099,70.07426],[235.41077,70.06983],[235.42842,70.05894],[235.44318,70.06397],[235.47745,70.05861],[235.53269,70.07561],[235.55141,70.07068],[235.54783,70.05869],[235.55758,70.05212],[235.59112,70.04421],[235.55752,70.03428],[235.58509,70.03122],[235.5441,70.02404],[235.54927,70.03141],[235.51401,70.02908],[235.51034,70.03285],[235.54067,70.03469],[235.5163,70.04081],[235.51356,70.04873],[235.46654,70.04913],[235.41994,70.03535],[235.46451,70.03146],[235.46231,70.02201],[235.47383,70.01894],[235.46446,70.01384],[235.43629,70.01916],[235.44207,70.00744],[235.41559,70.00388],[235.37957,70.01854],[235.39489,70.02634],[235.38208,70.03166],[235.41035,70.0362],[235.37548,70.04381],[235.37317,70.05242],[235.34051,70.05667],[235.37647,70.06511],[235.33366,70.06217],[235.30138,70.07237],[235.29144,70.06451],[235.17432,70.0514],[235.18693,70.05913],[235.15917,70.06487],[235.13701,70.04814],[235.10637,70.04028],[235.05788,70.04578],[235.04184,70.0409],[235.07099,70.035],[235.02551,70.02526],[235.04602,70.01908],[235.15393,70.03312],[235.13658,70.02089],[234.9962,70.00827],[234.97725,70.02069],[234.94139,70.02658],[234.95236,70.03267],[234.94801,70.03848],[235.012,70.0374],[235.00081,70.04138],[235.01586,70.04737],[235.00725,70.05167],[235.02073,70.05852],[235.0198,70.0665],[234.98563,70.07795],[234.97038,70.07493],[234.9837,70.06599],[234.97135,70.05757],[234.86722,70.03964],[234.86661,70.02795],[234.84087,70.01517],[234.79348,70.01012],[234.78693,70.00279],[234.80312,69.99556],[234.80296,69.98022],[234.81112,69.97295],[234.79996,69.96546],[234.80614,69.95125],[234.7765,69.93855],[234.79173,69.92763],[234.8223,69.93487],[234.80048,69.94098],[234.87971,69.93706],[234.90835,69.95107],[234.82689,69.96021],[234.88048,69.97119],[234.91479,69.96114],[234.96229,69.97487],[234.89446,69.98288],[234.9417,69.98837],[234.96619,69.99858],[234.96114,70.00917],[235.03634,69.99655],[235.04387,69.9936],[235.03449,69.98894],[235.04791,69.98641],[235.08591,69.99155],[235.09032,69.9949],[235.06888,69.9974],[235.07648,70.00131],[235.07477,70.00972],[235.08488,70.01188],[235.11458,70.00622],[235.14606,70.0109],[235.1794,70.00168],[235.21773,70.01069],[235.12566,69.98095],[235.23072,69.96581],[235.22844,69.97168],[235.25699,69.97968],[235.27489,69.9949],[235.24217,70.00209],[235.26739,69.99999],[235.28501,70.00688],[235.27051,70.011],[235.2831,70.01392],[235.34975,70.0],[235.37198,69.97943],[235.34534,69.96417],[235.31261,69.96178],[235.31148,69.97089],[235.29702,69.97249],[235.3082,69.97811],[235.2947,69.97859],[235.26021,69.95806],[235.20725,69.95888],[235.21517,69.95432],[235.09031,69.9402],[235.0889,69.9262],[235.04494,69.90713],[235.01368,69.86466],[234.97172,69.86028],[234.9678,69.85534],[234.98614,69.83993],[234.96189,69.81783],[234.96789,69.8107],[234.96227,69.8025],[234.93638,69.79567],[234.93004,69.78539],[234.8969,69.78082],[234.88733,69.78187],[234.91549,69.78764],[234.83433,69.78646],[234.81391,69.79514],[234.82007,69.80131],[234.81408,69.81049],[234.83069,69.81495],[234.79401,69.82468],[234.80885,69.82839],[234.81277,69.83998],[234.83842,69.84545],[234.8063,69.85304],[234.76534,69.84314],[234.75189,69.82115],[234.70301,69.81142],[234.72683,69.80493],[234.73144,69.80051],[234.72321,69.7835],[234.76499,69.76985],[234.7401,69.7667],[234.76774,69.75598],[234.83474,69.77136],[234.88546,69.75617],[234.88977,69.74807],[234.95472,69.75011],[235.05564,69.73422],[235.10985,69.74128],[235.14824,69.71943],[235.17148,69.71173],[235.19877,69.71811],[235.2149,69.7049],[235.19151,69.70117],[235.12054,69.71691],[235.12554,69.70358],[235.11915,69.68849],[235.13412,69.66998],[235.08063,69.6467],[235.08321,69.6255],[235.06979,69.63832],[235.06613,69.65628],[235.04669,69.64808],[235.04297,69.65437],[235.06125,69.67146],[235.03116,69.70136],[235.03675,69.72145],[234.94469,69.7433],[234.9022,69.74391],[234.91951,69.72962],[234.91543,69.72537],[234.85853,69.7257],[234.7929,69.70603],[234.78812,69.68846],[234.77756,69.68396],[234.69144,69.69192],[234.6317,69.68429],[234.65569,69.69454],[234.61738,69.68584],[234.60661,69.66232],[234.57713,69.64201],[234.58702,69.6332],[234.58443,69.62647],[234.56781,69.6183],[234.60909,69.61659],[234.57859,69.59991],[234.5569,69.6021],[234.55674,69.60919],[234.53572,69.60476],[234.48503,69.57907],[234.54756,69.60038],[234.59531,69.58792],[234.60638,69.59267],[234.64252,69.58595],[234.68886,69.59586],[234.7429,69.59297],[234.75332,69.58875],[234.74093,69.58396],[234.75655,69.57994],[234.7536,69.57205],[234.71449,69.57341],[234.73944,69.55986],[234.80535,69.54959],[234.77779,69.54519],[234.71761,69.56275],[234.71093,69.55198],[234.66576,69.5451],[234.71728,69.54373],[234.71994,69.53237],[234.69916,69.51835],[234.85609,69.49594],[234.85977,69.47844],[234.77617,69.492],[234.74357,69.48947],[234.67784,69.51965],[234.66015,69.5197],[234.63824,69.5141],[234.67489,69.5074],[234.68788,69.49435],[234.64652,69.48828],[234.62047,69.50337],[234.58917,69.50086],[234.60216,69.48576],[234.56044,69.48538],[234.57883,69.49385],[234.56424,69.49675],[234.57319,69.4996],[234.56772,69.5026],[234.54602,69.49861],[234.55491,69.50603],[234.55533,69.51338],[234.54698,69.51284],[234.53131,69.49967],[234.5358,69.48471],[234.55911,69.48327],[234.54291,69.47191],[234.50045,69.48272],[234.49898,69.48977],[234.52212,69.49979],[234.50797,69.50981],[234.50063,69.49945],[234.4785,69.49909],[234.45802,69.48252],[234.48128,69.46185],[234.45047,69.46437],[234.45012,69.47627],[234.42397,69.48057],[234.35783,69.41735],[234.36981,69.4123],[234.41353,69.42494],[234.48471,69.43104],[234.45107,69.43872],[234.46113,69.44644],[234.43251,69.44399],[234.42451,69.45309],[234.45892,69.45804],[234.4936,69.44695],[234.4853,69.44206],[234.49237,69.43591],[234.56659,69.45606],[234.57902,69.4494],[234.68992,69.44724],[234.70711,69.43526],[234.73967,69.45566],[234.79297,69.45182],[234.79516,69.45786],[234.84859,69.46729],[234.85938,69.46377],[234.85027,69.45452],[234.80365,69.44647],[234.87752,69.44815],[234.90185,69.43823],[234.83426,69.43289],[234.83699,69.41879],[234.87292,69.42073],[234.83147,69.39249],[234.85499,69.38759],[234.82274,69.37294],[234.76683,69.38425],[234.75196,69.38394],[234.77781,69.37319],[234.73572,69.37489],[234.72707,69.37779],[234.73883,69.38211],[234.73225,69.38462],[234.65292,69.38451],[234.57771,69.3946],[234.53965,69.38908],[234.52664,69.39341],[234.52358,69.40796],[234.50614,69.39013],[234.54984,69.37456],[234.59614,69.38291],[234.64686,69.37857],[234.63373,69.37236],[234.65375,69.36392],[234.64253,69.36008],[234.65357,69.35567],[234.60947,69.35979],[234.60438,69.36167],[234.61568,69.36299],[234.5951,69.37324],[234.58413,69.37078],[234.58058,69.3608],[234.61858,69.34432],[234.60819,69.3311],[234.5552,69.32595],[234.57313,69.3202],[234.55472,69.31883],[234.56933,69.31112],[234.56285,69.30676],[234.53261,69.31252],[234.53328,69.32331],[234.49582,69.32054],[234.47948,69.32315],[234.48902,69.32808],[234.48137,69.33192],[234.45214,69.32556],[234.40219,69.33399],[234.38845,69.34287],[234.39858,69.35013],[234.38504,69.35191],[234.40295,69.35923],[234.40506,69.36939],[234.34672,69.36031],[234.30971,69.37907],[234.34147,69.38372],[234.33534,69.3867],[234.18368,69.37215],[234.1291,69.37804],[234.05884,69.39614],[234.01786,69.41812],[233.85553,69.471],[233.82009,69.49295],[233.70649,69.52477],[233.60705,69.58878],[233.53416,69.6167],[233.31127,69.73619],[233.26391,69.77707],[233.20537,69.84962],[233.17594,69.89311],[233.17519,69.90594],[233.1588,69.91946],[233.17857,69.91665],[233.22317,69.93168],[233.16796,69.94879],[233.07736,69.91725],[232.96474,69.91086],[233.09037,69.9307],[233.1551,69.95995],[233.16057,69.95605],[233.15516,69.9526],[233.20941,69.94899],[233.19388,69.95474],[233.19582,69.96034],[233.17091,69.96247],[233.22101,69.96833],[233.19315,69.97837],[233.17909,69.97109],[233.1569,69.98207],[233.11618,69.97615],[233.11949,69.98342],[233.11235,69.98816],[233.12394,69.99303],[233.09204,70.00289],[232.93298,70.1633],[232.76765,70.27835],[232.63564,70.34886],[232.50035,70.40516],[232.34399,70.45901],[232.26267,70.48207],[232.23259,70.48156],[232.25399,70.48787],[232.1856,70.50117],[232.18916,70.50732],[232.1761,70.5136],[232.03062,70.55282],[231.9846,70.57405],[231.96022,70.57286],[231.98081,70.56857],[231.98787,70.5604],[231.97676,70.55111],[231.99001,70.54463],[231.93445,70.54213],[231.8447,70.48958],[231.79428,70.39173],[231.79317,70.36819],[231.80353,70.3542],[231.8438,70.34219],[231.80154,70.36631],[231.82613,70.39265],[231.84706,70.39186],[231.82636,70.38598],[231.81337,70.36898],[231.86449,70.35726],[231.9312,70.35507],[231.91963,70.35955],[231.92641,70.36128],[231.95081,70.35097],[231.98071,70.35614],[232.00734,70.37356],[232.1254,70.38416],[232.12133,70.37452],[232.13124,70.36741],[232.0985,70.37503],[232.06362,70.36228],[232.06899,70.33884],[232.05374,70.33142],[231.96358,70.34056],[231.93109,70.33664],[231.89838,70.34722],[231.89024,70.34082],[231.90535,70.3128],[231.91475,70.30494],[231.9158,70.31079],[231.93056,70.3083],[231.92682,70.2966],[231.97359,70.27085],[232.01487,70.27312],[232.05696,70.26092],[232.07445,70.26776],[232.16193,70.24166],[232.14903,70.24954],[232.24149,70.24017],[232.25159,70.2437],[232.23901,70.2493],[232.30324,70.2471],[232.29227,70.24243],[232.30682,70.23531],[232.33986,70.25229],[232.38258,70.25432],[232.39626,70.25054],[232.33189,70.24041],[232.40616,70.23617],[232.4003,70.21491],[232.36966,70.21508],[232.3283,70.20022],[232.34299,70.1946],[232.25356,70.19709],[232.26611,70.19149],[232.25156,70.18412],[232.21754,70.18914],[232.08389,70.181],[232.14956,70.19734],[232.02954,70.17326],[232.03976,70.16686],[231.92404,70.16616],[231.86018,70.14936],[231.90489,70.13549],[231.89348,70.13216],[231.91864,70.12882],[231.8822,70.14862],[232.00663,70.11641],[232.07753,70.08517],[232.08578,70.07073],[232.09406,70.07062],[232.08914,70.07701],[232.15146,70.06856],[232.15188,70.05799],[232.17589,70.05227],[232.15266,70.05297],[232.1287,70.06491],[232.07724,70.06214],[232.06542,70.06294],[232.06725,70.0697],[232.01111,70.07151],[231.88205,70.11339],[231.88974,70.12368],[231.82207,70.1343],[231.84253,70.14017],[231.88849,70.13582],[231.84464,70.14926],[231.90675,70.1669],[231.90085,70.16799],[231.7308,70.14139],[231.64249,70.1161],[231.61424,70.09458],[231.60989,70.0727],[231.67358,70.01034],[231.69559,70.0048],[231.65778,69.96874],[231.68744,69.96706],[231.69348,69.96253],[231.67598,69.95955],[231.67245,69.95084],[231.77541,69.923],[231.78139,69.91087],[231.77566,69.90711],[231.77029,69.91629],[231.69316,69.93901],[231.61647,69.93777],[231.41179,69.87388],[231.37883,69.85804],[231.34459,69.82022],[231.24615,69.79016],[231.18402,69.74704],[231.08144,69.7284],[231.07298,69.73509],[231.02049,69.72059],[231.03154,69.70275],[231.06311,69.68791],[231.13017,69.67267],[231.0741,69.66867],[231.08035,69.66095],[231.10008,69.66136],[231.08249,69.65068],[231.0549,69.65859],[231.04279,69.65468],[231.01965,69.6686],[230.9359,69.68694],[230.91454,69.68572],[230.90121,69.67595],[230.86134,69.68706],[230.84886,69.70066],[230.81085,69.70356],[230.8439,69.70545],[230.84253,69.72085],[230.866,69.73305],[230.85028,69.76448],[230.85577,69.79621],[230.83281,69.8189],[230.83281,69.82584],[230.85707,69.83946],[230.94101,69.84746],[231.02075,69.83325],[231.08635,69.83184],[231.03238,69.86391],[231.02939,69.88013],[231.0477,69.89108],[231.09727,69.89984],[231.10385,69.91012],[231.09161,69.93322],[231.09364,69.95317],[231.13632,69.944],[231.09625,69.96047],[231.03595,69.95274],[231.01015,69.93907],[230.95454,69.87246],[230.90254,69.85221],[230.65866,69.83819],[230.49702,69.81276],[230.41476,69.8125],[230.29253,69.77348],[230.16293,69.76004],[230.00003,69.72661],[230.00003,69.88684],[230.06087,69.90812],[230.4776,69.99537],[230.51549,70.01008],[230.51343,70.01689],[230.42368,70.0352],[230.43524,70.03911],[230.51389,70.02269],[230.54887,70.02982],[230.57344,70.04026],[230.62788,70.10094],[230.60846,70.10721],[230.61116,70.11268],[230.60208,70.11724],[230.58348,70.11779],[230.58798,70.10742],[230.55675,70.0966],[230.59752,70.10057],[230.60428,70.09519],[230.599,70.08403],[230.56128,70.08623],[230.55563,70.0799],[230.54334,70.09628],[230.50943,70.09084],[230.5099,70.10335],[230.52612,70.10891],[230.54611,70.10292],[230.54033,70.11713],[230.57733,70.12598],[230.54573,70.13339],[230.52338,70.11707],[230.51749,70.12875],[230.48862,70.13301],[230.51225,70.13237],[230.50764,70.14689],[230.49205,70.14945],[230.47444,70.14126],[230.4353,70.15399],[230.3819,70.14924],[230.41682,70.15684],[230.43492,70.17603],[230.40593,70.17284],[230.42915,70.18877],[230.39334,70.17881],[230.39171,70.18865],[230.40622,70.19228],[230.39584,70.19791],[230.41567,70.20185],[230.35822,70.21003],[230.35562,70.21774],[230.37804,70.22219],[230.35576,70.22676],[230.35985,70.23741],[230.35278,70.24184],[230.34268,70.23223],[230.31802,70.23101],[230.31357,70.21849],[230.32088,70.21768],[230.2948,70.21646],[230.29157,70.22099],[230.30869,70.22753],[230.30507,70.23625],[230.32321,70.23687],[230.32321,70.24611],[230.3409,70.25293],[230.3297,70.25343],[230.27832,70.243],[230.24406,70.22732],[230.25349,70.22233],[230.26553,70.23207],[230.27387,70.22655],[230.2493,70.20544],[230.25868,70.20183],[230.24965,70.19541],[230.23668,70.19821],[230.23544,70.21895],[230.20773,70.2092],[230.22507,70.20607],[230.21191,70.19072],[230.1441,70.18596],[230.21109,70.18049],[230.18897,70.14448],[230.20586,70.14734],[230.21103,70.15968],[230.22852,70.16928],[230.22491,70.18803],[230.23734,70.19039],[230.25552,70.17505],[230.20471,70.12206],[230.20512,70.13828],[230.1541,70.14862],[230.14056,70.12375],[230.13611,70.10105],[230.14372,70.09688],[230.125,70.08718],[230.13107,70.07946],[230.10936,70.08462],[230.09143,70.07219],[230.09705,70.06536],[230.12888,70.07224],[230.11876,70.06275],[230.08507,70.05584],[230.06534,70.0676],[230.02429,70.04889],[230.01915,70.05992],[230.04822,70.07304],[230.07057,70.07185],[230.07521,70.08371],[230.03442,70.07474],[230.00414,70.07936],[229.99011,70.06994],[230.01305,70.07252],[230.009,70.06115],[229.98213,70.03497],[229.96793,70.03109],[229.95068,70.03419],[229.94994,70.04456],[229.98421,70.04644],[229.96231,70.07301],[229.94899,70.06811],[229.95967,70.0646],[229.95505,70.05668],[229.9418,70.06373],[229.92404,70.05246],[229.89037,70.06472],[229.92519,70.06433],[229.90907,70.09458],[229.90266,70.0722],[229.86758,70.07558],[229.85547,70.06394],[229.86391,70.05452],[229.85512,70.05698],[229.82097,70.03587],[229.83855,70.02584],[229.82742,70.01751],[229.81512,70.02022],[229.81279,70.0372],[229.8019,70.04486],[229.8141,70.05373],[229.80698,70.05815],[229.81186,70.06169],[229.847,70.05948],[229.83318,70.06626],[229.85089,70.07756],[229.83678,70.07853],[229.84657,70.08817],[229.82497,70.09169],[229.82982,70.08644],[229.79837,70.07289],[229.79442,70.04995],[229.77953,70.04231],[229.77338,70.05373],[229.78058,70.05673],[229.76184,70.06505],[229.77945,70.06639],[229.77237,70.07196],[229.66963,70.06597],[229.66013,70.07093],[229.69983,70.08918],[229.63915,70.08055],[229.6407,70.08661],[229.66461,70.08766],[229.65576,70.09266],[229.67596,70.09926],[229.66246,70.10907],[229.68761,70.12038],[229.66951,70.1211],[229.64317,70.10947],[229.65442,70.10508],[229.64722,70.09583],[229.62811,70.09716],[229.62357,70.10174],[229.63141,70.11104],[229.61983,70.11726],[229.6295,70.12946],[229.61078,70.13128],[229.61819,70.13639],[229.61124,70.15031],[229.629,70.15642],[229.60342,70.15584],[229.59335,70.12578],[229.61353,70.11385],[229.59782,70.0978],[229.573,70.10085],[229.59056,70.1073],[229.59312,70.11627],[229.5289,70.10059],[229.56455,70.11746],[229.51375,70.11074],[229.49828,70.11531],[229.50665,70.11863],[229.49071,70.12897],[229.48015,70.12342],[229.48526,70.11912],[229.4799,70.10788],[229.52339,70.09699],[229.47891,70.08881],[229.44518,70.11399],[229.46809,70.12057],[229.46816,70.13517],[229.4771,70.14363],[229.5262,70.1412],[229.52184,70.14788],[229.53125,70.15427],[229.46083,70.14467],[229.44118,70.15175],[229.42636,70.1355],[229.43646,70.13453],[229.43715,70.12229],[229.41653,70.10913],[229.41373,70.11661],[229.39638,70.12082],[229.36853,70.10604],[229.35736,70.12595],[229.34477,70.11679],[229.33035,70.12303],[229.30808,70.11417],[229.31386,70.09784],[229.33287,70.10766],[229.34615,70.10343],[229.33728,70.0792],[229.30153,70.08707],[229.31523,70.07846],[229.3105,70.07235],[229.27956,70.06569],[229.23819,70.06785],[229.26532,70.08007],[229.25183,70.08103],[229.27885,70.09348],[229.27342,70.10309],[229.28728,70.11235],[229.22411,70.11193],[229.21126,70.10575],[229.22073,70.09987],[229.23467,70.10775],[229.24292,70.10041],[229.21646,70.07617],[229.20024,70.09157],[229.20992,70.09731],[229.17769,70.10006],[229.16965,70.09025],[229.18102,70.08821],[229.17879,70.08018],[229.15564,70.06821],[229.14099,70.07003],[229.1555,70.07563],[229.1566,70.08683],[229.14809,70.08744],[229.09641,70.06707],[229.08867,70.0568],[229.09505,70.05398],[229.07957,70.05249],[229.06798,70.05728],[229.07701,70.06764],[229.12033,70.08119],[229.09226,70.08026],[229.05219,70.06227],[229.0318,70.06694],[229.07249,70.09449],[229.05133,70.09099],[229.0074,70.06322],[228.99606,70.04041],[229.01259,70.04476],[229.01903,70.05959],[229.02989,70.05962],[229.03667,70.04428],[229.0584,70.04435],[229.00256,70.03504],[228.96576,70.01283],[229.02611,70.03546],[229.03568,70.03656],[229.04042,70.02829],[229.05739,70.03546],[229.07353,70.0298],[229.05489,70.01139],[229.05786,69.99977],[229.04272,69.99943],[229.02498,70.02679],[228.99197,70.00624],[229.00174,70.00225],[228.99779,69.9985],[228.9745,70.00947],[228.9576,70.00229],[228.94913,69.9864],[228.96527,69.9984],[228.9836,69.98664],[228.97308,69.97896],[228.95953,69.9813],[228.96066,69.97464],[229.00601,69.96888],[228.9894,69.96358],[228.96127,69.96888],[228.93404,69.94915],[228.92274,69.93353],[228.9099,69.88435],[228.88297,69.87485],[228.86833,69.88848],[228.84964,69.89161],[228.80844,69.88229],[228.79988,69.8738],[228.81233,69.86862],[228.80988,69.86357],[228.79391,69.85387],[228.81429,69.85365],[228.83594,69.8419],[228.78787,69.8179],[228.76878,69.8368],[228.78252,69.84449],[228.7729,69.85521],[228.79144,69.86393],[228.79948,69.88608],[228.77162,69.91646],[228.68898,69.94306],[228.66246,69.93518],[228.64355,69.93851],[228.66005,69.94384],[228.65196,69.94607],[228.61807,69.9472],[228.61166,69.93629],[228.59801,69.93534],[228.59265,69.95008],[228.57959,69.95266],[228.63495,69.97023],[228.5284,69.9407],[228.52431,69.93507],[228.54984,69.94569],[228.56227,69.93959],[228.56277,69.93079],[228.54309,69.9229],[228.53279,69.9038],[228.5643,69.89974],[228.56882,69.89215],[228.45711,69.88103],[228.42101,69.87358],[228.39804,69.86009],[228.38368,69.86372],[228.38913,69.87039],[228.36429,69.86676],[228.32021,69.84802],[228.3185,69.84301],[228.33427,69.83925],[228.33411,69.82946],[228.29718,69.84031],[228.26801,69.82495],[228.23882,69.82191],[228.28708,69.81353],[228.2915,69.80732],[228.27849,69.79987],[228.26758,69.81119],[228.24754,69.81533],[228.23589,69.80564],[228.24725,69.80134],[228.24059,69.79457],[228.20444,69.79196],[228.21208,69.78716],[228.17284,69.77197],[228.12975,69.76976],[228.10358,69.75969],[228.10988,69.77249],[228.10204,69.77542],[228.06895,69.77113],[228.01018,69.74305],[228.02841,69.73857],[228.03078,69.73035],[228.02596,69.71415],[228.00003,69.70293],[228.00003,69.73734],[227.97087,69.74121],[227.86108,69.71758],[227.85283,69.70396],[227.87154,69.68721],[227.85692,69.67966],[227.80206,69.68763],[227.76544,69.67353],[227.75946,69.67582],[227.7876,69.69032],[227.75696,69.7007],[227.7639,69.71114],[227.74036,69.70656],[227.74504,69.6976],[227.71294,69.6955],[227.69428,69.70803],[227.65967,69.7096],[227.64845,69.70202],[227.63853,69.70902],[227.70152,69.71566],[227.69283,69.73143],[227.65561,69.72642],[227.61966,69.73482],[227.57671,69.71671],[227.53496,69.72667],[227.51378,69.72259],[227.49986,69.73429],[227.59453,69.74337],[227.57404,69.73599],[227.5856,69.734],[227.70641,69.75746],[227.70195,69.76011],[227.43745,69.73428],[227.42863,69.72839],[227.44186,69.72234],[227.43224,69.71161],[227.39143,69.69681],[227.41136,69.69424],[227.39548,69.68652],[227.39647,69.68017],[227.37849,69.68608],[227.3544,69.67685],[227.36504,69.66982],[227.34428,69.65825],[227.3611,69.65497],[227.37811,69.66471],[227.41316,69.65944],[227.42987,69.67548],[227.45824,69.67022],[227.47124,69.68442],[227.49071,69.67652],[227.51158,69.68016],[227.50337,69.69238],[227.50336,69.70262],[227.51097,69.70417],[227.52881,69.69918],[227.53566,69.68239],[227.5675,69.68756],[227.57394,69.67919],[227.55217,69.67633],[227.5166,69.65],[227.5853,69.66441],[227.61247,69.68319],[227.63728,69.6821],[227.6524,69.67263],[227.64374,69.65579],[227.55791,69.62819],[227.48024,69.63584],[227.42955,69.62105],[227.39183,69.64001],[227.36925,69.64254],[227.36763,69.65126],[227.32076,69.65339],[227.29607,69.64302],[227.2668,69.64206],[227.2709,69.63758],[227.26012,69.62996],[227.24646,69.62993],[227.25139,69.63499],[227.24574,69.63794],[227.22971,69.62976],[227.2166,69.63718],[227.18233,69.63678],[227.17961,69.64254],[227.18692,69.64599],[227.21428,69.64479],[227.19023,69.65529],[227.16313,69.65345],[227.14781,69.63475],[227.14175,69.63935],[227.1481,69.65519],[227.09621,69.65319],[227.02481,69.62719],[227.04712,69.62774],[227.03842,69.61347],[227.02545,69.61412],[227.02292,69.60012],[226.97347,69.57958],[227.00296,69.57523],[227.01865,69.5558],[227.02341,69.52874],[226.99373,69.51126],[227.02965,69.51855],[227.03775,69.51288],[227.0276,69.50544],[227.03841,69.49749],[227.00917,69.48905],[227.00972,69.49715],[227.00322,69.4962],[226.99031,69.48849],[226.99701,69.47083],[227.01749,69.46244],[226.99499,69.44703],[226.97298,69.44785],[226.961,69.45844],[226.94899,69.45229],[226.95996,69.43155],[226.93797,69.4312],[226.96301,69.41322],[226.94472,69.41238],[226.93355,69.42082],[226.89798,69.40421],[226.92444,69.42702],[226.91463,69.42839],[226.88567,69.41178],[226.8311,69.40854],[226.88402,69.404],[226.87645,69.39383],[226.84395,69.4007],[226.81694,69.39231],[226.80368,69.40181],[226.7905,69.38854],[226.80229,69.3824],[226.78351,69.37693],[226.74168,69.38117],[226.77197,69.3884],[226.76642,69.39273],[226.65402,69.38591],[226.67102,69.36736],[226.6353,69.37069],[226.6467,69.38942],[226.64,69.39289],[226.44942,69.39488],[226.34096,69.36256],[226.36124,69.38118],[226.30226,69.36902],[226.29451,69.34657],[226.11458,69.32087],[226.11177,69.29486],[226.05214,69.26901],[225.93086,69.25402],[225.79205,69.25482],[225.84212,69.27651],[225.90649,69.2771],[225.90742,69.30507],[225.98575,69.3694],[226.08939,69.3999],[226.09395,69.40239],[226.08698,69.40932],[226.11882,69.41239],[226.1483,69.42997],[226.21883,69.48967],[226.19672,69.5145],[226.2196,69.52416],[226.24301,69.5208],[226.2572,69.53403],[226.22212,69.53025],[226.23067,69.54409],[226.21844,69.55113],[226.23221,69.5521],[226.20827,69.56082],[226.21576,69.57263],[226.20934,69.57304],[226.18831,69.56325],[226.19846,69.55472],[226.19267,69.54999],[226.15816,69.54733],[226.21036,69.53054],[226.13585,69.53113],[226.11858,69.51948],[226.14107,69.50415],[226.12328,69.49786],[226.03737,69.49913],[226.01042,69.52401],[225.9977,69.51461],[225.9502,69.52523],[225.97398,69.52259],[226.01685,69.53913],[225.99709,69.54708],[225.93813,69.54313],[225.87598,69.52755],[225.87965,69.52176],[225.85233,69.52392],[225.79816,69.5583],[225.80389,69.57763],[225.78859,69.57486],[225.7717,69.55969],[225.77765,69.54381],[225.75072,69.56538],[225.75365,69.57654],[225.78453,69.59317],[225.7738,69.60749],[225.82101,69.60899],[225.84688,69.61943],[225.7697,69.61515],[225.81804,69.62677],[225.80339,69.63855],[225.77892,69.63218],[225.76279,69.6371],[225.81757,69.64556],[225.7803,69.64946],[225.77397,69.65934],[225.67098,69.6582],[225.67194,69.67481],[225.69244,69.6812],[225.6543,69.6768],[225.65848,69.69321],[225.67317,69.69996],[225.66451,69.70395],[225.63355,69.69263],[225.62528,69.69475],[225.63416,69.70856],[225.58308,69.69427],[225.53833,69.69533],[225.51561,69.70871],[225.49522,69.71062],[225.49754,69.69499],[225.51416,69.67734],[225.55194,69.66491],[225.58144,69.63444],[225.57773,69.62425],[225.53966,69.57378],[225.50226,69.5596],[225.5183,69.53689],[225.50629,69.52719],[225.45158,69.52746],[225.41667,69.53995],[225.40547,69.53044],[225.38019,69.5287],[225.39919,69.51878],[225.38791,69.49401],[225.42662,69.49633],[225.40585,69.47652],[225.44754,69.45507],[225.46405,69.46333],[225.44957,69.49195],[225.45433,69.49907],[225.48586,69.5083],[225.52797,69.50531],[225.57018,69.48772],[225.57939,69.47559],[225.59851,69.47559],[225.53996,69.44072],[225.47643,69.43182],[225.46132,69.41144],[225.4523,69.41591],[225.46323,69.43307],[225.4586,69.43983],[225.42435,69.43702],[225.37819,69.45735],[225.29776,69.47229],[225.24245,69.46397],[225.19696,69.47079],[225.19682,69.48027],[225.18004,69.48519],[225.17241,69.46898],[225.14461,69.47707],[225.11507,69.47023],[225.07155,69.47713],[225.06616,69.46981],[225.03642,69.46529],[225.03812,69.45618],[225.01738,69.44974],[225.00934,69.45367],[225.02359,69.45747],[224.99216,69.47059],[224.91354,69.4656],[224.89169,69.45089],[224.87248,69.45198],[224.86543,69.46392],[224.8466,69.46591],[224.8268,69.45271],[224.70731,69.4236],[224.68753,69.40576],[224.72107,69.38842],[224.71986,69.37695],[224.74483,69.35962],[224.76822,69.32575],[224.74539,69.3073],[224.76103,69.28907],[224.79106,69.2702],[224.84377,69.26834],[224.85089,69.25101],[224.73129,69.27204],[224.554,69.32443],[224.43523,69.33789],[224.37903,69.3181],[224.39778,69.28894],[224.39536,69.27269],[224.43094,69.23291],[224.40617,69.23426],[224.35744,69.27081],[224.3185,69.27106],[224.2243,69.3116],[224.1577,69.3036],[224.13693,69.28509],[224.13719,69.26548],[224.16223,69.23672],[224.25194,69.19989],[224.34865,69.1391],[224.40169,69.12998],[224.38612,69.12229],[224.3231,69.13379],[224.28278,69.15626],[224.25238,69.1625],[224.22214,69.18764],[224.12677,69.22176],[224.09319,69.24566],[224.06808,69.24466],[224.00055,69.20047],[223.99667,69.1926],[224.03116,69.16614],[224.03494,69.15487],[224.02515,69.14202],[224.05763,69.10781],[224.05193,69.09865],[224.05989,69.08348],[224.13655,69.08012],[224.25967,69.04609],[224.28477,69.03527],[224.27974,69.0141],[224.3,69.00261],[224.44594,69.0251],[224.45467,69.01838],[224.42508,69.0124],[224.37308,68.98687],[224.19208,68.98422],[224.19606,68.97524],[224.24586,68.95918],[224.29074,68.92999],[224.35666,68.90539],[224.49972,68.90003],[224.45332,68.88876],[224.37321,68.88695],[224.36146,68.87883],[224.43695,68.8532],[224.55192,68.84563],[224.58801,68.83598],[224.48079,68.83161],[224.55322,68.78161],[224.64084,68.77204],[224.63631,68.76005],[224.64654,68.74839],[224.64137,68.74522],[224.67517,68.72481],[224.76684,68.69159],[224.80116,68.69168],[224.80731,68.68833],[224.79083,68.6782],[224.85338,68.666],[224.84589,68.65905],[224.85162,68.65479],[224.83957,68.65041],[224.7736,68.66048],[224.7363,68.67973],[224.69841,68.68746],[224.69339,68.68174],[224.69893,68.66225],[224.73675,68.64714],[224.70441,68.63409],[224.69525,68.63736],[224.70949,68.64722],[224.68294,68.6634],[224.65053,68.67796],[224.59405,68.67194],[224.59335,68.68515],[224.4835,68.74189],[224.39116,68.76273],[224.39307,68.75363],[224.43083,68.74192],[224.43666,68.72882],[224.36041,68.76074],[224.30041,68.77096],[224.26878,68.76831],[224.25055,68.7873],[224.23183,68.7867],[224.23463,68.79348],[224.22278,68.80796],[224.21056,68.81231],[224.0457,68.84745],[223.98289,68.85308],[223.96422,68.86697],[223.92375,68.86955],[223.92104,68.86277],[223.8528,68.88224],[223.84618,68.87359],[223.88521,68.85935],[223.84555,68.85614],[223.8291,68.86757],[223.71274,68.88507],[223.61935,68.88797],[223.52837,68.9022],[223.51746,68.89537],[223.53757,68.88286],[223.51714,68.88618],[223.50729,68.89888],[223.48669,68.9052],[223.45401,68.89484],[223.47731,68.88311],[223.47459,68.8784],[223.39949,68.8874],[223.36168,68.88189],[223.35611,68.87894],[223.37514,68.85315],[223.36749,68.85145],[223.34163,68.86583],[223.31296,68.8693],[223.30435,68.86673],[223.31651,68.85832],[223.30908,68.85546],[223.28964,68.86492],[223.22543,68.86365],[223.13492,68.8803],[223.0661,68.91128],[223.02002,68.91275],[222.99622,68.92653],[222.99313,68.93932],[222.92578,68.94406],[222.90736,68.94077],[222.89935,68.93079],[222.85937,68.93699],[222.79253,68.93223],[222.7242,68.95256],[222.73065,68.96377],[222.6716,68.9632],[222.54539,68.9927],[222.64386,68.98857],[222.63296,68.99228],[222.44772,69.01074],[222.34319,69.0297],[222.23189,69.06196],[222.10965,69.08105],[222.07735,69.09455],[222.02547,69.09505],[222.01591,69.10141],[222.04152,69.10312],[221.80066,69.16852],[221.72214,69.20485],[221.69363,69.23003],[221.68445,69.24874],[221.62883,69.2917],[221.61542,69.2945],[221.5759,69.29232],[221.55757,69.28086],[221.59988,69.29053],[221.61128,69.28156],[221.5914,69.25885],[221.60847,69.24611],[221.58282,69.25059],[221.58385,69.24339],[221.55884,69.23952],[221.56287,69.23134],[221.55725,69.22766],[221.48428,69.23429],[221.50925,69.24666],[221.50113,69.252],[221.41087,69.24617],[221.42052,69.2394],[221.39136,69.23388],[221.39931,69.24867],[221.38478,69.27213],[221.36523,69.28064],[221.37508,69.28555],[221.3717,69.28957],[221.31378,69.30887],[221.25824,69.34594],[221.11456,69.3847],[221.08693,69.3765],[221.09084,69.39057],[220.9913,69.43317],[220.89996,69.5027],[220.88615,69.49995],[220.9287,69.46416],[220.8644,69.48464],[220.84941,69.49934],[220.73689,69.5012],[220.67455,69.52771],[220.59963,69.54155],[220.54126,69.54614],[220.52004,69.54245],[220.52467,69.53206],[220.51692,69.53019],[220.49945,69.53347],[220.50801,69.54146],[220.49391,69.54784],[220.47687,69.5399],[220.48166,69.53036],[220.44432,69.54319],[220.42564,69.54171],[220.43593,69.53474],[220.39868,69.53589],[220.40373,69.54306],[220.38411,69.54572],[220.41048,69.55179],[220.25789,69.5811],[220.21513,69.59674],[220.33096,69.56898],[220.45288,69.55644],[220.13184,69.61339],[219.90149,69.60708],[219.88178,69.601],[219.89481,69.58027],[219.85841,69.60209],[219.76166,69.59121],[219.47337,69.59391],[219.17964,69.62619],[219.21835,69.61613],[219.19156,69.61311],[219.14296,69.62293],[219.12088,69.61019],[219.09393,69.62018],[219.16737,69.63059],[218.99944,69.64661],[219.00003,70.40374],[219.34403,70.397],[219.60104,70.362],[219.81903,70.306],[220.24703,70.168],[220.39703,70.151],[220.77103,70.138],[220.99703,70.106],[221.14103,70.059],[221.29903,69.98],[221.44803,69.928],[221.61903,69.894],[221.73803,69.889],[221.85103,69.911],[221.88803,69.927],[221.95203,69.979],[222.09303,70.122],[222.20203,70.205],[222.35303,70.269],[222.51303,70.306],[223.13103,70.382],[223.90603,70.507],[224.75403,70.695],[225.16703,70.803],[225.67403,70.903],[225.87003,70.95],[226.19803,70.981],[226.58603,71.035],[226.92203,71.054],[227.92203,71.22],[229.22903,71.354],[229.30303,71.368],[229.34203,71.383],[229.35903,71.401],[229.35103,71.418],[229.30103,71.44799],[229.31103,71.457],[229.72303,71.545],[230.80353,72.18082],[231.89203,72.782],[232.00103,72.827],[232.13503,72.83799],[232.27003,72.821],[232.38604,72.82099],[232.44404,72.834],[232.55504,72.87899],[232.59003,72.92799],[232.70103,73.0],[232.71504,73.02999],[232.73104,73.121],[232.69604,73.187],[232.62104,73.22499],[232.48704,73.31],[232.49004,73.345],[232.55204,73.39199],[232.56604,73.422],[232.68703,73.51],[232.70503,73.54599],[232.65904,73.56299],[232.59504,73.56999],[232.45604,73.53399],[232.39904,73.52799],[232.31104,73.54199],[232.30604,73.56099],[232.37304,73.58899],[232.40204,73.62299],[232.36304,73.655],[232.35704,73.701],[232.36704,73.72399],[232.57204,73.78099],[232.63904,73.86299],[232.74204,73.90499],[232.91204,73.941],[233.54341,74.49321],[234.15566,74.99746],[235.01282,75.66089],[235.39272,75.94102],[235.76304,76.2],[235.77504,76.235],[236.98173,76.02898]]]]}}